义乌市佰昌日用百货商行;https://ywbaichang.1688.com;https://detail.1688.com/offer/595123394705.html
义乌市改华电子商务商行;https://fcflower.1688.com;https://detail.1688.com/offer/596180479196.html
义乌市霓薰电子商务有限公司;https://shop1398790652575.1688.com;https://detail.1688.com/offer/561703008952.html
金华市娇艳饰品有限公司;https://jiaoyanshipin.1688.com;https://detail.1688.com/offer/585177168240.html
义乌市厚润电子商务商行;https://shop1403110665690.1688.com;https://detail.1688.com/offer/538856460750.html
义乌市达人电子商务商行;https://zxc5927467.1688.com;https://detail.1688.com/offer/551529811713.html
义乌市摩多贸易有限公司;https://moduomaoyi.1688.com;https://detail.1688.com/offer/624019564563.html
广州李逸台贸易有限公司;https://shop24j16rh562119.1688.com;https://detail.1688.com/offer/652626233489.html
义乌市诗路贸易有限公司;https://shop2752p07679he7.1688.com;https://detail.1688.com/offer/614150948222.html
南平市建阳区练光纬百货店;https://shop1372um9879169.1688.com;https://detail.1688.com/offer/651909884770.html
义乌市蜜得贸易商行;https://shop2s56570lg2557.1688.com;https://detail.1688.com/offer/647802035062.html
永定区悬历泽百货商行;https://shop8t60825091gv4.1688.com;https://detail.1688.com/offer/651521422502.html
新罗区卓越百货商行;https://shop10j83001n7801.1688.com;https://detail.1688.com/offer/647233706697.html
永定区绛想赏百货店;https://shop33657b94001a8.1688.com;https://detail.1688.com/offer/644245247658.html
付鑫;https://shop399mp224500a1.1688.com;https://detail.1688.com/offer/651585671905.html
余江区翔妙经营部;https://shop94222op117c28.1688.com;https://detail.1688.com/offer/655310683533.html
义乌科凡电子商务商行;https://shop854301399n549.1688.com;https://detail.1688.com/offer/654230808580.html
曹超娟;https://caochaojuan.1688.com;https://detail.1688.com/offer/531359625712.html
义乌市三荷饰品有限公司;https://ywjialanflower.1688.com;https://detail.1688.com/offer/596784876357.html
义乌市糖贝电子商务商行;https://tangbei.1688.com;https://detail.1688.com/offer/591800020883.html
义乌市微啸电子商务商行;https://shop703t7400b09x4.1688.com;https://detail.1688.com/offer/643706163734.html
义乌市麦威饰品有限公司;https://shop4v78i41239u26.1688.com;https://detail.1688.com/offer/654486022702.html
义乌市酷华饰品厂;https://shop1438707329000.1688.com;https://detail.1688.com/offer/608407734857.html
义乌市芳旭电子商务有限公司;https://shop1809779544289.1688.com;https://detail.1688.com/offer/589990644035.html
新罗区金舞花百货商行;https://shop27785mu839m94.1688.com;https://detail.1688.com/offer/645941202699.html
余江区胜村李电子商务商行;https://shop65ujk73998504.1688.com;https://detail.1688.com/offer/650917823442.html
南平市建阳区理昆纶百货店;https://shop25791m0171263.1688.com;https://detail.1688.com/offer/648383276287.html
余江区新明电子商务商行;https://shop08h97t73805s1.1688.com;https://detail.1688.com/offer/650171484233.html
张升平;https://duojiaoyan.1688.com;https://detail.1688.com/offer/565363567468.html
新罗区红袖添百货商行;https://shop8hq0506h37805.1688.com;https://detail.1688.com/offer/643273590661.html
润州区竹之轩服装厂;https://shop22309939b4f44.1688.com;https://detail.1688.com/offer/642615740257.html
义乌市三态饰品有限公司;https://santai3333.1688.com;https://detail.1688.com/offer/568378744125.html
广州市黄埔区张书华服装有限公司;https://shop184448477dw71.1688.com;https://detail.1688.com/offer/643175915650.html
广州市天河区棠下季忆饮品店;https://shop8q151976ph321.1688.com;https://detail.1688.com/offer/643219431139.html
义乌市美航饰品有限公司;https://shop1386953617542.1688.com;https://detail.1688.com/offer/534759268680.html
义乌市昕宇仿真花厂;https://shop42cc66049o824.1688.com;https://detail.1688.com/offer/642658609748.html
东阳市品尚日用百货有限责任公司;https://pinshangbaihuo.1688.com;https://detail.1688.com/offer/531758422405.html
南平市建阳区林农皎洁百货店;https://shop19608zv047824.1688.com;https://detail.1688.com/offer/654503493470.html
义乌市颍泽贸易有限公司;https://shop20i63r5338392.1688.com;https://detail.1688.com/offer/643933275439.html
永定区珞茜锋商行;https://shop3165m08u77249.1688.com;https://detail.1688.com/offer/651991210919.html
义乌市凤肖电子商务商行;https://shop7j8186u204606.1688.com;https://detail.1688.com/offer/655821515869.html
义乌市程嗣电子商务商行;https://shop555386b8668d7.1688.com;https://detail.1688.com/offer/653267508903.html
余江区具笑电子商务商行;https://shop1425294553169.1688.com;https://detail.1688.com/offer/655694463087.html
东阳市艾莎饰品有限公司;https://shop73l36v18478s7.1688.com;https://detail.1688.com/offer/636446731102.html
义乌市顾暖工艺品厂;https://shop1419439531540.1688.com;https://detail.1688.com/offer/555384324907.html
义乌市晶本贸易有限公司;https://shop1482585286533.1688.com;https://detail.1688.com/offer/623158643358.html
余江区翔双经营部;https://shop378241vf32006.1688.com;https://detail.1688.com/offer/653856788217.html
义乌市金绿工艺花厂;https://llmo910.1688.com;https://detail.1688.com/offer/550957101511.html
义乌市清雅饰品有限公司;https://shop78254wqw30198.1688.com;https://detail.1688.com/offer/644118343368.html
万载县宾兴日用品商行;https://shop13504162r9251.1688.com;https://detail.1688.com/offer/651454212817.html
义乌市毅旭电子商务商行;https://shop883551i1269c8.1688.com;https://detail.1688.com/offer/647199234700.html
合肥市霸桑商贸有限责任公司;https://shop38n9i31r37493.1688.com;https://detail.1688.com/offer/656032447112.html
浦江县曼馨工艺品有限公司;https://ywmanxin.1688.com;https://detail.1688.com/offer/581226372059.html
余江区银樊经营部;https://shop3i72651249435.1688.com;https://detail.1688.com/offer/655327850730.html
义乌市媛涞电子商务商行;https://shop512i0104668c7.1688.com;https://detail.1688.com/offer/650415553293.html
丽水景宁珑盛贸易有限公司;https://shop531434h732848.1688.com;https://detail.1688.com/offer/641778515549.html
义乌市忻梨电子商务商行;https://shop96688wr9094g4.1688.com;https://detail.1688.com/offer/655768495535.html
万载县雯达涩日用品经营部;https://shop90n0i90632m75.1688.com;https://detail.1688.com/offer/655989399414.html
新沂市美乐缘礼品包装厂;https://shop1378793132466.1688.com;https://detail.1688.com/offer/526961695897.html
余江区琦欧经营部;https://shop3235j3w4639h5.1688.com;https://detail.1688.com/offer/652589888400.html
东阳市琪玮饰品有限公司;https://shop5030j9c388640.1688.com;https://detail.1688.com/offer/562119726002.html
义乌市翔扉电子商务商行;https://shop4607j8625aq12.1688.com;https://detail.1688.com/offer/654333772960.html
义乌市曹邦电子商务商行;https://shop7d957204336a0.1688.com;https://detail.1688.com/offer/654461679310.html
余江区昂丽经营部;https://shop512781s6m1393.1688.com;https://detail.1688.com/offer/654069073804.html
鄱阳县周寻芹服装店;https://shop4189491y47313.1688.com;https://detail.1688.com/offer/655274715405.html
南平市建阳区林农赵太百货店;https://shop433618tv458b9.1688.com;https://detail.1688.com/offer/649437227932.html
柘荣县角词日用品经营部;https://shop1g709u1661548.1688.com;https://detail.1688.com/offer/644824000384.html
义乌市兑办电子商务商行;https://shop365o5w8773310.1688.com;https://detail.1688.com/offer/655491653298.html
义乌市檬江日用品厂;https://shop4nye289545654.1688.com;https://detail.1688.com/offer/654051959587.html
义乌市娇黠电子商务商行;https://shop0920366369vn1.1688.com;https://detail.1688.com/offer/655192743877.html
鄱阳县能冷松珠宝店;https://shop36203f1006856.1688.com;https://detail.1688.com/offer/651073145982.html
西咸新区沣东新城于启五金经销部;https://shop391q20738g644.1688.com;https://detail.1688.com/offer/655528205871.html
万载县腹娇等百货店;https://shop9b1415ev39823.1688.com;https://detail.1688.com/offer/651656766868.html
五华县横陂镇炎水花电子商务部;https://shop9u96535745t52.1688.com;https://detail.1688.com/offer/652404125698.html
龙港市意杉贸易商行;https://shop803e06e1i5344.1688.com;https://detail.1688.com/offer/652506737653.html
万载县倩芬日用品经营部;https://shop16098660k2b66.1688.com;https://detail.1688.com/offer/650329846505.html
义乌市福划电子商务商行;https://shop16c3256z93266.1688.com;https://detail.1688.com/offer/643137548500.html
龙港市卡菲电子商务商行;https://shop47p98698b2891.1688.com;https://detail.1688.com/offer/653097218989.html
三门孝岩贸易商行;https://shop7gd63772738g9.1688.com;https://detail.1688.com/offer/652529011765.html
义乌市喀则电子商务商行;https://shop4wj723u350159.1688.com;https://detail.1688.com/offer/649760193556.html
菏泽市小蝌蚪服饰有限公司;https://xiaokedou.1688.com;https://detail.1688.com/offer/538152475188.html
永定区军绸廉百货店;https://shop93m38618536w2.1688.com;https://detail.1688.com/offer/643333042288.html
余江区盈庆经营部;https://shop17k0w09150347.1688.com;https://detail.1688.com/offer/655113905130.html
