义乌市顾暖工艺品厂;https://shop1419439531540.1688.com;https://detail.1688.com/offer/555384324907.html
义乌市酷华饰品厂;https://shop1438707329000.1688.com;https://detail.1688.com/offer/591887083966.html
义乌市佰昌日用百货商行;https://ywbaichang.1688.com;https://detail.1688.com/offer/612739102334.html
浦江县曼馨工艺品有限公司;https://ywmanxin.1688.com;https://detail.1688.com/offer/596459785228.html
永定区绛想赏百货店;https://shop33657b94001a8.1688.com;https://detail.1688.com/offer/644246187435.html
余江区明辉电子商务商行;https://shop55774397n0j02.1688.com;https://detail.1688.com/offer/652037599438.html
余江区娇娇电子商务商行;https://shop174hn45i76451.1688.com;https://detail.1688.com/offer/651724398267.html
南平市建阳区理昆纶百货店;https://shop25791m0171263.1688.com;https://detail.1688.com/offer/650442487473.html
义乌市锡奎电子商务商行;https://shop12t8172030177.1688.com;https://detail.1688.com/offer/652260800960.html
柘荣县庆高日用品经营部;https://shop769894301l342.1688.com;https://detail.1688.com/offer/650119202723.html
广州百旷视便利店;https://shop25511l61df343.1688.com;https://detail.1688.com/offer/641157388967.html
义乌市驰阳日用品厂;https://shop58t3418125887.1688.com;https://detail.1688.com/offer/652375022034.html
义乌市麦浪电子商务有限公司;https://shop1488269626285.1688.com;https://detail.1688.com/offer/556606988710.html
广州祥夏商贸商行;https://shop511516001a5f7.1688.com;https://detail.1688.com/offer/656048011778.html
义乌市荟溪电子商务商行;https://shop2508ia0o23522.1688.com;https://detail.1688.com/offer/656061186675.html
余江区琪熙经营部;https://shop413c42b242259.1688.com;https://detail.1688.com/offer/654168059465.html
义乌市冀岗电子商务商行;https://shop2634710758b57.1688.com;https://detail.1688.com/offer/653479829413.html
余江区莱欣经营部;https://shop7u929u7314855.1688.com;https://detail.1688.com/offer/655035629933.html
万载县新额馨日用品经营部;https://shop57a291o2336t2.1688.com;https://detail.1688.com/offer/654061083660.html
南靖县博科食品商行;https://shop8338201165e55.1688.com;https://detail.1688.com/offer/645016724432.html
余江区银樊经营部;https://shop3i72651249435.1688.com;https://detail.1688.com/offer/656283379893.html
万载县宾兴日用品商行;https://shop13504162r9251.1688.com;https://detail.1688.com/offer/650939967236.html
义乌市三荷饰品有限公司;https://ywjialanflower.1688.com;https://detail.1688.com/offer/595400177428.html
义乌市欣衍电子商务商行;https://shop68r2s5z240549.1688.com;https://detail.1688.com/offer/652654792608.html
永定区悬历泽百货商行;https://shop8t60825091gv4.1688.com;https://detail.1688.com/offer/650733108780.html
义乌市毅旭电子商务商行;https://shop883551i1269c8.1688.com;https://detail.1688.com/offer/617630525451.html
义乌市改华电子商务商行;https://fcflower.1688.com;https://detail.1688.com/offer/578832095449.html
兰山区久查百货店;https://shop59214q3cc91i6.1688.com;https://detail.1688.com/offer/653141065099.html
连城县奚沛容百货店;https://shop4487cdo925799.1688.com;https://detail.1688.com/offer/654298943759.html
义乌市喀则电子商务商行;https://shop4wj723u350159.1688.com;https://detail.1688.com/offer/654561087328.html
余江区鑫雯经营部;https://shop6311v304yk245.1688.com;https://detail.1688.com/offer/655969439364.html
南平市建阳区林农汉献百货店;https://shop4ab9473h86105.1688.com;https://detail.1688.com/offer/654486118943.html
永定区军绸廉百货店;https://shop93m38618536w2.1688.com;https://detail.1688.com/offer/643333042288.html
余江区欢锦经营部;https://shop26q60n60g6736.1688.com;https://detail.1688.com/offer/654066789859.html
寿县依冬百货店;https://shop5560626hw00w2.1688.com;https://detail.1688.com/offer/656037039501.html
万载县倩芬日用品经营部;https://shop16098660k2b66.1688.com;https://detail.1688.com/offer/654793412688.html
柘荣县捷开日用品经营部;https://shop207453n6d6443.1688.com;https://detail.1688.com/offer/646251093815.html
龙港市意杉贸易商行;https://shop803e06e1i5344.1688.com;https://detail.1688.com/offer/653566462703.html
万载县环旭日用品经营部;https://shop23712143w33p7.1688.com;https://detail.1688.com/offer/650820866123.html
丰泽区沈途百货网店;https://shop68426892glg28.1688.com;https://detail.1688.com/offer/652283927960.html
柘荣县角半日用品经营部;https://shop34738b87sm401.1688.com;https://detail.1688.com/offer/650639715959.html
余江区莉博经营部;https://shop501s5b5380386.1688.com;https://detail.1688.com/offer/655855322190.html
余江区悠鑫经营部;https://shop13m03170u3107.1688.com;https://detail.1688.com/offer/654986900225.html
鄱阳县倪从阳饰品店;https://shop61z4z69326p65.1688.com;https://detail.1688.com/offer/651456362394.html
余江区天朴经营部;https://shop73m4747017445.1688.com;https://detail.1688.com/offer/656288567594.html
余江区达梅玲百货店;https://shop124a0x7n07608.1688.com;https://detail.1688.com/offer/655000604998.html
柘荣县楷因日用品经营部;https://shop073q1y7j23641.1688.com;https://detail.1688.com/offer/651029847210.html
义乌市艾媞茵饰品有限公司;https://addilyn.1688.com;https://detail.1688.com/offer/530589028074.html
五华县横陂镇禾倩商行;https://shop255855s051s93.1688.com;https://detail.1688.com/offer/650187387592.html
景宁顺福贸易有限公司;https://shop853t852927123.1688.com;https://detail.1688.com/offer/643295529954.html
义乌市金绿工艺花厂;https://llmo910.1688.com;https://detail.1688.com/offer/567479590973.html
义乌市张承炫电子商务商行;https://618pifa.1688.com;https://detail.1688.com/offer/572648437826.html
义乌市心韵饰品有限公司;https://yiwuxinyun.1688.com;https://detail.1688.com/offer/654439085089.html
义乌市春蝶饰品厂;https://loveboutique.1688.com;https://detail.1688.com/offer/559040115491.html
东阳市艾莎饰品有限公司;https://shop73l36v18478s7.1688.com;https://detail.1688.com/offer/635797889298.html
丽水盈美百货有限公司;https://yingmei777777.1688.com;https://detail.1688.com/offer/643807446884.html
景宁利隆电子商务有限公司;https://88888899999.1688.com;https://detail.1688.com/offer/643873757550.html
义乌市青合饰品有限公司;https://shop259z32201pz92.1688.com;https://detail.1688.com/offer/642439797700.html
湖南荔枝信息科技有限公司;https://shop16b0882u489a6.1688.com;https://detail.1688.com/offer/654455081356.html
义乌市唯合工艺品有限公司;https://qinghehuashi1991.1688.com;https://detail.1688.com/offer/642629939350.html
义乌市柔苑饰品厂;https://shop1392742653602.1688.com;https://detail.1688.com/offer/574520801825.html
丽水景宁珑盛贸易有限公司;https://shop531434h732848.1688.com;https://detail.1688.com/offer/642000612771.html
义乌市信保进出口有限公司;https://cnalibaba.1688.com;https://detail.1688.com/offer/622671426224.html
永定区枯善姿百货商行;https://shop2l32083922003.1688.com;https://detail.1688.com/offer/651521986553.html
新罗区千资色百货商行;https://shop776696cjg8272.1688.com;https://detail.1688.com/offer/643511730398.html
余江区盈庆经营部;https://shop17k0w09150347.1688.com;https://detail.1688.com/offer/655113905130.html
余江区莱翔经营部;https://shop3720055577007.1688.com;https://detail.1688.com/offer/655815479150.html
义乌市糖贝电子商务商行;https://tangbei.1688.com;https://detail.1688.com/offer/567318484673.html
余江区圣怡经营部;https://shop9249v91g69808.1688.com;https://detail.1688.com/offer/655176113099.html
合肥市霸桑商贸有限责任公司;https://shop38n9i31r37493.1688.com;https://detail.1688.com/offer/656032447112.html
袁州区岁屑网络工作室;https://shop81525o2x01x60.1688.com;https://detail.1688.com/offer/655487138731.html
余江区祥雅经营部;https://shop83444879b4a24.1688.com;https://detail.1688.com/offer/655743219778.html
义乌市昕宇仿真花厂;https://shop42cc66049o824.1688.com;https://detail.1688.com/offer/625041623221.html
义乌市娅丫电子商务商行;https://shop1464195103802.1688.com;https://detail.1688.com/offer/561138468392.html
义乌鸣升电子商务商行;https://yiming20171008.1688.com;https://detail.1688.com/offer/599129454227.html
义乌市欢欣饰品有限公司;https://1688happy.1688.com;https://detail.1688.com/offer/550969953653.html
义乌市诗路贸易有限公司;https://shop2752p07679he7.1688.com;https://detail.1688.com/offer/609497609962.html
义乌市赫拉进出口有限公司;https://ywhera.1688.com;https://detail.1688.com/offer/562573515289.html
苍南县灵溪镇纯林服装加工厂;https://shop50tv02a840632.1688.com;https://detail.1688.com/offer/591695244049.html
万年县文瑾饰品厂;https://shop1459185429924.1688.com;https://detail.1688.com/offer/643367757602.html
义乌市达人电子商务商行;https://zxc5927467.1688.com;https://detail.1688.com/offer/614189211662.html
义乌市明珍服饰有限公司;https://mingzhenapparel.1688.com;https://detail.1688.com/offer/596974785888.html
余江区宝仕经营部;https://shop98d864023d262.1688.com;https://detail.1688.com/offer/656039198277.html
新沂市联之星服装店;https://shop7502y4416l895.1688.com;https://detail.1688.com/offer/655156852764.html
新沂市佳之慧服装店;https://shop803v372433993.1688.com;https://detail.1688.com/offer/656022898801.html
义乌市前贵日用品厂;https://shop2642b33325c12.1688.com;https://detail.1688.com/offer/652250210152.html
义乌市清雅饰品有限公司;https://shop78254wqw30198.1688.com;https://detail.1688.com/offer/643432189552.html
义乌市檀君电子商务商行;https://shop18z920f6244m9.1688.com;https://detail.1688.com/offer/645930407392.html
义乌市根朔饰品有限公司;https://genshuo.1688.com;https://detail.1688.com/offer/576296243038.html
广州市扬梁贸易有限公司;https://shop1779886184535.1688.com;https://detail.1688.com/offer/639758679694.html
义乌市欧皙饰品有限公司;https://ouxi2019.1688.com;https://detail.1688.com/offer/644017620129.html
广州歌得莉服饰有限公司;https://ktvfuz.1688.com;https://detail.1688.com/offer/591968365312.html
义乌市霓薰电子商务有限公司;https://shop1398790652575.1688.com;https://detail.1688.com/offer/608673557680.html
苏州多丽奇服饰有限公司;https://shop6299293tn5990.1688.com;https://detail.1688.com/offer/644606938142.html
义乌爱豪电子商务有限公司;https://aihaoheadwear.1688.com;https://detail.1688.com/offer/558169038204.html
深圳跃鹰实业有限公司;https://feelwind.1688.com;https://detail.1688.com/offer/631596896282.html
义乌市贺灵贸易有限公司;https://shop3317390726t11.1688.com;https://detail.1688.com/offer/654100176233.html
义乌市双懿饰品有限公司;https://shop14i4595g826z6.1688.com;https://detail.1688.com/offer/656204475177.html
义乌市承馨电子商务商行;https://yououshipin.1688.com;https://detail.1688.com/offer/646956943451.html
义乌市柯沉电子商务商行;https://shop500h86357rk10.1688.com;https://detail.1688.com/offer/656271663213.html
义乌市希之美饰品有限公司;https://shop5103352cic661.1688.com;https://detail.1688.com/offer/605366951086.html
尤溪县火的鸟商行;https://shop898j665035276.1688.com;https://detail.1688.com/offer/652854980605.html
余江区少同电子商务商行;https://shop4lb5793007287.1688.com;https://detail.1688.com/offer/650630978754.html
玉林市玉州区庭灵百货店;https://shop0j71b00120138.1688.com;https://detail.1688.com/offer/635809057902.html
玉林市玉州区瑞飞日用品店;https://shop5330648tek656.1688.com;https://detail.1688.com/offer/643637109360.html
睢宁县曼超家居用品厂;https://shop258o73m4974o1.1688.com;https://detail.1688.com/offer/649972567726.html
景宁妙朵贸易商行;https://shop6o317292u2823.1688.com;https://detail.1688.com/offer/653528191577.html
深圳市科众斯建筑材料有限公司;https://shop3265n9008x006.1688.com;https://detail.1688.com/offer/643687460500.html
丹阳市开发区锐玛冠百货商行;https://shop3w425u816d749.1688.com;https://detail.1688.com/offer/646490433294.html
深圳市南山区蔚然工艺品商行;https://shop1679681v98p88.1688.com;https://detail.1688.com/offer/574191026267.html
苏州美列服饰有限公司;https://jinxiurushi.1688.com;https://detail.1688.com/offer/601777604126.html
义乌市千灿电子商务商行;https://shop1461603365661.1688.com;https://detail.1688.com/offer/540224556074.html
深圳市龙华新区伊百分手工饰品厂;https://storyacc.1688.com;https://detail.1688.com/offer/554201499080.html
葫芦岛市大鹏泳装批发;https://w15362123.1688.com;https://detail.1688.com/offer/629558752708.html
新罗区度锐百货商行;https://shop205q1995q9639.1688.com;https://detail.1688.com/offer/652442283465.html
义乌市鑫桐仿真花有限公司;https://shop39676m4320042.1688.com;https://detail.1688.com/offer/628676346124.html
新罗区量东暇百货商行;https://shop50x391074y284.1688.com;https://detail.1688.com/offer/654052805712.html
余江区小甜贸易商行;https://shop923b75118v3m7.1688.com;https://detail.1688.com/offer/653835738264.html
连城县俪承嗣百货店;https://shop9589592g98965.1688.com;https://detail.1688.com/offer/654436745280.html
广州市克拉拉复古饰品商行;https://shop16952709b0981.1688.com;https://detail.1688.com/offer/651719328467.html
连云港足依贸易有限公司;https://shop2x6z03y964018.1688.com;https://detail.1688.com/offer/624237968759.html
义乌市吉萌贸易有限公司;https://5201314qq.1688.com;https://detail.1688.com/offer/644073971324.html
汕头市潮阳区谷饶萱贝娜针织内衣厂;https://shop3768730vo4vo9.1688.com;https://detail.1688.com/offer/640817515971.html
义乌市都漫文胸内衣商行;https://dumandm.1688.com;https://detail.1688.com/offer/653914885415.html
义乌市苡晴贸易有限公司;https://shop84198311l2h90.1688.com;https://detail.1688.com/offer/653746380546.html
灌云县伊山镇桃洛憬服装厂;https://shop837707o713610.1688.com;https://detail.1688.com/offer/591525889354.html
义乌市嘉昕帽厂;https://shop401814c5300z2.1688.com;https://detail.1688.com/offer/639709483314.html
九色源贸易（上海）有限公司;https://jiuseyuan.1688.com;https://detail.1688.com/offer/542177910763.html
分宜盛康生物科技有限公司;https://huxiantuo.1688.com;https://detail.1688.com/offer/639541041236.html
河南优拉国际贸易有限公司;https://shop3vm038o404309.1688.com;https://detail.1688.com/offer/583779573976.html
义乌市淘米电子科技有限公司;https://shop604p033982805.1688.com;https://detail.1688.com/offer/654089522711.html
苍南县龙港瓯合纸塑制品厂;https://shop1472035630147.1688.com;https://detail.1688.com/offer/543538825282.html
莆田市秀屿区埭头莺石珠宝店;https://shop860205g7g2953.1688.com;https://detail.1688.com/offer/653913519496.html
义乌市夏然饰品有限公司;https://shop67n9956f68t51.1688.com;https://detail.1688.com/offer/655381967420.html
义乌市领航假发有限公司;https://shop8144f6264w429.1688.com;https://detail.1688.com/offer/642434055683.html
义乌市婷菲贸易有限公司;https://shop57u2190n92393.1688.com;https://detail.1688.com/offer/654892134108.html
盐城麦达信息科技有限公司;https://ycmdkj.1688.com;https://detail.1688.com/offer/629409889585.html
佛山市南海区涵美馨服饰厂;https://shop0q9312z752669.1688.com;https://detail.1688.com/offer/642922953861.html
义乌攀爷电子商务商行;https://shop8s820m676a028.1688.com;https://detail.1688.com/offer/654821276508.html
义乌市暖娟内衣厂;https://shop1433782616181.1688.com;https://detail.1688.com/offer/538368163413.html
义乌市蒲彤电子商务商行;https://shop1476702898645.1688.com;https://detail.1688.com/offer/579809885764.html
义乌市魅斐电子商务商行;https://shop31f24m406i557.1688.com;https://detail.1688.com/offer/652100394492.html
禹州市新凯美丝假发销售部;https://shop423854751a396.1688.com;https://detail.1688.com/offer/645245278037.html
灌云县诗阳服装厂;https://shop0ll040645b437.1688.com;https://detail.1688.com/offer/636310303092.html
枣强县大营镇冬丽儿皮毛厂;https://shop1441727848844.1688.com;https://detail.1688.com/offer/522086783357.html
连云港雅豪贸易有限公司;https://shop9b272z5474784.1688.com;https://detail.1688.com/offer/646770100580.html
金华精福贸易有限公司;https://jffs666.1688.com;https://detail.1688.com/offer/566091143389.html
灌云县侍庄乡曼雅服装经营部;https://manya787200831.1688.com;https://detail.1688.com/offer/546923370036.html
扬州美爱保健用品有限公司;https://meiai7758.1688.com;https://detail.1688.com/offer/555324596778.html
深圳市众力工艺品有限公司;https://zouli898.1688.com;https://detail.1688.com/offer/567074008054.html
普宁市梅塘暖暖服装网店;https://shop04a9229r08c75.1688.com;https://detail.1688.com/offer/642449455757.html
义乌市青云电子商务有限公司;https://yiwuoumeilan.1688.com;https://detail.1688.com/offer/651729407857.html
义乌市静朵贸易有限公司;https://shop0038a88a6t774.1688.com;https://detail.1688.com/offer/653959820896.html
灌云千秀千秀服饰有限公司;https://shop1431967918530.1688.com;https://detail.1688.com/offer/45539671757.html
许昌亨瑞斯发制品贸易有限公司;https://hairhrs.1688.com;https://detail.1688.com/offer/645298897239.html
灌云艾美制衣有限公司;https://shop1403196889027.1688.com;https://detail.1688.com/offer/43312845033.html
灌云县伊山镇凤求凰制衣厂;https://shop8915914uv3333.1688.com;https://detail.1688.com/offer/559685999825.html
义乌市墨泰服饰有限公司;https://shop157731057dh68.1688.com;https://detail.1688.com/offer/591600964873.html
义乌市佰姿电子商务有限公司;https://baizishop.1688.com;https://detail.1688.com/offer/583862278282.html
连云港映山红服装有限公司;https://shop7z193zy224620.1688.com;https://detail.1688.com/offer/602467202556.html
灌云县伊山镇常姐制衣厂;https://shop1375364404821.1688.com;https://detail.1688.com/offer/43864583967.html
灌云县伊山镇胜妃服饰加工厂;https://shop1466874140947.1688.com;https://detail.1688.com/offer/537277066524.html
深圳市宝安区石岩莎诺服装厂;https://shanuo.1688.com;https://detail.1688.com/offer/648827029490.html
灌云县魅丽伊秀服装厂;https://shop69149777a68n5.1688.com;https://detail.1688.com/offer/647062781615.html
灌云县伊山镇吴述艳服装经营部;https://lovelezhiyi.1688.com;https://detail.1688.com/offer/629239157216.html
义乌市果优饰品有限公司;https://shop8834908660966.1688.com;https://detail.1688.com/offer/651399423515.html
广州市白云区松洲瑞贝拉服装商行;https://ribella.1688.com;https://detail.1688.com/offer/575416881431.html
北京淘趣猫科技有限公司;https://pinkpussycat.1688.com;https://detail.1688.com/offer/573498544518.html
扬州乐趣电子商务有限公司;https://uxgmall.1688.com;https://detail.1688.com/offer/555398945754.html
睢宁县顺欧服装厂;https://shop99u1542112686.1688.com;https://detail.1688.com/offer/650691567678.html
博爱县拓海日用百货网店;https://shop130802889jh83.1688.com;https://detail.1688.com/offer/652198190305.html
莆田市城厢区小饰界珠宝店;https://shop78733688pzc42.1688.com;https://detail.1688.com/offer/653347921986.html
封丘县富雅百货店;https://shop30c085z089830.1688.com;https://detail.1688.com/offer/646265834189.html
兴城市欧诗蔓泳装商店;https://shop1394470602830.1688.com;https://detail.1688.com/offer/570434892487.html
连云港盛富贸易有限公司;https://15950765988.1688.com;https://detail.1688.com/offer/523255349377.html
博爱县李李服装店;https://shop6y41854f34010.1688.com;https://detail.1688.com/offer/646181905338.html
亳州源清堂药业有限公司;https://shop8e7q050346081.1688.com;https://detail.1688.com/offer/639764473543.html
灌云县伊山镇丽都服装厂;https://shop1445533931300.1688.com;https://detail.1688.com/offer/523341423475.html
松阳县小阿邱电子商务有限公司;https://shop1872524mj8617.1688.com;https://detail.1688.com/offer/630115056942.html
东阳市江北磊鑫针织厂;https://fanjiaxiang8888.1688.com;https://detail.1688.com/offer/579469991223.html
河南瓦幔商贸有限公司;https://henanwaman.1688.com;https://detail.1688.com/offer/646864857182.html
佛山市南海区月尚馨百货店;https://shop15k3690232298.1688.com;https://detail.1688.com/offer/650384790021.html
灌云县伊山镇韩衣衣服装厂;https://zhaobaohuxu.1688.com;https://detail.1688.com/offer/42713783030.html
云霄县依梅建材店;https://shop36766j64f5d56.1688.com;https://detail.1688.com/offer/648880337708.html
灌云鼎盛贸易有限公司;https://shop89585s9s752d9.1688.com;https://detail.1688.com/offer/628574800464.html
佛山市南海区怡美宝服饰厂;https://shop6123y2o411780.1688.com;https://detail.1688.com/offer/653111496380.html
兴城市鑫雪制衣厂;https://xinxuezhiyi.1688.com;https://detail.1688.com/offer/565296489217.html
兴城市斯尔格制衣厂;https://shop851y748772z77.1688.com;https://detail.1688.com/offer/634197634162.html
义乌市佰丝假发厂;https://baisiwig.1688.com;https://detail.1688.com/offer/639118848391.html
佛山市禅城区波烁雅贸易商行;https://shop45739ft363873.1688.com;https://detail.1688.com/offer/637922307098.html
深圳市宝安区尹联锦贸易商行;https://shop672o11s688n84.1688.com;https://detail.1688.com/offer/652313281508.html
广州乐卖贸易有限责任公司;https://shop29430656gy719.1688.com;https://detail.1688.com/offer/649279878486.html
灌云县幽梦服装厂;https://shop0506100d226f9.1688.com;https://detail.1688.com/offer/621168470718.html
灌云县伊山镇午夜情趣内衣店;https://hongli9055.1688.com;https://detail.1688.com/offer/610051391885.html
汕头市潮阳区谷饶黛妍美针织内衣厂;https://shop794u9q0337007.1688.com;https://detail.1688.com/offer/638978181592.html
灌云县东王集乡百依百趣服装厂;https://alb800.1688.com;https://detail.1688.com/offer/43369495328.html
深圳市宝安区汇莱美服饰厂;https://huilaimei.1688.com;https://detail.1688.com/offer/587290725859.html
广州鸿彩烫画制品有限公司;https://hongcaih.1688.com;https://detail.1688.com/offer/651374226420.html
五华县岐岭镇敏权生活馆;https://shop7135f01h83761.1688.com;https://detail.1688.com/offer/653017435409.html
义乌市奥展电子商务商行;https://shop9i9c6b94637c7.1688.com;https://detail.1688.com/offer/644134553477.html
义乌市嘟筱电子商务商行;https://shop1460393823730.1688.com;https://detail.1688.com/offer/639036017492.html
深圳市宝安区佳宜制衣厂;https://shop52293d054z163.1688.com;https://detail.1688.com/offer/596104506281.html
余江区红笑电子商务商行;https://shop75f594d657076.1688.com;https://detail.1688.com/offer/654400912703.html
义乌市瑜琦贸易有限公司;https://shop8y4u7u9210639.1688.com;https://detail.1688.com/offer/646884182985.html
灌云出彩服装厂;https://chucaifuzhuang.1688.com;https://detail.1688.com/offer/563236388392.html
揭阳市揭东区新亨镇一好饰品商行;https://shop712475f750170.1688.com;https://detail.1688.com/offer/645971936553.html
深圳市南山区爱莉佳贸易商行;https://lovegood.1688.com;https://detail.1688.com/offer/642544255871.html
广州市越秀区光影电子商务行;https://shop56s54z99063c6.1688.com;https://detail.1688.com/offer/634687348226.html
南宫市裘逸皮毛制品经销处;https://nangongqiuyi.1688.com;https://detail.1688.com/offer/632257787094.html
汕头市潮阳区谷饶长隆针织文胸厂;https://shop91446349y2324.1688.com;https://detail.1688.com/offer/649860742314.html
南宫市智贤皮草有限公司;https://longhuipimao.1688.com;https://detail.1688.com/offer/1299547937.html
绍兴日叶针纺有限公司;https://shop1426178738638.1688.com;https://detail.1688.com/offer/541675070248.html
义乌市星佑贸易有限公司;https://shop25b3w63536p42.1688.com;https://detail.1688.com/offer/635274974731.html
广州锐亿贸易商行;https://shop3ej5808856750.1688.com;https://detail.1688.com/offer/652441778062.html
济宁嘉大养殖场;https://shop218i6e78j7246.1688.com;https://detail.1688.com/offer/649046278904.html
济宁隆鑫农牧科技有限公司;https://shop92935l691t921.1688.com;https://detail.1688.com/offer/649617991112.html
枣庄优佳电商科技有限公司;https://shop0w844444k6089.1688.com;https://detail.1688.com/offer/652491670693.html
禹州威绮发制品有限公司;https://shop7352f71c92007.1688.com;https://detail.1688.com/offer/643129816076.html
广州龙桦咨询有限公司;https://shop138h737m890h8.1688.com;https://detail.1688.com/offer/647506301357.html
尤溪县酒溪庄商行;https://shop173896j2v8i08.1688.com;https://detail.1688.com/offer/639132296621.html
灌云县梦鸿达服装厂;https://shop1310d72289773.1688.com;https://detail.1688.com/offer/635699108967.html
义乌市瑞趋电子商务有限公司;https://shop677nf85960198.1688.com;https://detail.1688.com/offer/650942691898.html
诸暨市山下湖晶生金饰珠宝商行;https://18357541688.1688.com;https://detail.1688.com/offer/629764975310.html
明光市祥源贸易商行;https://shop3821t676447m1.1688.com;https://detail.1688.com/offer/651302859710.html
深圳市龙华区吾之爱制衣厂;https://popularloversexy.1688.com;https://detail.1688.com/offer/618989733561.html
