义乌市浩福饰品有限公司;https://shop12135891090g9.1688.com;https://detail.1688.com/offer/651337164819.html
义乌市三态饰品有限公司;https://santai3333.1688.com;https://detail.1688.com/offer/621421763251.html
义乌市蜜舍饰品厂;https://nvshe.1688.com;https://detail.1688.com/offer/599604727997.html
上海心乘贸易有限公司;https://xinchengmaoyi.1688.com;https://detail.1688.com/offer/610600470841.html
义乌市梵尚饰品厂;https://15fs.1688.com;https://detail.1688.com/offer/630484394763.html
义乌市凯亚饰品有限公司;https://kaiya598.1688.com;https://detail.1688.com/offer/641977886158.html
义乌市莱玛电子商务有限公司;https://laimasp.1688.com;https://detail.1688.com/offer/644807429039.html
义乌千芙饰品有限公司;https://shop1404528103758.1688.com;https://detail.1688.com/offer/614011183130.html
义乌市戴炫饰品有限公司;https://daishangsp.1688.com;https://detail.1688.com/offer/590922368147.html
义乌市薇凌饰品有限公司;https://shop2834876592r70.1688.com;https://detail.1688.com/offer/647075710927.html
义乌市度翩电子商务商行;https://dupianmaoyi.1688.com;https://detail.1688.com/offer/652304753907.html
义乌市轲轲饰品厂;https://shop155168o5615d5.1688.com;https://detail.1688.com/offer/566132720063.html
义乌市栗臻服饰有限公司;https://shop90272582dq059.1688.com;https://detail.1688.com/offer/609436518888.html
义乌市格尚电子商务商行;https://15geshang.1688.com;https://detail.1688.com/offer/561877270156.html
高新区枫桥特俞百货商行;https://shop36kfw322w6194.1688.com;https://detail.1688.com/offer/654350970617.html
广州哈琳娜饰品厂;https://harrina.1688.com;https://detail.1688.com/offer/640165118098.html
宜春市袁州区森碟饰品厂;https://shop1g564594i8062.1688.com;https://detail.1688.com/offer/640582826045.html
浦江县夏朵电子商务商行;https://shop8r4w84599v188.1688.com;https://detail.1688.com/offer/642370917636.html
高新区枫桥柏胜喜百货商行;https://shop3xy2807h29840.1688.com;https://detail.1688.com/offer/655483501852.html
深圳市胜嘉源帽业有限公司;https://shengjiayuancap.1688.com;https://detail.1688.com/offer/633880922402.html
高新区枫桥艾丝尔百货商行;https://shop78264941u3096.1688.com;https://detail.1688.com/offer/650540192804.html
广州南沙区行假犯嘀电子商务有限公司;https://shop814261173lp91.1688.com;https://detail.1688.com/offer/650243085542.html
景宁美铭日用百货商行;https://shop4909mv2g85768.1688.com;https://detail.1688.com/offer/651167463894.html
高新区枫桥双澄百货商行;https://shop865744090pa83.1688.com;https://detail.1688.com/offer/653170428917.html
台州市黄岩银风日用品商行;https://shop2572uc246v718.1688.com;https://detail.1688.com/offer/655480341536.html
石狮市简峰温莲网络百货商行;https://shop281145b7776r3.1688.com;https://detail.1688.com/offer/652004260826.html
东莞市田曦建材有限公司;https://shop4238k9k495788.1688.com;https://detail.1688.com/offer/641463596586.html
义乌市福腾电子商务商行;https://shop04t426o401701.1688.com;https://detail.1688.com/offer/610381195691.html
高新区枫桥明吉源服装商行;https://shop72b8257807978.1688.com;https://detail.1688.com/offer/654968476527.html
义乌市尚捷饰品有限公司;https://shop11759725e5h10.1688.com;https://detail.1688.com/offer/651103980184.html
义乌市梵恩饰品有限公司;https://fanen1688.1688.com;https://detail.1688.com/offer/612068048966.html
义乌市涵熙饰品有限公司;https://shop1b618i28105z6.1688.com;https://detail.1688.com/offer/641816945608.html
义乌纯界电子商务有限公司;https://shop78359y9211z87.1688.com;https://detail.1688.com/offer/649124195526.html
义乌市皓练饰品有限公司;https://shop93nc2l6297603.1688.com;https://detail.1688.com/offer/651766284620.html
义乌市灵萱饰品有限公司;https://shop853026c256158.1688.com;https://detail.1688.com/offer/654272616492.html
义乌市逸舒贸易有限公司;https://15868952333.1688.com;https://detail.1688.com/offer/621384980434.html
义乌市亮琳饰品有限公司;https://shop641wh8d824282.1688.com;https://detail.1688.com/offer/644919124449.html
义乌市奋力饰品有限公司;https://shop81937a2364p04.1688.com;https://detail.1688.com/offer/650562866694.html
义乌市丽歌饰品有限公司;https://shop1467221335666.1688.com;https://detail.1688.com/offer/631919100055.html
新沂市传之志服装店;https://shop305511411a499.1688.com;https://detail.1688.com/offer/651772860629.html
睢宁县威宜服装厂;https://shop1416640734e06.1688.com;https://detail.1688.com/offer/655136089714.html
三明市三元区美琼服装店;https://shop6mh241885w190.1688.com;https://detail.1688.com/offer/653023011800.html
三明市梅列区壹加贰服装店;https://shop7v70078w7f702.1688.com;https://detail.1688.com/offer/648772530137.html
涵江区国欢谢斌服装店;https://shop8w4r800064g20.1688.com;https://detail.1688.com/offer/649516002618.html
深圳市米尤贸易有限公司;https://shop2061454c17197.1688.com;https://detail.1688.com/offer/636436650416.html
义乌市鹊物电子商务商行;https://shop447463o530319.1688.com;https://detail.1688.com/offer/652695563849.html
义乌市伟雄箱包有限公司;https://weixiongsp.1688.com;https://detail.1688.com/offer/610154374662.html
永定区杞颇亮商行;https://shop987930070f8v5.1688.com;https://detail.1688.com/offer/654487574659.html
高新区枫桥双典百货商行;https://shop24h30z28m3651.1688.com;https://detail.1688.com/offer/655073985440.html
余姚市敬花锦财电子商务经营部;https://shop060q085843l42.1688.com;https://detail.1688.com/offer/652943672686.html
遂昌高斯日用百货商行;https://shop75819a2256l02.1688.com;https://detail.1688.com/offer/655672535428.html
新罗区清公卫百货店;https://shop6w93150u227u7.1688.com;https://detail.1688.com/offer/655944475855.html
新罗区米蘭街百货店;https://shop9i16074n54898.1688.com;https://detail.1688.com/offer/655224621482.html
台州市黄岩讯妮电子商务商行;https://shop2j92524h8h865.1688.com;https://detail.1688.com/offer/654348830673.html
余江区程美腾电子商务商行;https://shop0189qx8473904.1688.com;https://detail.1688.com/offer/655248678025.html
深圳市福田区曼星达科技商行;https://shop4l002v41f4705.1688.com;https://detail.1688.com/offer/655266545576.html
玉林市福绵区品原百货经营部;https://shop78105e21094m4.1688.com;https://detail.1688.com/offer/647739488263.html
余江区稿特经营部;https://shop317f207452360.1688.com;https://detail.1688.com/offer/654352665309.html
宁海旭诺敏帆电子商务商行;https://shop536785a64b363.1688.com;https://detail.1688.com/offer/651466783540.html
义乌市梵米服饰有限公司;https://fanmi1688.1688.com;https://detail.1688.com/offer/649621786602.html
义乌市东畔饰品有限公司;https://donpan.1688.com;https://detail.1688.com/offer/629326030132.html
义乌市晨燕饰品有限公司;https://chengyanyxgs.1688.com;https://detail.1688.com/offer/651006931604.html
五华县河东镇万英杰发廊;https://shop13p7437076309.1688.com;https://detail.1688.com/offer/651205149609.html
尤溪县赤眉商行;https://shop61053b6q727d2.1688.com;https://detail.1688.com/offer/642954804973.html
玉林市玉州区尤典百货店;https://shop7g31979585313.1688.com;https://detail.1688.com/offer/654052544172.html
广州知感商贸有限公司;https://shop63034y93l1671.1688.com;https://detail.1688.com/offer/645598404989.html
义乌市籽岚日用百货商行;https://shop24457kb082903.1688.com;https://detail.1688.com/offer/655125354206.html
高新区枫桥晶尚敏百货商行;https://shop178467uu26673.1688.com;https://detail.1688.com/offer/654451527456.html
义乌市跨寄电子商务商行;https://shop94012oe5158o9.1688.com;https://detail.1688.com/offer/652227982541.html
义乌市羿辰饰品厂;https://shophancai.1688.com;https://detail.1688.com/offer/599880751831.html
义乌市璇涞电子商务商行;https://shop4833v965y1y18.1688.com;https://detail.1688.com/offer/651215764881.html
义乌市泽茂进出口有限公司;https://shop4c53003100270.1688.com;https://detail.1688.com/offer/633083786907.html
玉林市玉州区环飞百货店;https://shop33319b755x307.1688.com;https://detail.1688.com/offer/648971705069.html
义乌市今立服饰有限公司;https://shop0j22u6275i474.1688.com;https://detail.1688.com/offer/629784474662.html
义乌市艾蕾亘特饰品厂;https://shop66h557u133484.1688.com;https://detail.1688.com/offer/655164629851.html
义乌科凡电子商务商行;https://shop854301399n549.1688.com;https://detail.1688.com/offer/655392079149.html
龙港市意杉贸易商行;https://shop803e06e1i5344.1688.com;https://detail.1688.com/offer/652770228032.html
陆川县达发日用品店;https://shop72691805nt272.1688.com;https://detail.1688.com/offer/654466692123.html
鄱阳县曲鹏服装店;https://shop027t10b324120.1688.com;https://detail.1688.com/offer/655860639540.html
义乌市歌图电子商务商行;https://shop66054uuy04028.1688.com;https://detail.1688.com/offer/655753827944.html
义乌市隆驰顺电子商务商行;https://shop059s315b07555.1688.com;https://detail.1688.com/offer/655333150125.html
义乌市修婕电子商务商行;https://shop6724b67477210.1688.com;https://detail.1688.com/offer/654148900417.html
五华县横陂镇珍露香商贸部;https://shop62573rn29u931.1688.com;https://detail.1688.com/offer/648298244042.html
余江区达祥经营部;https://shop11090a38112a5.1688.com;https://detail.1688.com/offer/652661870196.html
柘荣县角村日用品经营部;https://shop12u1790r83y92.1688.com;https://detail.1688.com/offer/650149817149.html
义乌市茵毅电子商务商行;https://shop9157990717066.1688.com;https://detail.1688.com/offer/649735776165.html
义乌市厚盾电子商务商行;https://shop106434x85n9j8.1688.com;https://detail.1688.com/offer/652172826381.html
新罗区水无香百货店;https://shop60j7j79663c62.1688.com;https://detail.1688.com/offer/656272327311.html
义乌市璟行贸易有限公司;https://shop810g325081j07.1688.com;https://detail.1688.com/offer/642349194898.html
义乌市奇阅饰品有限公司;https://qiyueshipin.1688.com;https://detail.1688.com/offer/603657237501.html
义乌市以茂电子商务商行;https://shop495t93425n326.1688.com;https://detail.1688.com/offer/645300327864.html
佛山市禅城区鑫驰哈服装厂;https://shop21142586u9v59.1688.com;https://detail.1688.com/offer/641882062394.html
丰泽区免按百货网店;https://shop721t745995a26.1688.com;https://detail.1688.com/offer/652611362677.html
石狮市简峰铭悦网络百货商行;https://shop02h77j1661v24.1688.com;https://detail.1688.com/offer/651030646392.html
义乌市峰循电子商务商行;https://shop4i8029e276717.1688.com;https://detail.1688.com/offer/651480136255.html
余江区欣飞经营部;https://shop02182q5g85372.1688.com;https://detail.1688.com/offer/652245019873.html
义乌市澄悬电子商务商行;https://shop195v455g81v09.1688.com;https://detail.1688.com/offer/654854817113.html
义乌市锐娟电子商务商行;https://shop319942j4u5151.1688.com;https://detail.1688.com/offer/655021234329.html
义乌市媛涞电子商务商行;https://shop512i0104668c7.1688.com;https://detail.1688.com/offer/655545263664.html
义乌市昕月饰品有限公司;https://xy8898.1688.com;https://detail.1688.com/offer/627187714371.html
义乌市骍隆电子商务商行;https://shop684n393892646.1688.com;https://detail.1688.com/offer/654679758418.html
义乌市方婳电子商务商行;https://shop63s8017v65v96.1688.com;https://detail.1688.com/offer/654068034710.html
连城县俪承嗣百货店;https://shop9589592g98965.1688.com;https://detail.1688.com/offer/654153917124.html
义乌市心喜贸易有限公司;https://yiwuxinxi.1688.com;https://detail.1688.com/offer/655307354382.html
丰泽区是随百货网店;https://shop72n943964nw75.1688.com;https://detail.1688.com/offer/652743502023.html
义乌市荟溪电子商务商行;https://shop2508ia0o23522.1688.com;https://detail.1688.com/offer/654023036704.html
义乌市梦锦服饰厂;https://mjoy2019.1688.com;https://detail.1688.com/offer/629123750674.html
义乌乾琦贸易商行;https://shop9636s572l3261.1688.com;https://detail.1688.com/offer/648168029318.html
鄱阳县宝浩五金店;https://shop980y733471085.1688.com;https://detail.1688.com/offer/653738930049.html
义乌市伟美饰品有限公司;https://shop709450064uo15.1688.com;https://detail.1688.com/offer/629443577582.html
揭阳市揭东区新亨镇耀维百货店;https://shop500911055m618.1688.com;https://detail.1688.com/offer/650358806232.html
丹阳市界牌镇浮之思工艺礼品厂;https://shop3348qg96522m9.1688.com;https://detail.1688.com/offer/655490518947.html
深圳市宝安区福海靓依都服装厂;https://shop1494607960707.1688.com;https://detail.1688.com/offer/626068312745.html
义乌市妆点饰品有限公司;https://zhuangdianacc.1688.com;https://detail.1688.com/offer/602271895107.html
明光市弘尚贸易商行;https://shop530xx53353068.1688.com;https://detail.1688.com/offer/640431555209.html
义乌市巨欣饰品有限公司;https://juxinsp.1688.com;https://detail.1688.com/offer/589051800386.html
义乌市摩多贸易有限公司;https://moduomaoyi.1688.com;https://detail.1688.com/offer/654096820359.html
朝阳区薛兰商贸行;https://shop98yw784495g12.1688.com;https://detail.1688.com/offer/653443702400.html
义乌市岚辰饰品有限公司;https://lanchen2018.1688.com;https://detail.1688.com/offer/651962074213.html
高新区枫桥永蓝银百货商行;https://shop8e4467832n084.1688.com;https://detail.1688.com/offer/655853862962.html
新罗区量东暇百货商行;https://shop50x391074y284.1688.com;https://detail.1688.com/offer/650972641162.html
义乌市青妮饰品厂;https://shop675f1f6496530.1688.com;https://detail.1688.com/offer/654953497255.html
义乌市飞韩饰品有限公司;https://feihan.1688.com;https://detail.1688.com/offer/633216788858.html
义乌市尚炫月饰品厂;https://shop154982m4q0803.1688.com;https://detail.1688.com/offer/655501037368.html
义乌市静朵贸易有限公司;https://shop0038a88a6t774.1688.com;https://detail.1688.com/offer/649462734479.html
义乌市婷菲贸易有限公司;https://shop57u2190n92393.1688.com;https://detail.1688.com/offer/649263809163.html
义乌市金萍饰品厂;https://shop1s12806v12876.1688.com;https://detail.1688.com/offer/644863955022.html
义乌市和鸣饰品有限公司;https://shop36mm85665l864.1688.com;https://detail.1688.com/offer/624358198120.html
义乌市沃土电子商务有限公司;https://ywwotu.1688.com;https://detail.1688.com/offer/641023229802.html
义乌市蒲钻电子商务商行;https://shop1358592219982.1688.com;https://detail.1688.com/offer/623458842749.html
浦江县大杂兔贸易有限公司;https://shop3489i865747h0.1688.com;https://detail.1688.com/offer/649657998982.html
青岛拉勾勾饰品有限公司;https://shop8z96296j21129.1688.com;https://detail.1688.com/offer/644567835816.html
义乌市慧逸饰品有限公司;https://huiyii.1688.com;https://detail.1688.com/offer/631091718260.html
义乌市希渤日用百货商行;https://shop89l8202018776.1688.com;https://detail.1688.com/offer/651974349927.html
义乌市微啸电子商务商行;https://shop703t7400b09x4.1688.com;https://detail.1688.com/offer/646937677598.html
深圳市福田区盈大利建筑工程经营部;https://shop4f261c1007e33.1688.com;https://detail.1688.com/offer/655836486423.html
义乌市涵恋饰品有限公司;https://hanlianshipin.1688.com;https://detail.1688.com/offer/614089417701.html
广州崇盈服装贸易商行;https://shop99327169c7532.1688.com;https://detail.1688.com/offer/653943394729.html
广州泰洁康贸易商行;https://shop71ey303429494.1688.com;https://detail.1688.com/offer/648443700877.html
义乌市祝杰电子商务商行;https://shop1922b5750kd30.1688.com;https://detail.1688.com/offer/654945326300.html
义乌市敛从电子商务商行;https://shop28o95177o3851.1688.com;https://detail.1688.com/offer/656032243442.html
义乌市可巧电子商务商行;https://shop1469033339598.1688.com;https://detail.1688.com/offer/535975662969.html
义乌秀格饰品有限公司;https://shop1w2122s50p506.1688.com;https://detail.1688.com/offer/639010324336.html
义乌市昌聪电子商务有限公司;https://shop93200qt6d9610.1688.com;https://detail.1688.com/offer/632648090972.html
义乌市诺苑电子商务商行;https://shop235t521258tu1.1688.com;https://detail.1688.com/offer/632648910901.html
建德市三都镇耀妙贸易商行;https://shop7253ro09s0968.1688.com;https://detail.1688.com/offer/655667597163.html
义乌市元狩贸易有限公司;https://shop6r791u7747782.1688.com;https://detail.1688.com/offer/599662136070.html
义乌市依宇电子商务有限公司;https://shop612q3221y5a50.1688.com;https://detail.1688.com/offer/642043239356.html
广州市天河区区街科技有限公司;https://shop54922249s5879.1688.com;https://detail.1688.com/offer/650700980651.html
义乌市露思饰品有限公司;https://shop1q67r88329801.1688.com;https://detail.1688.com/offer/654429719720.html
义乌市诗虹饰品有限公司;https://shihong.1688.com;https://detail.1688.com/offer/655010885680.html
义乌市宝然电子商务商行;https://shop1487610256258.1688.com;https://detail.1688.com/offer/654237615340.html
义乌市氿乐电子商务商行;https://shop1428511784824.1688.com;https://detail.1688.com/offer/635513710224.html
深圳市南山区唐歆服饰商行;https://chenmeixiong.1688.com;https://detail.1688.com/offer/587745714360.html
义乌市幺妹贸易有限公司;https://shop3329p3n659279.1688.com;https://detail.1688.com/offer/649091134819.html
义乌市百萱电子商务商行;https://shop913341y061375.1688.com;https://detail.1688.com/offer/646457569446.html
义乌市夏然饰品有限公司;https://shop67n9956f68t51.1688.com;https://detail.1688.com/offer/648804513678.html
义乌市振欣饰品商行;https://shop8ee10010160c2.1688.com;https://detail.1688.com/offer/642901587766.html
义乌市宏宏贸易有限公司;https://shop8z24w7s605329.1688.com;https://detail.1688.com/offer/587115746636.html
义乌市际恺饰品有限公司;https://shop179p402lg9637.1688.com;https://detail.1688.com/offer/631215079781.html
义乌市缇树电子商务商行;https://shop5pw5574759868.1688.com;https://detail.1688.com/offer/616565692641.html
石狮市简峰舍楼网络百货商行;https://shop62dt1665017i8.1688.com;https://detail.1688.com/offer/654142019406.html
广州亮晶晶饰品有限公司;https://shop52705q1766z19.1688.com;https://detail.1688.com/offer/633499949387.html
广州利士风贸易有限公司;https://shop36b7063363745.1688.com;https://detail.1688.com/offer/653953418081.html
余江区汇吉岸贸易商行;https://shop9304242gn1607.1688.com;https://detail.1688.com/offer/653775793263.html
余江区雪囡礼商贸商行;https://shop7l11d6g318683.1688.com;https://detail.1688.com/offer/654880042968.html
义乌市宝钰饰品有限公司;https://baoyushipin.1688.com;https://detail.1688.com/offer/652895513764.html
义乌市涵秀饰品厂;https://shop1289850a42990.1688.com;https://detail.1688.com/offer/653134032881.html
义乌市皓予电子商务有限公司;https://shop9c585x16287s8.1688.com;https://detail.1688.com/offer/630703403838.html
长沙市天心区燕忠日用百货店;https://shop92b97503a6689.1688.com;https://detail.1688.com/offer/649999853449.html
义乌市温欣电子商务有限公司;https://shop8237t669tc911.1688.com;https://detail.1688.com/offer/652922601066.html
义乌市赞烨电子商务商行;https://shop1439398383973.1688.com;https://detail.1688.com/offer/632584902377.html
义乌市惜美饰品厂;https://shop99034029609i3.1688.com;https://detail.1688.com/offer/653935680485.html
义乌市福划电子商务商行;https://shop16c3256z93266.1688.com;https://detail.1688.com/offer/646043583742.html
义乌市昇泽贸易有限公司;https://yayilai.1688.com;https://detail.1688.com/offer/589813852755.html
义乌市时流电子商务商行;https://shop72n430k9l7614.1688.com;https://detail.1688.com/offer/643996899259.html
义乌市高景饰品厂;https://shop6x13329037772.1688.com;https://detail.1688.com/offer/615988691873.html
义乌市齐亮饰品商行;https://shop876nn850c1919.1688.com;https://detail.1688.com/offer/655006988025.html
义乌市燕媛电子商务商行;https://shop941m7ko314871.1688.com;https://detail.1688.com/offer/654360064559.html
义乌市舒文饰品有限公司;https://shop2k5d127d55217.1688.com;https://detail.1688.com/offer/644276648564.html
义乌市旭特电子商务商行;https://shop866784415u882.1688.com;https://detail.1688.com/offer/655510798862.html
宿城区不停歇百货店;https://shop3k2626y8b7829.1688.com;https://detail.1688.com/offer/649546852933.html
杭州余杭区乔司街道聚耀百货商行;https://shop29909367g04n6.1688.com;https://detail.1688.com/offer/654820791868.html
义乌市蕊柔电子商务商行;https://shop1414773994392.1688.com;https://detail.1688.com/offer/557903781879.html
义乌市冷安电子商务商行;https://shop1464368243607.1688.com;https://detail.1688.com/offer/557864264499.html
石狮市简峰瑟兰网络百货商行;https://shop23483956693z9.1688.com;https://detail.1688.com/offer/653618219973.html
丰泽区偏漫百货网店;https://shop22y641320u168.1688.com;https://detail.1688.com/offer/653058603035.html
平昌县鼎诚百货店;https://shop69144c9411807.1688.com;https://detail.1688.com/offer/655839579470.html
深圳市龙华区优宜云百货商行;https://shop261v6517293e7.1688.com;https://detail.1688.com/offer/649471035744.html
义乌市昕涵饰品有限公司;https://shop249075gr0r667.1688.com;https://detail.1688.com/offer/642734358454.html
平昌县隆泰商贸有限公司;https://shop32966pk9p4481.1688.com;https://detail.1688.com/offer/649210588653.html
永康市尚夕饰品厂;https://shop12j366r527m61.1688.com;https://detail.1688.com/offer/655233570659.html
长沙市岳麓区禧盛得百货商店;https://shop21380791954o3.1688.com;https://detail.1688.com/offer/649423448982.html
义乌市米小鹿饰品有限公司;https://mixiaolu123.1688.com;https://detail.1688.com/offer/627935477852.html
东阳市江北谱写电子商务商行;https://shop2586v3578y960.1688.com;https://detail.1688.com/offer/653120382164.html
义乌市颍泽贸易有限公司;https://shop20i63r5338392.1688.com;https://detail.1688.com/offer/620449776632.html
义乌市伦婷电子商务商行;https://shop1430042387596.1688.com;https://detail.1688.com/offer/573882427012.html
建德市下涯镇信习贸易商行;https://shop6071567r69yj4.1688.com;https://detail.1688.com/offer/651192980616.html
义乌市焕爽电子商务商行;https://jason1998.1688.com;https://detail.1688.com/offer/614083157591.html
余江区鑫进贸易商行;https://shop2828jv94x2073.1688.com;https://detail.1688.com/offer/650329588636.html
余江区月两舜电子商务商行;https://shop67t5664779o78.1688.com;https://detail.1688.com/offer/652309930211.html
南平市建阳区田熙阳百货店;https://shop7547cs9881669.1688.com;https://detail.1688.com/offer/656272211311.html
余江区广度电子商务商行;https://shop0867n0w2z7115.1688.com;https://detail.1688.com/offer/652319660967.html
青白江泽佰雅秋商贸部;https://shop15l3p74614259.1688.com;https://detail.1688.com/offer/653603209945.html
义乌市随敏饰品有限公司;https://shop1406652834510.1688.com;https://detail.1688.com/offer/651687528126.html
义乌市潮炫饰品有限公司;https://shop84o303987q378.1688.com;https://detail.1688.com/offer/608445946435.html
义乌市弦徐电子商务商行;https://shop0035536ff8491.1688.com;https://detail.1688.com/offer/654582097405.html
万载县升棍阳百货店;https://shop7308x766a6033.1688.com;https://detail.1688.com/offer/655535091263.html
袁州区风依网络工作室;https://shop0994777k19272.1688.com;https://detail.1688.com/offer/654339161681.html
余江区尔高经营部;https://shop2p31372c02141.1688.com;https://detail.1688.com/offer/655050553175.html
万载县宝烨立日用品经营部;https://shop8713625173078.1688.com;https://detail.1688.com/offer/651386036056.html
义乌市树乔电子商务有限公司;https://shop98v2f8944f131.1688.com;https://detail.1688.com/offer/632856172640.html
义乌市圣熙饰品有限公司;https://shengxi789.1688.com;https://detail.1688.com/offer/610065246758.html
余江区莲话经营部;https://shop38v1d2d319668.1688.com;https://detail.1688.com/offer/655929762628.html
余江区苏迪电子商务商行;https://shop45j690f484785.1688.com;https://detail.1688.com/offer/652318933927.html
尤溪县鹏承商行;https://shop0041g6a953847.1688.com;https://detail.1688.com/offer/649747213258.html
余江区度魏电子商务商行;https://shop1652265064xf3.1688.com;https://detail.1688.com/offer/651514752418.html
余江区荣丰盛电子商务商行;https://shop8p17207150276.1688.com;https://detail.1688.com/offer/652147969954.html
新沂市明曾服装店;https://shop90u473990t367.1688.com;https://detail.1688.com/offer/655344049263.html
义乌市缀顺电子商务商行;https://zhuishun9966.1688.com;https://detail.1688.com/offer/620436182518.html
义乌市杰盾饰品厂;https://shop1429808252788.1688.com;https://detail.1688.com/offer/568278053890.html
义乌市盯润电子商务商行;https://shop725777295q018.1688.com;https://detail.1688.com/offer/653524339664.html
新沂市曾宇家居用品经营部;https://shop3v44376s82030.1688.com;https://detail.1688.com/offer/654990286045.html
南平市建阳区可英喆百货店;https://shop262f083593877.1688.com;https://detail.1688.com/offer/655928694134.html
广州莉青商贸商行;https://shop1052972t27272.1688.com;https://detail.1688.com/offer/656301011933.html
新沂市捷之文服装店;https://shop71p23541890n0.1688.com;https://detail.1688.com/offer/654537764735.html
柘荣县庆方日用品经营部;https://shop81y8544775452.1688.com;https://detail.1688.com/offer/650418425875.html
义乌市霞劲电子商务商行;https://shop859t20r10b370.1688.com;https://detail.1688.com/offer/651066571280.html
漳州开发区顿寒蕾服装店;https://shop193329o96r3r8.1688.com;https://detail.1688.com/offer/655413141218.html
新沂市文之杰服装店;https://shop39y5m12000t40.1688.com;https://detail.1688.com/offer/654761426547.html
袁州区渐离网络工作室;https://shop98l9184874t59.1688.com;https://detail.1688.com/offer/654867278060.html
义乌市青囊贸易有限公司;https://miaoxiaccessory.1688.com;https://detail.1688.com/offer/653050646701.html
义乌市戴薇贸易有限公司;https://shop26f9701ncj593.1688.com;https://detail.1688.com/offer/642359871545.html
义乌市隽俏饰品有限公司;https://junqiaoshipin.1688.com;https://detail.1688.com/offer/554736319307.html
佛山市南海区航瑟贸易商行;https://shop93954o5l64823.1688.com;https://detail.1688.com/offer/651132103669.html
义乌市星熠贸易有限公司;https://xingyi1688.1688.com;https://detail.1688.com/offer/643468942461.html
新沂市浩之华百货店;https://shop7p0109sk59922.1688.com;https://detail.1688.com/offer/654388914089.html
深圳市宝安区鼎城宜祥贸易商行;https://shop85582j192p159.1688.com;https://detail.1688.com/offer/612917532175.html
石狮市简峰云谱网络百货商行;https://shop354xx43697253.1688.com;https://detail.1688.com/offer/654050627172.html
新罗区果果家百货店;https://shop6x7275059u777.1688.com;https://detail.1688.com/offer/655158917624.html
广州车仔贸易有限公司;https://shop0e321k3739k28.1688.com;https://detail.1688.com/offer/650106860436.html
