义乌市佰昌日用百货商行;https://ywbaichang.1688.com;https://detail.1688.com/offer/595123394705.html
义乌市改华电子商务商行;https://fcflower.1688.com;https://detail.1688.com/offer/596180479196.html
义乌市麦威饰品有限公司;https://shop4v78i41239u26.1688.com;https://detail.1688.com/offer/654486022702.html
义乌市霓薰电子商务有限公司;https://shop1398790652575.1688.com;https://detail.1688.com/offer/561703008952.html
义乌市达人电子商务商行;https://zxc5927467.1688.com;https://detail.1688.com/offer/551529811713.html
义乌市摩多贸易有限公司;https://moduomaoyi.1688.com;https://detail.1688.com/offer/624019564563.html
付鑫;https://shop399mp224500a1.1688.com;https://detail.1688.com/offer/651585671905.html
广州李逸台贸易有限公司;https://shop24j16rh562119.1688.com;https://detail.1688.com/offer/652626233489.html
义乌市椒渝百货店;https://shop65069f1272250.1688.com;https://detail.1688.com/offer/652141415699.html
永定区悬历泽百货商行;https://shop8t60825091gv4.1688.com;https://detail.1688.com/offer/651521422502.html
新罗区卓越百货商行;https://shop10j83001n7801.1688.com;https://detail.1688.com/offer/647233706697.html
永定区绛想赏百货店;https://shop33657b94001a8.1688.com;https://detail.1688.com/offer/644245247658.html
三门轻司贸易商行;https://shop0510406159194.1688.com;https://detail.1688.com/offer/651994247250.html
义乌市诗路贸易有限公司;https://shop2752p07679he7.1688.com;https://detail.1688.com/offer/614328401550.html
义乌市三荷饰品有限公司;https://ywjialanflower.1688.com;https://detail.1688.com/offer/596784876357.html
义乌市昕宇仿真花厂;https://shop42cc66049o824.1688.com;https://detail.1688.com/offer/643170230752.html
义乌市毅旭电子商务商行;https://shop883551i1269c8.1688.com;https://detail.1688.com/offer/648703114581.html
义乌市微啸电子商务商行;https://shop703t7400b09x4.1688.com;https://detail.1688.com/offer/643706163734.html
金华市娇艳饰品有限公司;https://jiaoyanshipin.1688.com;https://detail.1688.com/offer/631711434729.html
义乌市赫拉进出口有限公司;https://ywhera.1688.com;https://detail.1688.com/offer/591313465215.html
义乌市心韵饰品有限公司;https://yiwuxinyun.1688.com;https://detail.1688.com/offer/646001983157.html
义乌市班如丝花厂;https://shop975108683p0f5.1688.com;https://detail.1688.com/offer/611506999521.html
义乌市信保进出口有限公司;https://cnalibaba.1688.com;https://detail.1688.com/offer/639543618466.html
义乌市酷华饰品厂;https://shop1438707329000.1688.com;https://detail.1688.com/offer/606934162864.html
义乌市轩寰工艺品有限公司;https://shop1442940594786.1688.com;https://detail.1688.com/offer/579022765554.html
义乌市前贵日用品厂;https://shop2642b33325c12.1688.com;https://detail.1688.com/offer/652249942261.html
义乌市三态饰品有限公司;https://santai3333.1688.com;https://detail.1688.com/offer/568378744125.html
广州市黄埔区张书华服装有限公司;https://shop184448477dw71.1688.com;https://detail.1688.com/offer/643175915650.html
广州市天河区棠下季忆饮品店;https://shop8q151976ph321.1688.com;https://detail.1688.com/offer/643219431139.html
徐州市巨匠工艺品有限公司;https://jujianggyp.1688.com;https://detail.1688.com/offer/594884396725.html
东阳市琪玮饰品有限公司;https://shop5030j9c388640.1688.com;https://detail.1688.com/offer/562119726002.html
义乌市青合饰品有限公司;https://shop259z32201pz92.1688.com;https://detail.1688.com/offer/641995192830.html
新罗区红袖添百货商行;https://shop8hq0506h37805.1688.com;https://detail.1688.com/offer/643273590661.html
义乌市蓝鹊饰品有限公司;https://lanque188.1688.com;https://detail.1688.com/offer/537212841341.html
浦江县曼馨工艺品有限公司;https://ywmanxin.1688.com;https://detail.1688.com/offer/581226372059.html
余江区新明电子商务商行;https://shop08h97t73805s1.1688.com;https://detail.1688.com/offer/650171484233.html
润州区竹之轩服装厂;https://shop22309939b4f44.1688.com;https://detail.1688.com/offer/642615740257.html
柘荣县捷开日用品经营部;https://shop207453n6d6443.1688.com;https://detail.1688.com/offer/652553626064.html
义乌市君健日用百货商行;https://shop3965475k82d25.1688.com;https://detail.1688.com/offer/652286449767.html
柘荣县楷豹日用品经营部;https://shop909433314wp50.1688.com;https://detail.1688.com/offer/648519549220.html
义乌市可冉贸易有限公司;https://shop1487351575191.1688.com;https://detail.1688.com/offer/567054853253.html
余江区琪熙经营部;https://shop413c42b242259.1688.com;https://detail.1688.com/offer/654514971768.html
张升平;https://duojiaoyan.1688.com;https://detail.1688.com/offer/612753241934.html
义乌市肖吉日用百货商行;https://shop31365he676s03.1688.com;https://detail.1688.com/offer/654543106365.html
柘荣县楷因日用品经营部;https://shop073q1y7j23641.1688.com;https://detail.1688.com/offer/651479359776.html
义乌市唯合工艺品有限公司;https://qinghehuashi1991.1688.com;https://detail.1688.com/offer/624689254740.html
义乌市颍泽贸易有限公司;https://shop20i63r5338392.1688.com;https://detail.1688.com/offer/645145585077.html
义乌市艾媞茵饰品有限公司;https://addilyn.1688.com;https://detail.1688.com/offer/550012390250.html
广昌县丰达五金商行;https://shop5eee631408837.1688.com;https://detail.1688.com/offer/654685800407.html
万载县荟达片日用品经营部;https://shop78545q33kv865.1688.com;https://detail.1688.com/offer/651819629754.html
义乌市绣蒙电子商务商行;https://xiumengjw.1688.com;https://detail.1688.com/offer/545725666624.html
柘荣县角尼日用品经营部;https://shop86f7460976258.1688.com;https://detail.1688.com/offer/648333168224.html
柘荣县角半日用品经营部;https://shop34738b87sm401.1688.com;https://detail.1688.com/offer/649251736395.html
深圳市龙岗区坂田佳琪饰品厂;https://jqshipin.1688.com;https://detail.1688.com/offer/644977371170.html
义乌市随柔电子商务商行;https://shop1425141738553.1688.com;https://detail.1688.com/offer/548594412355.html
丽水景宁珑盛贸易有限公司;https://shop531434h732848.1688.com;https://detail.1688.com/offer/642733254036.html
义乌市东诗达贸易有限公司;https://shop8r45834vy0572.1688.com;https://detail.1688.com/offer/571787127509.html
东阳市品尚日用百货有限责任公司;https://pinshangbaihuo.1688.com;https://detail.1688.com/offer/531758422405.html
深圳市南山区蔚然工艺品商行;https://shop1679681v98p88.1688.com;https://detail.1688.com/offer/563413389695.html
武汉德合名康科技有限公司;https://shop555bh0q6038c5.1688.com;https://detail.1688.com/offer/635494900799.html
新沂市美乐缘礼品包装厂;https://shop1378793132466.1688.com;https://detail.1688.com/offer/547859720908.html
宿城区莲溪坡吭百货经营部;https://shop24238uu57i495.1688.com;https://detail.1688.com/offer/643273350368.html
义乌海生饰品有限公司;https://shop6213044x3p442.1688.com;https://detail.1688.com/offer/640765289033.html
许昌鸿秀发制品有限公司;https://hongxiuhair.1688.com;https://detail.1688.com/offer/561055287255.html
义乌市华億电子商务商行;https://shop991559j07n553.1688.com;https://detail.1688.com/offer/636953695903.html
义乌市千灿电子商务商行;https://shop1461603365661.1688.com;https://detail.1688.com/offer/557953450967.html
义乌市李苏电子商务商行;https://su520mei.1688.com;https://detail.1688.com/offer/534728436402.html
义乌市余饰电子商务有限公司;https://shop34s30614021m9.1688.com;https://detail.1688.com/offer/639542257363.html
义乌市彩妍饰品有限公司;https://shop2531i5v0226c8.1688.com;https://detail.1688.com/offer/647334154277.html
义乌市奎松电子商务商行;https://shop67796f375k7o9.1688.com;https://detail.1688.com/offer/655803359497.html
义乌市张承炫电子商务商行;https://618pifa.1688.com;https://detail.1688.com/offer/655703678734.html
义乌市芸述电子商务商行;https://shop28r3411342169.1688.com;https://detail.1688.com/offer/656126155491.html
李光轩;https://ywgxsp668.1688.com;https://detail.1688.com/offer/621218823184.html
柘荣县周日日用品经营部;https://shop51106a8ee4002.1688.com;https://detail.1688.com/offer/650942651635.html
义乌市亚尔娜假发有限公司;https://yw7jhh.1688.com;https://detail.1688.com/offer/628482024248.html
广州首品化妆品有限公司;https://shoupin888.1688.com;https://detail.1688.com/offer/565654156398.html
义乌市彩夕假发有限公司;https://shop2566c755u3201.1688.com;https://detail.1688.com/offer/654641648529.html
义乌市妮姿假发厂;https://nizijiafa.1688.com;https://detail.1688.com/offer/601319290628.html
义乌市易宾假发有限公司;https://shop4b293789873v7.1688.com;https://detail.1688.com/offer/630327384706.html
许昌尤胜美商贸有限公司;https://shop1466728448066.1688.com;https://detail.1688.com/offer/567448559538.html
义乌市吕硕电子商务商行;https://shop1432288525433.1688.com;https://detail.1688.com/offer/641031381701.html
汕头市潮阳区谷饶艾美轩内衣厂;https://aimeixuanneiyi.1688.com;https://detail.1688.com/offer/588543303445.html
义乌市默萌电子商务商行;https://shop1469206150884.1688.com;https://detail.1688.com/offer/645627059598.html
广州森友网络科技有限公司;https://shop070637m371176.1688.com;https://detail.1688.com/offer/633815772951.html
东莞市爱贝硅胶制品有限公司;https://shopaibei.1688.com;https://detail.1688.com/offer/577269658047.html
青岛乐星饰品有限公司;https://lexingshipinlk.1688.com;https://detail.1688.com/offer/543998964489.html
义乌市芸森电子商务有限公司;https://ywyunsen.1688.com;https://detail.1688.com/offer/530652476765.html
莆田市巨晟优素工贸有限公司;https://jusuns.1688.com;https://detail.1688.com/offer/595580497307.html
义乌市创吉假发有限公司;https://yueniumaoyi.1688.com;https://detail.1688.com/offer/609508375619.html
义乌市和壁电子商务商行;https://shop1473785407626.1688.com;https://detail.1688.com/offer/581142918885.html
广州市妙妙便利店;https://shop8938394m531s5.1688.com;https://detail.1688.com/offer/653174525786.html
佛山市多典服饰有限公司;https://shop1481734810871.1688.com;https://detail.1688.com/offer/654521135390.html
广州市海珠区益源强鸿纺织品商行;https://shop721f6722s3f71.1688.com;https://detail.1688.com/offer/644815458484.html
义乌市恒洲服饰厂;https://cnhengzhou.1688.com;https://detail.1688.com/offer/530908469468.html
连云港雅果服饰有限公司;https://shop1478278256601.1688.com;https://detail.1688.com/offer/541885614635.html
义乌市桃红假发有限公司;https://shop1377104138402.1688.com;https://detail.1688.com/offer/630132529899.html
深圳市黛曼丽服饰有限公司;https://shop608ek962175u3.1688.com;https://detail.1688.com/offer/616781319986.html
义乌市准弋电子商务有限公司;https://zhunyjewelry.1688.com;https://detail.1688.com/offer/653586880755.html
金华市金东区黑岩服饰厂;https://movo871119.1688.com;https://detail.1688.com/offer/520556008468.html
义乌市靓妍假发有限公司;https://liangyanjiafa.1688.com;https://detail.1688.com/offer/634090850731.html
义乌市漂艺假发有限公司;https://shop1445236713094.1688.com;https://detail.1688.com/offer/620059563150.html
青岛西维亚工艺品有限公司;https://shop1390409644958.1688.com;https://detail.1688.com/offer/634104631305.html
义乌市隆源假发有限公司;https://longyuanjiafa.1688.com;https://detail.1688.com/offer/630596440106.html
义乌市领航假发有限公司;https://shop8144f6264w429.1688.com;https://detail.1688.com/offer/641377664345.html
许昌凯洛尔商贸有限公司;https://kailuoerjiafa.1688.com;https://detail.1688.com/offer/622914626692.html
深圳市蓝光领域科技有限公司;https://shop1409589698132.1688.com;https://detail.1688.com/offer/565908346571.html
杭州安可颂服饰有限公司;https://qmami.1688.com;https://detail.1688.com/offer/546777664659.html
广州市泽创服饰有限公司;https://shop1484412474550.1688.com;https://detail.1688.com/offer/650406306697.html
深圳市宝安区博美达印刷厂;https://bomeidayinshua.1688.com;https://detail.1688.com/offer/639354417382.html
武汉市硚口区漫之馨服装厂;https://shop1421137750345.1688.com;https://detail.1688.com/offer/631158378081.html
义乌市嘉豪饰品厂;https://shop4f73543206937.1688.com;https://detail.1688.com/offer/618062987731.html
义乌市职希电子商务商行;https://shop1489510695459.1688.com;https://detail.1688.com/offer/641811511105.html
深圳市盛世华达商贸有限公司;https://shanyinliangpin.1688.com;https://detail.1688.com/offer/638993240048.html
义乌市万昇电子商务有限公司;https://shop5n320b447n869.1688.com;https://detail.1688.com/offer/655980067183.html
苏州巴妙熊服饰有限公司;https://shop3236dg950e491.1688.com;https://detail.1688.com/offer/646495927178.html
义乌市锐星假发厂;https://shop55m19t43a4784.1688.com;https://detail.1688.com/offer/636171503305.html
义乌市嘉杰饰品有限公司;https://shop2090i12k453y1.1688.com;https://detail.1688.com/offer/641724122114.html
义乌市亿若饰品有限公司;https://shop89y9699088mb4.1688.com;https://detail.1688.com/offer/614757172255.html
深圳市爱品智科技有限公司;https://shop97629481r4615.1688.com;https://detail.1688.com/offer/596644323277.html
义乌市倩影饰品有限公司;https://chinawig1688.1688.com;https://detail.1688.com/offer/580924992673.html
义乌市阔美饰品厂;https://ywlongtai.1688.com;https://detail.1688.com/offer/631546555374.html
义乌市云逸进出口有限公司;https://missuhair.1688.com;https://detail.1688.com/offer/520652260989.html
义乌市祥森假发有限公司;https://1305166280.1688.com;https://detail.1688.com/offer/572412605940.html
广州市花都区狮岭宝元印花厂;https://shop66d429768z709.1688.com;https://detail.1688.com/offer/634360008414.html
通山县宇谈百货店;https://shop3818438119848.1688.com;https://detail.1688.com/offer/641468573149.html
义乌市美喵饰品有限公司;https://shop11562z5060252.1688.com;https://detail.1688.com/offer/630565818036.html
义乌市仙琳电子商务商行;https://shop66c87o04172o0.1688.com;https://detail.1688.com/offer/629913060396.html
浙江今慕饰品有限公司;https://shop64a7059992mt9.1688.com;https://detail.1688.com/offer/640727212342.html
浙江艺浔饰品有限公司;https://shop048v280579p03.1688.com;https://detail.1688.com/offer/639018972356.html
义乌市七奈饰品有限公司;https://shop51h2t06w92897.1688.com;https://detail.1688.com/offer/641795457559.html
金华市吉智文化用品有限公司;https://shop84w93v19690k9.1688.com;https://detail.1688.com/offer/621422623802.html
常熟市天彬织造有限公司;https://cottonmesh.1688.com;https://detail.1688.com/offer/597066474232.html
兴城市贝浪奇泳衣商店;https://shop1385571452549.1688.com;https://detail.1688.com/offer/620597486507.html
深圳市龙岗区影迹服饰店;https://yingjishop.1688.com;https://detail.1688.com/offer/642296409140.html
广州市蒂索兰内衣有限公司;https://shop92h0821926118.1688.com;https://detail.1688.com/offer/589669141470.html
苏州汐珊源服饰有限公司;https://shop4r31w5ia25276.1688.com;https://detail.1688.com/offer/620273195341.html
常州猎图摄影器材有限公司;https://ltsyqc.1688.com;https://detail.1688.com/offer/36642591479.html
东莞市迅诚工艺品有限公司;https://dwxunshengwigs.1688.com;https://detail.1688.com/offer/622717852253.html
长沙阿一云电子商务有限公司;https://shop7b84z1399a474.1688.com;https://detail.1688.com/offer/618136188530.html
博爱县子峰日用百货网店;https://shop076l37520b665.1688.com;https://detail.1688.com/offer/648000602272.html
义乌市花奢电子商务商行;https://shop3107u66051661.1688.com;https://detail.1688.com/offer/632302151966.html
浙江千浔饰品有限公司;https://qianxunshipin.1688.com;https://detail.1688.com/offer/639370718845.html
金华市漫踪假发有限公司;https://xmcosplay.1688.com;https://detail.1688.com/offer/645089059415.html
云和县齐玖玩具有限公司;https://shop22825818w8wx4.1688.com;https://detail.1688.com/offer/655331254438.html
海丰县梅陇宝来兴首饰厂;https://shop903943x2d6044.1688.com;https://detail.1688.com/offer/643755633350.html
台州市黄岩吉茂帽厂;https://shop9c036900ck478.1688.com;https://detail.1688.com/offer/655562303773.html
武汉市硚口区西索优世服饰经营部;https://shop0144395j736v5.1688.com;https://detail.1688.com/offer/654557238707.html
广州高第服装商行;https://shop714n4482t5f45.1688.com;https://detail.1688.com/offer/647015774018.html
河南迅普实业有限公司;https://meilisifang.1688.com;https://detail.1688.com/offer/575253527015.html
义乌市雅萍假发有限公司;https://shop1458320450483.1688.com;https://detail.1688.com/offer/583200422685.html
上海甜芮贸易有限公司;https://shop1458147587628.1688.com;https://detail.1688.com/offer/651312981114.html
深圳市宝安区依嘉漫美体内衣厂;https://shop1427193940342.1688.com;https://detail.1688.com/offer/643455262106.html
王天崖;https://shop1387472235477.1688.com;https://detail.1688.com/offer/570923179849.html
许昌市建安区倍伊美发制品商行;https://bymhair.1688.com;https://detail.1688.com/offer/42614133586.html
中山市金三模特道具有限公司;https://jinsanwawa.1688.com;https://detail.1688.com/offer/641692320434.html
郑州凡庄商贸有限公司;https://fanzhuang.1688.com;https://detail.1688.com/offer/540611550266.html
余江区笑汪电子商务商行;https://shop8144k116y7623.1688.com;https://detail.1688.com/offer/652020390420.html
东莞市蒂航网络科技有限公司;https://shop462833m54b5r3.1688.com;https://detail.1688.com/offer/633679687207.html
广信区石狮博兴假发制品厂;https://boxwig.1688.com;https://detail.1688.com/offer/572982158956.html
余江区具笑电子商务商行;https://shop1425294553169.1688.com;https://detail.1688.com/offer/650552800791.html
佛山市科曼达电子商务有限公司;https://shop5758q60b45658.1688.com;https://detail.1688.com/offer/647123249652.html
义乌市梓书电子商务商行;https://shop550322ls17i14.1688.com;https://detail.1688.com/offer/654916575231.html
义乌市星利服饰厂;https://shop108g48i6995h7.1688.com;https://detail.1688.com/offer/587761797623.html
义乌市星昊假发厂;https://shop795g395493885.1688.com;https://detail.1688.com/offer/643665117875.html
许昌市美泰网络科技有限公司;https://shop94x550507w797.1688.com;https://detail.1688.com/offer/641286872529.html
青岛兰亭发制品有限公司;https://shop49273263372b0.1688.com;https://detail.1688.com/offer/632302170957.html
宁波久爱成人用品有限公司;https://jiuaicryp.1688.com;https://detail.1688.com/offer/574578919624.html
许昌耀盛商贸有限公司;https://yaoshenghair.1688.com;https://detail.1688.com/offer/571347774952.html
青岛爱奥根特发制品有限公司;https://qdaagt.1688.com;https://detail.1688.com/offer/523782174732.html
