义乌市迪奢饰品有限公司;https://yiwubinxiang888.1688.com;https://detail.1688.com/offer/643244186374.html
义乌市众薇饰品有限公司;https://shop1478796546173.1688.com;https://detail.1688.com/offer/556707043191.html
山西转型综改示范区阳曲园区威威饰品店;https://shop1002466299356.1688.com;https://detail.1688.com/offer/629515843337.html
义乌市诛积饰品有限公司;https://zhujishipin.1688.com;https://detail.1688.com/offer/561728949669.html
义乌市饰婕电子商务有限公司;https://sheegior.1688.com;https://detail.1688.com/offer/572574637179.html
义乌市叶凡饰品有限公司;https://shop835048h9553z4.1688.com;https://detail.1688.com/offer/569205875940.html
通山县松书百货店;https://shop500dkr3946178.1688.com;https://detail.1688.com/offer/641013501069.html
义乌市饰虹电子商务商行;https://shop6u1298i55j874.1688.com;https://detail.1688.com/offer/655450729169.html
义乌市雪岳电子商务商行;https://wise678.1688.com;https://detail.1688.com/offer/43250089570.html
义乌市鼎洲电子商务商行;https://dzsp2012.1688.com;https://detail.1688.com/offer/45285119750.html
义乌市娅丫电子商务商行;https://shop1464195103802.1688.com;https://detail.1688.com/offer/613087845866.html
义乌市驹瀚电子商务有限公司;https://shop1466528937621.1688.com;https://detail.1688.com/offer/534423832169.html
义乌市驻龙电子商务有限公司;https://ywps925.1688.com;https://detail.1688.com/offer/43481263788.html
义乌市金萍饰品厂;https://shop1s12806v12876.1688.com;https://detail.1688.com/offer/613959942823.html
义乌市乐钰饰品厂;https://kdsby.1688.com;https://detail.1688.com/offer/45655765460.html
深圳凯丽兴商贸有限公司;https://shop1464109358369.1688.com;https://detail.1688.com/offer/627820217400.html
深圳市龙岗区俏酷迪饰品厂;https://shop1458579920797.1688.com;https://detail.1688.com/offer/627815441802.html
深圳市龙岗区美雅利饰品厂;https://shop1388063705447.1688.com;https://detail.1688.com/offer/618336723834.html
义乌市仲夏饰品有限公司;https://minglan4718.1688.com;https://detail.1688.com/offer/577177895589.html
义乌市鸿庄电子商务商行;https://shop1411576834878.1688.com;https://detail.1688.com/offer/42695941509.html
义乌市星鸽电子商务有限公司;https://shop1408171986992.1688.com;https://detail.1688.com/offer/520859723236.html
苍南县德勒饰品厂;https://shop1397235448495.1688.com;https://detail.1688.com/offer/535435714421.html
义乌市辉耀饰品有限公司;https://shop7zdy956760942.1688.com;https://detail.1688.com/offer/634752061107.html
义乌市豫强贸易有限公司;https://shop4ngr233328236.1688.com;https://detail.1688.com/offer/554002216972.html
义乌市三佳电子商务商行;https://shop622p90j435122.1688.com;https://detail.1688.com/offer/575464802306.html
义乌市和鸣饰品有限公司;https://shop36mm85665l864.1688.com;https://detail.1688.com/offer/616492230412.html
东莞市乐成皮革制品有限公司;https://shop1368668032078.1688.com;https://detail.1688.com/offer/622959196722.html
杭州余杭区乔司街道奥谊贸易商行;https://shop43x4975252015.1688.com;https://detail.1688.com/offer/653467683254.html
义乌市美航饰品有限公司;https://shop1386953617542.1688.com;https://detail.1688.com/offer/610595706421.html
深圳市龙岗区梦鑫圆珠宝商行;https://shop893c454062gg1.1688.com;https://detail.1688.com/offer/645395667706.html
广州市天河区黄村旺发皮带行;https://shop1466614851474.1688.com;https://detail.1688.com/offer/652215653753.html
义乌市巧欢电子商务有限公司;https://shop1442508391642.1688.com;https://detail.1688.com/offer/644302840509.html
义乌市硕穗电子商务商行;https://shop1427820618095.1688.com;https://detail.1688.com/offer/529713615961.html
义乌市宝钰饰品有限公司;https://baoyushipin.1688.com;https://detail.1688.com/offer/624001324820.html
东阳市韩都饰品厂;https://shop9591322377629.1688.com;https://detail.1688.com/offer/650105420540.html
义乌市曲洛饰品有限公司;https://shop58257l19512l1.1688.com;https://detail.1688.com/offer/642910209368.html
义乌市怡糯贸易有限公司;https://ynmy777.1688.com;https://detail.1688.com/offer/640057830043.html
义乌市米伦饰品有限公司;https://milunjewelry.1688.com;https://detail.1688.com/offer/596512319688.html
青岛饰界饰品有限公司;https://shijie01.1688.com;https://detail.1688.com/offer/655310934829.html
东莞市长安玖柏饰品厂;https://shop434661a852l49.1688.com;https://detail.1688.com/offer/573241058708.html
丹阳市界牌镇玥温特工艺礼品厂;https://shop48v4353698638.1688.com;https://detail.1688.com/offer/652625537129.html
宿城区东复果到百货店;https://shop6018b9t06b349.1688.com;https://detail.1688.com/offer/649927797185.html
义乌市昌鑫工艺品有限公司;https://shop93e4174594nh9.1688.com;https://detail.1688.com/offer/594727599708.html
广州市荔湾区金峤旭珠宝商行;https://shop6188w37298555.1688.com;https://detail.1688.com/offer/638753762074.html
义乌市勤力日用品厂;https://shop613ks97154799.1688.com;https://detail.1688.com/offer/649699262433.html
义乌市丰美饰品厂;https://fengmeishipin.1688.com;https://detail.1688.com/offer/624891163285.html
东莞市玖鼎表业有限公司;https://jiudingbiaoye.1688.com;https://detail.1688.com/offer/637158978700.html
义乌市缎雅电子商务商行;https://shop8616c35623h29.1688.com;https://detail.1688.com/offer/643883064881.html
广州市怪我咯珠宝有限责任公司;https://miyukijewelry.1688.com;https://detail.1688.com/offer/650608193278.html
义乌市楚柔饰品有限公司;https://shop7b22278418695.1688.com;https://detail.1688.com/offer/648520029502.html
合肥泡普乐电子商务有限公司;https://yiwupaopule.1688.com;https://detail.1688.com/offer/639878656838.html
莆田市秀屿区埭头菲雅尼珠宝首饰店;https://shop330781ac8y913.1688.com;https://detail.1688.com/offer/585550409959.html
义乌市雪柔饰品有限公司;https://jane727.1688.com;https://detail.1688.com/offer/628464277397.html
义乌市凯亚饰品有限公司;https://kaiya598.1688.com;https://detail.1688.com/offer/646353313936.html
义乌市超圣电子商务有限公司;https://shop94s4n35950431.1688.com;https://detail.1688.com/offer/653600539328.html
东阳越鸟电子商务有限责任公司;https://shop3z300620476q4.1688.com;https://detail.1688.com/offer/651206939651.html
义乌市诚晖进出口有限公司;https://yiwuch.1688.com;https://detail.1688.com/offer/525460834325.html
深圳市龙岗区雅致饰品批发行;https://jdyenny.1688.com;https://detail.1688.com/offer/1239579569.html
广州兰瑞莎首饰厂;https://shop856036ur53526.1688.com;https://detail.1688.com/offer/640819051714.html
义乌市丽固饰品厂;https://shop1432746499325.1688.com;https://detail.1688.com/offer/533811607716.html
义乌市小耳朵饰品有限公司;https://shop2927z98567u32.1688.com;https://detail.1688.com/offer/653265587340.html
义乌市博悦电子商务有限公司;https://shop521188405x890.1688.com;https://detail.1688.com/offer/624891247240.html
义乌市辉赫饰品有限公司;https://shop7787909gr10v6.1688.com;https://detail.1688.com/offer/624319681986.html
海丰县梅陇镇曼蒂妮首饰厂;https://shop75p201808p7b1.1688.com;https://detail.1688.com/offer/649215937772.html
义乌市麦浪电子商务有限公司;https://shop1488269626285.1688.com;https://detail.1688.com/offer/570094782484.html
义乌市鹊钻电子商务商行;https://shop1458320422932.1688.com;https://detail.1688.com/offer/531993952985.html
义乌市宋谦电子商务商行;https://shop1458061191143.1688.com;https://detail.1688.com/offer/629464207299.html
义乌市佳欣电子商务有限公司;https://shinebala.1688.com;https://detail.1688.com/offer/534736293699.html
义乌市纤迪饰品厂;https://meidijewelry.1688.com;https://detail.1688.com/offer/622368029791.html
义乌市简蝶饰品厂;https://jinyesp.1688.com;https://detail.1688.com/offer/45155273928.html
义乌市楠博电子商务商行;https://shop1410539936050.1688.com;https://detail.1688.com/offer/607328679349.html
义乌市坤洲电子商务商行;https://soyagift.1688.com;https://detail.1688.com/offer/523754848913.html
深圳市福瑞缘珠宝有限公司;https://shop8q140j1v53196.1688.com;https://detail.1688.com/offer/653357122468.html
义乌市佰莉电子商务商行;https://bailishoushi.1688.com;https://detail.1688.com/offer/653321531800.html
义乌市企霆饰品有限公司;https://shop0z7803h590713.1688.com;https://detail.1688.com/offer/648604607098.html
义乌锦薇电子商务有限公司;https://shop1467738947695.1688.com;https://detail.1688.com/offer/536746178323.html
义乌市涵熙饰品有限公司;https://shop1b618i28105z6.1688.com;https://detail.1688.com/offer/647339939140.html
青岛市城阳区田盛工艺品厂;https://shengxiangshipin.1688.com;https://detail.1688.com/offer/654204171037.html
义乌市东夏电子商务有限公司;https://shop1382029014365.1688.com;https://detail.1688.com/offer/45154889719.html
义乌市佐淼电子商务商行;https://shop1417452354883.1688.com;https://detail.1688.com/offer/45174836457.html
义乌市亿玛饰品有限公司;https://jinghuashiping.1688.com;https://detail.1688.com/offer/45084387456.html
义乌市欢欣饰品有限公司;https://1688happy.1688.com;https://detail.1688.com/offer/526565502436.html
义乌市德颖饰品有限公司;https://jysp1688.1688.com;https://detail.1688.com/offer/45083991847.html
东莞市迪迷倪陶瓷不锈钢饰品有限公司;https://shop40z6538123c04.1688.com;https://detail.1688.com/offer/631851362538.html
义乌市光圆电子商务商行;https://zggysp.1688.com;https://detail.1688.com/offer/642689121353.html
义乌市夏迹饰品有限公司;https://shop52j7c25c32423.1688.com;https://detail.1688.com/offer/648701157675.html
义乌市妙铭贸易有限公司;https://miaomingmaoyi.1688.com;https://detail.1688.com/offer/646006834888.html
中山市速米贸易有限公司;https://shop1487265051801.1688.com;https://detail.1688.com/offer/591121171580.html
广州维佳电子商务有限公司;https://shop1uu76u9719203.1688.com;https://detail.1688.com/offer/632910869099.html
新罗区鹏立云百货商行;https://shop6f609045066l4.1688.com;https://detail.1688.com/offer/651163417257.html
海丰县梅陇镇周鸿辉首饰厂;https://shop64639z5859582.1688.com;https://detail.1688.com/offer/645758805922.html
义乌市喆琦电子商务有限公司;https://shop245t648p27530.1688.com;https://detail.1688.com/offer/625356926761.html
义乌市蓉恰电子商务商行;https://shop1437497354805.1688.com;https://detail.1688.com/offer/527176967498.html
义乌市本派电子商务有限公司;https://shop57991754u5222.1688.com;https://detail.1688.com/offer/624174634693.html
义乌市镁蒂饰品有限公司;https://shop16134j2r986d4.1688.com;https://detail.1688.com/offer/625071777437.html
莆田市秀屿区东峤中银金银加工厂;https://shop9146011025617.1688.com;https://detail.1688.com/offer/645700428546.html
莆田市秀屿区东峤凯瑟琳珠宝首饰店;https://shop7m3533mu82323.1688.com;https://detail.1688.com/offer/640683480098.html
义乌市耿楼电子商务商行;https://shop59o624c56t6a0.1688.com;https://detail.1688.com/offer/643696828129.html
鼎湖区富兴隆商行;https://shop1351184672863.1688.com;https://detail.1688.com/offer/607164924832.html
义乌市帝博电子商务商行;https://ywdeebo.1688.com;https://detail.1688.com/offer/571311768249.html
义乌市锦希饰品厂;https://shop970009k0n7065.1688.com;https://detail.1688.com/offer/650085709053.html
镇平县玉晨商贸有限公司;https://shop1476971017751.1688.com;https://detail.1688.com/offer/541543815838.html
高新区枫桥茂先百货商行;https://shop13k352894tn99.1688.com;https://detail.1688.com/offer/653148604540.html
东海县松源珠宝商行;https://shop476c75u834754.1688.com;https://detail.1688.com/offer/651005275992.html
东海县福港珠宝有限公司;https://shop4740663231592.1688.com;https://detail.1688.com/offer/651008920662.html
义乌市秀娴电子商务商行;https://xiuxian168.1688.com;https://detail.1688.com/offer/653012977081.html
义乌市小螺号饰品有限公司;https://lovejewelry.1688.com;https://detail.1688.com/offer/579495806770.html
浦江润澈水晶有限公司;https://shop7911au12973j4.1688.com;https://detail.1688.com/offer/619795325251.html
绍兴伊帘纺织品有限公司;https://shop9744463qgt043.1688.com;https://detail.1688.com/offer/638873994047.html
深圳市龙岗区坂田佳琪饰品厂;https://jqshipin.1688.com;https://detail.1688.com/offer/651558948900.html
义乌世玉进出口有限公司;https://shop45299727v6235.1688.com;https://detail.1688.com/offer/652340174742.html
义乌市黎朵饰品商行;https://shop745473a10lw38.1688.com;https://detail.1688.com/offer/646165103006.html
义乌市胜颖贸易有限公司;https://shop1466788760136.1688.com;https://detail.1688.com/offer/564947879459.html
义乌市丹顺饰品厂;https://15factory.1688.com;https://detail.1688.com/offer/558180068021.html
义乌市卓繁电子商务商行;https://shop7778888ad7634.1688.com;https://detail.1688.com/offer/616649722787.html
广东旭平首饰有限公司;https://xuping.1688.com;https://detail.1688.com/offer/539953208169.html
义乌市海莲饰品有限公司;https://lylrshipin.1688.com;https://detail.1688.com/offer/654167607695.html
广州市合益饰品有限公司;https://gzkkbead.1688.com;https://detail.1688.com/offer/652427924329.html
义乌市芒颖饰品有限公司;https://mangyingmaoyi.1688.com;https://detail.1688.com/offer/534954136855.html
义乌市奈侣电子商务商行;https://pyy15325989199.1688.com;https://detail.1688.com/offer/647729115339.html
莆田拓掘贸易有限公司;https://shop1368206244876.1688.com;https://detail.1688.com/offer/586865583346.html
东莞市缘露发贸易有限公司;https://shop7c9f715909829.1688.com;https://detail.1688.com/offer/654697803793.html
义乌市宁焕电子商务商行;https://shop007sgv1434387.1688.com;https://detail.1688.com/offer/639194703844.html
深圳市南山区唐歆服饰商行;https://chenmeixiong.1688.com;https://detail.1688.com/offer/37398908018.html
义乌市志豪日用百货商行;https://shop45l685p186374.1688.com;https://detail.1688.com/offer/652934483393.html
义乌市卓刚饰品有限公司;https://shop1413825424917.1688.com;https://detail.1688.com/offer/641970831462.html
义乌市硕贡饰品厂;https://shop1432918514121.1688.com;https://detail.1688.com/offer/596747093795.html
义乌市聚嘉饰品有限公司;https://jujiajewelry.1688.com;https://detail.1688.com/offer/592914810068.html
义乌市蓝淘饰品有限公司;https://longpingershipin.1688.com;https://detail.1688.com/offer/639210318199.html
东莞市祺瑞饰品有限公司;https://qiruidzx.1688.com;https://detail.1688.com/offer/563125719598.html
义乌市琚冉饰品有限公司;https://juranjewelry.1688.com;https://detail.1688.com/offer/592518092632.html
广州市荔湾区益原通风设备厂;https://shop642120j416558.1688.com;https://detail.1688.com/offer/655972927668.html
莆田市秀屿区东峤友顺银饰店;https://shop1466606049764.1688.com;https://detail.1688.com/offer/642378167473.html
余江区林查班商贸商行;https://shop32920nrr55572.1688.com;https://detail.1688.com/offer/654214915344.html
青岛唯伊朵拉饰品有限公司;https://qdwydl.1688.com;https://detail.1688.com/offer/634201274533.html
漳州开发区艾滢陶五金店;https://shop0439g5628v396.1688.com;https://detail.1688.com/offer/650771770469.html
金华市金东区张恩东电子商务商行;https://jewelryfitting.1688.com;https://detail.1688.com/offer/569794788244.html
莆田市涵江区名伟珠宝商行;https://shop241l8pk751934.1688.com;https://detail.1688.com/offer/652481723084.html
莆田市秀屿区东峤圣美依珠宝首饰店;https://shop346739v25kk04.1688.com;https://detail.1688.com/offer/640339024038.html
李达军;https://lidajun.1688.com;https://detail.1688.com/offer/655389102274.html
深圳市兼印仑文化传播有限公司;https://shop79050q9278525.1688.com;https://detail.1688.com/offer/643553433153.html
广州丽柏饰品商行;https://letbuy.1688.com;https://detail.1688.com/offer/635837488833.html
东莞市瑞利五金饰品有限公司;https://shop1y87295129477.1688.com;https://detail.1688.com/offer/649750035327.html
义乌市胜龙电子商务有限公司;https://shop045e860437738.1688.com;https://detail.1688.com/offer/614190635007.html
义乌市飘廷饰品有限公司;https://piaoting.1688.com;https://detail.1688.com/offer/623803479507.html
深圳市龙岗区欧麦卡饰品商贸行;https://shop1453394341514.1688.com;https://detail.1688.com/offer/612896765334.html
广州市花都区狮岭幸钊印花加工店;https://shop0363q849a9568.1688.com;https://detail.1688.com/offer/639111259495.html
义乌市坤娟电子商务有限公司;https://kunjuan228.1688.com;https://detail.1688.com/offer/627416532838.html
义乌市曹适电子商务有限公司;https://caoshidianshang.1688.com;https://detail.1688.com/offer/620918099337.html
义乌市竹苓饰品有限公司;https://shop06950810xn456.1688.com;https://detail.1688.com/offer/647373439185.html
莆田市秀屿区埭头金鸿盛珠宝店;https://shop8pw11400k3502.1688.com;https://detail.1688.com/offer/611358772429.html
义乌市茜靖饰品有限公司;https://shop2y99954017746.1688.com;https://detail.1688.com/offer/655906295959.html
义乌市龙耿电子商务商行;https://shop41z61s6176131.1688.com;https://detail.1688.com/offer/648860166344.html
青岛鑫爱工艺品有限公司;https://shop1m498g34500n5.1688.com;https://detail.1688.com/offer/655273989775.html
义乌云罗电子商务有限公司;https://yunluo1.1688.com;https://detail.1688.com/offer/35380427556.html
义乌市鑫邚贸易有限公司;https://xinrumaoyi.1688.com;https://detail.1688.com/offer/654989452798.html
义乌市慈珂饰品商行;https://shop4136k9o312n50.1688.com;https://detail.1688.com/offer/626840896727.html
青岛杰优佳商贸有限公司;https://shop37c6445624792.1688.com;https://detail.1688.com/offer/652249243915.html
义乌市含韵饰品有限公司;https://hanyunshipin.1688.com;https://detail.1688.com/offer/588359530260.html
义乌市致纳电子商务商行;https://shop1467133632355.1688.com;https://detail.1688.com/offer/588344534758.html
余江区琪熙经营部;https://shop413c42b242259.1688.com;https://detail.1688.com/offer/654929096465.html
东海县小左水晶商行;https://shop939u7l3192539.1688.com;https://detail.1688.com/offer/652434407069.html
深圳博雅阁珠宝有限公司;https://shop8cm7255890424.1688.com;https://detail.1688.com/offer/648681936570.html
广州成森国际贸易有限公司;https://shop8ysd589174896.1688.com;https://detail.1688.com/offer/651430654274.html
义乌市百寻贸易有限公司;https://shop760q6344808h3.1688.com;https://detail.1688.com/offer/655510403502.html
莆田市秀屿区东峤胜杰首饰店;https://shop4681j181y8j78.1688.com;https://detail.1688.com/offer/654933241504.html
聊城高新区兰语日用百货经营中心;https://shop6740k27261120.1688.com;https://detail.1688.com/offer/644197476771.html
浦江艺珂饰品有限公司;https://shop2372904aa7a48.1688.com;https://detail.1688.com/offer/599613426550.html
义乌市傲娇饰品厂;https://shop1467335547179.1688.com;https://detail.1688.com/offer/642435834718.html
义乌市杰鼎饰品有限公司;https://ywjdjewelry.1688.com;https://detail.1688.com/offer/640558697341.html
义乌市道妮电子商务商行;https://dnshop.1688.com;https://detail.1688.com/offer/628694873883.html
景宁顺福贸易有限公司;https://shop853t852927123.1688.com;https://detail.1688.com/offer/643048724392.html
义乌市黎朵电子商务商行;https://shop1456245670775.1688.com;https://detail.1688.com/offer/614760115778.html
喻振强;https://shop1437151924533.1688.com;https://detail.1688.com/offer/604831596196.html
余江区洲婷经营部;https://shop580363b246n76.1688.com;https://detail.1688.com/offer/654984844182.html
罗诗琛;https://shop1384534583237.1688.com;https://detail.1688.com/offer/592572484333.html
广州赫薇儿饰品有限公司;https://shop9031w9195x4m8.1688.com;https://detail.1688.com/offer/596643649448.html
东海县盛宽珠宝商行;https://shop433533312h471.1688.com;https://detail.1688.com/offer/653225749611.html
深圳市龙岗区枫魅电子商务商行;https://shop4410e73164839.1688.com;https://detail.1688.com/offer/573093337667.html
莆田市秀屿区东峤皇姐首饰厂;https://shop1449767194708.1688.com;https://detail.1688.com/offer/648656477604.html
义乌市龙噫电子商务商行;https://shop0429446z89227.1688.com;https://detail.1688.com/offer/652519114600.html
义乌市同畅电子商务商行;https://shop0503d440448k5.1688.com;https://detail.1688.com/offer/654842910529.html
义乌市越森电子商务有限公司;https://shop1461257343466.1688.com;https://detail.1688.com/offer/641968342354.html
遂昌格伟贸易商行;https://shop10da961q32014.1688.com;https://detail.1688.com/offer/647294575737.html
新沂市捷之文服装店;https://shop71p23541890n0.1688.com;https://detail.1688.com/offer/655208402702.html
广州铭莹美饰品有限公司;https://mymodels.1688.com;https://detail.1688.com/offer/651491735264.html
深圳市好家伙贸易有限公司;https://shop0b9497429nb38.1688.com;https://detail.1688.com/offer/636970892284.html
东莞市天伊饰品有限公司;https://shop1494521886885.1688.com;https://detail.1688.com/offer/616661752721.html
广州宝元饰品有限公司;https://shop7a1b9084002n5.1688.com;https://detail.1688.com/offer/598965683051.html
义乌市赛派饰品有限公司;https://shop9842149491b37.1688.com;https://detail.1688.com/offer/654507325486.html
义乌市蓝启电子商务商行;https://lanqishipin.1688.com;https://detail.1688.com/offer/588106084147.html
梧州市骏诚首饰有限责任公司;https://shop732p683994854.1688.com;https://detail.1688.com/offer/630228334877.html
义乌市琪知饰品有限公司;https://shop1487610316906.1688.com;https://detail.1688.com/offer/548883070648.html
义乌市美飒饰品有限公司;https://shop1476698316084.1688.com;https://detail.1688.com/offer/576010642327.html
义乌市樱淇电子商务有限公司;https://shop8386j9uj60543.1688.com;https://detail.1688.com/offer/643742768953.html
义乌市曲欢饰品商行;https://shop1490375126459.1688.com;https://detail.1688.com/offer/622261070156.html
义乌市慧彩饰品有限公司;https://shop16kuv19009909.1688.com;https://detail.1688.com/offer/642420565412.html
梧州市潮潮饰品有限公司;https://shop776xo30364f05.1688.com;https://detail.1688.com/offer/654670530217.html
广州琳琅珠宝有限公司;https://shop390045j9904l6.1688.com;https://detail.1688.com/offer/630737060928.html
广州柯尼蓝珠宝有限公司;https://shop7d75176221113.1688.com;https://detail.1688.com/offer/653369319214.html
方金良;https://shop2zz6840q37875.1688.com;https://detail.1688.com/offer/654689466637.html
义乌市心饰贸易有限公司;https://shop8447786707k17.1688.com;https://detail.1688.com/offer/654461105151.html
义乌市旭本贸易有限公司;https://shop0363164888653.1688.com;https://detail.1688.com/offer/590270570630.html
东莞市尚嘉五金饰品有限公司;https://dglihaiyong.1688.com;https://detail.1688.com/offer/626103447235.html
海丰县梅陇良轩首饰加工厂;https://shop38168f0v9a695.1688.com;https://detail.1688.com/offer/628948211401.html
义乌市铼欧饰品有限公司;https://yiweiyi88.1688.com;https://detail.1688.com/offer/516213687.html
广州南沙区智新医疗器械有限公司;https://shop0229186865512.1688.com;https://detail.1688.com/offer/640384057689.html
梧州市嘟嘟蝶首饰有限公司;https://dududie.1688.com;https://detail.1688.com/offer/618449230359.html
三门孝岩贸易商行;https://shop7gd63772738g9.1688.com;https://detail.1688.com/offer/653163803161.html
柘荣县角尼日用品经营部;https://shop86f7460976258.1688.com;https://detail.1688.com/offer/653133726424.html
义乌市纾洁电子商务商行;https://shop9593397282v54.1688.com;https://detail.1688.com/offer/655288379533.html
义乌市印咖电子商务商行;https://shop5414616g43071.1688.com;https://detail.1688.com/offer/655172535391.html
深圳市肚皮舞娘服饰有限公司;https://bellyqueen.1688.com;https://detail.1688.com/offer/537240091149.html
广州市越秀区古艺饰品商行;https://shop1415206009775.1688.com;https://detail.1688.com/offer/650535313991.html
义乌市尚恒饰品有限公司;https://shop1400086673714.1688.com;https://detail.1688.com/offer/41355438199.html
东莞市长安鼎运五金饰品厂;https://dingyun123456789.1688.com;https://detail.1688.com/offer/574263061476.html
义乌市聚新饰品有限公司;https://shop665565068c068.1688.com;https://detail.1688.com/offer/634838972662.html
义乌市麟珑贸易有限公司;https://shop59242k42mc156.1688.com;https://detail.1688.com/offer/645149800064.html
义乌市雅善饰品有限公司;https://shop6902414946d24.1688.com;https://detail.1688.com/offer/654832034211.html
义乌市典蒙饰品厂;https://shop3547vj1943247.1688.com;https://detail.1688.com/offer/624555002476.html
东莞市昊亿饰品有限公司;https://haoyijewelry.1688.com;https://detail.1688.com/offer/622312315723.html
义乌市念灿饰品有限公司;https://shop1467824892842.1688.com;https://detail.1688.com/offer/572874277759.html
义乌市天钢饰品厂;https://ywtiangang.1688.com;https://detail.1688.com/offer/595610853331.html
义乌市紫瑜饰品有限公司;https://shop9r7j1278660t9.1688.com;https://detail.1688.com/offer/598835623465.html
嵊州市异彩轻奢饰品有限公司;https://shop812q1784003r6.1688.com;https://detail.1688.com/offer/630449187548.html
海丰县鑫生源首饰厂;https://shop1448384008726.1688.com;https://detail.1688.com/offer/611956912642.html
义乌市同为电子商务商行;https://tongwei99.1688.com;https://detail.1688.com/offer/623844026281.html
义乌市金澳饰品有限公司;https://jinaosp.1688.com;https://detail.1688.com/offer/617064471685.html
义乌市聚璨电子商务商行;https://shop8j8843002j475.1688.com;https://detail.1688.com/offer/629250754947.html
义乌市鑫懿饰品有限公司;https://shop7811wt058m434.1688.com;https://detail.1688.com/offer/622590919744.html
义乌市米目电子商务有限公司;https://shop42l8g887m6917.1688.com;https://detail.1688.com/offer/651959079676.html
义乌市埔海电子商务有限公司;https://shop9oyo434062061.1688.com;https://detail.1688.com/offer/602209426434.html
义乌市团铭电子商务有限公司;https://shop1393347193811.1688.com;https://detail.1688.com/offer/570456628924.html
义乌市欧伊茜电子商务有限公司;https://shop409y2d7010521.1688.com;https://detail.1688.com/offer/589575687121.html
深圳市龙岗区艺馨不锈钢饰品厂;https://shop1451926424595.1688.com;https://detail.1688.com/offer/652274555146.html
遂昌温澜日用百货商行;https://shop076t723d39770.1688.com;https://detail.1688.com/offer/644983134108.html
义乌市颉达电子商务商行;https://shop281v64y3l6906.1688.com;https://detail.1688.com/offer/636307223725.html
义乌市轩蔻饰品有限公司;https://wq9518.1688.com;https://detail.1688.com/offer/610127731685.html
义乌市依宏饰品有限公司;https://yihongjel.1688.com;https://detail.1688.com/offer/529049689912.html
义乌市林翔电子商务商行;https://ywlinxiangshop.1688.com;https://detail.1688.com/offer/41250131399.html
义乌市上今天服饰有限公司;https://shop1489078442082.1688.com;https://detail.1688.com/offer/652443025151.html
东莞市安其亚不锈钢饰品有限公司;https://anqiajewlry.1688.com;https://detail.1688.com/offer/590080952530.html
韶关市武江区戴铂妃儿贸易有限公司;https://shop1453135792017.1688.com;https://detail.1688.com/offer/632013060095.html
深圳市金石湖科技有限公司;https://kinsle.1688.com;https://detail.1688.com/offer/1268521136.html
义乌市怀琅贸易有限公司;https://shop1443451805112.1688.com;https://detail.1688.com/offer/536119482540.html
城阳区美饰艾德工艺品店;https://aidejewelry.1688.com;https://detail.1688.com/offer/649345340143.html
广州丽雅饰品有限公司;https://8866888.1688.com;https://detail.1688.com/offer/582235218857.html
东阳市暗夜饰品有限公司;https://hw368.1688.com;https://detail.1688.com/offer/38715941186.html
义乌市希世电子商务有限公司;https://xishi001.1688.com;https://detail.1688.com/offer/529638027032.html
广州市莉莉安首饰有限公司;https://shop206z639x926r8.1688.com;https://detail.1688.com/offer/625750618398.html
义乌市酷吧电子商务商行;https://shop7q3i8602251z7.1688.com;https://detail.1688.com/offer/593530958229.html
义乌市米源贸易有限公司;https://shop008o447202u79.1688.com;https://detail.1688.com/offer/582710083144.html
义乌市结侣电子商务商行;https://shop6219kf2446128.1688.com;https://detail.1688.com/offer/566472176879.html
东莞市大岭山鹏远五金加工店;https://shop170q42056jj62.1688.com;https://detail.1688.com/offer/643067550616.html
义乌市戈蓝电子商务商行;https://shop1450457698674.1688.com;https://detail.1688.com/offer/525449287229.html
东莞市勇跃饰品有限公司;https://dgyongyueshipin.1688.com;https://detail.1688.com/offer/618409471553.html
东莞市诺雅饰品有限公司;https://nuoyajewelry.1688.com;https://detail.1688.com/offer/643344012004.html
东莞市琦酷饰品有限公司;https://qikujewelry.1688.com;https://detail.1688.com/offer/626623613363.html
惠东县平山兴美达饰品店;https://shop9r74754u73n88.1688.com;https://detail.1688.com/offer/636154763022.html
义乌市壹加壹网络科技有限公司;https://shop379528z83m725.1688.com;https://detail.1688.com/offer/616451880225.html
深圳市宝安区金梓颖电子商务商行;https://shop1465317957388.1688.com;https://detail.1688.com/offer/551258900021.html
东莞市长安金泰不锈钢首饰厂;https://jintaiss.1688.com;https://detail.1688.com/offer/618894815062.html
诸暨市山下湖梦缘珠宝商行;https://shop37g35212f9171.1688.com;https://detail.1688.com/offer/623854252675.html
义乌市伶达电子商务商行;https://shop1395075585094.1688.com;https://detail.1688.com/offer/556192052126.html
义乌市随变饰品有限公司;https://shop1461257355826.1688.com;https://detail.1688.com/offer/535473977210.html
义乌市弘铭工艺品有限公司;https://shop3085598537v87.1688.com;https://detail.1688.com/offer/632957963746.html
义乌市从萱饰品有限公司;https://xujun8686.1688.com;https://detail.1688.com/offer/522929434905.html
义乌市畅赢工艺品有限公司;https://shop1476463678758.1688.com;https://detail.1688.com/offer/628065455349.html
浦江县韩之尚电子商务有限公司;https://hanzhishang.1688.com;https://detail.1688.com/offer/655092939371.html
义乌市鼎浩饰品商行;https://shop0l35k1z030017.1688.com;https://detail.1688.com/offer/640812978505.html
义乌市妮头电子商务商行;https://shop1375462451843.1688.com;https://detail.1688.com/offer/645731064415.html
义乌市韩潞饰品有限公司;https://shop11m38651r6150.1688.com;https://detail.1688.com/offer/641198077103.html
深圳市福禄礼业有限公司;https://szfululiye.1688.com;https://detail.1688.com/offer/563854824134.html
义乌市聪麟电子商务有限公司;https://shop1458665823526.1688.com;https://detail.1688.com/offer/586618930847.html
义乌市辽月饰品厂;https://shop1418057229927.1688.com;https://detail.1688.com/offer/569941062689.html
义乌市尘萃饰品有限公司;https://shop1483634985683.1688.com;https://detail.1688.com/offer/623899686547.html
义乌市琨斯电子商务商行;https://shop1430413136307.1688.com;https://detail.1688.com/offer/45302804805.html
东莞市长安白蓝雪五金饰品厂;https://blxspc.1688.com;https://detail.1688.com/offer/653362777028.html
东莞市洪兴饰品配件有限公司;https://gdhxsppj.1688.com;https://detail.1688.com/offer/626978235286.html
义乌市妞贝饰品有限公司;https://niubeijewelry.1688.com;https://detail.1688.com/offer/642115790331.html
义乌市创胜服饰有限公司;https://shop3060o90188947.1688.com;https://detail.1688.com/offer/600085810499.html
东莞市西黛尔五金有限公司;https://cdessp.1688.com;https://detail.1688.com/offer/563572292023.html
义乌市氿乐电子商务商行;https://shop1428511784824.1688.com;https://detail.1688.com/offer/634281011305.html
广东卡轮饰品有限公司;https://gzkalen.1688.com;https://detail.1688.com/offer/622306822269.html
义乌市咖姿饰品有限公司;https://shop581380p8847l0.1688.com;https://detail.1688.com/offer/623082832194.html
义乌市绿带饰品有限公司;https://lvdaisp.1688.com;https://detail.1688.com/offer/568495978006.html
义乌市丛嘟饰品厂;https://congdu88888.1688.com;https://detail.1688.com/offer/567673299589.html
广州市越秀区泰康华升饰品店;https://hssp15920494824.1688.com;https://detail.1688.com/offer/654946779996.html
义乌市宇铄饰品有限公司;https://shop70060c6615e94.1688.com;https://detail.1688.com/offer/581264381994.html
深圳应天服饰品贸易有限公司;https://shop1458181467032.1688.com;https://detail.1688.com/offer/653733714391.html
义乌市魄力饰品有限公司;https://shop523992304r800.1688.com;https://detail.1688.com/offer/650479868462.html
义乌市岩鸿电子商务有限公司;https://wang2410.1688.com;https://detail.1688.com/offer/589371960533.html
义乌市光与影电子商务商行;https://shop031728v2g2u85.1688.com;https://detail.1688.com/offer/642050176751.html
