义乌市唯合工艺品有限公司;https://qinghehuashi1991.1688.com;https://detail.1688.com/offer/650084791825.html
义乌市赫拉进出口有限公司;https://ywhera.1688.com;https://detail.1688.com/offer/654563107909.html
义乌市佰昌日用百货商行;https://ywbaichang.1688.com;https://detail.1688.com/offer/556164065543.html
义乌市颍泽贸易有限公司;https://shop20i63r5338392.1688.com;https://detail.1688.com/offer/645145585077.html
义乌市青合饰品有限公司;https://shop259z32201pz92.1688.com;https://detail.1688.com/offer/643738135101.html
义乌市心韵饰品有限公司;https://yiwuxinyun.1688.com;https://detail.1688.com/offer/599609671632.html
玉林市玉州区喜来百货店;https://shop054352i56s820.1688.com;https://detail.1688.com/offer/651853133203.html
丹阳市开发区乐博弈百货商行;https://shop648d1x08428s4.1688.com;https://detail.1688.com/offer/624428583065.html
广州市花都区狮岭立业织带店;https://shop3658324547b39.1688.com;https://detail.1688.com/offer/641788568580.html
永定区谊才众网店;https://shop69h8p18e12152.1688.com;https://detail.1688.com/offer/642789321623.html
义乌市欧伊茜电子商务有限公司;https://shop409y2d7010521.1688.com;https://detail.1688.com/offer/568017305896.html
义乌市团铭电子商务有限公司;https://shop1393347193811.1688.com;https://detail.1688.com/offer/559893227400.html
义乌市昕宇仿真花厂;https://shop42cc66049o824.1688.com;https://detail.1688.com/offer/625971170381.html
义乌市三荷饰品有限公司;https://ywjialanflower.1688.com;https://detail.1688.com/offer/641308400934.html
义乌市霞米电子商务有限公司;https://ywxiami.1688.com;https://detail.1688.com/offer/543823886302.html
义乌市信保进出口有限公司;https://cnalibaba.1688.com;https://detail.1688.com/offer/643843058614.html
义乌市毅旭电子商务商行;https://shop883551i1269c8.1688.com;https://detail.1688.com/offer/647199234700.html
新罗区岛雯百货商行;https://shop95h0800568773.1688.com;https://detail.1688.com/offer/649612337571.html
广州嘚铭玩具商行;https://shop59682kt3226k7.1688.com;https://detail.1688.com/offer/652700465959.html
柘荣县角词日用品经营部;https://shop1g709u1661548.1688.com;https://detail.1688.com/offer/651495041640.html
张升平;https://duojiaoyan.1688.com;https://detail.1688.com/offer/643766618961.html
高新区枫桥琳朵百货商行;https://shop50w34860545u3.1688.com;https://detail.1688.com/offer/653689473411.html
义乌市诗路贸易有限公司;https://shop2752p07679he7.1688.com;https://detail.1688.com/offer/609497609962.html
南平市建阳区喜历幸百货店;https://shop83a8294a21d13.1688.com;https://detail.1688.com/offer/650985376955.html
南平市建阳区理昆纶百货店;https://shop25791m0171263.1688.com;https://detail.1688.com/offer/646400532471.html
玉林市玉州区环安百货店;https://shop1029203g5h283.1688.com;https://detail.1688.com/offer/647575462878.html
义乌市远坤玩具厂;https://shop1395248439419.1688.com;https://detail.1688.com/offer/650227797549.html
义乌市前贵日用品厂;https://shop2642b33325c12.1688.com;https://detail.1688.com/offer/652246730924.html
义乌市明珍服饰有限公司;https://mingzhenapparel.1688.com;https://detail.1688.com/offer/596534692502.html
义乌市艾媞茵饰品有限公司;https://addilyn.1688.com;https://detail.1688.com/offer/531907255620.html
丽水景宁珑盛贸易有限公司;https://shop531434h732848.1688.com;https://detail.1688.com/offer/642733254036.html
义乌市钦琪电子商务商行;https://qinqi6893.1688.com;https://detail.1688.com/offer/644814451331.html
浦江县曼馨工艺品有限公司;https://ywmanxin.1688.com;https://detail.1688.com/offer/625588911251.html
义乌市肖吉日用百货商行;https://shop31365he676s03.1688.com;https://detail.1688.com/offer/654543106365.html
永定区枯善姿百货商行;https://shop2l32083922003.1688.com;https://detail.1688.com/offer/651521986553.html
义乌市根朔饰品有限公司;https://genshuo.1688.com;https://detail.1688.com/offer/574415974230.html
新罗区千资色百货商行;https://shop776696cjg8272.1688.com;https://detail.1688.com/offer/643511730398.html
广昌县丰达五金商行;https://shop5eee631408837.1688.com;https://detail.1688.com/offer/654685800407.html
佛山市南海区雨馨莱服饰厂;https://shop5119k640l2418.1688.com;https://detail.1688.com/offer/642126145686.html
遂昌江润贸易商行;https://shop499f84l595m45.1688.com;https://detail.1688.com/offer/645068172853.html
玉林市玉州区德林百货店;https://shop14540e6546683.1688.com;https://detail.1688.com/offer/646085928109.html
义乌市千灿电子商务商行;https://shop1461603365661.1688.com;https://detail.1688.com/offer/557911152925.html
尤溪县花宁永网店;https://shop016g3974554s7.1688.com;https://detail.1688.com/offer/644299081405.html
玉林市玉州区兄弟奇元百货店;https://shop978645869x049.1688.com;https://detail.1688.com/offer/652083618589.html
义乌市张承炫电子商务商行;https://618pifa.1688.com;https://detail.1688.com/offer/655703678734.html
石狮市扶摇云体网络饰品商行;https://shop88606ni419699.1688.com;https://detail.1688.com/offer/656136455642.html
义乌市博邱电子商务商行;https://shop36e8s8s915818.1688.com;https://detail.1688.com/offer/654393499087.html
鄱阳县周寻芹服装店;https://shop4189491y47313.1688.com;https://detail.1688.com/offer/650648186183.html
万载县福昕日用品商行;https://shop251x9864u2y64.1688.com;https://detail.1688.com/offer/652055477022.html
湖州织里岩力兰童装商行;https://mengshuiyiwei.1688.com;https://detail.1688.com/offer/569625145173.html
佛山市南海区哲卡达服饰厂;https://shop5l75281946229.1688.com;https://detail.1688.com/offer/643987913567.html
新罗区耀尚蔚百货商行;https://shop0r299532z53a4.1688.com;https://detail.1688.com/offer/649404652915.html
永定区虑禹儒百货商行;https://shop4q10v06e46864.1688.com;https://detail.1688.com/offer/651793191693.html
宿城区宗悴斌幸百货商行;https://shop7y8899y853a13.1688.com;https://detail.1688.com/offer/649073074323.html
新罗区索叶永百货店;https://shop4945107123374.1688.com;https://detail.1688.com/offer/643181960706.html
义乌市君健日用百货商行;https://shop3965475k82d25.1688.com;https://detail.1688.com/offer/652286449767.html
新罗区炫谨秉百货店;https://shop513774442rvt3.1688.com;https://detail.1688.com/offer/651893923617.html
新沂市美乐缘礼品包装厂;https://shop1378793132466.1688.com;https://detail.1688.com/offer/526961019970.html
临沂市兰山区福来源百货销售店;https://shop23386c0t76j70.1688.com;https://detail.1688.com/offer/651690068012.html
润州区竹之轩服装厂;https://shop22309939b4f44.1688.com;https://detail.1688.com/offer/643354908446.html
余江区具笑电子商务商行;https://shop1425294553169.1688.com;https://detail.1688.com/offer/655380070018.html
义乌科凡电子商务商行;https://shop854301399n549.1688.com;https://detail.1688.com/offer/654230808580.html
浦江县赫拉饰品有限公司;https://shop56410753702p5.1688.com;https://detail.1688.com/offer/643141475387.html
莆田市秀屿区东庄东洪航珠宝店;https://shop98dq220742d98.1688.com;https://detail.1688.com/offer/656178251727.html
曹超娟;https://caochaojuan.1688.com;https://detail.1688.com/offer/531359625712.html
