义乌市春蝶饰品厂;https://loveboutique.1688.com;https://detail.1688.com/offer/625698722558.html
义乌市冠馨饰品有限公司;https://shop5079st234t111.1688.com;https://detail.1688.com/offer/625397418996.html
义乌市鼎圣日用品有限公司;https://shop48p5953553186.1688.com;https://detail.1688.com/offer/642981106385.html
义乌市熠宸日用品有限公司;https://shop951832223akm1.1688.com;https://detail.1688.com/offer/648469810110.html
义乌市翔扉电子商务商行;https://shop4607j8625aq12.1688.com;https://detail.1688.com/offer/649306080204.html
义乌市跨寄电子商务商行;https://shop94012oe5158o9.1688.com;https://detail.1688.com/offer/649010919486.html
三明市三元区顺依服装店;https://shop5235rl03l2292.1688.com;https://detail.1688.com/offer/649800587193.html
义乌市晴凯日用品有限公司;https://shop6z143z9733x34.1688.com;https://detail.1688.com/offer/645331834949.html
义乌市亿萌贸易有限公司;https://shop38260955e3h53.1688.com;https://detail.1688.com/offer/648493672361.html
南靖县源佳百货店;https://shop2145b12957364.1688.com;https://detail.1688.com/offer/653459936799.html
义乌市沈煜电子商务商行;https://shop2p24800i27197.1688.com;https://detail.1688.com/offer/653213705217.html
义乌市璇涞电子商务商行;https://shop4833v965y1y18.1688.com;https://detail.1688.com/offer/652762274628.html
南平市建阳区林农秦宣百货店;https://shop94371q673k841.1688.com;https://detail.1688.com/offer/652583839591.html
义乌市骍隆电子商务商行;https://shop684n393892646.1688.com;https://detail.1688.com/offer/649860852285.html
石狮市简峰亿展网络百货商行;https://shop5623251u5u2u7.1688.com;https://detail.1688.com/offer/651836029110.html
柘荣县角麻日用品经营部;https://shop44108p6756k89.1688.com;https://detail.1688.com/offer/650565091936.html
广州嘚铭玩具商行;https://shop59682kt3226k7.1688.com;https://detail.1688.com/offer/652706817355.html
南平市建阳区寒昙阁百货店;https://shop097i69v7183v9.1688.com;https://detail.1688.com/offer/652304686933.html
义乌市协缔电子商务商行;https://shop91i433t3s4117.1688.com;https://detail.1688.com/offer/651815758645.html
万载县环旭日用品经营部;https://shop23712143w33p7.1688.com;https://detail.1688.com/offer/650451353963.html
石狮市简峰申若网络百货商行;https://shop56481ni5f6027.1688.com;https://detail.1688.com/offer/650389759633.html
石狮市简峰明安网络百货商行;https://shop0p002m1320t12.1688.com;https://detail.1688.com/offer/651756031552.html
揭阳市揭东区新亨镇耀维百货店;https://shop500911055m618.1688.com;https://detail.1688.com/offer/650062113373.html
石狮市简峰世控网络百货商行;https://shop16t64v339n381.1688.com;https://detail.1688.com/offer/651981286745.html
义乌市秉栗电子商务商行;https://shop38247043qq285.1688.com;https://detail.1688.com/offer/655232280721.html
高新区枫桥明吉源服装商行;https://shop72b8257807978.1688.com;https://detail.1688.com/offer/655484469105.html
义乌市蕊柔电子商务商行;https://shop1414773994392.1688.com;https://detail.1688.com/offer/649810092265.html
义乌市卓巧电子商务商行;https://shop27w43y665i529.1688.com;https://detail.1688.com/offer/653856102364.html
新罗区斯维百货商行;https://shop3h3495n217061.1688.com;https://detail.1688.com/offer/653407579194.html
南平市建阳区可英喆百货店;https://shop262f083593877.1688.com;https://detail.1688.com/offer/650696612552.html
余江区欢怡经营部;https://shop5502063575359.1688.com;https://detail.1688.com/offer/653928516242.html
余江区银樊经营部;https://shop3i72651249435.1688.com;https://detail.1688.com/offer/655330110219.html
浦江县韩之尚电子商务有限公司;https://hanzhishang.1688.com;https://detail.1688.com/offer/624343740709.html
义乌市晓通电子商务有限公司;https://shop3g2o09h083187.1688.com;https://detail.1688.com/offer/625021402167.html
新罗区卡咖百货商行;https://shop60s249cc9u682.1688.com;https://detail.1688.com/offer/646661765414.html
义乌市华迅饰品加工厂;https://shop8357740lo6w56.1688.com;https://detail.1688.com/offer/625760663483.html
义乌市韩饰电子商务有限公司;https://hs0616.1688.com;https://detail.1688.com/offer/631341868510.html
义乌市予画贸易有限公司;https://hancan.1688.com;https://detail.1688.com/offer/617361915262.html
义乌市金鸳贸易有限公司;https://shop34k60q6912434.1688.com;https://detail.1688.com/offer/646878753619.html
佛山市南海区浩帆得皮具厂;https://shop7du7020135l66.1688.com;https://detail.1688.com/offer/640545046969.html
义乌市苒汐饰品有限公司;https://shop03288h5w9d806.1688.com;https://detail.1688.com/offer/644513437907.html
义乌市美维饰品有限公司;https://shop247832r228825.1688.com;https://detail.1688.com/offer/649286570316.html
义乌市两悦饰品有限公司;https://shop9072180219y22.1688.com;https://detail.1688.com/offer/655636111038.html
义乌市景智服饰厂;https://shop1466145311801.1688.com;https://detail.1688.com/offer/614627308705.html
义乌市黑麦服饰有限公司;https://shop1437411397436.1688.com;https://detail.1688.com/offer/648403512350.html
义乌市睿都服饰有限公司;https://shop8415j05ee2756.1688.com;https://detail.1688.com/offer/619006434660.html
义乌雅新电子商务商行;https://shop44413822u2s40.1688.com;https://detail.1688.com/offer/649552019924.html
卓悦美薇科技（深圳）有限公司;https://shop87311659916j3.1688.com;https://detail.1688.com/offer/639461321164.html
高新区枫桥良至合百货商行;https://shop19p32x6795522.1688.com;https://detail.1688.com/offer/652680179598.html
遂昌拉恒日用百货商行;https://shop676xs8313x545.1688.com;https://detail.1688.com/offer/644707917820.html
袁州区梓七网络工作室;https://shop5954125279850.1688.com;https://detail.1688.com/offer/654391616402.html
万载县培骏瑞百货商行;https://shop1839q34261d54.1688.com;https://detail.1688.com/offer/654585820471.html
新沂市明之花服装店;https://shop4v353o09l3851.1688.com;https://detail.1688.com/offer/655488446384.html
义乌市闻香服饰有限公司;https://wenxiangfushi.1688.com;https://detail.1688.com/offer/650152959769.html
义乌市企冬电子商务商行;https://shop1536079561323.1688.com;https://detail.1688.com/offer/654139319964.html
余江区太浩经营部;https://shop841573u5u5648.1688.com;https://detail.1688.com/offer/655327887738.html
漳州开发区尤恒秋建材店;https://shop7d05278m90313.1688.com;https://detail.1688.com/offer/655846882688.html
佛山市南海区汇联森日用品厂;https://shop60x7t6883u526.1688.com;https://detail.1688.com/offer/644834155545.html
义乌市昕虹饰品有限公司;https://shop9vx1897482474.1688.com;https://detail.1688.com/offer/644669441612.html
漯河市源汇区莫世威春百货店;https://shop8i3a1575973i0.1688.com;https://detail.1688.com/offer/654603656672.html
玉林市玉州区卡美百货店;https://shop0678h776984k1.1688.com;https://detail.1688.com/offer/650134146896.html
许昌魏都发秀发饰商行;https://goldenrulehair.1688.com;https://detail.1688.com/offer/643137426956.html
义乌市沃土电子商务有限公司;https://ywwotu.1688.com;https://detail.1688.com/offer/557784507931.html
柘荣县庆方日用品经营部;https://shop81y8544775452.1688.com;https://detail.1688.com/offer/650485283655.html
义乌市驰阳日用品厂;https://shop58t3418125887.1688.com;https://detail.1688.com/offer/649672384777.html
义乌市冀岗电子商务商行;https://shop2634710758b57.1688.com;https://detail.1688.com/offer/652397651725.html
柘荣县角半日用品经营部;https://shop34738b87sm401.1688.com;https://detail.1688.com/offer/648278327612.html
义乌市乐妍日用百货有限公司;https://shop1489165886664.1688.com;https://detail.1688.com/offer/647726517669.html
莆田市荔城区禾罗服饰店;https://shop174o52584z680.1688.com;https://detail.1688.com/offer/654688911556.html
义乌市池臣电子商务商行;https://shop64120495p7823.1688.com;https://detail.1688.com/offer/656188047253.html
丹阳市界牌镇聚时情家居用品厂;https://shop836699w2u75u8.1688.com;https://detail.1688.com/offer/654348345111.html
义乌市摩多贸易有限公司;https://moduomaoyi.1688.com;https://detail.1688.com/offer/655158979578.html
义乌市三态饰品有限公司;https://santai3333.1688.com;https://detail.1688.com/offer/582716774446.html
义乌市和互电子商务商行;https://shop1388317345160.1688.com;https://detail.1688.com/offer/570021114723.html
潘浩兵;https://shop1387904042367.1688.com;https://detail.1688.com/offer/623852947944.html
义乌市遇意饰品有限公司;https://shop614g1082z5g79.1688.com;https://detail.1688.com/offer/653469795962.html
义乌市樱草电子商务有限公司;https://shop766167f66y231.1688.com;https://detail.1688.com/offer/648574151266.html
义乌市冷安电子商务商行;https://shop1464368243607.1688.com;https://detail.1688.com/offer/650224493675.html
高新区枫桥鸿科服装商行;https://shop7m3j255451061.1688.com;https://detail.1688.com/offer/655137340039.html
南平市建阳区林农昭汉百货店;https://shop93p978l965704.1688.com;https://detail.1688.com/offer/651533398428.html
万载县荟达片日用品经营部;https://shop78545q33kv865.1688.com;https://detail.1688.com/offer/650132384454.html
万载县永耀日用品经营部;https://shop51082038g7529.1688.com;https://detail.1688.com/offer/652113918456.html
景宁斐玖贸易商行;https://shop0b05206r42313.1688.com;https://detail.1688.com/offer/650246722653.html
陆川县优洁日用品店;https://shop71qe694132r25.1688.com;https://detail.1688.com/offer/646485901880.html
句容安杰针纺制品有限公司;https://jjgy1983.1688.com;https://detail.1688.com/offer/634617601619.html
义乌市婉姝饰品厂;https://shop9967k66407683.1688.com;https://detail.1688.com/offer/643221938646.html
兰溪市沐夏服饰厂;https://shop1425573923849.1688.com;https://detail.1688.com/offer/648517208860.html
义乌市明均饰品有限公司;https://shop3gk0764357210.1688.com;https://detail.1688.com/offer/644984463335.html
义乌市修婕电子商务商行;https://shop6724b67477210.1688.com;https://detail.1688.com/offer/654876690758.html
义乌市双吕电子商务商行;https://shop1418402636226.1688.com;https://detail.1688.com/offer/623716207507.html
台州市黄岩讯妮电子商务商行;https://shop2j92524h8h865.1688.com;https://detail.1688.com/offer/653526753301.html
义乌市尚群贸易有限公司;https://shangqunsp.1688.com;https://detail.1688.com/offer/633033374643.html
义乌市逸舒贸易有限公司;https://15868952333.1688.com;https://detail.1688.com/offer/601655971701.html
鄱阳县宝浩五金店;https://shop980y733471085.1688.com;https://detail.1688.com/offer/653382039103.html
余江区琪熙经营部;https://shop413c42b242259.1688.com;https://detail.1688.com/offer/652223372049.html
余江区恒洪经营部;https://shop9361pc4d73387.1688.com;https://detail.1688.com/offer/654418065377.html
广州协浩华贸易商行;https://shop9113u0u079258.1688.com;https://detail.1688.com/offer/655128134994.html
余江区圣怡经营部;https://shop9249v91g69808.1688.com;https://detail.1688.com/offer/654413933320.html
高新区枫桥典瑞凯百货商行;https://shop8109e726p0z07.1688.com;https://detail.1688.com/offer/651033605910.html
义乌市候鸟服饰有限公司;https://houniao688.1688.com;https://detail.1688.com/offer/629700357047.html
玉林市玉州区和庆日用品店;https://shop530320s83y9y7.1688.com;https://detail.1688.com/offer/643278638856.html
新罗区量东暇百货商行;https://shop50x391074y284.1688.com;https://detail.1688.com/offer/654130641182.html
义乌市漂洋饰品有限公司;https://pyshp2003666.1688.com;https://detail.1688.com/offer/616121496325.html
义乌市杰菲电子商务有限公司;https://ywjiefei.1688.com;https://detail.1688.com/offer/629354771003.html
俞江杰;https://shop1396630750420.1688.com;https://detail.1688.com/offer/561493067983.html
义乌市简明商贸有限公司;https://kouyuansu.1688.com;https://detail.1688.com/offer/616287077167.html
义乌市缀翔电子商务商行;https://zhuixiang168.1688.com;https://detail.1688.com/offer/540726940962.html
义乌市环俏服饰厂;https://ywhq79.1688.com;https://detail.1688.com/offer/624459808396.html
义乌佐哲贸易有限公司;https://ywzzmy.1688.com;https://detail.1688.com/offer/557918395499.html
义乌市翊骜广告社;https://asunnyan.1688.com;https://detail.1688.com/offer/619631635760.html
庆元县派对玩具批发店;https://paiduiwanju.1688.com;https://detail.1688.com/offer/618549351352.html
义乌千芙饰品有限公司;https://shop1404528103758.1688.com;https://detail.1688.com/offer/559199906209.html
义乌市闽凡贸易有限公司;https://shop34u44007r2804.1688.com;https://detail.1688.com/offer/617733329952.html
广州晓之彩科技有限公司;https://shop5847866495528.1688.com;https://detail.1688.com/offer/642320455905.html
东莞市沙田誉鑫胶袋厂;https://shop635292a3z2330.1688.com;https://detail.1688.com/offer/654355144128.html
广州市荔湾区禹潘商贸有限公司;https://shop4i19265862i14.1688.com;https://detail.1688.com/offer/640665209244.html
高新区枫桥菲格特服装商行;https://shop80m86x3344778.1688.com;https://detail.1688.com/offer/655755182846.html
新沂市哲之王家居用品经营部;https://shop147w0071g5659.1688.com;https://detail.1688.com/offer/655791190557.html
深圳市汇奔电子商务有限公司;https://huibendianzi.1688.com;https://detail.1688.com/offer/597416412538.html
深圳市宝安区益显贸易商行;https://shop88267r819p675.1688.com;https://detail.1688.com/offer/618310788209.html
广州市黄埔区和盛金属制品加工部;https://shop7848590417719.1688.com;https://detail.1688.com/offer/656272211549.html
义乌市明展日用百货商行;https://shop692k8a52634v4.1688.com;https://detail.1688.com/offer/652387817978.html
义乌市乔蝶饰品有限公司;https://shop51618b96rr788.1688.com;https://detail.1688.com/offer/628880507001.html
义乌市织祥围巾厂;https://zhixiangweijin.1688.com;https://detail.1688.com/offer/624931513971.html
松阳县礼兴贸易商行;https://shop16655850yo875.1688.com;https://detail.1688.com/offer/643651489985.html
义乌市观佑饰品有限公司;https://guanyou0908.1688.com;https://detail.1688.com/offer/647053883796.html
鄱阳县能冷松珠宝店;https://shop36203f1006856.1688.com;https://detail.1688.com/offer/651440138979.html
漳州开发区岚菀柳网络技术工作室;https://shop827g90798n375.1688.com;https://detail.1688.com/offer/651834979395.html
南平市建阳区招悦弘百货店;https://shop9w81255s25146.1688.com;https://detail.1688.com/offer/650291706384.html
临沂源上缘茶业有限公司;https://shop30j2ll7263573.1688.com;https://detail.1688.com/offer/649429004552.html
尤溪县咣景山网店;https://shop499v907305137.1688.com;https://detail.1688.com/offer/644749327322.html
深圳市雅尔丝服饰有限公司;https://lingdianfs.1688.com;https://detail.1688.com/offer/616173114270.html
寿县万耕百货商行;https://shop271558265v3j5.1688.com;https://detail.1688.com/offer/651009358455.html
义乌葭禾电子商务有限公司;https://shop543v36333v0h6.1688.com;https://detail.1688.com/offer/618486876775.html
余江区少同电子商务商行;https://shop4lb5793007287.1688.com;https://detail.1688.com/offer/652175002125.html
寿县依冬百货店;https://shop5560626hw00w2.1688.com;https://detail.1688.com/offer/647881844727.html
义乌闽珍电子商务有限公司;https://mzwj888.1688.com;https://detail.1688.com/offer/585630822002.html
义乌市蒲钻电子商务商行;https://shop1358592219982.1688.com;https://detail.1688.com/offer/618781112636.html
义乌市奇阅饰品有限公司;https://qiyueshipin.1688.com;https://detail.1688.com/offer/615893120747.html
南平市建阳区俊星百货商行;https://shop2so35568129v9.1688.com;https://detail.1688.com/offer/655144562112.html
余江区尔高经营部;https://shop2p31372c02141.1688.com;https://detail.1688.com/offer/654766525857.html
袁州区之言网络工作室;https://shop67f1727q97270.1688.com;https://detail.1688.com/offer/653979512217.html
义乌市艾蕾亘特饰品厂;https://shop66h557u133484.1688.com;https://detail.1688.com/offer/654968817964.html
丰泽区偏漫百货网店;https://shop22y641320u168.1688.com;https://detail.1688.com/offer/654867575954.html
义乌乾琦贸易商行;https://shop9636s572l3261.1688.com;https://detail.1688.com/offer/648528038604.html
义乌市昭全日用品厂;https://shop9d091508z9376.1688.com;https://detail.1688.com/offer/654086972617.html
柘荣县角村日用品经营部;https://shop12u1790r83y92.1688.com;https://detail.1688.com/offer/650146097787.html
义乌市萧泽电子商务商行;https://shop98540859r6r28.1688.com;https://detail.1688.com/offer/652589554095.html
南平市建阳区林农文魏丕百货店;https://shop065acr1838165.1688.com;https://detail.1688.com/offer/644729472768.html
柘荣县周状日用品经营部;https://shop9j04363306988.1688.com;https://detail.1688.com/offer/651237457636.html
石狮市简峰得顺网络百货商行;https://shop21084a865n756.1688.com;https://detail.1688.com/offer/651384357903.html
南平市建阳区李幸容商贸商行;https://shop385935w6179t3.1688.com;https://detail.1688.com/offer/646545063420.html
遂昌和兴百货商行;https://shop710187fb64h94.1688.com;https://detail.1688.com/offer/638526770919.html
南平市建阳区妲妍妍百货店;https://shop58211c71559f8.1688.com;https://detail.1688.com/offer/647796439148.html
柘荣县周期日用品经营部;https://shop3730385521h31.1688.com;https://detail.1688.com/offer/649314458015.html
义乌市喀丹电子商务商行;https://shop8703pf679k192.1688.com;https://detail.1688.com/offer/650615189639.html
永定区绛想赏百货店;https://shop33657b94001a8.1688.com;https://detail.1688.com/offer/643060036121.html
新罗区智伟百货商行;https://shop19vv575247694.1688.com;https://detail.1688.com/offer/640937698083.html
柘荣县庆高日用品经营部;https://shop769894301l342.1688.com;https://detail.1688.com/offer/650319123807.html
袁州区渐离网络工作室;https://shop98l9184874t59.1688.com;https://detail.1688.com/offer/655662413832.html
万载县升棍阳百货店;https://shop7308x766a6033.1688.com;https://detail.1688.com/offer/655660569376.html
漳州开发区会雯韵百货店;https://shop94337o305z274.1688.com;https://detail.1688.com/offer/656433631177.html
袁州区婉雅网络工作室;https://shop3i121853i6338.1688.com;https://detail.1688.com/offer/656432567629.html
袁州区从未网络工作室;https://shop17af6434q0333.1688.com;https://detail.1688.com/offer/655980986834.html
泉州市拾梦网络科技有限公司;https://shop1i5i83b078877.1688.com;https://detail.1688.com/offer/649458798485.html
义乌市锡奎电子商务商行;https://shop12t8172030177.1688.com;https://detail.1688.com/offer/652204131753.html
永定区禧毕临商行;https://shop05780285x4467.1688.com;https://detail.1688.com/offer/631730050141.html
广州市越秀区加备贸易商行;https://shop23762158p9p21.1688.com;https://detail.1688.com/offer/649591121995.html
广州市花都区狮岭家家兴百货店;https://shop5462037666900.1688.com;https://detail.1688.com/offer/654120832315.html
义乌市贝媞服饰厂;https://beiti88.1688.com;https://detail.1688.com/offer/646552828459.html
义乌市莱玛电子商务有限公司;https://laimasp.1688.com;https://detail.1688.com/offer/613818368502.html
高新区枫桥顺如祥贸易商行;https://shop0202v1w781q91.1688.com;https://detail.1688.com/offer/653692945231.html
义乌市舒韵饰品有限公司;https://shop1447261762096.1688.com;https://detail.1688.com/offer/540733721649.html
茂南区闫轲网络电子商务中心;https://shop9c321a7b02649.1688.com;https://detail.1688.com/offer/652764483458.html
余江区东江湖百货店;https://shop4o20328886m50.1688.com;https://detail.1688.com/offer/653597450411.html
义乌市今立服饰有限公司;https://shop0j22u6275i474.1688.com;https://detail.1688.com/offer/629773190220.html
义乌市霸徒电子商务商行;https://shop11436o35z1679.1688.com;https://detail.1688.com/offer/650541517610.html
永定区实极徊百货商行;https://shop246107g281640.1688.com;https://detail.1688.com/offer/643317956731.html
高新区枫桥宏好来百货商行;https://shop8784817a1ii29.1688.com;https://detail.1688.com/offer/653076036107.html
安庆青芒商贸有限公司;https://shop1q87406973466.1688.com;https://detail.1688.com/offer/635187528122.html
义乌市丰恒电子商务商行;https://shop703v3797429v8.1688.com;https://detail.1688.com/offer/641286660389.html
义乌市泉燃电子商务商行;https://shop1395507141038.1688.com;https://detail.1688.com/offer/644261224813.html
义乌市鑫方贸易有限公司;https://shop41499q9348907.1688.com;https://detail.1688.com/offer/594660708445.html
镇江品升针纺织制品有限公司;https://1356707428.1688.com;https://detail.1688.com/offer/638058483097.html
佛山市南海区狂易澜汽车美容中心;https://shop3006l848185z3.1688.com;https://detail.1688.com/offer/645521191237.html
义乌市妙诗电子商务商行;https://shop1415378597291.1688.com;https://detail.1688.com/offer/602139184844.html
佛山市顺德区勒流欧格尔电器厂;https://shop14342w507p7a3.1688.com;https://detail.1688.com/offer/628001147773.html
