阚永新;https://ywxcfc.1688.com;https://detail.1688.com/offer/556400802246.html
义乌市随敏饰品有限公司;https://shop1406652834510.1688.com;https://detail.1688.com/offer/644864691293.html
义乌市纤菲饰品有限公司;https://shop92cz380132390.1688.com;https://detail.1688.com/offer/645616876375.html
义乌市萌豆豆饰品有限公司;https://ywmengdoudou.1688.com;https://detail.1688.com/offer/617251974702.html
义乌市米小鹿饰品有限公司;https://mixiaolu123.1688.com;https://detail.1688.com/offer/640217503769.html
上海握泽贸易有限公司;https://shop2236618742mp6.1688.com;https://detail.1688.com/offer/648848893610.html
义乌市摩多贸易有限公司;https://moduomaoyi.1688.com;https://detail.1688.com/offer/632023042889.html
景宁唐页贸易商行;https://shop59d96329z77e9.1688.com;https://detail.1688.com/offer/655428350902.html
高新区枫桥富罗深百货商行;https://shop335k825i72h46.1688.com;https://detail.1688.com/offer/655107359802.html
袁州区芮婷网络工作室;https://shop712ff27946c83.1688.com;https://detail.1688.com/offer/655452153179.html
新沂市嘉之华服装店;https://shop440nu7c563713.1688.com;https://detail.1688.com/offer/655424562707.html
深圳市福田区曼星达科技商行;https://shop4l002v41f4705.1688.com;https://detail.1688.com/offer/655333833969.html
新沂市成之维百货店;https://shop7t66t48804494.1688.com;https://detail.1688.com/offer/654965212465.html
余江区福凤经营部;https://shop17g80f0539307.1688.com;https://detail.1688.com/offer/654964532568.html
余江区琦欧经营部;https://shop3235j3w4639h5.1688.com;https://detail.1688.com/offer/655267557256.html
新沂市林之维百货店;https://shop403j8715994i9.1688.com;https://detail.1688.com/offer/653137276743.html
袁州区七重网络工作室;https://shop764k3289k11o6.1688.com;https://detail.1688.com/offer/653415313219.html
万载县洲稍玲百货商行;https://shop92lx4818t8624.1688.com;https://detail.1688.com/offer/655479049295.html
新沂市符雨诗家居用品经营部;https://shop44c86335b0j73.1688.com;https://detail.1688.com/offer/655129586936.html
余江区贵欣经营部;https://shop17971k1501sv7.1688.com;https://detail.1688.com/offer/655006866685.html
余江区祥朔经营部;https://shop2592786x79717.1688.com;https://detail.1688.com/offer/655604851009.html
袁州区北梦网络工作室;https://shop9055836aa19o2.1688.com;https://detail.1688.com/offer/655385434786.html
袁州区楠烟网络工作室;https://shop653224db6d762.1688.com;https://detail.1688.com/offer/655385130981.html
义乌市柳蓄电子商务商行;https://shop5me3549234327.1688.com;https://detail.1688.com/offer/654151984417.html
袁州区渐离网络工作室;https://shop98l9184874t59.1688.com;https://detail.1688.com/offer/655142754474.html
余江区芬莉经营部;https://shop71w7m14566860.1688.com;https://detail.1688.com/offer/654240277016.html
万载县高轴会百货店;https://shop676760p4507v8.1688.com;https://detail.1688.com/offer/654683069711.html
义乌市伊唧饰品有限公司;https://nxspc.1688.com;https://detail.1688.com/offer/615512359663.html
广州市越秀区宏明汽车配件贸易商行;https://shop8q55918473182.1688.com;https://detail.1688.com/offer/646628566338.html
义乌市锁佑电子商务商行;https://shop1430220057240.1688.com;https://detail.1688.com/offer/654393810887.html
高新区枫桥升伟源服饰商行;https://shop9e938747d4454.1688.com;https://detail.1688.com/offer/655023071701.html
广州市克拉拉复古饰品商行;https://shop16952709b0981.1688.com;https://detail.1688.com/offer/652330716419.html
三明市三元区柳豫工艺品店;https://shop31230901hh976.1688.com;https://detail.1688.com/offer/652261711035.html
余江区钟顺电子商务商行;https://shop6un97618005k6.1688.com;https://detail.1688.com/offer/651401121873.html
义乌市通晟电子商务商行;https://qianqian1314168.1688.com;https://detail.1688.com/offer/636225907563.html
义乌市梵尚饰品厂;https://15fs.1688.com;https://detail.1688.com/offer/576565830691.html
义乌市艾诺电子商务商行;https://shop67704t30492h4.1688.com;https://detail.1688.com/offer/647105453996.html
义乌市妙德电子商务商行;https://shop1354900280794.1688.com;https://detail.1688.com/offer/650562708784.html
龙港市立迎日用品店;https://shop25751o931p5q1.1688.com;https://detail.1688.com/offer/651471358619.html
义乌市策科饰品商行;https://shop1894436y063e0.1688.com;https://detail.1688.com/offer/642747203658.html
新沂市传之志服装店;https://shop305511411a499.1688.com;https://detail.1688.com/offer/651958300729.html
余江区达琪尼商贸商行;https://shop07009673185i6.1688.com;https://detail.1688.com/offer/654134265903.html
佛山市禅城区鑫驰哈服装厂;https://shop21142586u9v59.1688.com;https://detail.1688.com/offer/648903840455.html
佛山市禅城区俪萱麟家具厂;https://shop9g218989o1980.1688.com;https://detail.1688.com/offer/651106993734.html
义乌市依宇电子商务有限公司;https://shop612q3221y5a50.1688.com;https://detail.1688.com/offer/641124440500.html
义乌市了悟电子商务有限公司;https://shop1488270830118.1688.com;https://detail.1688.com/offer/648492839596.html
义乌市烁史电子商务商行;https://shop872223wm00764.1688.com;https://detail.1688.com/offer/651403117688.html
义乌市宣颖电子商务有限公司;https://shop90606028po4a4.1688.com;https://detail.1688.com/offer/620251048349.html
丹阳市界牌镇奥士图工艺礼品厂;https://shop330u984601y99.1688.com;https://detail.1688.com/offer/652220425846.html
润州区兴而亮百货商行;https://shop0066846o6t471.1688.com;https://detail.1688.com/offer/651690137001.html
广州方挚实业有限公司;https://shop9t2802826n457.1688.com;https://detail.1688.com/offer/655898918308.html
余江区发启贸易商行;https://shop5355k408co712.1688.com;https://detail.1688.com/offer/654739807425.html
义乌市万犇贸易有限公司;https://shop426755a81d370.1688.com;https://detail.1688.com/offer/655465142506.html
厦门市湖里区戴圆履方百货店;https://shop516362615gxg1.1688.com;https://detail.1688.com/offer/642212040411.html
万载县静省片日用品经营部;https://shop63y47731wy413.1688.com;https://detail.1688.com/offer/652584594453.html
南平市建阳区练光纬百货店;https://shop1372um9879169.1688.com;https://detail.1688.com/offer/650519232952.html
余江区海德电子商务商行;https://shop7501997027112.1688.com;https://detail.1688.com/offer/656134411810.html
新罗区西虾百货商行;https://shop493655174e278.1688.com;https://detail.1688.com/offer/652550477159.html
龙港市一乐日用品网店;https://shop463xuk4487074.1688.com;https://detail.1688.com/offer/648442225629.html
余江区鑫进贸易商行;https://shop2828jv94x2073.1688.com;https://detail.1688.com/offer/652970976727.html
余江区堂篇电子商务商行;https://shop9791oz5883593.1688.com;https://detail.1688.com/offer/653170748853.html
余江区汇吉岸贸易商行;https://shop9304242gn1607.1688.com;https://detail.1688.com/offer/653205085255.html
南平市建阳区嗬云水百货店;https://shop059a80j487d63.1688.com;https://detail.1688.com/offer/646638452856.html
尤溪县企德迁商行;https://shop98746u418u9p7.1688.com;https://detail.1688.com/offer/655863806583.html
余江区函谷关电子商务商行;https://shop3162y03556i24.1688.com;https://detail.1688.com/offer/654748688933.html
永定区绛想赏百货店;https://shop33657b94001a8.1688.com;https://detail.1688.com/offer/649879823635.html
义乌市树乔电子商务有限公司;https://shop98v2f8944f131.1688.com;https://detail.1688.com/offer/632856172640.html
义乌市璟行贸易有限公司;https://shop810g325081j07.1688.com;https://detail.1688.com/offer/652791834843.html
东阳市希意饰品厂;https://shop9481s116405b8.1688.com;https://detail.1688.com/offer/654879721580.html
义乌市凯亚饰品有限公司;https://kaiya598.1688.com;https://detail.1688.com/offer/641977886158.html
浦江县艾西商贸有限公司;https://shop1218258m5s9u5.1688.com;https://detail.1688.com/offer/648919652145.html
武汉市硚口区西索优世服饰经营部;https://shop0144395j736v5.1688.com;https://detail.1688.com/offer/644147352318.html
义乌市涵熙饰品有限公司;https://shop1b618i28105z6.1688.com;https://detail.1688.com/offer/641816945608.html
义乌市丽歌饰品有限公司;https://shop1467221335666.1688.com;https://detail.1688.com/offer/640833509914.html
义乌市迷尚贸易有限公司;https://azusky.1688.com;https://detail.1688.com/offer/650131893936.html
义乌市简尚饰品有限公司;https://miyaacc.1688.com;https://detail.1688.com/offer/645571709929.html
义乌市广莹电子商务有限公司;https://guangying1688.1688.com;https://detail.1688.com/offer/625000580792.html
义乌千芙饰品有限公司;https://shop1404528103758.1688.com;https://detail.1688.com/offer/575936672324.html
义乌市亮琳饰品有限公司;https://shop641wh8d824282.1688.com;https://detail.1688.com/offer/644919124449.html
义乌市蒲钻电子商务商行;https://shop1358592219982.1688.com;https://detail.1688.com/offer/606831111138.html
龙港市阿晓电子商务商行;https://shop88f0094729606.1688.com;https://detail.1688.com/offer/653761503955.html
余江区尔高经营部;https://shop2p31372c02141.1688.com;https://detail.1688.com/offer/655943971167.html
义乌市回元饰品厂;https://shop695112967y0q3.1688.com;https://detail.1688.com/offer/647771309813.html
东莞市丝唯实业有限公司;https://shop0955284kc6m06.1688.com;https://detail.1688.com/offer/622798910298.html
义乌市布斯进出口有限公司;https://shop81421962oq998.1688.com;https://detail.1688.com/offer/624175594813.html
高新区枫桥润弘晶服装商行;https://shop30809400874j9.1688.com;https://detail.1688.com/offer/654451331713.html
义乌市款是电子商务商行;https://shop22986hq8n4120.1688.com;https://detail.1688.com/offer/655726274918.html
袁州区颜霜网络工作室;https://shop53r8x4009w405.1688.com;https://detail.1688.com/offer/655918218121.html
余姚市伊东贸易商行;https://shop6x33559190c16.1688.com;https://detail.1688.com/offer/653288001412.html
高新区枫桥百漫曼百货商行;https://shop15721m1d1m735.1688.com;https://detail.1688.com/offer/654684032188.html
高新区枫桥聚全锦服饰商行;https://shop9007785728yt7.1688.com;https://detail.1688.com/offer/655012030181.html
南京花兮百货贸易有限公司;https://shop17230wv141v16.1688.com;https://detail.1688.com/offer/621570430366.html
高新区枫桥财旭宏贸易商行;https://shop365y488944b22.1688.com;https://detail.1688.com/offer/655140304958.html
广州田月贸易商行;https://shop26610833yv9r6.1688.com;https://detail.1688.com/offer/649577148903.html
广州知感商贸有限公司;https://shop63034y93l1671.1688.com;https://detail.1688.com/offer/646617343367.html
丽水景宁玖盛商贸有限公司;https://shop66783n6588799.1688.com;https://detail.1688.com/offer/651351231503.html
广州南沙区犹夏容信息技术有限公司;https://shop9k3025w607890.1688.com;https://detail.1688.com/offer/649157006154.html
广州市越秀区小雀斑饰品商行;https://shop8149r7727zr09.1688.com;https://detail.1688.com/offer/640602368188.html
义乌市瑞奇饰品有限公司;https://shop92747h6995h57.1688.com;https://detail.1688.com/offer/649481925209.html
义乌市巨欣饰品有限公司;https://juxinsp.1688.com;https://detail.1688.com/offer/654183967655.html
义乌市谦谦饰品有限公司;https://shop1495299047519.1688.com;https://detail.1688.com/offer/643171858025.html
义乌市诺韩饰品有限公司;https://nuohanshipin.1688.com;https://detail.1688.com/offer/622762548286.html
深圳市坪山区旺货行百货商行;https://shop0715qw8383b39.1688.com;https://detail.1688.com/offer/655198114263.html
义乌市古魅电子商务商行;https://shop85r92933y0y79.1688.com;https://detail.1688.com/offer/643956047296.html
佛山市南海区佳广润家具厂;https://shop30194v301ma25.1688.com;https://detail.1688.com/offer/653479829465.html
义乌市鹿迪贸易有限公司;https://shop1427820479880.1688.com;https://detail.1688.com/offer/625146920759.html
义乌市潮炫饰品有限公司;https://shop84o303987q378.1688.com;https://detail.1688.com/offer/655172334320.html
义乌市惜美饰品厂;https://shop99034029609i3.1688.com;https://detail.1688.com/offer/655157586814.html
义乌市圣熙饰品有限公司;https://shengxi789.1688.com;https://detail.1688.com/offer/649734447857.html
浦江县麦饰贸易有限公司;https://shop750u0xg390928.1688.com;https://detail.1688.com/offer/649495912599.html
义乌市慕蔻饰品有限公司;https://shop1445878647984.1688.com;https://detail.1688.com/offer/650137163980.html
义乌市群德服饰厂;https://shop1478536871632.1688.com;https://detail.1688.com/offer/609298321568.html
睢宁县双世纺织厂;https://shop91u9850n04326.1688.com;https://detail.1688.com/offer/649636052411.html
武汉市隆威嘉商贸商行;https://shop4456026445186.1688.com;https://detail.1688.com/offer/655103738180.html
柘荣县角村日用品经营部;https://shop12u1790r83y92.1688.com;https://detail.1688.com/offer/652468090646.html
临沂高新区全嘉日用百货商行;https://shop349n929957438.1688.com;https://detail.1688.com/offer/653161542322.html
遂昌炯达日用百货商行;https://shop33760n90j9461.1688.com;https://detail.1688.com/offer/645256535222.html
新罗区香怀瑶百货店;https://shop7377792592238.1688.com;https://detail.1688.com/offer/644180799091.html
永定区杞颇亮商行;https://shop987930070f8v5.1688.com;https://detail.1688.com/offer/654487574659.html
丹阳市开发区万格维百货商行;https://shop1n1771l885i73.1688.com;https://detail.1688.com/offer/655476638017.html
安顺市星鱼商贸有限公司;https://shop37z98w6i37219.1688.com;https://detail.1688.com/offer/649762391197.html
高新区枫桥双澄百货商行;https://shop865744090pa83.1688.com;https://detail.1688.com/offer/655389286377.html
义乌市简辰饰品商行;https://shop2z1485099h180.1688.com;https://detail.1688.com/offer/653592722707.html
台州市黄岩尔坚电子商务商行;https://shop4b59x22v29290.1688.com;https://detail.1688.com/offer/655149014006.html
台州市黄岩豪辰日用品商行;https://shop5q305a385a264.1688.com;https://detail.1688.com/offer/650770414496.html
高新区枫桥好石真百货商行;https://shop382e576196721.1688.com;https://detail.1688.com/offer/655088449289.html
广州市黄埔区鹰菲尔服饰店;https://shop146tk6y344001.1688.com;https://detail.1688.com/offer/625030227584.html
广州烊华贸易有限公司;https://shop178c4y2031254.1688.com;https://detail.1688.com/offer/640528717468.html
深圳市龙岗区雅致饰品批发行;https://jdyenny.1688.com;https://detail.1688.com/offer/1286344474.html
袁州区风依网络工作室;https://shop0994777k19272.1688.com;https://detail.1688.com/offer/655664309918.html
睢宁县曼超家居用品厂;https://shop258o73m4974o1.1688.com;https://detail.1688.com/offer/650145659191.html
深圳市宝安区福海靓依都服装厂;https://shop1494607960707.1688.com;https://detail.1688.com/offer/636681557017.html
