浦江县韩之尚电子商务有限公司;https://hanzhishang.1688.com;https://detail.1688.com/offer/607830379434.html
义乌市武益锐电子商务商行;https://534410833.1688.com;https://detail.1688.com/offer/655079459871.html
义乌市利郦电子商务商行;https://shop45b86371b3146.1688.com;https://detail.1688.com/offer/630111170011.html
东阳市酷米饰品有限公司;https://shop854833pw0p704.1688.com;https://detail.1688.com/offer/617111125421.html
义乌市庆翔饰品有限公司;https://shop3978k55494058.1688.com;https://detail.1688.com/offer/645131259746.html
义乌市恬露电子商务有限公司;https://shop095819407u556.1688.com;https://detail.1688.com/offer/634267912353.html
义乌市晓通电子商务有限公司;https://shop3g2o09h083187.1688.com;https://detail.1688.com/offer/616778095221.html
义乌市圣熙饰品有限公司;https://shengxi789.1688.com;https://detail.1688.com/offer/612517604106.html
义乌市晓茵电子商务商行;https://shop1373993624078.1688.com;https://detail.1688.com/offer/607617038202.html
义乌市国秀饰品厂;https://shop251xk022585r1.1688.com;https://detail.1688.com/offer/644305152102.html
鄱阳县东慕卉服装店;https://shop3864x0705m0s5.1688.com;https://detail.1688.com/offer/652002004614.html
义乌市温敏电子商务商行;https://shop5658845756640.1688.com;https://detail.1688.com/offer/654525298316.html
义乌市彬圣电子商务商行;https://shop96ff860955536.1688.com;https://detail.1688.com/offer/637920128922.html
义乌市臻逸日用百货有限公司;https://shop5833t68y248t5.1688.com;https://detail.1688.com/offer/650086691025.html
广州苑智未来网络科技有限公司;https://shop054w65y91w721.1688.com;https://detail.1688.com/offer/606218460017.html
余江区新明电子商务商行;https://shop08h97t73805s1.1688.com;https://detail.1688.com/offer/651326768525.html
尤溪县多金夫商行;https://shop8435282042477.1688.com;https://detail.1688.com/offer/643217921325.html
余江区聪格乐电子商务商行;https://shop4f9365e85r227.1688.com;https://detail.1688.com/offer/651454452273.html
余江区全我意电子商务商行;https://shop6q2777h7108h1.1688.com;https://detail.1688.com/offer/652763246319.html
余江区程美腾电子商务商行;https://shop0189qx8473904.1688.com;https://detail.1688.com/offer/652160750847.html
余江区万然顺电子商务商行;https://shop8648790155389.1688.com;https://detail.1688.com/offer/652617143964.html
余江区收凤电子商务商行;https://shop694748u6u6021.1688.com;https://detail.1688.com/offer/652497235318.html
余江区大热丝电子商务商行;https://shop7653j88456jh7.1688.com;https://detail.1688.com/offer/655488065252.html
义乌市酷华饰品厂;https://shop1438707329000.1688.com;https://detail.1688.com/offer/607955947937.html
东阳市艾莎饰品有限公司;https://shop73l36v18478s7.1688.com;https://detail.1688.com/offer/636112506918.html
义乌市清雅饰品有限公司;https://shop78254wqw30198.1688.com;https://detail.1688.com/offer/644122707201.html
义乌市金前服饰有限公司;https://shop3105905e763w3.1688.com;https://detail.1688.com/offer/648060942098.html
义乌市球球贸易有限公司;https://qiuqiumaoyi.1688.com;https://detail.1688.com/offer/647922505047.html
万载县静省片日用品经营部;https://shop63y47731wy413.1688.com;https://detail.1688.com/offer/650980193240.html
义乌市荣迪服饰厂;https://shop657k206ts6426.1688.com;https://detail.1688.com/offer/648932211188.html
柘荣县周日日用品经营部;https://shop51106a8ee4002.1688.com;https://detail.1688.com/offer/651290327431.html
万载县清坤日用品经营部;https://shop96621o2145555.1688.com;https://detail.1688.com/offer/649737580590.html
柘荣县角尼日用品经营部;https://shop86f7460976258.1688.com;https://detail.1688.com/offer/650511802987.html
新沂市联之星服装店;https://shop7502y4416l895.1688.com;https://detail.1688.com/offer/654417825236.html
新罗区建霖百货商行;https://shop5232179724801.1688.com;https://detail.1688.com/offer/644114619663.html
博爱县好小伙日用品网店;https://shop511q070772058.1688.com;https://detail.1688.com/offer/644128477150.html
义乌市屋上屋电子商务有限公司;https://shop08b86t1966246.1688.com;https://detail.1688.com/offer/648997052542.html
义乌市艾琪饰品有限公司;https://shop1427993513233.1688.com;https://detail.1688.com/offer/640617177551.html
义乌华贸饰品有限公司;https://shop70150150u0p91.1688.com;https://detail.1688.com/offer/648897829167.html
义乌市丽歌饰品有限公司;https://shop1467221335666.1688.com;https://detail.1688.com/offer/647790653192.html
义乌市腾卓饰品厂;https://shop1444669210627.1688.com;https://detail.1688.com/offer/640347308148.html
义乌市琦艺饰品有限公司;https://artsyshop.1688.com;https://detail.1688.com/offer/653554410268.html
深圳市百侯电子有限公司;https://szbyhoo.1688.com;https://detail.1688.com/offer/642351743984.html
东阳市俊涵饰品有限公司;https://junhansp.1688.com;https://detail.1688.com/offer/636861326359.html
义乌市万昇电子商务有限公司;https://shop5n320b447n869.1688.com;https://detail.1688.com/offer/646670628332.html
义乌市江然饰品有限公司;https://ywbutterfly.1688.com;https://detail.1688.com/offer/534826978249.html
五华县横陂镇小彬锋商行;https://shop647531931r2s3.1688.com;https://detail.1688.com/offer/652701899815.html
五华县岐岭镇曾利浩加工厂;https://shop2739o589317t1.1688.com;https://detail.1688.com/offer/652475394147.html
高新区枫桥好石真百货商行;https://shop382e576196721.1688.com;https://detail.1688.com/offer/651479906831.html
晋江市池店镇秩序鞋帽商行;https://shop53hf035680217.1688.com;https://detail.1688.com/offer/634191112693.html
广州芊优贸易商行;https://qianyou528.1688.com;https://detail.1688.com/offer/645458324495.html
遂昌县赛列日用百货商行;https://shop713ua640u3088.1688.com;https://detail.1688.com/offer/648482715504.html
义乌市通富贸易有限公司;https://shop52l188506xl10.1688.com;https://detail.1688.com/offer/648673140452.html
义乌市策帅电子商务商行;https://cs13777917215.1688.com;https://detail.1688.com/offer/41128675312.html
新罗区悦尚骁百货商行;https://shop1r5l0j4029139.1688.com;https://detail.1688.com/offer/651150677962.html
义乌市霍法电子商务商行;https://shop594021rj7v960.1688.com;https://detail.1688.com/offer/648961240642.html
高新区枫桥双典百货商行;https://shop24h30z28m3651.1688.com;https://detail.1688.com/offer/650697781658.html
梅州市梅江区梦秀天丽服装商行;https://shop8u311945uu930.1688.com;https://detail.1688.com/offer/653802805214.html
丹阳市界牌镇库克威家居用品厂;https://shop4209w0o7571y9.1688.com;https://detail.1688.com/offer/654556060402.html
义乌市蕊柔电子商务商行;https://shop1414773994392.1688.com;https://detail.1688.com/offer/44700875548.html
明光市鑫之鑫贸易商行;https://shop39146283au5z9.1688.com;https://detail.1688.com/offer/650903711435.html
广州市荔湾区禹潘商贸有限公司;https://shop4i19265862i14.1688.com;https://detail.1688.com/offer/641123412656.html
台州市黄岩银风日用品商行;https://shop2572uc246v718.1688.com;https://detail.1688.com/offer/654568380918.html
明光市丰洋贸易商行;https://shop855e9159vh786.1688.com;https://detail.1688.com/offer/652913635679.html
柘荣县楷因日用品经营部;https://shop073q1y7j23641.1688.com;https://detail.1688.com/offer/652013584602.html
深圳市龙华新区伊百分手工饰品厂;https://storyacc.1688.com;https://detail.1688.com/offer/552241959179.html
余江区迪天经营部;https://shop651z699s057s3.1688.com;https://detail.1688.com/offer/654199963023.html
高新区枫桥鑫圣元服饰商行;https://shop9cy838570g476.1688.com;https://detail.1688.com/offer/654907218012.html
温州斗牛犬家居用品有限公司;https://shop539097j39n292.1688.com;https://detail.1688.com/offer/638950696405.html
浦江县艾西商贸有限公司;https://shop1218258m5s9u5.1688.com;https://detail.1688.com/offer/649418458902.html
义乌市佳旎服饰有限公司;https://shop1466010343960.1688.com;https://detail.1688.com/offer/624810333257.html
义乌市沁瑶电子商务商行;https://shop2l45760n5y6x6.1688.com;https://detail.1688.com/offer/652160961042.html
深圳市科联四海科技有限公司;https://kolinsky.1688.com;https://detail.1688.com/offer/642018542023.html
义乌市源升电子商务有限公司;https://shop645wp3y875624.1688.com;https://detail.1688.com/offer/642154821472.html
义乌市苏芳琴电子商务商行;https://shop2x8x28n891389.1688.com;https://detail.1688.com/offer/641623302150.html
义乌卡文工艺品有限公司;https://shop491000g023gk8.1688.com;https://detail.1688.com/offer/647746478770.html
杭州余杭区乔司街道轶曼服装商行;https://shop68r01q36j4759.1688.com;https://detail.1688.com/offer/654847593351.html
义乌市予诺电子商务商行;https://shop97109h2h70819.1688.com;https://detail.1688.com/offer/640718953277.html
袁州区素玄网络工作室;https://shop117055518i138.1688.com;https://detail.1688.com/offer/653239750823.html
新罗区卡咖百货商行;https://shop60s249cc9u682.1688.com;https://detail.1688.com/offer/655286106830.html
义乌市竣堰电子商务商行;https://shop4245955uk99v4.1688.com;https://detail.1688.com/offer/650056343624.html
遂昌沃泽日用百货商行;https://shop131w3246f9o11.1688.com;https://detail.1688.com/offer/644169060381.html
义乌市易东电子商务有限公司;https://shop71459393w3719.1688.com;https://detail.1688.com/offer/639341346303.html
广州唯依日用品厂;https://shop842429r765q91.1688.com;https://detail.1688.com/offer/653626208421.html
新沂市本之喜家居用品部;https://shop5767188892170.1688.com;https://detail.1688.com/offer/650193775276.html
袁州区随风网络工作室;https://shop92y25611b4132.1688.com;https://detail.1688.com/offer/653189708957.html
义乌市茵毅电子商务商行;https://shop9157990717066.1688.com;https://detail.1688.com/offer/649495860961.html
睢宁县润道家居用品厂;https://shop97n2889m05118.1688.com;https://detail.1688.com/offer/654284299605.html
袁州区芮婷网络工作室;https://shop712ff27946c83.1688.com;https://detail.1688.com/offer/654058538827.html
柘荣县声果日用品经营部;https://shop42x54k1344396.1688.com;https://detail.1688.com/offer/652268578321.html
袁州区北梦网络工作室;https://shop9055836aa19o2.1688.com;https://detail.1688.com/offer/653623633935.html
义乌市厚盾电子商务商行;https://shop106434x85n9j8.1688.com;https://detail.1688.com/offer/652811127319.html
余江区菲悠经营部;https://shop85l9l36245631.1688.com;https://detail.1688.com/offer/653055079113.html
新沂市林之维百货店;https://shop403j8715994i9.1688.com;https://detail.1688.com/offer/651789112550.html
余江区美德丽电子商务商行;https://shop2d418860716v3.1688.com;https://detail.1688.com/offer/652697330654.html
柘荣县庆网日用品经营部;https://shop455b254065j45.1688.com;https://detail.1688.com/offer/646489247468.html
义乌市腾逢商贸有限公司;https://shop4dh10h3084718.1688.com;https://detail.1688.com/offer/639023069678.html
青岛韩觅饰品有限公司;https://hanmisp.1688.com;https://detail.1688.com/offer/639674692104.html
义乌市檬誉电子商务商行;https://shop861d7742u4788.1688.com;https://detail.1688.com/offer/651978970621.html
余江区偌慧经营部;https://shop2158240687t51.1688.com;https://detail.1688.com/offer/652944190142.html
义乌市使帆电子商务商行;https://shop68501066tp222.1688.com;https://detail.1688.com/offer/651970818105.html
义乌市执明电子商务商行;https://shop89053089y7392.1688.com;https://detail.1688.com/offer/643669060045.html
余江区怡欣经营部;https://shop52c29h61p8881.1688.com;https://detail.1688.com/offer/655441326398.html
佛山市禅城区鑫驰哈服装厂;https://shop21142586u9v59.1688.com;https://detail.1688.com/offer/650248191506.html
余江区茂易电子商务商行;https://shop63388bt911u42.1688.com;https://detail.1688.com/offer/652540471334.html
万载县环旭日用品经营部;https://shop23712143w33p7.1688.com;https://detail.1688.com/offer/649812976281.html
尤溪县酒溪庄商行;https://shop173896j2v8i08.1688.com;https://detail.1688.com/offer/639823685363.html
新罗区智之之百货商行;https://shop0j023455a6103.1688.com;https://detail.1688.com/offer/644669387406.html
南平市建阳区宛浩然百货店;https://shop0799356797yr2.1688.com;https://detail.1688.com/offer/643940285285.html
余江区达祥经营部;https://shop11090a38112a5.1688.com;https://detail.1688.com/offer/652496295182.html
永定区赞伊密百货店;https://shop4092t7rx89744.1688.com;https://detail.1688.com/offer/642420036843.html
义乌市贶景电子商务商行;https://shop8307899835mb7.1688.com;https://detail.1688.com/offer/655896723188.html
南平市建阳区练光纬百货店;https://shop1372um9879169.1688.com;https://detail.1688.com/offer/651656766787.html
义乌市鹤洲电子商务商行;https://shop34e1x62919133.1688.com;https://detail.1688.com/offer/654128371525.html
义乌市狼昊电子商务商行;https://shop20265h6928156.1688.com;https://detail.1688.com/offer/653450229097.html
柘荣县庆图日用品经营部;https://shop7963428g6g051.1688.com;https://detail.1688.com/offer/654306000838.html
新罗区建汇百货商行;https://shop11bb159v11932.1688.com;https://detail.1688.com/offer/650190037969.html
深圳市宝安区鼎晟贸易商行;https://shop56368w812v949.1688.com;https://detail.1688.com/offer/653621703450.html
义乌市宇佳诺饰品有限公司;https://shop901304c292777.1688.com;https://detail.1688.com/offer/649788524782.html
南平市建阳区林农文魏丕百货店;https://shop065acr1838165.1688.com;https://detail.1688.com/offer/644736180548.html
义乌市霸徒电子商务商行;https://shop11436o35z1679.1688.com;https://detail.1688.com/offer/650993834267.html
新罗区希荏网店;https://shop917a52979na96.1688.com;https://detail.1688.com/offer/653435965041.html
义乌市志樱饰品厂;https://shop98581333x7719.1688.com;https://detail.1688.com/offer/645005728937.html
连城县老秀竹百货店;https://shop6g740658k4610.1688.com;https://detail.1688.com/offer/654189696011.html
义乌市发邦饰品有限公司;https://ywfbspc.1688.com;https://detail.1688.com/offer/642088039252.html
义乌市笑妘电子商务商行;https://shop57fd661433252.1688.com;https://detail.1688.com/offer/601656783140.html
义乌市妙德电子商务商行;https://shop1354900280794.1688.com;https://detail.1688.com/offer/585565000850.html
义乌市围艺贸易有限公司;https://ywsweiyi.1688.com;https://detail.1688.com/offer/650002971274.html
义乌市莱玛电子商务有限公司;https://laimasp.1688.com;https://detail.1688.com/offer/634072971697.html
泉州市拾梦网络科技有限公司;https://shop1i5i83b078877.1688.com;https://detail.1688.com/offer/644581892686.html
高州市奇优电子商务商行;https://shop663371y112e62.1688.com;https://detail.1688.com/offer/652824102226.html
义乌市王娟香电子商务商行;https://shop8ma915328h889.1688.com;https://detail.1688.com/offer/580740402253.html
广信区平辉饰品厂;https://shop6242kb3739755.1688.com;https://detail.1688.com/offer/621111667336.html
陆川县辉宜日用品店;https://shop788j37x2485r4.1688.com;https://detail.1688.com/offer/655107015655.html
玉林市玉州区鸿叶百货店;https://shop1y97137309xq1.1688.com;https://detail.1688.com/offer/651708917370.html
义乌奇睿饰品有限公司;https://yiwuqirui.1688.com;https://detail.1688.com/offer/654556532794.html
余江区发启贸易商行;https://shop5355k408co712.1688.com;https://detail.1688.com/offer/652468206627.html
义乌市爱序电子商务商行;https://shop644r9744u9824.1688.com;https://detail.1688.com/offer/655215473430.html
广州勇堂批发商行;https://shop06447661j8099.1688.com;https://detail.1688.com/offer/650281063494.html
广州亮梓商贸有限公司;https://shop4512e91319509.1688.com;https://detail.1688.com/offer/656395587568.html
广州市南沙区策很网络科技有限责任公司;https://shop59764q11s8q74.1688.com;https://detail.1688.com/offer/652091171277.html
义乌市璇涞电子商务商行;https://shop4833v965y1y18.1688.com;https://detail.1688.com/offer/651433432857.html
景宁斐玖贸易商行;https://shop0b05206r42313.1688.com;https://detail.1688.com/offer/650565274171.html
义乌市锐娟电子商务商行;https://shop319942j4u5151.1688.com;https://detail.1688.com/offer/652873001836.html
义乌市亚誉电子商务商行;https://shop960952jz62422.1688.com;https://detail.1688.com/offer/653504410797.html
义乌市施财电子商务商行;https://shop2996036b81135.1688.com;https://detail.1688.com/offer/652807781170.html
义乌市澄悬电子商务商行;https://shop195v455g81v09.1688.com;https://detail.1688.com/offer/653031701691.html
义乌市芽大电子商务商行;https://shop28122911141e7.1688.com;https://detail.1688.com/offer/645046702075.html
义乌市企冬电子商务商行;https://shop1536079561323.1688.com;https://detail.1688.com/offer/653572591067.html
义乌市霞劲电子商务商行;https://shop859t20r10b370.1688.com;https://detail.1688.com/offer/653705539864.html
义乌市宣菲服饰有限公司;https://xuanfei666.1688.com;https://detail.1688.com/offer/548711188213.html
义乌市萤歌贸易有限公司;https://shop8851150337700.1688.com;https://detail.1688.com/offer/640786588153.html
义乌市氿乐电子商务商行;https://shop1428511784824.1688.com;https://detail.1688.com/offer/616128207914.html
义乌市梵尚饰品厂;https://15fs.1688.com;https://detail.1688.com/offer/617324090262.html
义乌市缕民电子商务商行;https://shop1457759935747.1688.com;https://detail.1688.com/offer/655370855743.html
义乌千芙饰品有限公司;https://shop1404528103758.1688.com;https://detail.1688.com/offer/583327803260.html
义乌市润特饰品有限公司;https://sunfangwei8.1688.com;https://detail.1688.com/offer/568505880567.html
义乌市考薛电子商务商行;https://shop86d50o63s2738.1688.com;https://detail.1688.com/offer/652729553440.html
南平市建阳区林农孔格百货店;https://shop0169r62wo0694.1688.com;https://detail.1688.com/offer/653307335393.html
南平市建阳区寒昙阁百货店;https://shop097i69v7183v9.1688.com;https://detail.1688.com/offer/653799227117.html
义乌市庄智电子商务商行;https://shop6k48166781k01.1688.com;https://detail.1688.com/offer/654850881345.html
柘荣县楷声日用品经营部;https://shop919sr48055l08.1688.com;https://detail.1688.com/offer/651221058417.html
余江区莱欣经营部;https://shop7u929u7314855.1688.com;https://detail.1688.com/offer/654861727218.html
义乌市邻果饰品有限公司;https://shop5e541j99908q5.1688.com;https://detail.1688.com/offer/642926746791.html
义乌市秉栗电子商务商行;https://shop38247043qq285.1688.com;https://detail.1688.com/offer/653698412922.html
余江区福统经营部;https://shop72196l0c27012.1688.com;https://detail.1688.com/offer/653720284248.html
义乌市光与影电子商务商行;https://shop031728v2g2u85.1688.com;https://detail.1688.com/offer/616508767763.html
义乌市蚕羽贸易有限公司;https://shop921807me77854.1688.com;https://detail.1688.com/offer/648871024974.html
南平市建阳区林农沃德百货店;https://shop83w7284142161.1688.com;https://detail.1688.com/offer/654748475304.html
丹阳市开发区隆圣达百货商行;https://shop017v2863o2244.1688.com;https://detail.1688.com/offer/650348741357.html
新罗区鑫铭百货商行;https://shop3wv5857a44117.1688.com;https://detail.1688.com/offer/653891225940.html
义乌市芙戎电子商务商行;https://shop52j0o65809554.1688.com;https://detail.1688.com/offer/654378187874.html
义乌市营咚电子商务商行;https://shop802ddp6330414.1688.com;https://detail.1688.com/offer/654288019677.html
南平市建阳区林农皎洁百货店;https://shop19608zv047824.1688.com;https://detail.1688.com/offer/655866574254.html
义乌市智型电子商务商行;https://shop6946k07264578.1688.com;https://detail.1688.com/offer/656177179458.html
龙港市阿晓电子商务商行;https://shop88f0094729606.1688.com;https://detail.1688.com/offer/653761919937.html
余江区荣丰盛电子商务商行;https://shop8p17207150276.1688.com;https://detail.1688.com/offer/650858492292.html
义乌市昌盈电子商务商行;https://shop99r1u64676765.1688.com;https://detail.1688.com/offer/643761922638.html
新罗区嘉了陵百货商行;https://shop32c8p15647p56.1688.com;https://detail.1688.com/offer/643108284070.html
广州天河区明盛电子厂;https://shop2253g7g207403.1688.com;https://detail.1688.com/offer/656047294575.html
南平市建阳区林农秦宣百货店;https://shop94371q673k841.1688.com;https://detail.1688.com/offer/656437791506.html
新罗区浚浚百货商行;https://shop66570666664k8.1688.com;https://detail.1688.com/offer/643316797536.html
桐乡市泽木纺织品有限公司;https://zemutextile.1688.com;https://detail.1688.com/offer/614468888658.html
义乌市沐凌华服饰有限公司;https://shop6132632o17239.1688.com;https://detail.1688.com/offer/649730777177.html
义乌市恭尚电子商务商行;https://shop1396371560105.1688.com;https://detail.1688.com/offer/640618481493.html
义乌市飞灿服饰厂;https://shop1433437475559.1688.com;https://detail.1688.com/offer/538967508046.html
广州奇雅丝印花制品有限公司;https://qiyasi.1688.com;https://detail.1688.com/offer/645554193060.html
义乌市飞韩饰品有限公司;https://feihan.1688.com;https://detail.1688.com/offer/642418016966.html
义乌市青囊贸易有限公司;https://miaoxiaccessory.1688.com;https://detail.1688.com/offer/645561167382.html
新罗区兰香可百货店;https://shop47sd598990p11.1688.com;https://detail.1688.com/offer/647370396835.html
义乌市乔嘉贸易有限公司;https://shop31e9c34074k58.1688.com;https://detail.1688.com/offer/641387680565.html
义乌市炫朵饰品有限公司;https://shop5632i69k31k42.1688.com;https://detail.1688.com/offer/602586830731.html
义乌市豪度服饰有限公司;https://shop4p26370720269.1688.com;https://detail.1688.com/offer/648595876362.html
义乌市三态饰品有限公司;https://santai3333.1688.com;https://detail.1688.com/offer/600748476112.html
高新区枫桥富罗深百货商行;https://shop335k825i72h46.1688.com;https://detail.1688.com/offer/654300759878.html
俞江杰;https://shop1396630750420.1688.com;https://detail.1688.com/offer/591520660978.html
丽水景宁珑盛贸易有限公司;https://shop531434h732848.1688.com;https://detail.1688.com/offer/641753380276.html
万载县福昕日用品商行;https://shop251x9864u2y64.1688.com;https://detail.1688.com/offer/647904133842.html
应波;https://yingbowujin888.1688.com;https://detail.1688.com/offer/644179149756.html
余江区高飞飞电子商务商行;https://shop9765652s93969.1688.com;https://detail.1688.com/offer/653315914811.html
义乌市蜜得贸易商行;https://shop2s56570lg2557.1688.com;https://detail.1688.com/offer/648610734439.html
余江区京欧商贸商行;https://shop93w348l913563.1688.com;https://detail.1688.com/offer/655417281126.html
漳州开发区淌联服装店;https://shop70791681x3043.1688.com;https://detail.1688.com/offer/653631022961.html
石狮市简峰舍楼网络百货商行;https://shop62dt1665017i8.1688.com;https://detail.1688.com/offer/653052207888.html
余江区鑫进贸易商行;https://shop2828jv94x2073.1688.com;https://detail.1688.com/offer/653562569029.html
南平市建阳区林农昭汉百货店;https://shop93p978l965704.1688.com;https://detail.1688.com/offer/646575018105.html
义乌市昕涵饰品有限公司;https://shop249075gr0r667.1688.com;https://detail.1688.com/offer/633158380980.html
义乌市泓泰贸易有限公司;https://shop9z421n56482p8.1688.com;https://detail.1688.com/offer/641932982934.html
杭州中国丝绸城蚕源丝绸商行;https://canyuan.1688.com;https://detail.1688.com/offer/597041336441.html
九江千贝科技有限公司;https://shop20x2450d96690.1688.com;https://detail.1688.com/offer/607366423789.html
义乌市海罗饰品有限公司;https://shop8586079h67653.1688.com;https://detail.1688.com/offer/618777004773.html
义乌市语百饰品有限公司;https://shop1467652150677.1688.com;https://detail.1688.com/offer/642200959656.html
广州市越秀区小雀斑饰品商行;https://shop8149r7727zr09.1688.com;https://detail.1688.com/offer/640399258609.html
佛山市南海区科凌驰日用百货商行;https://shop510b31l858724.1688.com;https://detail.1688.com/offer/655902310775.html
遂昌颖鑫贸易商行;https://shop092691l3y1221.1688.com;https://detail.1688.com/offer/655643182589.html
广州福昇瑞贸易商行;https://shop133p9vz120021.1688.com;https://detail.1688.com/offer/654176028717.html
义乌市逸舒贸易有限公司;https://15868952333.1688.com;https://detail.1688.com/offer/602572867539.html
义乌市曼达饰品有限公司;https://shop4426357501x32.1688.com;https://detail.1688.com/offer/643741972083.html
义乌市北世饰品有限公司;https://shop0224f101w57y4.1688.com;https://detail.1688.com/offer/646035414046.html
广州子叶贸易有限公司;https://shop252200v4w1w21.1688.com;https://detail.1688.com/offer/639764796226.html
义乌市恒曦饰品有限公司;https://shop0115751817ip8.1688.com;https://detail.1688.com/offer/642254908538.html
义乌市冰玉电子商务商行;https://shop40v4521v24384.1688.com;https://detail.1688.com/offer/638627882845.html
义乌市水馨饰品有限公司;https://shop2654750m86272.1688.com;https://detail.1688.com/offer/635058041308.html
杭州大旗工贸有限公司;https://shop23b845184jy57.1688.com;https://detail.1688.com/offer/636056736806.html
义乌市兜妮饰品厂;https://shop4f36d6368n011.1688.com;https://detail.1688.com/offer/641578844902.html
义乌市幂糖饰品有限公司;https://shop31m59b215b226.1688.com;https://detail.1688.com/offer/644618751253.html
义乌古蒂电子商务有限公司;https://shop541zv23284107.1688.com;https://detail.1688.com/offer/632112579156.html
成华区望江可百货店;https://shop877012468kp98.1688.com;https://detail.1688.com/offer/646602134481.html
深圳市米尤贸易有限公司;https://shop2061454c17197.1688.com;https://detail.1688.com/offer/640642806581.html
新罗区金恒百货商行;https://shop6578r113c6802.1688.com;https://detail.1688.com/offer/651969693456.html
余江区长洋经营部;https://shop457u9589073o0.1688.com;https://detail.1688.com/offer/655050081266.html
义乌市米盒服饰有限公司;https://shop15426j44gl492.1688.com;https://detail.1688.com/offer/653023632908.html
义乌市铎铃电子商务商行;https://darling8861.1688.com;https://detail.1688.com/offer/613937513661.html
广州滋洋贸易有限公司;https://shop9c358cy138682.1688.com;https://detail.1688.com/offer/631139478575.html
长沙市天心区霖通商行;https://shop484qs235e2071.1688.com;https://detail.1688.com/offer/649281629623.html
义乌市仪雅服饰商行;https://shop35e536861v019.1688.com;https://detail.1688.com/offer/649011673786.html
义乌市英子饰品商行;https://shop17z077b785152.1688.com;https://detail.1688.com/offer/642196488203.html
广州市番禺区南村金永哲百货店;https://shop511p5439q0q57.1688.com;https://detail.1688.com/offer/637297614935.html
义乌市南峪饰品有限公司;https://shop3605z36m58534.1688.com;https://detail.1688.com/offer/648011580162.html
义乌市博龚电子商务商行;https://shop753848f7f9633.1688.com;https://detail.1688.com/offer/653709062348.html
义乌市笑眼电子商务商行;https://shop497061166h437.1688.com;https://detail.1688.com/offer/652926308076.html
义乌市云觞电子商务商行;https://shop557g218980r27.1688.com;https://detail.1688.com/offer/654092739552.html
义乌市隆驰顺电子商务商行;https://shop059s315b07555.1688.com;https://detail.1688.com/offer/654439807427.html
义乌市缀凯饰品厂;https://shop1420735080549.1688.com;https://detail.1688.com/offer/642202540694.html
临沂市兰山区兴驰家居用品厂;https://shop36267493g7935.1688.com;https://detail.1688.com/offer/577471335846.html
兰山区耀隆百货用品厂;https://shop9488107dd2532.1688.com;https://detail.1688.com/offer/645174439535.html
杨玲山;https://shop5552z85003360.1688.com;https://detail.1688.com/offer/645175735376.html
义乌市岚辰饰品有限公司;https://lanchen2018.1688.com;https://detail.1688.com/offer/642607600420.html
永定区枯善姿百货商行;https://shop2l32083922003.1688.com;https://detail.1688.com/offer/646146173884.html
新罗区景吾网店;https://shop94748w3798b43.1688.com;https://detail.1688.com/offer/652683429297.html
遂昌阳尚贸易商行;https://shop18b4l32942928.1688.com;https://detail.1688.com/offer/644715049173.html
万载县荟达片日用品经营部;https://shop78545q33kv865.1688.com;https://detail.1688.com/offer/649949366345.html
万载县倩芬日用品经营部;https://shop16098660k2b66.1688.com;https://detail.1688.com/offer/651214237184.html
万载县溪消片日用品经营部;https://shop69971i4i115m2.1688.com;https://detail.1688.com/offer/650869507451.html
义乌市缘浏电子商务商行;https://shop11d6451512v37.1688.com;https://detail.1688.com/offer/651527920058.html
石狮市简峰理享网络百货商行;https://shop7297v12z50104.1688.com;https://detail.1688.com/offer/652756822170.html
义乌市吹阅电子商务商行;https://shop148jb72417u76.1688.com;https://detail.1688.com/offer/650366241283.html
义乌市聪逢贸易商行;https://shop9463l0776xe67.1688.com;https://detail.1688.com/offer/648138572456.html
历城区粉木少百货商行;https://shop880202l20z394.1688.com;https://detail.1688.com/offer/654972713642.html
惠州市惠阳区新圩吉兴门窗店;https://shop596741s7l0062.1688.com;https://detail.1688.com/offer/634961581819.html
广州德天杰网络科技工作室;https://shop338670z6k0331.1688.com;https://detail.1688.com/offer/634671350344.html
徐州市巨匠工艺品有限公司;https://jujianggyp.1688.com;https://detail.1688.com/offer/606973172950.html
余江区海德电子商务商行;https://shop7501997027112.1688.com;https://detail.1688.com/offer/656118187381.html
尤溪县启慧幼网店;https://shop65s393d693939.1688.com;https://detail.1688.com/offer/641411941945.html
余江区盛明电子商务商行;https://shop438c50z52c219.1688.com;https://detail.1688.com/offer/653829538951.html
余江区宁尼电子商务商行;https://shop97909144230y0.1688.com;https://detail.1688.com/offer/654671530416.html
余江区月两舜电子商务商行;https://shop67t5664779o78.1688.com;https://detail.1688.com/offer/654234099920.html
茂南区闫轲网络电子商务中心;https://shop9c321a7b02649.1688.com;https://detail.1688.com/offer/651396322369.html
尤溪县嘉磊商行;https://shop085389ht545x6.1688.com;https://detail.1688.com/offer/641766130121.html
广州引达科技有限公司;https://shop339e6s8785je7.1688.com;https://detail.1688.com/offer/637741135083.html
尤溪县依都学网店;https://shop312y02y8265y4.1688.com;https://detail.1688.com/offer/640334328448.html
义乌市奇阅饰品有限公司;https://qiyueshipin.1688.com;https://detail.1688.com/offer/581221404547.html
义乌市雅伦饰品有限公司;https://yalunshipin.1688.com;https://detail.1688.com/offer/609848352635.html
义乌市蝶族电子商务有限公司;https://shop1466994512055.1688.com;https://detail.1688.com/offer/589267645679.html
佛山市禅城区偏社气农产品加工厂;https://shop762116aq89201.1688.com;https://detail.1688.com/offer/631620706417.html
义乌市莱萌饰品有限公司;https://laimeng.1688.com;https://detail.1688.com/offer/649649122009.html
广州市花都区狮岭家家兴百货店;https://shop5462037666900.1688.com;https://detail.1688.com/offer/654614330557.html
义乌市缕丰服饰有限公司;https://shop909486591ve32.1688.com;https://detail.1688.com/offer/639731978686.html
禹王台区汇星化妆品商行;https://shop52z21z18831n1.1688.com;https://detail.1688.com/offer/643420761057.html
漳州开发区会雯韵百货店;https://shop94337o305z274.1688.com;https://detail.1688.com/offer/649514764021.html
南靖县博科食品商行;https://shop8338201165e55.1688.com;https://detail.1688.com/offer/646114467679.html
新罗区户亮网店;https://shop5k7029k328852.1688.com;https://detail.1688.com/offer/646647413550.html
新沂市捷之文服装店;https://shop71p23541890n0.1688.com;https://detail.1688.com/offer/652120666674.html
义乌市广旺针织厂;https://shop86t81766801t1.1688.com;https://detail.1688.com/offer/615291611951.html
义乌市梦锦服饰厂;https://mjoy2019.1688.com;https://detail.1688.com/offer/614700015504.html
遂昌温澜日用百货商行;https://shop076t723d39770.1688.com;https://detail.1688.com/offer/644904993092.html
义乌市今立服饰有限公司;https://shop0j22u6275i474.1688.com;https://detail.1688.com/offer/630197471086.html
义乌市蓦然电子商务商行;https://shop4p24079984497.1688.com;https://detail.1688.com/offer/635231054827.html
义乌浩利电子商务有限公司;https://haoli666.1688.com;https://detail.1688.com/offer/602737054775.html
义乌市梵恩饰品有限公司;https://fanen1688.1688.com;https://detail.1688.com/offer/597241376401.html
义乌市奢鸣饰品有限公司;https://shop2v711e02814r2.1688.com;https://detail.1688.com/offer/634255363328.html
义乌市苏瑶饰品厂;https://shop1429548420747.1688.com;https://detail.1688.com/offer/644112126046.html
义乌市忻婷电子商务商行;https://shop89i21962q3485.1688.com;https://detail.1688.com/offer/640701401039.html
义乌市摩多贸易有限公司;https://moduomaoyi.1688.com;https://detail.1688.com/offer/649044180427.html
义乌市佑勋电子商务有限公司;https://shop49186j38zg505.1688.com;https://detail.1688.com/offer/640847873212.html
铅山县鑫冠电子商务有限公司;https://shop35p6q6p543231.1688.com;https://detail.1688.com/offer/604110793379.html
义乌市宣颖电子商务有限公司;https://shop90606028po4a4.1688.com;https://detail.1688.com/offer/598953841631.html
义乌市亿韩饰品有限公司;https://yihanshipin.1688.com;https://detail.1688.com/offer/652733228225.html
义乌聚水贸易有限公司;https://shop66s39296ds488.1688.com;https://detail.1688.com/offer/616880546365.html
睢宁县顺欧服装厂;https://shop99u1542112686.1688.com;https://detail.1688.com/offer/655426550459.html
深圳市宝安区欣吉茂电子商行;https://shop344045l997096.1688.com;https://detail.1688.com/offer/643008966449.html
义乌市安朵贸易有限公司;https://shop7205u6z222285.1688.com;https://detail.1688.com/offer/653510554879.html
柘荣县庆方日用品经营部;https://shop81y8544775452.1688.com;https://detail.1688.com/offer/649906345453.html
润州区竹之轩服装厂;https://shop22309939b4f44.1688.com;https://detail.1688.com/offer/642765054882.html
新罗区红袖添百货商行;https://shop8hq0506h37805.1688.com;https://detail.1688.com/offer/642926169587.html
漯河市源汇区莫世炎敏百货店;https://shop16320d7632z95.1688.com;https://detail.1688.com/offer/649040905850.html
袁州区之言网络工作室;https://shop67f1727q97270.1688.com;https://detail.1688.com/offer/653869831313.html
义乌市喜丽猫饰品有限公司;https://xilicat.1688.com;https://detail.1688.com/offer/641123600991.html
佛山市南海区幻美尔家具厂;https://shop8k599el431791.1688.com;https://detail.1688.com/offer/650970331780.html
浙江义乌菲蓝贸易有限公司;https://shop601075176fm44.1688.com;https://detail.1688.com/offer/642306232352.html
义乌市奈潮电子商务商行;https://lingmeng.1688.com;https://detail.1688.com/offer/643397232735.html
义乌市林夕饰品有限公司;https://shop7s245l21852s6.1688.com;https://detail.1688.com/offer/654679274090.html
义乌市茜紫饰品有限公司;https://xizisp.1688.com;https://detail.1688.com/offer/640564752020.html
广州市越秀区洛桔贸易商行;https://shop45932e70q5q82.1688.com;https://detail.1688.com/offer/650529736906.html
义乌市琴琛电子商务商行;https://shop20i337u04m983.1688.com;https://detail.1688.com/offer/644179065954.html
义乌市盯润电子商务商行;https://shop725777295q018.1688.com;https://detail.1688.com/offer/647567605663.html
鄱阳县宝浩五金店;https://shop980y733471085.1688.com;https://detail.1688.com/offer/653361717478.html
义乌市妆点饰品有限公司;https://zhuangdianacc.1688.com;https://detail.1688.com/offer/620401627164.html
义乌市敛从电子商务商行;https://shop28o95177o3851.1688.com;https://detail.1688.com/offer/654054816075.html
义乌市佳信皮筋厂;https://shop21n4135265s22.1688.com;https://detail.1688.com/offer/646004947001.html
义乌市多禾饰品厂;https://shop0407708p00335.1688.com;https://detail.1688.com/offer/627739605350.html
成都市帆品电子商务有限公司;https://shop7az2g67047555.1688.com;https://detail.1688.com/offer/641873007867.html
万载县根勋日用品商行;https://shop81l2694d98557.1688.com;https://detail.1688.com/offer/647301940532.html
泉州市远升电子商务有限公司;https://shop61995462148k2.1688.com;https://detail.1688.com/offer/645846185653.html
泉州市上屋贸易有限公司;https://shop311207p08a686.1688.com;https://detail.1688.com/offer/645442920889.html
南平市建阳区乾念之百货店;https://shop699pn894212n3.1688.com;https://detail.1688.com/offer/649234149067.html
义乌市之哲电子商务商行;https://shop10524pk776366.1688.com;https://detail.1688.com/offer/650568479460.html
义乌市丽略电子商务商行;https://npw1688.1688.com;https://detail.1688.com/offer/594509475749.html
义乌市湍晨电子商务商行;https://shop1383757068524.1688.com;https://detail.1688.com/offer/644622545545.html
深圳市茂轩服饰有限公司;https://shop3178i76i60835.1688.com;https://detail.1688.com/offer/642210047351.html
微山夏镇田内百货店;https://shop663f205288513.1688.com;https://detail.1688.com/offer/653362230898.html
义乌市久通饰品加工厂;https://shop6z258x2087823.1688.com;https://detail.1688.com/offer/602944783221.html
高新区枫桥财旭宏贸易商行;https://shop365y488944b22.1688.com;https://detail.1688.com/offer/655752275825.html
石狮市简峰铭悦网络百货商行;https://shop02h77j1661v24.1688.com;https://detail.1688.com/offer/650010792943.html
袁州区岁屑网络工作室;https://shop81525o2x01x60.1688.com;https://detail.1688.com/offer/653317142270.html
