义乌市顾暖工艺品厂;https://shop1419439531540.1688.com;https://detail.1688.com/offer/555384324907.html
义乌市张承炫电子商务商行;https://618pifa.1688.com;https://detail.1688.com/offer/564193130954.html
王春利;https://shop1440176045206.1688.com;https://detail.1688.com/offer/545192369453.html
东阳市艾莎饰品有限公司;https://shop73l36v18478s7.1688.com;https://detail.1688.com/offer/635797889298.html
张升平;https://duojiaoyan.1688.com;https://detail.1688.com/offer/565282114962.html
义乌市佰昌日用百货商行;https://ywbaichang.1688.com;https://detail.1688.com/offer/595134626551.html
汕头市潮阳区铜盂艺杰仿真花厂;https://shop1451926269017.1688.com;https://detail.1688.com/offer/557866375688.html
万年县文瑾饰品厂;https://shop1459185429924.1688.com;https://detail.1688.com/offer/619718537928.html
鹰潭市高新技术产业开发区瑾睿饰品厂;https://shop6128a830y9z91.1688.com;https://detail.1688.com/offer/596071575738.html
袁州区题遇百货店;https://shop0867x124l03z0.1688.com;https://detail.1688.com/offer/653555148289.html
义乌市艾蕾亘特饰品厂;https://shop66h557u133484.1688.com;https://detail.1688.com/offer/655140314224.html
连城县奚沛容百货店;https://shop4487cdo925799.1688.com;https://detail.1688.com/offer/654298943759.html
义乌市喀则电子商务商行;https://shop4wj723u350159.1688.com;https://detail.1688.com/offer/654561087328.html
义乌市达人电子商务商行;https://zxc5927467.1688.com;https://detail.1688.com/offer/614499562347.html
台州市黄岩远语日用品商行;https://shop40n09f98888h1.1688.com;https://detail.1688.com/offer/644983322703.html
永定区悬历泽百货商行;https://shop8t60825091gv4.1688.com;https://detail.1688.com/offer/650733108780.html
义乌市厚润电子商务商行;https://shop1403110665690.1688.com;https://detail.1688.com/offer/588943429463.html
义乌市金绿工艺花厂;https://llmo910.1688.com;https://detail.1688.com/offer/589060439616.html
余江区鑫雯经营部;https://shop6311v304yk245.1688.com;https://detail.1688.com/offer/655969439364.html
余江区莱欣经营部;https://shop7u929u7314855.1688.com;https://detail.1688.com/offer/654935403249.html
余江区琪熙经营部;https://shop413c42b242259.1688.com;https://detail.1688.com/offer/653998201641.html
南平市建阳区林农汉献百货店;https://shop4ab9473h86105.1688.com;https://detail.1688.com/offer/654486118943.html
余江区欢锦经营部;https://shop26q60n60g6736.1688.com;https://detail.1688.com/offer/654066789859.html
万载县倩芬日用品经营部;https://shop16098660k2b66.1688.com;https://detail.1688.com/offer/654793412688.html
余江区莉博经营部;https://shop501s5b5380386.1688.com;https://detail.1688.com/offer/655855322190.html
余江区悠鑫经营部;https://shop13m03170u3107.1688.com;https://detail.1688.com/offer/654986900225.html
永定区军绸廉百货店;https://shop93m38618536w2.1688.com;https://detail.1688.com/offer/643333042288.html
柘荣县捷开日用品经营部;https://shop207453n6d6443.1688.com;https://detail.1688.com/offer/646251093815.html
龙港市意杉贸易商行;https://shop803e06e1i5344.1688.com;https://detail.1688.com/offer/653566462703.html
义乌市酷华饰品厂;https://shop1438707329000.1688.com;https://detail.1688.com/offer/591887083966.html
金华市金东区欢子仿真花厂;https://shop1462467533968.1688.com;https://detail.1688.com/offer/534909160844.html
义乌市信保进出口有限公司;https://cnalibaba.1688.com;https://detail.1688.com/offer/639643129270.html
南平市建阳区李幸容商贸商行;https://shop385935w6179t3.1688.com;https://detail.1688.com/offer/645844117401.html
丰泽区沈途百货网店;https://shop68426892glg28.1688.com;https://detail.1688.com/offer/652283927960.html
万载县环旭日用品经营部;https://shop23712143w33p7.1688.com;https://detail.1688.com/offer/650820866123.html
柘荣县角半日用品经营部;https://shop34738b87sm401.1688.com;https://detail.1688.com/offer/650639715959.html
鄱阳县倪从阳饰品店;https://shop61z4z69326p65.1688.com;https://detail.1688.com/offer/651456362394.html
余江区天朴经营部;https://shop73m4747017445.1688.com;https://detail.1688.com/offer/656288567594.html
余江区达梅玲百货店;https://shop124a0x7n07608.1688.com;https://detail.1688.com/offer/655000604998.html
柘荣县楷因日用品经营部;https://shop073q1y7j23641.1688.com;https://detail.1688.com/offer/651029847210.html
义乌市赫拉进出口有限公司;https://ywhera.1688.com;https://detail.1688.com/offer/599718020978.html
义乌市昌世日用百货商行;https://shop964s9j97143s3.1688.com;https://detail.1688.com/offer/652019926089.html
宿城区芊仙萌百货店;https://shop2u54o98824935.1688.com;https://detail.1688.com/offer/636663440923.html
义乌市霞米电子商务有限公司;https://ywxiami.1688.com;https://detail.1688.com/offer/543823886302.html
义乌市改华电子商务商行;https://fcflower.1688.com;https://detail.1688.com/offer/614649270625.html
义乌市三荷饰品有限公司;https://ywjialanflower.1688.com;https://detail.1688.com/offer/595710702919.html
余江区明辉电子商务商行;https://shop55774397n0j02.1688.com;https://detail.1688.com/offer/652037599438.html
余江区娇娇电子商务商行;https://shop174hn45i76451.1688.com;https://detail.1688.com/offer/651724398267.html
南平市建阳区理昆纶百货店;https://shop25791m0171263.1688.com;https://detail.1688.com/offer/650442487473.html
义乌海生饰品有限公司;https://shop6213044x3p442.1688.com;https://detail.1688.com/offer/647880271015.html
义乌市昕宇仿真花厂;https://shop42cc66049o824.1688.com;https://detail.1688.com/offer/620343692407.html
金华市娇艳饰品有限公司;https://jiaoyanshipin.1688.com;https://detail.1688.com/offer/596605785820.html
义乌市迦惠电子商务有限公司;https://shop41vc034725062.1688.com;https://detail.1688.com/offer/633816551353.html
天津宗辉仿真花有限公司;https://shop3a7188261p807.1688.com;https://detail.1688.com/offer/649958639548.html
义乌市根朔饰品有限公司;https://genshuo.1688.com;https://detail.1688.com/offer/573934472382.html
深圳市宝安区西乡度香饰品厂;https://shop1438016266458.1688.com;https://detail.1688.com/offer/521714158924.html
义乌市艾媞茵饰品有限公司;https://addilyn.1688.com;https://detail.1688.com/offer/537700507369.html
义乌市心韵饰品有限公司;https://yiwuxinyun.1688.com;https://detail.1688.com/offer/638745366029.html
广州泰洁康贸易商行;https://shop71ey303429494.1688.com;https://detail.1688.com/offer/649228434132.html
金华市友云贸易有限公司;https://shop24h4068834jd4.1688.com;https://detail.1688.com/offer/641747110482.html
义乌市铭储工艺品有限公司;https://mingchu5688.1688.com;https://detail.1688.com/offer/651717547494.html
义乌市派雅电子商务商行;https://paiyai2020.1688.com;https://detail.1688.com/offer/651342250642.html
义乌市雅程贸易商行;https://yachengmaoyi.1688.com;https://detail.1688.com/offer/651712311800.html
新罗区岛雯百货商行;https://shop95h0800568773.1688.com;https://detail.1688.com/offer/649612337571.html
广州嘚铭玩具商行;https://shop59682kt3226k7.1688.com;https://detail.1688.com/offer/652700465959.html
义乌市仂德电子商务商行;https://shop968m1tr953479.1688.com;https://detail.1688.com/offer/653878229324.html
广州宁翔商贸店;https://shop4d12b21s81732.1688.com;https://detail.1688.com/offer/654619173455.html
柘荣县角词日用品经营部;https://shop1g709u1661548.1688.com;https://detail.1688.com/offer/651495041640.html
丹阳市界牌镇布奇尚工艺礼品厂;https://shop89008e5ev7415.1688.com;https://detail.1688.com/offer/655083269476.html
临沂市兰山区洪聚商贸商行;https://shop2386o45228716.1688.com;https://detail.1688.com/offer/645798134676.html
义乌市耿悦日用百货商行;https://shop147436n689rq0.1688.com;https://detail.1688.com/offer/652094272531.html
义乌市前贵日用品厂;https://shop2642b33325c12.1688.com;https://detail.1688.com/offer/652247042848.html
沭阳县秀之园花卉园艺场;https://zhxiu66.1688.com;https://detail.1688.com/offer/619370376.html
江苏展易园林绿化有限公司;https://shop1480006078050.1688.com;https://detail.1688.com/offer/633535442762.html
天津市武清区东赫人造花经营部;https://shop79449375b6m33.1688.com;https://detail.1688.com/offer/627119417243.html
义乌市梵汐电子商务有限公司;https://fanxidecor.1688.com;https://detail.1688.com/offer/595619816796.html
义乌市昕越饰品有限公司;https://shop76h27843247d7.1688.com;https://detail.1688.com/offer/568904680790.html
义乌市诗音特贸易有限公司;https://shop2300711g86em9.1688.com;https://detail.1688.com/offer/610620206808.html
宿迁林花阁园林绿化有限公司;https://shop472271469y237.1688.com;https://detail.1688.com/offer/650745792417.html
义乌市班如丝花厂;https://shop975108683p0f5.1688.com;https://detail.1688.com/offer/599099363150.html
青田县新惠百货商行;https://shop1e1030w0905n3.1688.com;https://detail.1688.com/offer/641890239646.html
义乌市喜檬饰品厂;https://shop8y83858s379s8.1688.com;https://detail.1688.com/offer/654188894691.html
湖南荔枝信息科技有限公司;https://shop16b0882u489a6.1688.com;https://detail.1688.com/offer/655224591144.html
义乌市华义饰品厂;https://shop1448988388187.1688.com;https://detail.1688.com/offer/527942033848.html
义乌市景秋电子商务商行;https://zjqianyin.1688.com;https://detail.1688.com/offer/597683902942.html
义乌市左秋饰品厂;https://shop557l125043zx8.1688.com;https://detail.1688.com/offer/641183434383.html
广州顶上贸易商行;https://shop342a455900362.1688.com;https://detail.1688.com/offer/651143979606.html
忻州市忻府区萤火虫百货经营店;https://shop6h976t15811l5.1688.com;https://detail.1688.com/offer/642845003128.html
义乌市唯合工艺品有限公司;https://qinghehuashi1991.1688.com;https://detail.1688.com/offer/603520227711.html
义乌市毅旭电子商务商行;https://shop883551i1269c8.1688.com;https://detail.1688.com/offer/602451506326.html
义乌市诗路贸易有限公司;https://shop2752p07679he7.1688.com;https://detail.1688.com/offer/614826987937.html
高新区枫桥百洋际百货商行;https://shop6z682v7452345.1688.com;https://detail.1688.com/offer/651363800258.html
余江区曼启经营部;https://shop790j92y067896.1688.com;https://detail.1688.com/offer/653038272526.html
南平市建阳区林农文魏丕百货店;https://shop065acr1838165.1688.com;https://detail.1688.com/offer/645886470215.html
凤阳县府城趣味服饰商行;https://shop9mi62972j9950.1688.com;https://detail.1688.com/offer/649531333239.html
义乌市锡奎电子商务商行;https://shop12t8172030177.1688.com;https://detail.1688.com/offer/652260800960.html
万载县高轴会百货店;https://shop676760p4507v8.1688.com;https://detail.1688.com/offer/655406025797.html
