河南优拉国际贸易有限公司;https://shop3vm038o404309.1688.com;https://detail.1688.com/offer/615341184810.html
义乌市温宜饰品有限公司;https://venyjewelry.1688.com;https://detail.1688.com/offer/583786343405.html
河南布菲新娘饰品有限公司;https://shop091374746u468.1688.com;https://detail.1688.com/offer/640374516304.html
玉林市玉州区晨凡百货店;https://shop27082e740d2y6.1688.com;https://detail.1688.com/offer/650384092032.html
义乌市又又进出口有限公司;https://shop1445964950948.1688.com;https://detail.1688.com/offer/598917904308.html
广州市越秀区怡荣玩具商行;https://shop1431931048x70.1688.com;https://detail.1688.com/offer/631563805504.html
福州市晋安区王庄叶兴宇电子产品商行;https://shop991r4058793r4.1688.com;https://detail.1688.com/offer/652704771261.html
莒南县鲁杰商贸经销处;https://shop0h7167c3703h7.1688.com;https://detail.1688.com/offer/640403818964.html
深圳市鸿狄实业有限公司;https://shop8546153303513.1688.com;https://detail.1688.com/offer/634573128279.html
安顺市星鱼商贸有限公司;https://shop37z98w6i37219.1688.com;https://detail.1688.com/offer/649178837488.html
温州市鹿城区骧雅服装商行;https://shop6942wwc119313.1688.com;https://detail.1688.com/offer/651138846799.html
广州龙品源网络科技工作室;https://shop05503t74so319.1688.com;https://detail.1688.com/offer/633315078357.html
永定区斯斯梦网店;https://shop5595838d38859.1688.com;https://detail.1688.com/offer/634081424697.html
义乌市唛佳贸易商行;https://maijiamaoyi.1688.com;https://detail.1688.com/offer/649043930506.html
青田亿德贸易商行;https://shop51i442b0442z9.1688.com;https://detail.1688.com/offer/652861391521.html
连城县森元冬百货商行;https://shop73070yu16c120.1688.com;https://detail.1688.com/offer/654634293153.html
乐平市新鑫门窗店;https://shop440440v3x34f8.1688.com;https://detail.1688.com/offer/626386632661.html
武汉市嘉威隆商贸商行;https://shop1i5q1215402j6.1688.com;https://detail.1688.com/offer/654578315512.html
广州天傲嘉贸易商行;https://shop59531n7k20031.1688.com;https://detail.1688.com/offer/641996799407.html
广州邻家百货贸易有限公司;https://shop9d946q3818700.1688.com;https://detail.1688.com/offer/645700544114.html
广州易奇贸易有限公司;https://shop446908eu55g85.1688.com;https://detail.1688.com/offer/653238457774.html
明光市瑞正合贸易商行;https://shop6g54269u47223.1688.com;https://detail.1688.com/offer/651612852629.html
玉林市玉州区海庆日用品店;https://shop3b30601842x01.1688.com;https://detail.1688.com/offer/649535022968.html
广州市豹儿贸易商行;https://shop1v77395498939.1688.com;https://detail.1688.com/offer/639677136614.html
广州摩途贸易商行;https://shop90y96h86342b8.1688.com;https://detail.1688.com/offer/652615039881.html
新罗区谦湾涛百货店;https://shop7285eg8413963.1688.com;https://detail.1688.com/offer/633828716356.html
广州千安贸易商行;https://shop397f65197wv52.1688.com;https://detail.1688.com/offer/649883829539.html
新罗区勉绥妍百货商行;https://shop67890jj168v49.1688.com;https://detail.1688.com/offer/642753035777.html
义乌市蒽柠电子商务商行;https://shop8004q508d6o08.1688.com;https://detail.1688.com/offer/651972175704.html
永定区况蛮执百货商行;https://shop0267883857535.1688.com;https://detail.1688.com/offer/645701119282.html
永定区旷高徘商行;https://shop89p20f8892j89.1688.com;https://detail.1688.com/offer/634100730006.html
玉林市玉州区宏城百货店;https://shop6442130u27944.1688.com;https://detail.1688.com/offer/635570510223.html
义乌市欢欣饰品有限公司;https://1688happy.1688.com;https://detail.1688.com/offer/618627254757.html
义乌市麦浪电子商务有限公司;https://shop1488269626285.1688.com;https://detail.1688.com/offer/560518993369.html
广州筱浚贸易商行;https://shop0n086e6401516.1688.com;https://detail.1688.com/offer/650275029863.html
广州典曼振贸易商行;https://shop35261y36698y4.1688.com;https://detail.1688.com/offer/641475249050.html
广州白祥贸易商行;https://shop2u41816m99w91.1688.com;https://detail.1688.com/offer/649858562683.html
新罗区营修启百货店;https://shop62145132w2528.1688.com;https://detail.1688.com/offer/656292331007.html
新罗区显斯皋百货商行;https://shop2533b49886360.1688.com;https://detail.1688.com/offer/641035366748.html
广州杰凯锐贸易商行;https://shop2961ic66578g6.1688.com;https://detail.1688.com/offer/652490754401.html
新罗区司业韵百货店;https://shop2x896001jx773.1688.com;https://detail.1688.com/offer/656291579289.html
新罗区凌梦渲百货店;https://shop8828221x5icc5.1688.com;https://detail.1688.com/offer/655523941698.html
新罗区昂索曙百货店;https://shop537033b6726n5.1688.com;https://detail.1688.com/offer/655074524478.html
永定区绛想赏百货店;https://shop33657b94001a8.1688.com;https://detail.1688.com/offer/643934991264.html
广州三美贸易有限公司;https://shop2ee9146k35856.1688.com;https://detail.1688.com/offer/656284923269.html
兰山区瑛泓商贸经营中心;https://shop94156917712z8.1688.com;https://detail.1688.com/offer/650502433814.html
舞阳县杨尧百货店;https://shop382875tu49579.1688.com;https://detail.1688.com/offer/646484349251.html
义乌市念调电子商务商行;https://shop4083555236497.1688.com;https://detail.1688.com/offer/628910234947.html
景宁良异贸易商行;https://shop478y406984v02.1688.com;https://detail.1688.com/offer/627358257688.html
东莞市虎门百森榕服饰商行;https://shop5061n5v4998m7.1688.com;https://detail.1688.com/offer/655546577618.html
广州向梅鹿电子商务商行;https://shop8a7c765912610.1688.com;https://detail.1688.com/offer/655921362259.html
福州市仓山区湾流服装工作室;https://shop531i085h10368.1688.com;https://detail.1688.com/offer/655548741123.html
新罗区悦翰廷百货店;https://shop885u317q56592.1688.com;https://detail.1688.com/offer/655542573330.html
广州伟枫服装厂;https://shop41n346725is01.1688.com;https://detail.1688.com/offer/655552757894.html
新罗区晓涛忆百货店;https://shop4976ke41033i4.1688.com;https://detail.1688.com/offer/655124720450.html
永康市谷升电子商务商行;https://shop08q83i6623p45.1688.com;https://detail.1688.com/offer/655911622886.html
广州市越秀区泰咏百货有限公司;https://shop9338q56u76q47.1688.com;https://detail.1688.com/offer/655665789400.html
义乌市萍谭电子商务商行;https://shop5873w4896t612.1688.com;https://detail.1688.com/offer/655392079358.html
兰山区婉婉商贸商行;https://shop2t6463t1232b0.1688.com;https://detail.1688.com/offer/650588657049.html
义乌市或美工艺品厂;https://ywdlsp.1688.com;https://detail.1688.com/offer/565874524137.html
苏州欣美集饰品有限公司;https://xinmeiji.1688.com;https://detail.1688.com/offer/582952579256.html
义乌菲奢尔饰品有限公司;https://feisheshipin.1688.com;https://detail.1688.com/offer/641973377842.html
天台县安迪饰品商行;https://shop1458320568639.1688.com;https://detail.1688.com/offer/529519750492.html
景宁文踪贸易商行;https://shop384722012aj03.1688.com;https://detail.1688.com/offer/655464706197.html
义乌市慈钛贸易有限公司;https://shop1456764769191.1688.com;https://detail.1688.com/offer/613264170632.html
义乌市冉色电子商务商行;https://shop7986t8h334480.1688.com;https://detail.1688.com/offer/644955959881.html
宿城区萌尼奕百货店;https://shop76j9k2r783433.1688.com;https://detail.1688.com/offer/654940276800.html
漳州开发区颊唯孛五金店;https://shop5408271a37265.1688.com;https://detail.1688.com/offer/647162879500.html
广州越秀区欣倪商贸有限公司;https://shop899d3685d3801.1688.com;https://detail.1688.com/offer/652399638633.html
温州市鹿城区罡淇贸易商行;https://shop3k3297w877322.1688.com;https://detail.1688.com/offer/655067282898.html
淮南思然商贸有限公司;https://shop013525368jb50.1688.com;https://detail.1688.com/offer/647066005246.html
义乌市哈派饰品有限公司;https://shop1449680072425.1688.com;https://detail.1688.com/offer/570762787315.html
义乌市贞辰饰品有限公司;https://shop1478796532168.1688.com;https://detail.1688.com/offer/541667187159.html
义乌市贶景电子商务商行;https://shop8307899835mb7.1688.com;https://detail.1688.com/offer/654315259187.html
柘荣县楷因日用品经营部;https://shop073q1y7j23641.1688.com;https://detail.1688.com/offer/656292091740.html
义乌市阳纽电子商务商行;https://shop0695b59k07586.1688.com;https://detail.1688.com/offer/654369356809.html
义乌市微啸电子商务商行;https://shop703t7400b09x4.1688.com;https://detail.1688.com/offer/643602693937.html
义乌市诗意电子商务商行;https://shop7z90744048e00.1688.com;https://detail.1688.com/offer/647897271428.html
义乌市米迦贸易有限公司;https://mijiamaoyi.1688.com;https://detail.1688.com/offer/573033656519.html
义乌市璟恩电子商务商行;https://shop284851348x519.1688.com;https://detail.1688.com/offer/602725636628.html
义乌市聚彩饰品有限公司;https://jucaishipin.1688.com;https://detail.1688.com/offer/574107075980.html
天桥区双喜影楼用品经营部;https://jnsxyl.1688.com;https://detail.1688.com/offer/44318948485.html
新罗区凡索加百货店;https://shop6qf83523232j2.1688.com;https://detail.1688.com/offer/653444064773.html
深圳市勤实国际电子商务有限公司;https://shop113994v5t42d4.1688.com;https://detail.1688.com/offer/650869050039.html
义乌市团铭电子商务有限公司;https://shop1393347193811.1688.com;https://detail.1688.com/offer/640962559199.html
义乌市欧伊茜电子商务有限公司;https://shop409y2d7010521.1688.com;https://detail.1688.com/offer/648578668226.html
义乌市轩蔻饰品有限公司;https://wq9518.1688.com;https://detail.1688.com/offer/583842501776.html
城阳区美凤昌工艺品加工厂;https://meifengchang.1688.com;https://detail.1688.com/offer/628655258451.html
义乌市妙姿饰品有限公司;https://shop1482771688951.1688.com;https://detail.1688.com/offer/641752945796.html
义乌市念灿饰品有限公司;https://shop1467824892842.1688.com;https://detail.1688.com/offer/548342208369.html
广州市戊酷服装有限公司;https://cnwuku.1688.com;https://detail.1688.com/offer/548986486145.html
深圳市宝安区红火火商贸部;https://shop5ht523109e636.1688.com;https://detail.1688.com/offer/654242343462.html
苏州哈文商贸有限公司;https://shop310593f2h68j6.1688.com;https://detail.1688.com/offer/609115843690.html
义乌市秀尔电子商务商行;https://shop1465405439444.1688.com;https://detail.1688.com/offer/571500622031.html
义乌市丞文饰品有限公司;https://shop5u6784o528v54.1688.com;https://detail.1688.com/offer/584770511458.html
义乌市麦迪饰品有限公司;https://shop98656885453d4.1688.com;https://detail.1688.com/offer/588521087530.html
海宁龙威电子商务有限公司;https://shop1418783959592.1688.com;https://detail.1688.com/offer/620730467708.html
惠州市顺承鹏工艺制品有限公司;https://shop90281369h87h8.1688.com;https://detail.1688.com/offer/640265337561.html
义乌市红恋贸易有限公司;https://shop821719m586443.1688.com;https://detail.1688.com/offer/653447058162.html
义乌市奈思饰品厂;https://shop915928n8388e0.1688.com;https://detail.1688.com/offer/652722691158.html
义乌市蜜度首饰有限公司;https://medomedo.1688.com;https://detail.1688.com/offer/598023615421.html
义乌市缀美饰品有限公司;https://shop1383584373956.1688.com;https://detail.1688.com/offer/633903722557.html
义乌市兰西服饰有限公司;https://jijiangan99.1688.com;https://detail.1688.com/offer/573030399477.html
义乌市恒杰饰品有限公司;https://shop1432140368833.1688.com;https://detail.1688.com/offer/620383503099.html
永定区虑腾炎百货商行;https://shop239074ce34y97.1688.com;https://detail.1688.com/offer/644456174171.html
西安市未央区舒云亦贸易商行;https://shop1f38043s41v09.1688.com;https://detail.1688.com/offer/647918164861.html
广州市黄埔区味乐滋蛋糕店;https://shop4b07497117946.1688.com;https://detail.1688.com/offer/637396818379.html
连城县鄞书云百货店;https://shop71381y8063m29.1688.com;https://detail.1688.com/offer/653368533603.html
永定区悬历泽百货商行;https://shop8t60825091gv4.1688.com;https://detail.1688.com/offer/651893835175.html
连城县悦慧秀百货店;https://shop12e4473718342.1688.com;https://detail.1688.com/offer/652020418176.html
义乌市葆寇日用百货商行;https://shop5854l61897810.1688.com;https://detail.1688.com/offer/650792763314.html
商城县雪瑞贸易商行;https://shop2y3b3w6410090.1688.com;https://detail.1688.com/offer/655398269028.html
义乌市牧然电子商务商行;https://muranjewelry.1688.com;https://detail.1688.com/offer/560567616024.html
义乌市简质饰品有限公司;https://chaochangjewelry.1688.com;https://detail.1688.com/offer/587158477696.html
杭州千寻网络有限公司;https://shop1404284227937.1688.com;https://detail.1688.com/offer/590183166076.html
义乌市昌翊电子商务商行;https://shop077539sx54058.1688.com;https://detail.1688.com/offer/652355329361.html
丰泽区偏漫百货网店;https://shop22y641320u168.1688.com;https://detail.1688.com/offer/653056159425.html
义乌市兴为饰品厂;https://shop8n1h547101358.1688.com;https://detail.1688.com/offer/595840037843.html
义乌市裕尼电子商务商行;https://shop992i73x218i56.1688.com;https://detail.1688.com/offer/655127463102.html
义乌市缪可电子商务商行;https://shop4fl188578p437.1688.com;https://detail.1688.com/offer/654063683135.html
合肥市丘霸商贸有限责任公司;https://shop165655az1i394.1688.com;https://detail.1688.com/offer/655552530674.html
海丰县梅陇仁兴首饰厂;https://shop1411576995419.1688.com;https://detail.1688.com/offer/523278384184.html
义乌市芊荷饰品有限公司;https://shop294129511v860.1688.com;https://detail.1688.com/offer/656068479812.html
义乌市桥枫饰品有限公司;https://qiaofeng520.1688.com;https://detail.1688.com/offer/595934349188.html
义乌市千凌电子商务商行;https://shop3j105310s8f67.1688.com;https://detail.1688.com/offer/648004613257.html
南平市建阳区星衍百货贸易商行;https://shop889y40450a458.1688.com;https://detail.1688.com/offer/652824293355.html
义乌筑京电子商务商行;https://shop2498h775o9929.1688.com;https://detail.1688.com/offer/651850308125.html
余江区多侧电子商务商行;https://shop38e6b98z85221.1688.com;https://detail.1688.com/offer/651103474982.html
义乌市细绵饰品有限公司;https://shop1474908016625.1688.com;https://detail.1688.com/offer/567677846727.html
佛山市南海区达浓琦日用品厂;https://shop976f7l0cc2915.1688.com;https://detail.1688.com/offer/654951029284.html
广州幻姬希贸易有限公司;https://shop3c48580833111.1688.com;https://detail.1688.com/offer/652342867406.html
义乌市心韵饰品有限公司;https://yiwuxinyun.1688.com;https://detail.1688.com/offer/573341643686.html
义乌市坤黛饰品有限公司;https://shop1429721328689.1688.com;https://detail.1688.com/offer/652233737532.html
丽水驰越日用百货有限公司;https://shop858770l1220j9.1688.com;https://detail.1688.com/offer/641810774611.html
义乌市煜诺饰品有限公司;https://shop1489078467017.1688.com;https://detail.1688.com/offer/656264975096.html
南靖县博科食品商行;https://shop8338201165e55.1688.com;https://detail.1688.com/offer/646114851518.html
义乌市筱艳饰品有限公司;https://shop1445273544840.1688.com;https://detail.1688.com/offer/554629931504.html
吴兴织里靖迪日用百货商行;https://shop29xpd94837928.1688.com;https://detail.1688.com/offer/651551608352.html
南平市建阳区舒楠锦百货商贸部;https://shop40977x97c61f0.1688.com;https://detail.1688.com/offer/649736265216.html
义乌市鸿歌日用百货商行;https://shop7983r2h48o488.1688.com;https://detail.1688.com/offer/650324102494.html
