义乌市嘉为电子商务商行;https://shop3905iw76459j3.1688.com;https://detail.1688.com/offer/642319862267.html
义乌市孜瑞贸易有限公司;https://shop3792885v58m05.1688.com;https://detail.1688.com/offer/636380548324.html
义乌市窿艺昌贸易有限公司;https://shop1557305073f79.1688.com;https://detail.1688.com/offer/625169427922.html
义乌市紫格饰品有限公司;https://zigeshipin.1688.com;https://detail.1688.com/offer/646945681476.html
义乌市佩得美饰品有限公司;https://pdmjewelry.1688.com;https://detail.1688.com/offer/654701107183.html
义乌市韩派饰品有限公司;https://shop8i41247302i20.1688.com;https://detail.1688.com/offer/651876903894.html
义乌市禹祥饰品有限公司;https://yuxiang777.1688.com;https://detail.1688.com/offer/646226879684.html
濮阳市谢东小区国超淘宝代购店;https://shop1457197018026.1688.com;https://detail.1688.com/offer/635656539012.html
义乌市嫣行电子商务商行;https://shop877678n7b4238.1688.com;https://detail.1688.com/offer/642024365469.html
义乌市悠然饰品有限公司;https://shop0r2r738q87499.1688.com;https://detail.1688.com/offer/625067272847.html
万载县环旭日用品经营部;https://shop23712143w33p7.1688.com;https://detail.1688.com/offer/652768673335.html
义乌市萨启电子商务商行;https://shop2j6214nn92999.1688.com;https://detail.1688.com/offer/652032569265.html
遂昌和兴百货商行;https://shop710187fb64h94.1688.com;https://detail.1688.com/offer/637831860916.html
义乌市跃龙电子商务有限公司;https://shop43b66803904v3.1688.com;https://detail.1688.com/offer/643942859754.html
义乌市痕元日用品厂;https://shop1x4t040115117.1688.com;https://detail.1688.com/offer/655238976103.html
陆川县真棒日用品店;https://shop9747888lkl767.1688.com;https://detail.1688.com/offer/645772820064.html
义乌市致领饰品有限公司;https://shop52l021e0190e9.1688.com;https://detail.1688.com/offer/651204846972.html
新蔡县辰诚贸易有限公司;https://shop962e8860q6154.1688.com;https://detail.1688.com/offer/654784950852.html
义乌市韩璐饰品有限公司;https://shop92m044902a8k9.1688.com;https://detail.1688.com/offer/650742736753.html
南平市建阳区皇星百货商行;https://shop7670h548m01h6.1688.com;https://detail.1688.com/offer/655987962036.html
南平市建阳区林农秦宣百货店;https://shop94371q673k841.1688.com;https://detail.1688.com/offer/656044570758.html
义乌市籽岚日用百货商行;https://shop24457kb082903.1688.com;https://detail.1688.com/offer/654076704059.html
建德市下涯镇歇屑贸易商行;https://shop7081w3wi02778.1688.com;https://detail.1688.com/offer/648593831428.html
玉林市玉州区和庆日用品店;https://shop530320s83y9y7.1688.com;https://detail.1688.com/offer/643088751519.html
揭阳市揭东区新亨镇贤仔百货店;https://shop340nw36f80675.1688.com;https://detail.1688.com/offer/651159613187.html
深圳微茉莉电子商务有限公司;https://shop834463iu11931.1688.com;https://detail.1688.com/offer/643249927212.html
义乌市泽国饰品有限公司;https://ywzgsp.1688.com;https://detail.1688.com/offer/636570667729.html
建德市下涯镇蒂荡贸易商行;https://shop3x530v0b85848.1688.com;https://detail.1688.com/offer/651963681551.html
南平市建阳区彬星百货商行;https://shop00t8533309h24.1688.com;https://detail.1688.com/offer/656437139482.html
丰泽区克宅百货网店;https://shop80lj9580603i3.1688.com;https://detail.1688.com/offer/653446250004.html
新罗区卡咖百货商行;https://shop60s249cc9u682.1688.com;https://detail.1688.com/offer/649181356387.html
柘荣县角村日用品经营部;https://shop12u1790r83y92.1688.com;https://detail.1688.com/offer/645751345626.html
义乌市囡喃电子商务商行;https://shop48061986g28s4.1688.com;https://detail.1688.com/offer/645242241787.html
海丰县梅陇创灿首饰销售部;https://shop7c61782040x75.1688.com;https://detail.1688.com/offer/622651915361.html
东莞市虎门和满工艺品店;https://shop57627cb757l24.1688.com;https://detail.1688.com/offer/651851516170.html
海丰县梅陇镇亿美首饰厂;https://shop24rwl43147710.1688.com;https://detail.1688.com/offer/649275885449.html
广州悦丰首饰厂;https://shop18f5536q162q3.1688.com;https://detail.1688.com/offer/631876117523.html
宁德市蕉城区七都献道杰日用品店;https://shop092p913366157.1688.com;https://detail.1688.com/offer/654671600741.html
商丘市梁园区正函日用百货商行;https://shop2u871u15b5o16.1688.com;https://detail.1688.com/offer/645655674583.html
广州市黄埔区结小宝百货店;https://shop45357643e7504.1688.com;https://detail.1688.com/offer/652349760483.html
义乌市建锐饰品有限公司;https://shop70a39v7534599.1688.com;https://detail.1688.com/offer/655309182553.html
乐平市新鑫门窗店;https://shop440440v3x34f8.1688.com;https://detail.1688.com/offer/626789141134.html
义乌市闪曜饰品有限公司;https://shop871809pp57070.1688.com;https://detail.1688.com/offer/643117523395.html
临沂天马行电子商务商行;https://shop3246879y25997.1688.com;https://detail.1688.com/offer/652590117018.html
义乌市潮优饰品有限公司;https://shop41961dp8w6259.1688.com;https://detail.1688.com/offer/644369172467.html
东莞市长安麦潮饰品店;https://shop29350qt7327j8.1688.com;https://detail.1688.com/offer/650873627370.html
海丰县梅陇恒鑫弘首饰厂;https://shop95x1h744x5080.1688.com;https://detail.1688.com/offer/620201990685.html
惠州市惠阳区新圩吉兴门窗店;https://shop596741s7l0062.1688.com;https://detail.1688.com/offer/634485100863.html
海丰县新成鑫首饰厂;https://shop6839579670846.1688.com;https://detail.1688.com/offer/645454792357.html
珠海市金湾区添达贸易商行;https://shop6x979x1y11368.1688.com;https://detail.1688.com/offer/631682088809.html
义乌市鉴舒电子商务商行;https://ryan1893.1688.com;https://detail.1688.com/offer/641093161530.html
佛山市禅城区春瑞纺织品商店;https://lanhai888.1688.com;https://detail.1688.com/offer/618248977601.html
尤溪县酒溪庄商行;https://shop173896j2v8i08.1688.com;https://detail.1688.com/offer/652467593380.html
深圳市展华伟业科技有限公司;https://shop1462917235360.1688.com;https://detail.1688.com/offer/650439120911.html
兴城市万康百货商行;https://shop91430t1k76x55.1688.com;https://detail.1688.com/offer/620841905153.html
永定区悬历泽百货商行;https://shop8t60825091gv4.1688.com;https://detail.1688.com/offer/644137855170.html
义乌市桐享电子商务商行;https://shop0583154786o19.1688.com;https://detail.1688.com/offer/648176029641.html
义乌市率领电子商务商行;https://shop1t2137v390341.1688.com;https://detail.1688.com/offer/653378076516.html
南平市建阳区林农东松百货店;https://shop60s291b3192s5.1688.com;https://detail.1688.com/offer/654369231949.html
义乌市隆驰顺电子商务商行;https://shop059s315b07555.1688.com;https://detail.1688.com/offer/654511116974.html
义乌市上易饰品厂;https://shop9v72831b97692.1688.com;https://detail.1688.com/offer/634659287436.html
义乌市英雀思庭家居用品有限公司;https://shop973i56y621888.1688.com;https://detail.1688.com/offer/653633725972.html
义乌市萌咩电子商务商行;https://shop4321j07647l13.1688.com;https://detail.1688.com/offer/640739348290.html
广州幸运女孩贸易有限公司;https://shop8r1077k7o4677.1688.com;https://detail.1688.com/offer/629649016737.html
义乌市上一饰品厂;https://shop1b76v3k4m1603.1688.com;https://detail.1688.com/offer/630590232007.html
深圳市宝安区志源首饰厂;https://shop60119h0546223.1688.com;https://detail.1688.com/offer/654561347247.html
义乌市凡迪饰品有限公司;https://shop59k5p60469j67.1688.com;https://detail.1688.com/offer/631049625506.html
广州市白云区高球饰品厂;https://shop7s15108055s28.1688.com;https://detail.1688.com/offer/653261719902.html
义乌市锦笙饰品商行;https://shop513136i297984.1688.com;https://detail.1688.com/offer/651067443144.html
项城市峰盛皮件饰品厂;https://shop725f9039425o0.1688.com;https://detail.1688.com/offer/644387755369.html
南平市建阳区练光纬百货店;https://shop1372um9879169.1688.com;https://detail.1688.com/offer/645677311083.html
柘荣县庆图日用品经营部;https://shop7963428g6g051.1688.com;https://detail.1688.com/offer/645541012139.html
余江区红笑电子商务商行;https://shop75f594d657076.1688.com;https://detail.1688.com/offer/654165874192.html
深圳市数电通达科技有限公司;https://shop245d837489r95.1688.com;https://detail.1688.com/offer/655062007810.html
深圳优乐日用品有限公司;https://shop91p5673k878j8.1688.com;https://detail.1688.com/offer/654527606822.html
深圳市刘安安饰品有限公司;https://liuananjewellery.1688.com;https://detail.1688.com/offer/653378314366.html
义乌市知雨网络科技有限公司;https://shop1482993877739.1688.com;https://detail.1688.com/offer/655010957668.html
玉林市玉州区德悦百货店;https://shop4045paa974195.1688.com;https://detail.1688.com/offer/649172871015.html
东莞市长安盛茂不锈钢饰品厂;https://shop1487783699465.1688.com;https://detail.1688.com/offer/619105040644.html
义乌市雅欢饰品厂;https://yahuan.1688.com;https://detail.1688.com/offer/634546550081.html
广州欣俊电子商务商行;https://shop3k89560601078.1688.com;https://detail.1688.com/offer/652713803064.html
义乌市春欧工艺品有限公司;https://shop37101i5q36769.1688.com;https://detail.1688.com/offer/634380149242.html
义乌市品旭进出口有限公司;https://zjywpinxu.1688.com;https://detail.1688.com/offer/653843155781.html
东莞市横沥星品日用品店;https://shop8565429n498j9.1688.com;https://detail.1688.com/offer/633957844667.html
广州佰亮商贸有限公司;https://shop2335247152k99.1688.com;https://detail.1688.com/offer/640168363274.html
广州京逸贸易商行;https://shop007248768f001.1688.com;https://detail.1688.com/offer/650797341657.html
义乌市欧喆饰品厂;https://ouzhesp.1688.com;https://detail.1688.com/offer/654175551288.html
义乌市君健日用百货商行;https://shop3965475k82d25.1688.com;https://detail.1688.com/offer/653442299751.html
义乌市盛棉电子商务商行;https://shop2rx44217z8359.1688.com;https://detail.1688.com/offer/653713947233.html
广州滋洋贸易有限公司;https://shop9c358cy138682.1688.com;https://detail.1688.com/offer/653686817255.html
义乌市幸韵饰品有限公司;https://shop756p6733rp394.1688.com;https://detail.1688.com/offer/653260262894.html
义乌市谭林电子商务商行;https://shop5s3440as55476.1688.com;https://detail.1688.com/offer/639875628963.html
余姚市韩佩饰品厂;https://hanpei.1688.com;https://detail.1688.com/offer/641147840672.html
佛山市南海区索妮雅服饰厂;https://shop1552o261s6q88.1688.com;https://detail.1688.com/offer/641311496537.html
遂昌浩淞电商工作室;https://shop802702t42m1z0.1688.com;https://detail.1688.com/offer/637802660110.html
义乌市殿浪电子商务商行;https://dianlangshipin.1688.com;https://detail.1688.com/offer/641348360589.html
五华县横陂镇美云依商行;https://shop980529p85e988.1688.com;https://detail.1688.com/offer/646364205674.html
海丰县梅陇润鑫珠宝首饰厂;https://shop7254684s9f3o5.1688.com;https://detail.1688.com/offer/624971651551.html
义乌市锦亿贸易有限公司;https://shop701i063c165w8.1688.com;https://detail.1688.com/offer/648570793272.html
深圳市艾特萌科技有限公司;https://aitemeng.1688.com;https://detail.1688.com/offer/649142268643.html
深圳市宝安区新一焓首饰商行;https://shop2k75h555u5795.1688.com;https://detail.1688.com/offer/639676613411.html
广州刘娜贸易商行;https://shop30v1180339v91.1688.com;https://detail.1688.com/offer/653635250084.html
义乌市秉栗电子商务商行;https://shop38247043qq285.1688.com;https://detail.1688.com/offer/656122291284.html
鄱阳县马上有百货店;https://shop3020532okc063.1688.com;https://detail.1688.com/offer/655744194206.html
余江区洪顺经营部;https://shop505568801fp09.1688.com;https://detail.1688.com/offer/656033563447.html
义乌市鹤洲电子商务商行;https://shop34e1x62919133.1688.com;https://detail.1688.com/offer/653055505241.html
天津北辰区天奥五金经营部;https://shop493f33ko40833.1688.com;https://detail.1688.com/offer/650403717810.html
义乌市冀岗电子商务商行;https://shop2634710758b57.1688.com;https://detail.1688.com/offer/655872038081.html
义乌市池臣电子商务商行;https://shop64120495p7823.1688.com;https://detail.1688.com/offer/656324023334.html
遂昌锐若日用百货商行;https://shop07h83668p2309.1688.com;https://detail.1688.com/offer/648994147035.html
义乌市祺昇饰品有限公司;https://shop806q06l88e203.1688.com;https://detail.1688.com/offer/651099445061.html
项城市王明口镇峰诚皮件厂;https://fcpjc88.1688.com;https://detail.1688.com/offer/644390083911.html
义乌市纤迪饰品厂;https://meidijewelry.1688.com;https://detail.1688.com/offer/653492363376.html
义乌市圣嘉饰品厂;https://shop109512yf28f38.1688.com;https://detail.1688.com/offer/647924541176.html
姑苏区旭柏禾百货商行;https://shop02185d5381765.1688.com;https://detail.1688.com/offer/638240035930.html
佛山市南海区永美玖服饰厂;https://shop6l21992j68m58.1688.com;https://detail.1688.com/offer/655256221517.html
广州市越秀区曼璇饰品商行;https://shop67q933569v202.1688.com;https://detail.1688.com/offer/656234407649.html
惠州市芊琦商贸有限公司;https://shop0m85i88747981.1688.com;https://detail.1688.com/offer/633182300097.html
深圳市龙华区车易汽车美容店;https://shop308m407464091.1688.com;https://detail.1688.com/offer/652562722004.html
温州市鹿城区龙米百货店;https://shop2512i31817n46.1688.com;https://detail.1688.com/offer/650762479823.html
义乌市尔漩电子商务商行;https://shop8k648m75p9664.1688.com;https://detail.1688.com/offer/645924600599.html
项城市峰旭皮件制品有限公司;https://fxpj3742156167.1688.com;https://detail.1688.com/offer/644392247060.html
项城市王明口辰熙皮件厂;https://zkcxpj.1688.com;https://detail.1688.com/offer/643697077800.html
温州铭威电子商务有限公司;https://shop6226452145iq6.1688.com;https://detail.1688.com/offer/651163731643.html
义乌市晨郡电子商务有限公司;https://shop758kk130k4445.1688.com;https://detail.1688.com/offer/656074707430.html
义乌市斌本电子商务有限公司;https://shop1490586910918.1688.com;https://detail.1688.com/offer/635301506794.html
海丰县梅陇鑫麒首饰厂;https://shop93q10y5758447.1688.com;https://detail.1688.com/offer/626890813621.html
义乌市斌北电子商务商行;https://shop1399222842531.1688.com;https://detail.1688.com/offer/634760640513.html
义乌糖馨电子商务商行;https://shop2v644k71540k0.1688.com;https://detail.1688.com/offer/642136320682.html
义乌市庄智电子商务商行;https://shop6k48166781k01.1688.com;https://detail.1688.com/offer/656182031745.html
漳州开发区梵迦萱服装店;https://shop321r4369682c1.1688.com;https://detail.1688.com/offer/654819680075.html
新沂市浩之华百货店;https://shop7p0109sk59922.1688.com;https://detail.1688.com/offer/656244095711.html
鄱阳县能冷松珠宝店;https://shop36203f1006856.1688.com;https://detail.1688.com/offer/649777028378.html
新沂市曾宇家居用品经营部;https://shop3v44376s82030.1688.com;https://detail.1688.com/offer/656433851134.html
寿县光感电子商务有限公司;https://shop412262u7bb494.1688.com;https://detail.1688.com/offer/639732554123.html
新罗区建霖百货商行;https://shop5232179724801.1688.com;https://detail.1688.com/offer/642775586107.html
景宁华屹贸易有限公司;https://hysm8888888.1688.com;https://detail.1688.com/offer/641645530880.html
玉林市玉州区沃厚日用百货店;https://shop88y1638e43377.1688.com;https://detail.1688.com/offer/638854767853.html
万载县溪消片日用品经营部;https://shop69971i4i115m2.1688.com;https://detail.1688.com/offer/653212995700.html
义乌市蓓美贸易有限公司;https://shop7t8rd06297491.1688.com;https://detail.1688.com/offer/643055209363.html
余江区盛菲经营部;https://shop1737814v110o0.1688.com;https://detail.1688.com/offer/651865305539.html
丰泽区帕蝶百货网店;https://shop835e691o41932.1688.com;https://detail.1688.com/offer/653010929335.html
义乌市姆蓝电子商务商行;https://shop35050ftn43637.1688.com;https://detail.1688.com/offer/653410971366.html
义乌市佐雅贸易有限公司;https://shop50722z984z764.1688.com;https://detail.1688.com/offer/642317063309.html
广州华桂园商贸店;https://shop9b4828i208w31.1688.com;https://detail.1688.com/offer/643122677246.html
万载县腹娇等百货店;https://shop9b1415ev39823.1688.com;https://detail.1688.com/offer/655879807675.html
漳州开发区康逸楼百货店;https://shop432b0475b3998.1688.com;https://detail.1688.com/offer/655423670457.html
遂昌薇姿日用百货商行;https://shop6605097763654.1688.com;https://detail.1688.com/offer/644214340991.html
龙港市芊尧电子商务商行;https://shop97106q5045634.1688.com;https://detail.1688.com/offer/655630899074.html
漳州开发区尤恒秋建材店;https://shop7d05278m90313.1688.com;https://detail.1688.com/offer/655538069394.html
余江区圣怡经营部;https://shop9249v91g69808.1688.com;https://detail.1688.com/offer/656376435071.html
尤溪县燕一鸣商行;https://shop0488519p4p227.1688.com;https://detail.1688.com/offer/651465033294.html
万载县可修日用品经营部;https://shop2790120fd69q3.1688.com;https://detail.1688.com/offer/655236193264.html
义乌市冉泽电子商务商行;https://shop815g862762704.1688.com;https://detail.1688.com/offer/654474080273.html
义乌市蓉尧电子商务商行;https://shop3t98164624715.1688.com;https://detail.1688.com/offer/656303291114.html
义乌市璞菲饰品厂;https://ccgoow.1688.com;https://detail.1688.com/offer/649847682245.html
义乌市麟澜日用百货商行;https://shop5c58957639361.1688.com;https://detail.1688.com/offer/641564586351.html
睢宁县联江玩具厂;https://shop0102597xn89i9.1688.com;https://detail.1688.com/offer/646592037756.html
霍邱县孟集镇瑞欣礼品店;https://shop278207990s235.1688.com;https://detail.1688.com/offer/654611793268.html
明光市诚惠贸易商行;https://shop785259215h337.1688.com;https://detail.1688.com/offer/651590016317.html
深圳市宝安区聚凯百货商行;https://shop7e17tn8131751.1688.com;https://detail.1688.com/offer/650128213461.html
义乌市基跃电子商务商行;https://shop86110111eh986.1688.com;https://detail.1688.com/offer/634681672294.html
义乌永依饰品有限公司;https://ywcocow.1688.com;https://detail.1688.com/offer/651937292059.html
义乌市楚文饰品有限公司;https://chuwen.1688.com;https://detail.1688.com/offer/640883949328.html
石狮市希邯苹郸服装商行;https://shop73o4v86t45172.1688.com;https://detail.1688.com/offer/654437493932.html
义乌市好航电子商务商行;https://shop8u6462092nt95.1688.com;https://detail.1688.com/offer/655066129266.html
天津北辰区凯力五金经营部;https://shop61v439xc23572.1688.com;https://detail.1688.com/offer/654324632535.html
义乌市咏康电子商务有限公司;https://yongkangdianzi1.1688.com;https://detail.1688.com/offer/655622575092.html
连城县正绍元百货店;https://shop811409n1467j3.1688.com;https://detail.1688.com/offer/650711325813.html
义乌市喀则电子商务商行;https://shop4wj723u350159.1688.com;https://detail.1688.com/offer/645533541609.html
瑞安市龙跃电器有限公司;https://longyue2002.1688.com;https://detail.1688.com/offer/634528987166.html
佛山市南海区佰妍贸易商行;https://shop0727666n45251.1688.com;https://detail.1688.com/offer/656228335821.html
宁波君创汽车部件有限公司;https://shop4w76292793qk6.1688.com;https://detail.1688.com/offer/621845712896.html
义乌市佰润电子商务商行;https://shop1466010450865.1688.com;https://detail.1688.com/offer/569894877469.html
五华县横陂镇月平科技馆;https://shop3v20349039t77.1688.com;https://detail.1688.com/offer/652225859476.html
义乌市建义电子商务商行;https://shop1494517579292.1688.com;https://detail.1688.com/offer/642287183857.html
浦江县韩之尚电子商务有限公司;https://hanzhishang.1688.com;https://detail.1688.com/offer/639888786956.html
深圳市夏冰儿贸易有限公司;https://shop1396976284164.1688.com;https://detail.1688.com/offer/654833746885.html
景德镇甲珠陶瓷有限公司;https://shop1452272998701.1688.com;https://detail.1688.com/offer/641456455309.html
深圳市宝安区新势力首饰厂;https://xsl1688.1688.com;https://detail.1688.com/offer/650551799884.html
义乌市佳页贸易有限公司;https://shop3029kr3750064.1688.com;https://detail.1688.com/offer/646754355244.html
义乌市洪亚饰品厂;https://shop53y6b441p1462.1688.com;https://detail.1688.com/offer/601473645391.html
义乌市晓茵电子商务商行;https://shop1373993624078.1688.com;https://detail.1688.com/offer/641505149239.html
深圳市南山区一缕电子商务商行;https://yilvci.1688.com;https://detail.1688.com/offer/645993283813.html
广州耀配汽车配件有限公司;https://yaoxincarsensor.1688.com;https://detail.1688.com/offer/654813350446.html
义乌市蓝昊服饰有限公司;https://lanhao.1688.com;https://detail.1688.com/offer/639640666826.html
东莞市雄刚五金饰品有限公司;https://shop71syz91902566.1688.com;https://detail.1688.com/offer/638984267990.html
莆田市链尚饰品有限公司;https://shop1460048521569.1688.com;https://detail.1688.com/offer/650578644680.html
义乌市鼎创汽车用品商行;https://dingchuangauto.1688.com;https://detail.1688.com/offer/609891943943.html
义乌市南黎饰品有限公司;https://shop8f43077894285.1688.com;https://detail.1688.com/offer/646165717581.html
海丰县银千美珠宝有限公司;https://yinqianmei.1688.com;https://detail.1688.com/offer/643762658526.html
青岛韩觅饰品有限公司;https://hanmisp.1688.com;https://detail.1688.com/offer/635444670880.html
广州臻熙珠宝饰品有限公司;https://nanchunsilver.1688.com;https://detail.1688.com/offer/575851668927.html
广州滴滴汽车配件有限公司;https://shop77d1l858p1503.1688.com;https://detail.1688.com/offer/654437909157.html
新罗区智伟百货商行;https://shop19vv575247694.1688.com;https://detail.1688.com/offer/642147595758.html
柘荣县周期日用品经营部;https://shop3730385521h31.1688.com;https://detail.1688.com/offer/645551220542.html
广州市龙曜汽车配件有限公司;https://gdblongyao.1688.com;https://detail.1688.com/offer/625968195870.html
广州宏凯汽车配件有限公司;https://shop41u743862h381.1688.com;https://detail.1688.com/offer/639347996990.html
玉林市玉州区不息专注百货店;https://shop8746577oz14z1.1688.com;https://detail.1688.com/offer/645597763291.html
义乌市科邦汽车配件有限公司;https://shop1488301871153.1688.com;https://detail.1688.com/offer/651784827553.html
玉林市玉州区美之凯百货店;https://shop8903256472659.1688.com;https://detail.1688.com/offer/645237758841.html
东莞市大湾五金饰品有限公司;https://ganhui111.1688.com;https://detail.1688.com/offer/633604115858.html
义乌市乐先电子商务商行;https://shop2u5171ue15910.1688.com;https://detail.1688.com/offer/636859202826.html
广州羁诚电子科技有限公司;https://jisionparts.1688.com;https://detail.1688.com/offer/653496511926.html
义乌市闪魅饰品有限公司;https://shop9q93x51240j07.1688.com;https://detail.1688.com/offer/633714800575.html
新罗区茗志网店;https://shop227992z534516.1688.com;https://detail.1688.com/offer/643583386208.html
义乌市凌赫贸易有限公司;https://shop6497he4128244.1688.com;https://detail.1688.com/offer/642840029204.html
义乌市冰橙饰品有限公司;https://shop9x59051754935.1688.com;https://detail.1688.com/offer/644641552886.html
义乌市能匠电子商务有限公司;https://shop4d9758yi57212.1688.com;https://detail.1688.com/offer/646454567936.html
海丰县雅博妮珠宝有限公司;https://shop45h259o3z1613.1688.com;https://detail.1688.com/offer/643808590239.html
云霄县来御服装经营部;https://shop57444h6z05640.1688.com;https://detail.1688.com/offer/653826246286.html
义乌市陌代电子商务商行;https://shop2741145sq5767.1688.com;https://detail.1688.com/offer/645720440146.html
义乌锦薇电子商务有限公司;https://shop1467738947695.1688.com;https://detail.1688.com/offer/540351872413.html
五华县横陂镇曾丽兰电子商务部;https://shop448408t7b8437.1688.com;https://detail.1688.com/offer/653138382118.html
佛山市南海区薪权饰品厂;https://shop185669536qv11.1688.com;https://detail.1688.com/offer/656288119564.html
东莞市金之艺饰品有限公司;https://shop3o7k171254650.1688.com;https://detail.1688.com/offer/655503093772.html
义乌市和朔饰品有限公司;https://shop1375980925503.1688.com;https://detail.1688.com/offer/617942365862.html
平阳县硕明工艺品厂;https://shop1403629296908.1688.com;https://detail.1688.com/offer/543494639781.html
义乌市久亨饰品有限公司;https://ywphspc.1688.com;https://detail.1688.com/offer/618605997184.html
上海未集贸易有限公司;https://navyoutdoor.1688.com;https://detail.1688.com/offer/645467939186.html
义乌市魅色饰品有限公司;https://yiwumeise.1688.com;https://detail.1688.com/offer/653908969499.html
海丰县米琦丽珠宝有限公司;https://shop894n85n776n06.1688.com;https://detail.1688.com/offer/645580383016.html
义乌市将图电子商务商行;https://shop50517608576x7.1688.com;https://detail.1688.com/offer/654042928989.html
瑞安市立欧汽车配件厂;https://sktoosensors.1688.com;https://detail.1688.com/offer/569411334190.html
温州斯凯莱恩汽配有限公司;https://shop05v55672066h2.1688.com;https://detail.1688.com/offer/641416522470.html
东莞市五艺金属制品有限公司;https://chinawy.1688.com;https://detail.1688.com/offer/547150808901.html
深圳市雅维礼品有限公司;https://yaweilp.1688.com;https://detail.1688.com/offer/1272619901.html
义乌市上势饰品有限公司;https://trendylooking.1688.com;https://detail.1688.com/offer/630937025008.html
浮梁县印象陶瓷厂;https://shop1405011335677.1688.com;https://detail.1688.com/offer/630203913909.html
义乌市铭侣电子商务商行;https://shop1469638183374.1688.com;https://detail.1688.com/offer/631698922792.html
霍邱县孟集镇众达礼品;https://shop1437670264746.1688.com;https://detail.1688.com/offer/654988582280.html
义乌市芸禾电子商务有限公司;https://shop2i29808i935i9.1688.com;https://detail.1688.com/offer/655621663972.html
深圳市圣泓装饰品有限公司;https://shop1468343098506.1688.com;https://detail.1688.com/offer/635780587323.html
义乌市珵灏电子商务有限公司;https://shop8955859649802.1688.com;https://detail.1688.com/offer/648464170606.html
袁州区七重网络工作室;https://shop764k3289k11o6.1688.com;https://detail.1688.com/offer/656433843185.html
新沂市联之星服装店;https://shop7502y4416l895.1688.com;https://detail.1688.com/offer/655659525919.html
泰安青藤衫贸易有限公司;https://shop3647jw6065v33.1688.com;https://detail.1688.com/offer/641752950567.html
永定区绛想赏百货店;https://shop33657b94001a8.1688.com;https://detail.1688.com/offer/644133243995.html
义乌市丽滢饰品有限公司;https://shop77t75y076z307.1688.com;https://detail.1688.com/offer/638867770959.html
义乌市曹骑电子商务商行;https://shop1418143628671.1688.com;https://detail.1688.com/offer/640888530782.html
丹阳市开发区乐博弈百货商行;https://shop648d1x08428s4.1688.com;https://detail.1688.com/offer/624034838358.html
义乌市竹苓饰品有限公司;https://shop06950810xn456.1688.com;https://detail.1688.com/offer/655985434609.html
海丰县梅陇镇香莱儿首饰厂;https://shop26896256256p3.1688.com;https://detail.1688.com/offer/653971200020.html
深圳市唐盛珠宝首饰有限公司;https://tangsheng.1688.com;https://detail.1688.com/offer/644163138227.html
义乌市优鸿饰品有限公司;https://youhongshipin.1688.com;https://detail.1688.com/offer/623325467003.html
义乌市何胜飞电子商务商行;https://1103513953.1688.com;https://detail.1688.com/offer/637087777885.html
河南省派意商贸有限公司;https://paiyishop.1688.com;https://detail.1688.com/offer/634163334380.html
义乌市爵何电子商务有限公司;https://shop30j542e028778.1688.com;https://detail.1688.com/offer/653901465538.html
广州市锦琳饰品商行;https://shop2d9l56041c603.1688.com;https://detail.1688.com/offer/652110009457.html
新罗区鹏立云百货商行;https://shop6f609045066l4.1688.com;https://detail.1688.com/offer/644115687310.html
深圳市伊资美珠宝首饰有限公司;https://shop5346z24066320.1688.com;https://detail.1688.com/offer/656420071321.html
广州市白云区我的时间贸易商行;https://shop0a65d72208d56.1688.com;https://detail.1688.com/offer/650889572289.html
新罗区鑫莲百货商行;https://shop06b134j693819.1688.com;https://detail.1688.com/offer/644033736611.html
润州区芳之地服装厂;https://shop6o34872202074.1688.com;https://detail.1688.com/offer/639513664869.html
义乌市鑫爱饰品有限公司;https://yiwuxinaishipin.1688.com;https://detail.1688.com/offer/623583144679.html
玉林市玉州区红意日用品经营部;https://shop65656246e4406.1688.com;https://detail.1688.com/offer/647354214649.html
深圳市龙岗区野蔷薇内衣厂;https://shop3329943189660.1688.com;https://detail.1688.com/offer/629609467589.html
镇平县敬净静雅百货商行;https://shop112r073471388.1688.com;https://detail.1688.com/offer/651757675371.html
海丰县梅陇蒂晶银盛珠宝首饰厂;https://dijingyinsheng.1688.com;https://detail.1688.com/offer/649282565678.html
海丰银唯美饰品有限公司;https://1688ywm.1688.com;https://detail.1688.com/offer/610044112626.html
义乌市漱也电子商务商行;https://shop75050556z99w6.1688.com;https://detail.1688.com/offer/653661685664.html
深圳市银唯美珠宝有限公司;https://ywm999.1688.com;https://detail.1688.com/offer/649039892630.html
仙游县鲤城莹尚工艺品店;https://shop590542i7s7533.1688.com;https://detail.1688.com/offer/643704045433.html
义乌市回酷日用百货商行;https://shop0729m954n7425.1688.com;https://detail.1688.com/offer/652492839788.html
义乌市延戈日用百货商行;https://shop3812n2x8852x8.1688.com;https://detail.1688.com/offer/653155174339.html
义乌市迈英日用百货商行;https://shop0z15098918g20.1688.com;https://detail.1688.com/offer/652640255143.html
海丰县梅陇咔诗特首饰厂;https://kst925.1688.com;https://detail.1688.com/offer/651280231017.html
义乌市欧烁贸易有限公司;https://oushuo2021.1688.com;https://detail.1688.com/offer/627588490235.html
永嘉县桥头镇银佳利珠宝商行;https://chaolongji0194.1688.com;https://detail.1688.com/offer/574863194801.html
义乌市倍尔电子商务商行;https://shop707616gj70647.1688.com;https://detail.1688.com/offer/626241039269.html
广州市鸿亭商贸商行;https://hongting521314.1688.com;https://detail.1688.com/offer/641710552232.html
五华县横陂镇丽语电子商务部;https://shop9y397x55x7035.1688.com;https://detail.1688.com/offer/649794191440.html
义乌市曼飞服饰有限公司;https://shop2k93159f49710.1688.com;https://detail.1688.com/offer/654951873429.html
灌云县伊山镇依领服装店;https://gaoyang8882.1688.com;https://detail.1688.com/offer/650643084172.html
双流区魏鑫商贸部;https://shop120j8b5b32433.1688.com;https://detail.1688.com/offer/647039855090.html
莆田市城厢区硕风百货店;https://shop2380275dn2n01.1688.com;https://detail.1688.com/offer/650458954157.html
新罗区嘉喜百货商行;https://shop4932848ebp015.1688.com;https://detail.1688.com/offer/652654792015.html
义乌市交印电子商务商行;https://shop22vl23l690011.1688.com;https://detail.1688.com/offer/653697269248.html
义乌市咚松电子商务商行;https://shop1503130tw2855.1688.com;https://detail.1688.com/offer/653518181118.html
灌云县丰源服装厂;https://gyfyfzc.1688.com;https://detail.1688.com/offer/630306369635.html
义乌市画桦电子商务商行;https://huahuayt.1688.com;https://detail.1688.com/offer/651811173550.html
莆田市秀屿区东庄粦陈服装商行;https://shop194a0265oo200.1688.com;https://detail.1688.com/offer/653472154687.html
灌云县伊山镇天裁服装厂;https://shop1466096583478.1688.com;https://detail.1688.com/offer/537002566798.html
深圳市宝安区鑫奇饰品配件厂;https://shop26016a8775jv2.1688.com;https://detail.1688.com/offer/655265129112.html
义乌市执明电子商务商行;https://shop89053089y7392.1688.com;https://detail.1688.com/offer/645230934191.html
建湖方升贸易有限公司;https://shop1379466723891.1688.com;https://detail.1688.com/offer/610719492151.html
城阳区桃棋拉饰品厂;https://shop1449594276096.1688.com;https://detail.1688.com/offer/589938365519.html
五华县横陂镇梓辉科技馆;https://shop6o812o68j8846.1688.com;https://detail.1688.com/offer/650084917084.html
五华县岐岭镇满秋加工厂;https://shop11207o530s775.1688.com;https://detail.1688.com/offer/652153692812.html
莆田市秀屿区东庄静静春百货店;https://shop77321571152s6.1688.com;https://detail.1688.com/offer/646846123954.html
永定区耿终舒网店;https://shop74721i9z17409.1688.com;https://detail.1688.com/offer/642199389394.html
温州市鹿城区凌攀百货店;https://shop22x596449u284.1688.com;https://detail.1688.com/offer/647943406123.html
义乌优普进出口有限公司;https://shop49822403w9238.1688.com;https://detail.1688.com/offer/656222371302.html
永定区微迪星网店;https://shop044ak6795h250.1688.com;https://detail.1688.com/offer/650592445765.html
广州市天河区棠下寅卯贸易商行;https://shop3969058ifc433.1688.com;https://detail.1688.com/offer/646388522175.html
五华县横陂镇珊草原商行;https://shop3870704b9c3p3.1688.com;https://detail.1688.com/offer/651684560585.html
莆田市城厢区度佳鞋服店;https://shop208729n628j72.1688.com;https://detail.1688.com/offer/650748298798.html
朝阳区克萦商贸行;https://shop55864951s4422.1688.com;https://detail.1688.com/offer/649728005114.html
新罗区莲腾轩百货店;https://shop9500470709iw1.1688.com;https://detail.1688.com/offer/654819680633.html
中山市集美家网络科技有限公司;https://shop1490326405643.1688.com;https://detail.1688.com/offer/547676852705.html
广州恒亿服饰有限公司;https://shop1360083239126.1688.com;https://detail.1688.com/offer/612498272106.html
义乌市盛凌腰带厂;https://shenglingpiju.1688.com;https://detail.1688.com/offer/583529848399.html
义乌市精巧饰品厂;https://shop0a2e620173w17.1688.com;https://detail.1688.com/offer/655408226047.html
灌云县东王集乡林芝服装厂;https://shop1415119793692.1688.com;https://detail.1688.com/offer/653503207687.html
龙港市李术百货商行;https://shop084q63766vn72.1688.com;https://detail.1688.com/offer/655107359583.html
南平市建阳区舒楠锦百货商贸部;https://shop40977x97c61f0.1688.com;https://detail.1688.com/offer/654648500789.html
佛山市南海区瑟海服装厂;https://shop5l10q652f7053.1688.com;https://detail.1688.com/offer/654905961916.html
广州仆舍贸易有限公司;https://pusseadult.1688.com;https://detail.1688.com/offer/628427499720.html
丰泽区春耿服饰商行;https://shop64b098k867576.1688.com;https://detail.1688.com/offer/652538752714.html
