九江千贝科技有限公司;https://shop20x2450d96690.1688.com;https://detail.1688.com/offer/616566148683.html
义乌市晶戎饰品有限公司;https://shop1723863s49h70.1688.com;https://detail.1688.com/offer/601827520102.html
义乌市烨贝饰品有限公司;https://yebeishipin.1688.com;https://detail.1688.com/offer/613475611326.html
义乌市慕优饰品有限公司;https://shop3n08v2509c535.1688.com;https://detail.1688.com/offer/632540469280.html
义乌市中影电子商务商行;https://shop35g185j333l70.1688.com;https://detail.1688.com/offer/620378058488.html
义乌市宣妍饰品有限公司;https://shop7zre47q122901.1688.com;https://detail.1688.com/offer/621622576150.html
义乌市怡璇贸易有限公司;https://shop1473z360r2581.1688.com;https://detail.1688.com/offer/583392742968.html
义乌市琪誉电子商务商行;https://shop493k2go042006.1688.com;https://detail.1688.com/offer/617859895520.html
义乌市悠里电子商务商行;https://shop17210605h85s8.1688.com;https://detail.1688.com/offer/651167684735.html
义乌市豪彪饰品有限公司;https://haobiaoshiping.1688.com;https://detail.1688.com/offer/639415634881.html
义乌市禹祥饰品有限公司;https://yuxiang777.1688.com;https://detail.1688.com/offer/651567246257.html
义乌市夏洛饰品厂;https://shop1457024743986.1688.com;https://detail.1688.com/offer/624440290378.html
义乌新耀饰品有限公司;https://shop463z16067k552.1688.com;https://detail.1688.com/offer/644255862086.html
武汉晨路谱信贸易商行;https://shop82412v2526x26.1688.com;https://detail.1688.com/offer/626670220672.html
柘荣县庆高日用品经营部;https://shop769894301l342.1688.com;https://detail.1688.com/offer/650565295201.html
新罗区桐山百货商行;https://shop5842i1zi73869.1688.com;https://detail.1688.com/offer/652351147283.html
南平市建阳区路皓阳百货店;https://shop6646114675907.1688.com;https://detail.1688.com/offer/645822754508.html
义乌市丁丽电子商务商行;https://shop28554e50re624.1688.com;https://detail.1688.com/offer/652527049283.html
义乌市蜜得贸易商行;https://shop2s56570lg2557.1688.com;https://detail.1688.com/offer/649770197420.html
义乌市迦合饰品有限公司;https://jiahechina.1688.com;https://detail.1688.com/offer/655042453429.html
万载县环旭日用品经营部;https://shop23712143w33p7.1688.com;https://detail.1688.com/offer/651590805882.html
万载县福昕日用品商行;https://shop251x9864u2y64.1688.com;https://detail.1688.com/offer/653526299319.html
龙港市意杉贸易商行;https://shop803e06e1i5344.1688.com;https://detail.1688.com/offer/653164987080.html
义乌市同畅电子商务商行;https://shop0503d440448k5.1688.com;https://detail.1688.com/offer/653147972252.html
义乌市品言贸易有限公司;https://shop2u216l7788p30.1688.com;https://detail.1688.com/offer/648164735330.html
义乌市蓝淘饰品有限公司;https://lantaoshiping.1688.com;https://detail.1688.com/offer/649218753289.html
义乌市琳达饰品有限公司;https://shop1473698629901.1688.com;https://detail.1688.com/offer/649269910485.html
义乌市端搜电子商务有限公司;https://ywxsbpf.1688.com;https://detail.1688.com/offer/645759214145.html
东阳市白云秀尔电子商务商行;https://shop5438e29092934.1688.com;https://detail.1688.com/offer/648584295249.html
义乌市丽萌饰品有限公司;https://yiwulimeng.1688.com;https://detail.1688.com/offer/655441314001.html
义乌市玖冠电子商务商行;https://shop4995a8v5w8176.1688.com;https://detail.1688.com/offer/652654859791.html
东阳市白云蓝芝海饰品厂;https://aonashiping2.1688.com;https://detail.1688.com/offer/647073225630.html
义乌市芳拓饰品厂;https://shop1419352941036.1688.com;https://detail.1688.com/offer/640311635303.html
义乌市纯影饰品有限公司;https://shop1446050898488.1688.com;https://detail.1688.com/offer/554722818283.html
义乌市以为饰品有限公司;https://shop53zr381480754.1688.com;https://detail.1688.com/offer/639377456938.html
义乌市驻龙电子商务有限公司;https://ywps925.1688.com;https://detail.1688.com/offer/44325124132.html
义乌市博艺贸易有限公司;https://shop8o146nx198478.1688.com;https://detail.1688.com/offer/647179798743.html
义乌市佐文饰品有限公司;https://zuowen.1688.com;https://detail.1688.com/offer/42771807637.html
义乌市森随饰品有限公司;https://shop1491498624204.1688.com;https://detail.1688.com/offer/573689786929.html
义乌市凯亚饰品有限公司;https://kaiya598.1688.com;https://detail.1688.com/offer/647140895918.html
浦江县夏晨饰品厂;https://ufavoirte.1688.com;https://detail.1688.com/offer/627263255978.html
义乌市思硕电子商务有限公司;https://shop7b03171685962.1688.com;https://detail.1688.com/offer/589432388613.html
义乌市铭菲饰品有限公司;https://shop9g7723b437x19.1688.com;https://detail.1688.com/offer/561506070321.html
义乌市知雨网络科技有限公司;https://shop1482993877739.1688.com;https://detail.1688.com/offer/556423150767.html
袁州区岁屑网络工作室;https://shop81525o2x01x60.1688.com;https://detail.1688.com/offer/653304470488.html
义乌市柏岳电子商务有限公司;https://shop608m629791152.1688.com;https://detail.1688.com/offer/601184963219.html
柘荣县角半日用品经营部;https://shop34738b87sm401.1688.com;https://detail.1688.com/offer/649656532547.html
义乌市砖韵电子商务商行;https://shop7u124b3854228.1688.com;https://detail.1688.com/offer/656182767697.html
义乌市程嗣电子商务商行;https://shop555386b8668d7.1688.com;https://detail.1688.com/offer/654965446967.html
义乌市歌图电子商务商行;https://shop66054uuy04028.1688.com;https://detail.1688.com/offer/655860338812.html
余江区怡欣经营部;https://shop52c29h61p8881.1688.com;https://detail.1688.com/offer/655812226299.html
广信区春顺电子商务经营部;https://shop484o9s5746u78.1688.com;https://detail.1688.com/offer/644397802842.html
余江区洋湾经营部;https://shop7pw8935o27623.1688.com;https://detail.1688.com/offer/652007992038.html
柘荣县楷豹日用品经营部;https://shop909433314wp50.1688.com;https://detail.1688.com/offer/652128251264.html
揭阳市揭东区新亨镇一好饰品商行;https://shop712475f750170.1688.com;https://detail.1688.com/offer/649632306568.html
义乌市霸徒电子商务商行;https://shop11436o35z1679.1688.com;https://detail.1688.com/offer/651190584185.html
义乌市君多采电子商务有限公司;https://shop108898d4h7t74.1688.com;https://detail.1688.com/offer/649031972408.html
义乌广跃电子商务有限公司;https://shop166472o659wx7.1688.com;https://detail.1688.com/offer/628028948437.html
义乌市芹锦电子商务商行;https://shop11a9416u7a245.1688.com;https://detail.1688.com/offer/631532153249.html
博爱县轲刘日用百货网店;https://shop5w14z15502914.1688.com;https://detail.1688.com/offer/651339976016.html
义乌市图彩电子商务商行;https://shop1426610600331.1688.com;https://detail.1688.com/offer/569764112698.html
永定区杞颇亮商行;https://shop987930070f8v5.1688.com;https://detail.1688.com/offer/653283888108.html
义乌市怀琅贸易有限公司;https://shop1443451805112.1688.com;https://detail.1688.com/offer/599149994408.html
义乌市辉约贸易有限公司;https://shop60175m8949r35.1688.com;https://detail.1688.com/offer/626505104985.html
义乌市一恋饰品有限公司;https://yilian1.1688.com;https://detail.1688.com/offer/649370874488.html
义乌市鼎程贸易有限公司;https://janeman.1688.com;https://detail.1688.com/offer/625427022771.html
义乌市拓丰服饰有限公司;https://emanco.1688.com;https://detail.1688.com/offer/596347543838.html
义乌市瑞列电子商务有限公司;https://baidu12.1688.com;https://detail.1688.com/offer/649737555025.html
义乌市怡众网络科技有限公司;https://yiwushiyizhong.1688.com;https://detail.1688.com/offer/629978380621.html
义乌市慕梵饰品有限公司;https://shop74009821k7p58.1688.com;https://detail.1688.com/offer/617918079323.html
义乌市宝嘉电子商务商行;https://shop6990i6160z228.1688.com;https://detail.1688.com/offer/644403547887.html
义乌市维洛珠宝有限公司;https://shop1427475198642.1688.com;https://detail.1688.com/offer/652677177101.html
义乌市富滢电子商务商行;https://shop0358tx8j22359.1688.com;https://detail.1688.com/offer/598346365901.html
义乌市贝芙电子商务商行;https://18057995109.1688.com;https://detail.1688.com/offer/653496535136.html
义乌市拓稠电子商务商行;https://albb168.1688.com;https://detail.1688.com/offer/649369886760.html
义乌市杰倍珠宝有限公司;https://shop51526267ilg20.1688.com;https://detail.1688.com/offer/570078923815.html
义乌市楠博电子商务商行;https://shop1410539936050.1688.com;https://detail.1688.com/offer/587478121969.html
深圳市蒂尼梵珠宝首饰有限公司;https://dinifanzb.1688.com;https://detail.1688.com/offer/529733217722.html
金堂县沐琪饰品店;https://muqi925.1688.com;https://detail.1688.com/offer/624693094223.html
义乌市侣观电子商务商行;https://shop1453394366939.1688.com;https://detail.1688.com/offer/574550574244.html
义乌市宋谦电子商务商行;https://shop1458061191143.1688.com;https://detail.1688.com/offer/569894577926.html
义乌市鹏翱贸易有限公司;https://shop140t4vq644868.1688.com;https://detail.1688.com/offer/598612461268.html
义乌市千品贸易有限公司;https://shop1461085082873.1688.com;https://detail.1688.com/offer/602097513150.html
义乌市丹序电子商务商行;https://shop30b90x6250910.1688.com;https://detail.1688.com/offer/571423603836.html
义乌市屹凡饰品有限公司;https://shop9xg4214d44396.1688.com;https://detail.1688.com/offer/629314332737.html
深圳市恒汇盛电子商务有限公司;https://shop71570bv3b7511.1688.com;https://detail.1688.com/offer/614269011672.html
义乌市闪魅饰品有限公司;https://shop9q93x51240j07.1688.com;https://detail.1688.com/offer/629883909672.html
深圳市艾普义科技有限公司;https://tokqiy.1688.com;https://detail.1688.com/offer/656324579850.html
义乌市倍强电子商务有限公司;https://bqjewelry.1688.com;https://detail.1688.com/offer/570076655836.html
义乌市露兮电子商务商行;https://shop701g0204b5202.1688.com;https://detail.1688.com/offer/628049990562.html
义乌市祺昇饰品有限公司;https://shop806q06l88e203.1688.com;https://detail.1688.com/offer/619548512852.html
汕尾市万凯首饰有限公司;https://shop4597060z39106.1688.com;https://detail.1688.com/offer/647453562945.html
义乌市佐雅贸易有限公司;https://shop50722z984z764.1688.com;https://detail.1688.com/offer/620727578800.html
义乌小亚电子商务商行;https://shop0821f193b57c3.1688.com;https://detail.1688.com/offer/644916666321.html
义乌市赛蒲电子商务有限公司;https://shop746a21293r413.1688.com;https://detail.1688.com/offer/641526386950.html
义乌市妙赛电子商务商行;https://shop7594u271272b0.1688.com;https://detail.1688.com/offer/642012983042.html
义乌市驰航饰品有限公司;https://fashionworld1008.1688.com;https://detail.1688.com/offer/610716568041.html
博爱县趁意日用百货网店;https://shop935775eh1h064.1688.com;https://detail.1688.com/offer/651776962042.html
东阳市白云忠信饰品厂;https://shop843160617ae57.1688.com;https://detail.1688.com/offer/652690931181.html
王忠信;https://xiuxiu11142012.1688.com;https://detail.1688.com/offer/522119654429.html
义乌市韩饰界电子科技有限公司;https://shop343b88869jj94.1688.com;https://detail.1688.com/offer/642986675917.html
义乌市沁喆贸易有限公司;https://shop92f625a676183.1688.com;https://detail.1688.com/offer/645975533623.html
汕头市金平区易雷商贸行;https://shop37y888s584026.1688.com;https://detail.1688.com/offer/642803345778.html
东莞市如刚五金饰品有限公司;https://rugang6666.1688.com;https://detail.1688.com/offer/602486567967.html
海丰县蒂尼梵首饰厂;https://dnfjewelry.1688.com;https://detail.1688.com/offer/592216839614.html
义乌市久哈饰品有限公司;https://shop3f994a6z24238.1688.com;https://detail.1688.com/offer/614820531481.html
义乌市沁缘饰品有限公司;https://shop56hh0832907b7.1688.com;https://detail.1688.com/offer/644718052861.html
义乌市育清电子商务商行;https://shop1487783652560.1688.com;https://detail.1688.com/offer/623746186421.html
义乌市云川贸易有限公司;https://tycjewelry.1688.com;https://detail.1688.com/offer/593566929621.html
义乌市追霜电子商务有限公司;https://zhuishuang.1688.com;https://detail.1688.com/offer/591000460012.html
义乌市眺森电子商务商行;https://shop522417w599v41.1688.com;https://detail.1688.com/offer/613936744036.html
义乌市妙奇饰品有限公司;https://shop1495711727016.1688.com;https://detail.1688.com/offer/641877243760.html
义乌市远为网络科技有限公司;https://shop1904370a8a769.1688.com;https://detail.1688.com/offer/642919909440.html
东莞市长安宝砚五金饰品加工厂;https://shop3170434404578.1688.com;https://detail.1688.com/offer/603123826199.html
义乌市畅萌电子商务商行;https://shop1461138576382.1688.com;https://detail.1688.com/offer/531127304398.html
义乌市芷菡电子商务商行;https://shop762l11799i7x8.1688.com;https://detail.1688.com/offer/593504715337.html
海丰县仪特珠宝首饰加工厂;https://shop11r5l48y10121.1688.com;https://detail.1688.com/offer/615259582418.html
义乌市哲修供应链管理有限公司;https://zhexiushipin.1688.com;https://detail.1688.com/offer/644436445253.html
义乌市聪策电子商务有限公司;https://shop1438188856702.1688.com;https://detail.1688.com/offer/615195308430.html
义乌市萌葭电子商务有限公司;https://shop93s398k0s9256.1688.com;https://detail.1688.com/offer/590381900408.html
义乌市慕婉饰品厂;https://shop1920v71540400.1688.com;https://detail.1688.com/offer/641773643174.html
义乌市永盈电子商务有限公司;https://shop6536565675030.1688.com;https://detail.1688.com/offer/629992785983.html
深圳市宝安区饰卖通首饰厂;https://shimaitong.1688.com;https://detail.1688.com/offer/634202314680.html
象山雨军贸易商行;https://shop3929y72f97179.1688.com;https://detail.1688.com/offer/654713328405.html
五华县横陂镇珊彩芸科技馆;https://shop830564k97y022.1688.com;https://detail.1688.com/offer/649517730884.html
义乌市丹慕饰品有限公司;https://shop84076f8591zs7.1688.com;https://detail.1688.com/offer/652510998416.html
义乌恒丽儿童用品有限公司;https://shop124s211190996.1688.com;https://detail.1688.com/offer/647471679073.html
海丰县梅陇晨铭首饰商行;https://chenmingss.1688.com;https://detail.1688.com/offer/624727023256.html
义乌市安蝶饰品有限公司;https://shop1457456327205.1688.com;https://detail.1688.com/offer/556079225725.html
永定区伟洪秀网店;https://shop0927z2152q690.1688.com;https://detail.1688.com/offer/648659648903.html
海丰县大维亚珠宝首饰商行;https://shop1389545535450.1688.com;https://detail.1688.com/offer/617643218213.html
宁德市蕉城区七都润阴正日用品店;https://shop5048e3e887054.1688.com;https://detail.1688.com/offer/650956605341.html
海丰县梅陇天缘首饰厂;https://tianyuanshoushi.1688.com;https://detail.1688.com/offer/624726691963.html
海丰县梅陇镇简度首饰厂;https://jiandushoushi.1688.com;https://detail.1688.com/offer/642419715374.html
深圳市宝安区鲸奇首饰厂;https://jingqishoushi.1688.com;https://detail.1688.com/offer/624440858826.html
海丰县梅陇冠丰首饰厂;https://guanfeng.1688.com;https://detail.1688.com/offer/623897472131.html
海丰县梅陇辉耀首饰厂;https://shop29593hw0265t2.1688.com;https://detail.1688.com/offer/625687963234.html
海丰县梅陇镇铭饰首饰厂;https://shop798q731639053.1688.com;https://detail.1688.com/offer/640862221924.html
海丰县梅陇镇曼蒂妮首饰厂;https://shop75p201808p7b1.1688.com;https://detail.1688.com/offer/643046005577.html
五华县横陂镇炎水花电子商务部;https://shop9u96535745t52.1688.com;https://detail.1688.com/offer/646239986227.html
深圳市龙岗区锦昇华珠宝首饰商行;https://shop0a7705f9966f8.1688.com;https://detail.1688.com/offer/634771113265.html
海丰县梅陇镇丝洛尼首饰厂;https://shop38vi003h910h3.1688.com;https://detail.1688.com/offer/651889633885.html
义乌市中耀饰品有限公司;https://zhongyaosp.1688.com;https://detail.1688.com/offer/644295346263.html
义乌市蒲荷饰品商行;https://shop2y781y6700078.1688.com;https://detail.1688.com/offer/649871232116.html
深圳市龙华区雍程珠宝首饰厂;https://shop1466788408870.1688.com;https://detail.1688.com/offer/615154186167.html
深圳市宝安区恒创缘首饰厂;https://hcy925.1688.com;https://detail.1688.com/offer/644428155227.html
义乌市恩汐尔电子商务有限公司;https://shop3992576f31577.1688.com;https://detail.1688.com/offer/621890509875.html
广州市番禺区东环溢宝首饰加工厂;https://shop4355r15295245.1688.com;https://detail.1688.com/offer/629480567836.html
新罗区岛雯百货商行;https://shop95h0800568773.1688.com;https://detail.1688.com/offer/649752573492.html
柘荣县声果日用品经营部;https://shop42x54k1344396.1688.com;https://detail.1688.com/offer/650024436697.html
鄱阳县宝浩五金店;https://shop980y733471085.1688.com;https://detail.1688.com/offer/650151171365.html
新沂市明曾服装店;https://shop90u473990t367.1688.com;https://detail.1688.com/offer/650975662488.html
新罗区鑫莲百货商行;https://shop06b134j693819.1688.com;https://detail.1688.com/offer/641833832184.html
义乌市杰群电子商务商行;https://shop4345185r950r1.1688.com;https://detail.1688.com/offer/648674436599.html
余江区稿特经营部;https://shop317f207452360.1688.com;https://detail.1688.com/offer/655871434264.html
深圳市宝安区西乡心妙缘珠宝首饰厂;https://shop072i510oo9061.1688.com;https://detail.1688.com/offer/642745234001.html
义乌市婉茗电子商务商行;https://shop2rn7037085741.1688.com;https://detail.1688.com/offer/616443219576.html
海丰县奈资御珠宝有限公司;https://shop0118861623481.1688.com;https://detail.1688.com/offer/641437790112.html
海丰县附城富腾首饰商行;https://haifuji.1688.com;https://detail.1688.com/offer/634156769767.html
义乌市銮正电子商务商行;https://shop1398185790134.1688.com;https://detail.1688.com/offer/618500893114.html
海丰县东亚银堡珠宝首饰有限公司;https://shop4897878a396y3.1688.com;https://detail.1688.com/offer/631508616970.html
义乌市蝶羽电子商务商行;https://shop6vg9v45071104.1688.com;https://detail.1688.com/offer/650647166335.html
深圳市宝安区福永梵蒂呢首饰厂;https://shop38x9n871494n9.1688.com;https://detail.1688.com/offer/636673900277.html
海丰县梅陇有进首饰厂;https://youjinshoushi.1688.com;https://detail.1688.com/offer/653728225919.html
海丰县梅陇艺选首饰厂;https://yixuanshoushi.1688.com;https://detail.1688.com/offer/653733653081.html
义乌市晴智饰品有限公司;https://shop1444669234305.1688.com;https://detail.1688.com/offer/646002347904.html
海丰县梅陇斯井首饰厂;https://sijing925.1688.com;https://detail.1688.com/offer/654604523274.html
海丰县优卓首饰有限公司;https://shop1491412132138.1688.com;https://detail.1688.com/offer/636695847290.html
义乌市翼语饰品有限公司;https://shop51j8778m52694.1688.com;https://detail.1688.com/offer/654759750866.html
义乌市瑾恩饰品有限公司;https://shop9312p58736509.1688.com;https://detail.1688.com/offer/644909836812.html
义乌市韩萸饰品有限公司;https://hanyushipin.1688.com;https://detail.1688.com/offer/645230544000.html
义乌市柚紫饰品有限公司;https://shop837069i0k8n90.1688.com;https://detail.1688.com/offer/620156362645.html
鄱阳县冀森服装店;https://shop48q1221e2a786.1688.com;https://detail.1688.com/offer/650382285175.html
海丰县梅陇银千饰首饰厂;https://shop589u356j41q32.1688.com;https://detail.1688.com/offer/640802719862.html
义乌市椀茗贸易有限公司;https://shop0i7559686en51.1688.com;https://detail.1688.com/offer/642942397265.html
海丰县梅陇镇锐宝利首饰厂;https://shop28608203s5po8.1688.com;https://detail.1688.com/offer/652781062442.html
深圳市饰鉴珠宝有限公司;https://shop1456332314538.1688.com;https://detail.1688.com/offer/641099681408.html
义乌市姿悦电子商务有限公司;https://shop9405291oo7050.1688.com;https://detail.1688.com/offer/618589258768.html
义乌市聪夏电子商务商行;https://yinsen.1688.com;https://detail.1688.com/offer/618331201473.html
义乌市聪蝶饰品有限公司;https://yinshi2016.1688.com;https://detail.1688.com/offer/618330609669.html
广州市白云区高球饰品厂;https://shop7s15108055s28.1688.com;https://detail.1688.com/offer/625171590088.html
义乌市虹贝日用百货商行;https://shop7572lr3924059.1688.com;https://detail.1688.com/offer/652573684905.html
广州唯依日用品厂;https://shop842429r765q91.1688.com;https://detail.1688.com/offer/656233419748.html
南平市建阳区锋星百货商行;https://shop44cc05f302783.1688.com;https://detail.1688.com/offer/655435849215.html
义乌市桠琪电子商务有限公司;https://shop63q2111678b13.1688.com;https://detail.1688.com/offer/650426956185.html
惠州市仲恺高新区摩洛歌饰品店;https://moluogeshoushi.1688.com;https://detail.1688.com/offer/637592067320.html
义乌市俏依电子商务有限公司;https://shop553v211l41869.1688.com;https://detail.1688.com/offer/601238976804.html
海丰县梅陇镇一缘首饰厂;https://shop770j997961786.1688.com;https://detail.1688.com/offer/656386115951.html
南平市建阳区豪星百货商行;https://shop56x2460419f96.1688.com;https://detail.1688.com/offer/656381983028.html
海丰县梅陇与同首饰厂;https://yutong925.1688.com;https://detail.1688.com/offer/646025837882.html
海丰县梅陇花影首饰商行;https://huayingshoushi.1688.com;https://detail.1688.com/offer/649396028102.html
深圳市伊资美珠宝首饰有限公司;https://shop5346z24066320.1688.com;https://detail.1688.com/offer/652468800343.html
海丰县帝丰珠宝首饰有限公司;https://difengzhubao.1688.com;https://detail.1688.com/offer/644115544587.html
义乌市敏萌饰品有限公司;https://shop12p2db7281859.1688.com;https://detail.1688.com/offer/641423335567.html
深圳市金石湖科技有限公司;https://kinsle.1688.com;https://detail.1688.com/offer/598094014327.html
义乌市巨耀电子商务有限公司;https://yong876565.1688.com;https://detail.1688.com/offer/594945465090.html
义乌市旗佑电子商务有限公司;https://shop74h101y524637.1688.com;https://detail.1688.com/offer/622191435250.html
深圳罗湖区莹宝首饰厂;https://shop0h9661zx55000.1688.com;https://detail.1688.com/offer/643408106857.html
义乌市云蓓饰品有限公司;https://shop63623h138ha91.1688.com;https://detail.1688.com/offer/639251690740.html
海丰县建颖珠宝首饰有限公司;https://shop89f7362o20658.1688.com;https://detail.1688.com/offer/652875679624.html
海丰县梅陇镇美德信首饰厂;https://shop1540q20255549.1688.com;https://detail.1688.com/offer/650535532693.html
义乌市展梦饰品厂;https://shop5t60583725590.1688.com;https://detail.1688.com/offer/654101096140.html
惠东县大岭鹿一新商行;https://shop4402320q73l71.1688.com;https://detail.1688.com/offer/644313027978.html
义乌市随变饰品有限公司;https://shop1461257355826.1688.com;https://detail.1688.com/offer/618862392928.html
义乌市朝帅饰品有限公司;https://superlicious.1688.com;https://detail.1688.com/offer/652412542907.html
海丰县银万饰珠宝有限公司;https://shop047187252d9o6.1688.com;https://detail.1688.com/offer/650819735010.html
义乌市尼莫饰品厂;https://shop744345ju61x86.1688.com;https://detail.1688.com/offer/645466060062.html
义乌市腾菡电子商务有限公司;https://shop9785m0rm86491.1688.com;https://detail.1688.com/offer/617716872128.html
广东创恒达实业有限公司;https://chuanghengda.1688.com;https://detail.1688.com/offer/569156513047.html
义乌市迈达工艺品有限公司;https://maidashipin.1688.com;https://detail.1688.com/offer/583434529653.html
万载县清坤日用品经营部;https://shop96621o2145555.1688.com;https://detail.1688.com/offer/653574791097.html
海丰县城东戴鼎尚首饰厂;https://daidingshang.1688.com;https://detail.1688.com/offer/593444806831.html
海丰县福和祥首饰厂;https://tiannifen.1688.com;https://detail.1688.com/offer/574229244160.html
海丰县蔓天尼首饰厂;https://mantianni925.1688.com;https://detail.1688.com/offer/602232299573.html
义乌市高途电子商务商行;https://gaotu809088915.1688.com;https://detail.1688.com/offer/598966628631.html
义乌市奈珠饰品厂;https://naizhushipin.1688.com;https://detail.1688.com/offer/642502227188.html
浦江县韩茹电子商务商行;https://shop44585e925v9e6.1688.com;https://detail.1688.com/offer/631920440537.html
义乌市凯庆饰品厂;https://yiwukaiqing.1688.com;https://detail.1688.com/offer/643342205446.html
义乌市饰缘贸易有限公司;https://shop45575v01d9941.1688.com;https://detail.1688.com/offer/640392169556.html
义乌市盯润电子商务商行;https://shop725777295q018.1688.com;https://detail.1688.com/offer/650804975112.html
南平市建阳区林农昭汉百货店;https://shop93p978l965704.1688.com;https://detail.1688.com/offer/646570902865.html
义乌市妙岑电子商务有限公司;https://shop5u442960im483.1688.com;https://detail.1688.com/offer/646261779129.html
余江区银樊经营部;https://shop3i72651249435.1688.com;https://detail.1688.com/offer/655908843364.html
余江区昂馨经营部;https://shop5673u59084q83.1688.com;https://detail.1688.com/offer/656433427443.html
深圳爱慕尼饰品有限公司;https://aimuni789.1688.com;https://detail.1688.com/offer/624271421916.html
柘荣县角拆日用品经营部;https://shop4m2681e056u23.1688.com;https://detail.1688.com/offer/650702829386.html
深圳市金玫瑰饰品有限公司;https://shop1392915239990.1688.com;https://detail.1688.com/offer/624959311628.html
义乌市茵毅电子商务商行;https://shop9157990717066.1688.com;https://detail.1688.com/offer/653930959923.html
义乌市梓艳电子商务商行;https://shop1f692c0090f62.1688.com;https://detail.1688.com/offer/577341305234.html
义乌市凌熙饰品厂;https://shop1474389973288.1688.com;https://detail.1688.com/offer/552985895709.html
义乌市梓乡电子商务商行;https://shop1b240549506t7.1688.com;https://detail.1688.com/offer/567469854449.html
义乌市缕盾饰品有限公司;https://shop1445619443573.1688.com;https://detail.1688.com/offer/551114665294.html
柘荣县角村日用品经营部;https://shop12u1790r83y92.1688.com;https://detail.1688.com/offer/646104682088.html
合肥市丘霸商贸有限责任公司;https://shop165655az1i394.1688.com;https://detail.1688.com/offer/655412729190.html
义乌市利丹饰品有限公司;https://shop1427388201420.1688.com;https://detail.1688.com/offer/532875796626.html
义乌市侣环电子商务商行;https://shop1454086145569.1688.com;https://detail.1688.com/offer/533200673508.html
义乌市靖锡电子商务商行;https://shop5q8x644849969.1688.com;https://detail.1688.com/offer/640401951783.html
义乌市侣谦电子商务商行;https://shop1454086143595.1688.com;https://detail.1688.com/offer/533168666575.html
义乌市雪岳电子商务商行;https://wise678.1688.com;https://detail.1688.com/offer/542229401603.html
睢宁县双世纺织厂;https://shop91u9850n04326.1688.com;https://detail.1688.com/offer/650636398775.html
遂昌钧米衡电子商务商行;https://shop9v31361a71f43.1688.com;https://detail.1688.com/offer/650982519875.html
广州屹帆贸易有限公司;https://shop2e093e62r2573.1688.com;https://detail.1688.com/offer/652814151707.html
义乌市竹马饰品厂;https://zhumashipin.1688.com;https://detail.1688.com/offer/650563974913.html
义乌市星鸽电子商务有限公司;https://shop1408171986992.1688.com;https://detail.1688.com/offer/645291416038.html
义乌市晴雯饰品有限公司;https://shop1357753428547.1688.com;https://detail.1688.com/offer/573879359197.html
义乌市禹希饰品有限公司;https://shop0174416a738z3.1688.com;https://detail.1688.com/offer/646042667630.html
义乌市艾因饰品有限公司;https://shop65465504f7r63.1688.com;https://detail.1688.com/offer/644617666582.html
义乌市拓娱饰品有限公司;https://shop9c78323732008.1688.com;https://detail.1688.com/offer/644816635390.html
海丰县梅陇雅得恒首饰厂;https://ydh925.1688.com;https://detail.1688.com/offer/35205323690.html
义乌市家民贸易有限公司;https://shop1472452130381.1688.com;https://detail.1688.com/offer/594573663174.html
五华县岐岭镇李婷生活馆;https://shop659q092c9o651.1688.com;https://detail.1688.com/offer/652162078534.html
建德市下涯镇氮灯贸易商行;https://shop702a13104b919.1688.com;https://detail.1688.com/offer/650405302906.html
义乌市迪战电子商务有限公司;https://shop1442940715433.1688.com;https://detail.1688.com/offer/641463801844.html
东莞市魅饰小虫饰品有限公司;https://meishixiaochong.1688.com;https://detail.1688.com/offer/651947228193.html
东莞泰美达科技有限公司;https://shop8j88327k19689.1688.com;https://detail.1688.com/offer/644393502237.html
义乌市波光粼粼饰品厂;https://shop25236l1f22092.1688.com;https://detail.1688.com/offer/651087047144.html
义乌市妙雅饰品有限公司;https://shop6239730h56062.1688.com;https://detail.1688.com/offer/578764081356.html
义乌市美航饰品有限公司;https://shop1386953617542.1688.com;https://detail.1688.com/offer/610822695023.html
义乌市怡蓝饰品厂;https://shop51562m155r388.1688.com;https://detail.1688.com/offer/642216405043.html
义乌市竹锋电子商务商行;https://shop23810605068y4.1688.com;https://detail.1688.com/offer/642985385346.html
义乌市圆钱电子商务有限公司;https://shop42p12446v6241.1688.com;https://detail.1688.com/offer/642912761914.html
义乌市赫钦饰品厂;https://shop2467s4w176560.1688.com;https://detail.1688.com/offer/654371341627.html
义乌市添蝶电子商务商行;https://shop421362i8l9216.1688.com;https://detail.1688.com/offer/652275014908.html
深圳市小桔红饰品有限公司;https://mimiorange.1688.com;https://detail.1688.com/offer/652889596840.html
东莞市谜丽饰品有限公司;https://shop013d14657h638.1688.com;https://detail.1688.com/offer/653651269541.html
深圳市摩天轮饰品有限公司;https://shop1426490825222.1688.com;https://detail.1688.com/offer/653656045167.html
东莞市长安陌尚饰品厂;https://shop6905764s983s0.1688.com;https://detail.1688.com/offer/654202922696.html
深圳市龙岗区欧麦卡饰品商贸行;https://shop1453394341514.1688.com;https://detail.1688.com/offer/653647105155.html
深圳市福田区鑫艺鑫饰品店;https://shop1468947118779.1688.com;https://detail.1688.com/offer/654579395756.html
义乌市千乘电子商务商行;https://shop52w884h974234.1688.com;https://detail.1688.com/offer/614036206422.html
广州市金浪贸易有限公司;https://shop234kx14690517.1688.com;https://detail.1688.com/offer/644171042271.html
义乌市银尚饰品有限公司;https://hfb2010.1688.com;https://detail.1688.com/offer/624999404653.html
义乌市旭爵电子商务有限公司;https://shop1415896901343.1688.com;https://detail.1688.com/offer/593988265545.html
义乌市珩宴电子商务商行;https://shop3w668736h8h08.1688.com;https://detail.1688.com/offer/653674900642.html
义乌市忆南珠宝商行;https://shop3065i53405555.1688.com;https://detail.1688.com/offer/653471564263.html
海丰县梅陇伊之美首饰厂;https://yizhimeishoushi.1688.com;https://detail.1688.com/offer/571872758651.html
广州市银缘首饰有限公司;https://yinyuanmei.1688.com;https://detail.1688.com/offer/594134876650.html
义乌市枫忆饰品厂;https://shop605l51u53v328.1688.com;https://detail.1688.com/offer/650203405441.html
义乌锦海贸易有限公司;https://shop0d800l75531w2.1688.com;https://detail.1688.com/offer/607904491998.html
义乌越垚贸易有限公司;https://shop8iu423h448381.1688.com;https://detail.1688.com/offer/641898561739.html
东莞市汉泽斯科技有限公司;https://hanzisi1314.1688.com;https://detail.1688.com/offer/654502615323.html
博罗县欧尼娜首饰商行;https://shop8633872724u10.1688.com;https://detail.1688.com/offer/645307418250.html
柘荣县庆全日用品经营部;https://shop9kw982k557868.1688.com;https://detail.1688.com/offer/651272867084.html
贞丰县北盘江镇柳际饰品厂;https://shop1488561337547.1688.com;https://detail.1688.com/offer/566810458464.html
东莞市企石沣桐服装贸易部;https://shop04f3436704347.1688.com;https://detail.1688.com/offer/654334166606.html
义乌市殇启电子商务商行;https://shop411g832e421u7.1688.com;https://detail.1688.com/offer/654821313407.html
义乌市寿山饰品有限公司;https://shoushanjewelry.1688.com;https://detail.1688.com/offer/621854400664.html
义乌市美宸饰品有限公司;https://shop2i52kz9661333.1688.com;https://detail.1688.com/offer/626312466475.html
义乌市淼莱电子商务商行;https://shop1398790798277.1688.com;https://detail.1688.com/offer/527826331354.html
东莞市格佳饰品有限公司;https://wmjbp.1688.com;https://detail.1688.com/offer/570796110732.html
义乌市酷彩饰品有限公司;https://shop14416g1011994.1688.com;https://detail.1688.com/offer/641625729359.html
云霄县上官建材店;https://shop39t54y0v59624.1688.com;https://detail.1688.com/offer/654465144274.html
深圳市宝安区纽兰首饰厂;https://newyiland.1688.com;https://detail.1688.com/offer/576398512365.html
义乌市欣滢饰品有限公司;https://shop943su162c9029.1688.com;https://detail.1688.com/offer/608344184481.html
温州宝奢珠宝科技有限公司;https://fairyrella.1688.com;https://detail.1688.com/offer/607683415490.html
义乌市皖韵饰品有限公司;https://shop939w4ey214350.1688.com;https://detail.1688.com/offer/635070559241.html
义乌市曹骑电子商务商行;https://shop1418143628671.1688.com;https://detail.1688.com/offer/641254018421.html
义乌市卡姿饰品有限公司;https://shop1490204252216.1688.com;https://detail.1688.com/offer/649789842925.html
义乌市邓安电子商务商行;https://shop643h3875h5736.1688.com;https://detail.1688.com/offer/653009225902.html
义乌市畔迁电子商务商行;https://shop1xx1717318411.1688.com;https://detail.1688.com/offer/653540167072.html
义乌市丽姝贸易有限公司;https://shop6230282310tt3.1688.com;https://detail.1688.com/offer/644127874416.html
余江区菲悠经营部;https://shop85l9l36245631.1688.com;https://detail.1688.com/offer/653807803670.html
义乌市宽吉电子商务商行;https://shop1460998196229.1688.com;https://detail.1688.com/offer/578192987243.html
义乌市微溪电子商务有限公司;https://shop2t9q03564s530.1688.com;https://detail.1688.com/offer/646350921278.html
义乌市琛吉电子商务商行;https://shop8581343q8qg54.1688.com;https://detail.1688.com/offer/652059835633.html
温州市鹿城区阁莘贸易商行;https://shop93302132q3os0.1688.com;https://detail.1688.com/offer/654540596537.html
五华县横陂镇小彬锋商行;https://shop647531931r2s3.1688.com;https://detail.1688.com/offer/652203813205.html
余江区清灵经营部;https://shop5e6j647962896.1688.com;https://detail.1688.com/offer/654989512404.html
