义乌市巨欣饰品有限公司;https://juxinsp.1688.com;https://detail.1688.com/offer/589051800386.html
义乌市蕾雅饰品有限公司;https://leiyashipin.1688.com;https://detail.1688.com/offer/615553026269.html
义乌市隆伊贸易商行;https://shop43c6z53n37225.1688.com;https://detail.1688.com/offer/647383984149.html
海口龙华区申业贸易商行;https://shop58119d2936269.1688.com;https://detail.1688.com/offer/652486996761.html
万载县润宏日用品商行;https://shop91803p571y154.1688.com;https://detail.1688.com/offer/648118940797.html
柘荣县角半日用品经营部;https://shop34738b87sm401.1688.com;https://detail.1688.com/offer/645559076410.html
义乌市邓安电子商务商行;https://shop643h3875h5736.1688.com;https://detail.1688.com/offer/650028834552.html
石狮市简峰仁安网络百货商行;https://shop76618x2c16526.1688.com;https://detail.1688.com/offer/651752775911.html
漳州开发区淌联服装店;https://shop70791681x3043.1688.com;https://detail.1688.com/offer/654019331103.html
新罗区桐山百货商行;https://shop5842i1zi73869.1688.com;https://detail.1688.com/offer/655392597098.html
义乌市籽葵电子商务商行;https://shop0607ig477x794.1688.com;https://detail.1688.com/offer/655459753866.html
南平市建阳区俊星百货商行;https://shop2so35568129v9.1688.com;https://detail.1688.com/offer/655210405147.html
南平市建阳区锋星百货商行;https://shop44cc05f302783.1688.com;https://detail.1688.com/offer/656395255543.html
义乌市可巧电子商务商行;https://shop1469033339598.1688.com;https://detail.1688.com/offer/535975662969.html
义乌市燕臻电子商务商行;https://shop428x7t476x812.1688.com;https://detail.1688.com/offer/641990596899.html
深圳市福田区盈大利建筑工程经营部;https://shop4f261c1007e33.1688.com;https://detail.1688.com/offer/655836486423.html
义乌市和壁电子商务商行;https://shop1473785407626.1688.com;https://detail.1688.com/offer/565309667750.html
深圳市东捷伟创科技有限公司;https://shop3p4262xx593a1.1688.com;https://detail.1688.com/offer/646221412526.html
五华县棉洋镇惠鑫商行;https://shop3k7046844b584.1688.com;https://detail.1688.com/offer/646983618083.html
义乌秀格饰品有限公司;https://shop1w2122s50p506.1688.com;https://detail.1688.com/offer/628977856856.html
义乌海生饰品有限公司;https://shop6213044x3p442.1688.com;https://detail.1688.com/offer/628977196136.html
义乌市戴薇贸易有限公司;https://shop26f9701ncj593.1688.com;https://detail.1688.com/offer/642034754416.html
义乌市席席饰品有限公司;https://shop5p28572787731.1688.com;https://detail.1688.com/offer/634737679080.html
义乌市潘妮饰品有限公司;https://shop1492102708055.1688.com;https://detail.1688.com/offer/626984458239.html
丰泽区偏漫百货网店;https://shop22y641320u168.1688.com;https://detail.1688.com/offer/652311601488.html
余江区源顺经营部;https://shop761lu44970829.1688.com;https://detail.1688.com/offer/654350052719.html
义乌市茵毅电子商务商行;https://shop9157990717066.1688.com;https://detail.1688.com/offer/654183673893.html
义乌市繁宁电子商务商行;https://shop06u957b971528.1688.com;https://detail.1688.com/offer/654029702852.html
义乌市雨伊贸易有限公司;https://shop1899x185r63d3.1688.com;https://detail.1688.com/offer/593706394658.html
义乌市熙梦橙贸易有限公司;https://shop671x4180m29o4.1688.com;https://detail.1688.com/offer/624466677013.html
义乌市速泰贸易有限公司;https://ywsutai.1688.com;https://detail.1688.com/offer/652383758964.html
义乌市妙德电子商务商行;https://shop1354900280794.1688.com;https://detail.1688.com/offer/613967066918.html
义乌千芙饰品有限公司;https://shop1404528103758.1688.com;https://detail.1688.com/offer/578958602315.html
宿城区揪渊孤斯百货经营部;https://shop54583r8115z70.1688.com;https://detail.1688.com/offer/641379645291.html
通山县瑞珀百货店;https://shop521g89u537784.1688.com;https://detail.1688.com/offer/638718518433.html
义乌市缀顺电子商务商行;https://zhuishun9966.1688.com;https://detail.1688.com/offer/601229040479.html
义乌市若琪饰品有限公司;https://shop43656q7ee5895.1688.com;https://detail.1688.com/offer/651495216000.html
吴江经济技术开发区芳之海贸易商行;https://shop128531u1e8776.1688.com;https://detail.1688.com/offer/599709472381.html
义乌市从庆电子商务商行;https://jiangcongqing.1688.com;https://detail.1688.com/offer/631120089427.html
义乌市缕曼饰品有限公司;https://shop1467220910858.1688.com;https://detail.1688.com/offer/630700420793.html
义乌市缕曼电子商务商行;https://shop1419007346504.1688.com;https://detail.1688.com/offer/631732931185.html
石狮市简峰铭悦网络百货商行;https://shop02h77j1661v24.1688.com;https://detail.1688.com/offer/652601426112.html
丰泽区帕蝶百货网店;https://shop835e691o41932.1688.com;https://detail.1688.com/offer/652231041159.html
石狮市简峰亿展网络百货商行;https://shop5623251u5u2u7.1688.com;https://detail.1688.com/offer/652522614015.html
石狮市简峰世控网络百货商行;https://shop16t64v339n381.1688.com;https://detail.1688.com/offer/652736679831.html
广州哈琳娜饰品厂;https://harrina.1688.com;https://detail.1688.com/offer/639959665353.html
石狮市简峰守望网络百货商行;https://shop8990nh6130t36.1688.com;https://detail.1688.com/offer/651648124058.html
余江区汇吉岸贸易商行;https://shop9304242gn1607.1688.com;https://detail.1688.com/offer/653335551747.html
义乌市姚萱饰品有限公司;https://shop318809u201797.1688.com;https://detail.1688.com/offer/628046706613.html
义乌市光影饰品有限公司;https://shop770u1e6z64467.1688.com;https://detail.1688.com/offer/653573705106.html
义乌市羿辰饰品厂;https://shophancai.1688.com;https://detail.1688.com/offer/559063477065.html
义乌市际恺饰品有限公司;https://shop179p402lg9637.1688.com;https://detail.1688.com/offer/628463572630.html
义乌市博邱电子商务商行;https://shop36e8s8s915818.1688.com;https://detail.1688.com/offer/655867323494.html
余江区琦祥经营部;https://shop687x97717x521.1688.com;https://detail.1688.com/offer/654271044734.html
义乌市漂洋饰品有限公司;https://pyshp2003666.1688.com;https://detail.1688.com/offer/649009005166.html
余江区稿特经营部;https://shop317f207452360.1688.com;https://detail.1688.com/offer/654505361332.html
陆川县惠霖日用品店;https://shop78046017l7051.1688.com;https://detail.1688.com/offer/651524875988.html
余江区能雨经营部;https://shop08882c350c1c7.1688.com;https://detail.1688.com/offer/654988946713.html
义乌市贶景电子商务商行;https://shop8307899835mb7.1688.com;https://detail.1688.com/offer/652879380306.html
义乌市考薛电子商务商行;https://shop86d50o63s2738.1688.com;https://detail.1688.com/offer/652868960162.html
义乌市芙戎电子商务商行;https://shop52j0o65809554.1688.com;https://detail.1688.com/offer/655196679318.html
义乌市莲渡电子商务商行;https://shop8538o2573e2l9.1688.com;https://detail.1688.com/offer/653980602710.html
义乌市森噫电子商务商行;https://shop913256b258783.1688.com;https://detail.1688.com/offer/653613788796.html
义乌市诗虹饰品有限公司;https://shihong.1688.com;https://detail.1688.com/offer/653910609759.html
义乌市饰喜电子商务有限公司;https://shop3052f944r2i94.1688.com;https://detail.1688.com/offer/652491170816.html
义乌市走走饰品有限公司;https://shop3h321754i07i5.1688.com;https://detail.1688.com/offer/654634911970.html
义乌市迷尚贸易有限公司;https://azusky.1688.com;https://detail.1688.com/offer/651165668146.html
义乌市逸舒贸易有限公司;https://15868952333.1688.com;https://detail.1688.com/offer/621384980434.html
义乌市莉韩饰品有限公司;https://lihan2019.1688.com;https://detail.1688.com/offer/652023145919.html
义乌市戴炫饰品有限公司;https://daishangsp.1688.com;https://detail.1688.com/offer/607481622250.html
义乌市轲轲饰品厂;https://shop155168o5615d5.1688.com;https://detail.1688.com/offer/566132720063.html
义乌市歌图电子商务商行;https://shop66054uuy04028.1688.com;https://detail.1688.com/offer/654352542732.html
余江区翔穆经营部;https://shop36925180hf668.1688.com;https://detail.1688.com/offer/654717772165.html
义乌市钰媛饰品有限公司;https://shop186512k568978.1688.com;https://detail.1688.com/offer/610552011927.html
义乌市泰涞饰品有限公司;https://shop783094560m844.1688.com;https://detail.1688.com/offer/643806790950.html
义乌市忻梨电子商务商行;https://shop96688wr9094g4.1688.com;https://detail.1688.com/offer/653032033538.html
万载县祥辉日用品经营部;https://shop67180p561pn31.1688.com;https://detail.1688.com/offer/652729548570.html
义乌市昕涵饰品有限公司;https://shop249075gr0r667.1688.com;https://detail.1688.com/offer/627034762122.html
义乌市莱玛电子商务有限公司;https://laimasp.1688.com;https://detail.1688.com/offer/604398892812.html
义乌市蕊柔电子商务商行;https://shop1414773994392.1688.com;https://detail.1688.com/offer/581740813303.html
深圳市欣盛饰品有限公司;https://xinshengzhubao.1688.com;https://detail.1688.com/offer/626541962420.html
义乌市诺苑电子商务商行;https://shop235t521258tu1.1688.com;https://detail.1688.com/offer/622160857966.html
义乌市饰铺电子商务商行;https://duoyue666.1688.com;https://detail.1688.com/offer/654821806435.html
义乌科凡电子商务商行;https://shop854301399n549.1688.com;https://detail.1688.com/offer/655392079149.html
新沂市格沃家居用品经营部;https://shop646640152r172.1688.com;https://detail.1688.com/offer/655612286286.html
余江区达祥经营部;https://shop11090a38112a5.1688.com;https://detail.1688.com/offer/652661870196.html
柘荣县角村日用品经营部;https://shop12u1790r83y92.1688.com;https://detail.1688.com/offer/650149817149.html
义乌市厚盾电子商务商行;https://shop106434x85n9j8.1688.com;https://detail.1688.com/offer/652172826381.html
丰泽区免按百货网店;https://shop721t745995a26.1688.com;https://detail.1688.com/offer/652611362677.html
义乌市峰循电子商务商行;https://shop4i8029e276717.1688.com;https://detail.1688.com/offer/651480136255.html
余江区欣飞经营部;https://shop02182q5g85372.1688.com;https://detail.1688.com/offer/652245019873.html
鄱阳县曲鹏服装店;https://shop027t10b324120.1688.com;https://detail.1688.com/offer/655860639540.html
丰泽区是随百货网店;https://shop72n943964nw75.1688.com;https://detail.1688.com/offer/652743502023.html
义乌市飞韩饰品有限公司;https://feihan.1688.com;https://detail.1688.com/offer/633216788858.html
义乌市挽里电子商务有限公司;https://shop057g1815vi312.1688.com;https://detail.1688.com/offer/634397168573.html
义乌市奇阅饰品有限公司;https://qiyueshipin.1688.com;https://detail.1688.com/offer/606755749935.html
东阳市白云顺宝电子商务商行;https://shop6n8738s393886.1688.com;https://detail.1688.com/offer/608561082482.html
义乌市美添色电子商务有限公司;https://shop3g466z20449g7.1688.com;https://detail.1688.com/offer/633833929748.html
义乌市瑞趋电子商务有限公司;https://shop677nf85960198.1688.com;https://detail.1688.com/offer/629193313896.html
永定区萱贝尼网店;https://shop4331600u324n9.1688.com;https://detail.1688.com/offer/639541457838.html
义乌市沫妍贸易有限公司;https://shop4ny40974586i3.1688.com;https://detail.1688.com/offer/642380398103.html
义乌市霸徒电子商务商行;https://shop11436o35z1679.1688.com;https://detail.1688.com/offer/650830710098.html
义乌市臻饰电子商务商行;https://yaya68.1688.com;https://detail.1688.com/offer/577807378102.html
义乌市修婕电子商务商行;https://shop6724b67477210.1688.com;https://detail.1688.com/offer/654148900417.html
义乌市伟美饰品有限公司;https://shop709450064uo15.1688.com;https://detail.1688.com/offer/629443577582.html
义乌市元狩贸易有限公司;https://shop6r791u7747782.1688.com;https://detail.1688.com/offer/602190368829.html
睢宁县缘安家居用品厂;https://shop074523ur04q85.1688.com;https://detail.1688.com/offer/655303005485.html
义乌市方婳电子商务商行;https://shop63s8017v65v96.1688.com;https://detail.1688.com/offer/654068034710.html
连城县俪承嗣百货店;https://shop9589592g98965.1688.com;https://detail.1688.com/offer/654153917124.html
义乌市今立服饰有限公司;https://shop0j22u6275i474.1688.com;https://detail.1688.com/offer/629766662965.html
义乌市如夏饰品有限公司;https://shop3v64n66888i82.1688.com;https://detail.1688.com/offer/641994313786.html
浦江县创饰纪贸易有限公司;https://shop269772l7kjy58.1688.com;https://detail.1688.com/offer/630112840597.html
阳江市江城区河马西施饰品厂;https://shop1489889953958.1688.com;https://detail.1688.com/offer/644519311412.html
义乌知行贸易有限公司;https://shop88524105315w2.1688.com;https://detail.1688.com/offer/651366310672.html
义乌市百萱电子商务商行;https://shop913341y061375.1688.com;https://detail.1688.com/offer/630188664066.html
义乌市泽茂进出口有限公司;https://shop4c53003100270.1688.com;https://detail.1688.com/offer/632775401609.html
佛山市禅城区鑫驰哈服装厂;https://shop21142586u9v59.1688.com;https://detail.1688.com/offer/641882062394.html
漯河市源汇区婧一百货食品经营部;https://shop7084f346665t8.1688.com;https://detail.1688.com/offer/626869430917.html
义乌市优洛佳饰品有限公司;https://shop83898936j5508.1688.com;https://detail.1688.com/offer/655239583230.html
义乌景升家具有限公司;https://shop9222v429q5861.1688.com;https://detail.1688.com/offer/631538475512.html
五华县横陂镇珍露香商贸部;https://shop62573rn29u931.1688.com;https://detail.1688.com/offer/648294536332.html
