义乌市争尚电子商务商行;https://shop0603018764ap9.1688.com;https://detail.1688.com/offer/633708545783.html
义乌市奇阅饰品有限公司;https://qiyueshipin.1688.com;https://detail.1688.com/offer/622950565383.html
深圳市宝安区猫力饰品商行;https://shop1399913933782.1688.com;https://detail.1688.com/offer/629458562358.html
义乌市志辰贸易有限公司;https://shop092w287q5h251.1688.com;https://detail.1688.com/offer/577360113963.html
义乌市曼康饰品厂;https://ywmkspc.1688.com;https://detail.1688.com/offer/633517938667.html
深圳市筑深梦企业管理咨询有限公司;https://shop157qr86209048.1688.com;https://detail.1688.com/offer/652001842109.html
三明市三元区飞凯贸易商行;https://shop7246m88m96k57.1688.com;https://detail.1688.com/offer/650049959361.html
新罗区西虾百货商行;https://shop493655174e278.1688.com;https://detail.1688.com/offer/654871394168.html
浦江县趣凡易购电子商务商行;https://shop1411750129781.1688.com;https://detail.1688.com/offer/631455207301.html
新罗区卡咖百货商行;https://shop60s249cc9u682.1688.com;https://detail.1688.com/offer/654124290286.html
广州南沙区树阁网络科技有限公司;https://shop2l12723028628.1688.com;https://detail.1688.com/offer/641199899565.html
万载县瑶秀日用品商行;https://shop375839e02sf78.1688.com;https://detail.1688.com/offer/649203140485.html
义乌市艾希电子商务商行;https://shop1442335637609.1688.com;https://detail.1688.com/offer/635026170560.html
义乌市颍泽贸易有限公司;https://shop20i63r5338392.1688.com;https://detail.1688.com/offer/640080734673.html
广州伊汇旺贸易商行;https://shop44448202626t5.1688.com;https://detail.1688.com/offer/654201526931.html
漯河市源汇区存换百货店;https://shop260x2b1s43629.1688.com;https://detail.1688.com/offer/628399537163.html
玉林市玉州区卡美百货店;https://shop0678h776984k1.1688.com;https://detail.1688.com/offer/644386689002.html
义乌市夕六电子商务商行;https://shop522435u1k4w12.1688.com;https://detail.1688.com/offer/652298633402.html
佛山市南海区桂城益昌五金电器商行;https://shop68y64231y6722.1688.com;https://detail.1688.com/offer/626786869812.html
广州市花都区狮岭家家兴百货店;https://shop5462037666900.1688.com;https://detail.1688.com/offer/653802860242.html
青岛帕肯商贸有限公司;https://shop2s863120u7338.1688.com;https://detail.1688.com/offer/650586328680.html
义乌市喆媛饰品厂;https://zheyuan.1688.com;https://detail.1688.com/offer/628786119835.html
南平市建阳区文吉好百货商行;https://shop57dh5987923u6.1688.com;https://detail.1688.com/offer/655010425857.html
新罗区量东暇百货商行;https://shop50x391074y284.1688.com;https://detail.1688.com/offer/652117572360.html
余江区汇吉岸贸易商行;https://shop9304242gn1607.1688.com;https://detail.1688.com/offer/651207485947.html
余江区达琪尼商贸商行;https://shop07009673185i6.1688.com;https://detail.1688.com/offer/651189372171.html
余江区六藕王商贸商行;https://shop037k43665s384.1688.com;https://detail.1688.com/offer/651993632237.html
尤溪县鹏承商行;https://shop0041g6a953847.1688.com;https://detail.1688.com/offer/652521508057.html
张升平;https://duojiaoyan.1688.com;https://detail.1688.com/offer/616896343012.html
义乌市易靓服饰有限公司;https://shop929563550q981.1688.com;https://detail.1688.com/offer/629879173680.html
义乌市伊容饰品有限公司;https://shop1400259555368.1688.com;https://detail.1688.com/offer/521281986020.html
义乌市淼萱电子商务商行;https://shop1346490289675.1688.com;https://detail.1688.com/offer/578236147640.html
义乌市齐增饰品商行;https://shop7197j4u531677.1688.com;https://detail.1688.com/offer/631050846574.html
义乌市澜启电子商务有限公司;https://shop0j6h12j841768.1688.com;https://detail.1688.com/offer/632319814015.html
义乌市丽歌饰品有限公司;https://shop1467221335666.1688.com;https://detail.1688.com/offer/653481219887.html
义乌市和夫饰品有限公司;https://hefushop.1688.com;https://detail.1688.com/offer/587447277500.html
义乌市霄舟电子商务商行;https://shop799992c207268.1688.com;https://detail.1688.com/offer/654046588019.html
义乌市艺卡饰品有限公司;https://shop7n73518619744.1688.com;https://detail.1688.com/offer/630901120672.html
义乌市昕月饰品有限公司;https://xy8898.1688.com;https://detail.1688.com/offer/627302838041.html
义乌市帕朵电子商务商行;https://shop1433955735591.1688.com;https://detail.1688.com/offer/624457665001.html
义乌市嘟龙电子商务有限公司;https://shop1384793550809.1688.com;https://detail.1688.com/offer/629848261272.html
义乌市瑞趋电子商务有限公司;https://shop677nf85960198.1688.com;https://detail.1688.com/offer/629522905500.html
义乌市佑耳贸易商行;https://shop97a622619n872.1688.com;https://detail.1688.com/offer/642326959417.html
义乌市柚见饰品有限公司;https://shop7v6716q227198.1688.com;https://detail.1688.com/offer/632696860234.html
义乌市仟首电子商务商行;https://shop1948365e79844.1688.com;https://detail.1688.com/offer/641646589169.html
义乌市婷迟电子商务商行;https://shop82539ma5f67m7.1688.com;https://detail.1688.com/offer/628158337331.html
广州市白云区龙归齐微格皮具厂;https://shop0656eg3g91e64.1688.com;https://detail.1688.com/offer/655641885587.html
新罗区舞桐语百货店;https://shop02404935cp6w8.1688.com;https://detail.1688.com/offer/655484253177.html
义乌市耿旺电子商务商行;https://shop87654172hrh68.1688.com;https://detail.1688.com/offer/649259933328.html
尤溪县火的鸟商行;https://shop898j665035276.1688.com;https://detail.1688.com/offer/655687065195.html
深圳市龙华新区伊百分手工饰品厂;https://storyacc.1688.com;https://detail.1688.com/offer/558797904853.html
广州嘚铭玩具商行;https://shop59682kt3226k7.1688.com;https://detail.1688.com/offer/655165318307.html
义乌市依宇电子商务有限公司;https://shop612q3221y5a50.1688.com;https://detail.1688.com/offer/641712582437.html
临沂市兰山区亿甜饰品商行;https://shop9574j84j24j22.1688.com;https://detail.1688.com/offer/637132945741.html
义乌市灵丽电子商务有限公司;https://shop009g40b9213y2.1688.com;https://detail.1688.com/offer/631419669938.html
义乌奇睿饰品有限公司;https://yiwuqirui.1688.com;https://detail.1688.com/offer/654272996915.html
高新区枫桥豪纳康服装商行;https://shop610261925p672.1688.com;https://detail.1688.com/offer/655542697535.html
润州区银之雀服装厂;https://shop749j33032om54.1688.com;https://detail.1688.com/offer/656062722713.html
义乌市森信饰品有限公司;https://shop34931013l6762.1688.com;https://detail.1688.com/offer/579882502594.html
河南四财网络科技有限公司;https://shop312l4185l2828.1688.com;https://detail.1688.com/offer/655197474174.html
义乌市艾蕾亘特饰品厂;https://shop66h557u133484.1688.com;https://detail.1688.com/offer/653890036863.html
河南当歌网络科技有限公司;https://shop78881d8774463.1688.com;https://detail.1688.com/offer/655587967944.html
广州春之欧服饰有限公司;https://czo178.1688.com;https://detail.1688.com/offer/565022263325.html
义乌市爱百绘服饰有限公司;https://shop4534669t30636.1688.com;https://detail.1688.com/offer/647577163575.html
义乌市桑达贸易有限公司;https://shop33371097l7102.1688.com;https://detail.1688.com/offer/635765662517.html
义乌市林饰饰品有限公司;https://shop571155840q414.1688.com;https://detail.1688.com/offer/655229758458.html
义乌市曼达饰品有限公司;https://shop4426357501x32.1688.com;https://detail.1688.com/offer/631590920350.html
济宁通誉贸易有限公司;https://shop457y663397109.1688.com;https://detail.1688.com/offer/633967766636.html
义乌市韩创饰品有限公司;https://shop3891096187f87.1688.com;https://detail.1688.com/offer/630135114172.html
义乌市蕾拉饰品有限公司;https://shop6949b08387j98.1688.com;https://detail.1688.com/offer/654487212830.html
义乌市忆枫电子商务商行;https://shop48e0761372f22.1688.com;https://detail.1688.com/offer/656118727205.html
浦江县艾西商贸有限公司;https://shop1218258m5s9u5.1688.com;https://detail.1688.com/offer/635389196335.html
徐州市巨匠工艺品有限公司;https://jujianggyp.1688.com;https://detail.1688.com/offer/606065261380.html
义乌市钻博电子商务商行;https://zuanbomvp.1688.com;https://detail.1688.com/offer/579572440874.html
义乌市陌凡贸易有限公司;https://shop498915rr9r871.1688.com;https://detail.1688.com/offer/634546346320.html
余江区欣湾经营部;https://shop4172e3j31w145.1688.com;https://detail.1688.com/offer/654623056670.html
众长(金华)网络科技有限公司;https://shop6784504441380.1688.com;https://detail.1688.com/offer/596912169183.html
余江区怡庆经营部;https://shop28f57719087l7.1688.com;https://detail.1688.com/offer/655597398643.html
义乌市聂轩电子商务有限公司;https://shop1458233015537.1688.com;https://detail.1688.com/offer/626531188465.html
义乌市湛盎电子商务商行;https://shop325e311485358.1688.com;https://detail.1688.com/offer/654377169228.html
义乌市欧创贸易有限公司;https://shop54mj2o3104291.1688.com;https://detail.1688.com/offer/628863965653.html
尤溪县赤眉商行;https://shop61053b6q727d2.1688.com;https://detail.1688.com/offer/649947146660.html
余江区耀柏经营部;https://shop4f73303053687.1688.com;https://detail.1688.com/offer/655198461417.html
余江区琦欧经营部;https://shop3235j3w4639h5.1688.com;https://detail.1688.com/offer/655175809651.html
通山县芳批百货店;https://shop47pp045s51224.1688.com;https://detail.1688.com/offer/654982692515.html
袁州区楠烟网络工作室;https://shop653224db6d762.1688.com;https://detail.1688.com/offer/655285286591.html
义乌市玛姬饰品有限公司;https://majishipin.1688.com;https://detail.1688.com/offer/644358052732.html
宁海卓宇电子商务商行;https://shop38140012od823.1688.com;https://detail.1688.com/offer/655740154502.html
柘荣县声果日用品经营部;https://shop42x54k1344396.1688.com;https://detail.1688.com/offer/649838866597.html
广州刘娜贸易商行;https://shop30v1180339v91.1688.com;https://detail.1688.com/offer/653943790340.html
义乌市温蒂服饰有限公司;https://shop33959o3307r91.1688.com;https://detail.1688.com/offer/635413773477.html
义乌市尚炫月饰品厂;https://shop154982m4q0803.1688.com;https://detail.1688.com/offer/655235731698.html
义乌市几何饰品有限公司;https://shop1768n8r37s7u7.1688.com;https://detail.1688.com/offer/654822765824.html
义乌市如致电子商务商行;https://shop229647275o974.1688.com;https://detail.1688.com/offer/652835704761.html
佛山市南海区熙文和家居贸易商行;https://shop33w2590331170.1688.com;https://detail.1688.com/offer/655055713186.html
万载县高轴会百货店;https://shop676760p4507v8.1688.com;https://detail.1688.com/offer/655397727067.html
漳州开发区淌联服装店;https://shop70791681x3043.1688.com;https://detail.1688.com/offer/648320021398.html
霞浦县妍莫日用品经营部;https://shop76247840s4845.1688.com;https://detail.1688.com/offer/634442563407.html
慈溪市鑫辉帽业有限公司;https://sbshats.1688.com;https://detail.1688.com/offer/655429737864.html
义乌市牌持电子商务商行;https://shop94966stq66292.1688.com;https://detail.1688.com/offer/649947971071.html
义乌市杜赛电子商务有限公司;https://shop1489140918912.1688.com;https://detail.1688.com/offer/631835542659.html
余江区福凤经营部;https://shop17g80f0539307.1688.com;https://detail.1688.com/offer/654964716619.html
袁州区芮婷网络工作室;https://shop712ff27946c83.1688.com;https://detail.1688.com/offer/655759994603.html
义乌市谦穗电子商务商行;https://shop2q1u9824u8387.1688.com;https://detail.1688.com/offer/647348928687.html
广州温玟贸易商行;https://shop228195au3a628.1688.com;https://detail.1688.com/offer/652992866768.html
义乌市儒槟电子商务商行;https://shop9r8b110670997.1688.com;https://detail.1688.com/offer/651498498663.html
柘荣县楷豹日用品经营部;https://shop909433314wp50.1688.com;https://detail.1688.com/offer/649157937441.html
柘荣县角麻日用品经营部;https://shop44108p6756k89.1688.com;https://detail.1688.com/offer/645748448232.html
余江区芬莉经营部;https://shop71w7m14566860.1688.com;https://detail.1688.com/offer/654585402057.html
袁州区渐离网络工作室;https://shop98l9184874t59.1688.com;https://detail.1688.com/offer/655457427483.html
袁州区北梦网络工作室;https://shop9055836aa19o2.1688.com;https://detail.1688.com/offer/655386146518.html
新沂市嘉之华服装店;https://shop440nu7c563713.1688.com;https://detail.1688.com/offer/655779187645.html
余江区浩柏经营部;https://shop9539467u00j40.1688.com;https://detail.1688.com/offer/654164411966.html
万载县欧龚启百货商行;https://shop629q8516z4z97.1688.com;https://detail.1688.com/offer/655302759790.html
余江区贵欣经营部;https://shop17971k1501sv7.1688.com;https://detail.1688.com/offer/654561761208.html
广州香翔商贸商行;https://shop5594149135z60.1688.com;https://detail.1688.com/offer/654005396007.html
佛山市南海区晨则湍服装厂;https://shop94433ki966529.1688.com;https://detail.1688.com/offer/650565422947.html
龙港市芯塔电子商务商行;https://shop8ni050489x102.1688.com;https://detail.1688.com/offer/652009987894.html
三明市三元区顺依服装店;https://shop5235rl03l2292.1688.com;https://detail.1688.com/offer/649211788866.html
万载县洲稍玲百货商行;https://shop92lx4818t8624.1688.com;https://detail.1688.com/offer/655408605819.html
新沂市成之维百货店;https://shop7t66t48804494.1688.com;https://detail.1688.com/offer/654958980599.html
义乌市轩藏日用百货商行;https://shop1616u03961h51.1688.com;https://detail.1688.com/offer/651955949287.html
万载县根勋日用品商行;https://shop81l2694d98557.1688.com;https://detail.1688.com/offer/651631588608.html
南平市建阳区练光纬百货店;https://shop1372um9879169.1688.com;https://detail.1688.com/offer/648146611263.html
余江区祥朔经营部;https://shop2592786x79717.1688.com;https://detail.1688.com/offer/655209698803.html
义乌市暖泽饰品有限公司;https://shop40g621888t413.1688.com;https://detail.1688.com/offer/624625888541.html
义乌市漂洋饰品有限公司;https://pyshp2003666.1688.com;https://detail.1688.com/offer/622922132005.html
义乌市韩饰电子商务有限公司;https://hs0616.1688.com;https://detail.1688.com/offer/619911671306.html
义乌市执明电子商务商行;https://shop89053089y7392.1688.com;https://detail.1688.com/offer/643150269884.html
新沂市明之花服装店;https://shop4v353o09l3851.1688.com;https://detail.1688.com/offer/654911705026.html
新沂市少之海家居用品部;https://shop09l90s9166267.1688.com;https://detail.1688.com/offer/653896428701.html
义乌市墨奥电子商务有限公司;https://shop1461764376212.1688.com;https://detail.1688.com/offer/532981680672.html
义乌市蕊柔电子商务商行;https://shop1414773994392.1688.com;https://detail.1688.com/offer/643190604468.html
义乌市均宽电子商务商行;https://junkuan.1688.com;https://detail.1688.com/offer/533129230095.html
漳州开发区岚菀柳网络技术工作室;https://shop827g90798n375.1688.com;https://detail.1688.com/offer/654645240174.html
义乌市观佑饰品有限公司;https://guanyou0908.1688.com;https://detail.1688.com/offer/634479672454.html
万载县起鸢敏百货店;https://shop10e95c5c45273.1688.com;https://detail.1688.com/offer/655940459987.html
漳州开发区尤恒秋建材店;https://shop7d05278m90313.1688.com;https://detail.1688.com/offer/655918063743.html
义乌市绕野电子商务商行;https://shop93158379sb255.1688.com;https://detail.1688.com/offer/653600520218.html
新沂市龚敏霞服装店;https://shop58690687321i4.1688.com;https://detail.1688.com/offer/653904500190.html
余江区长洋经营部;https://shop457u9589073o0.1688.com;https://detail.1688.com/offer/655781575112.html
新沂市明曾服装店;https://shop90u473990t367.1688.com;https://detail.1688.com/offer/654119700434.html
浦江县韩之尚电子商务有限公司;https://hanzhishang.1688.com;https://detail.1688.com/offer/617773929063.html
义乌市哲泽电子商务有限公司;https://shop1468256467158.1688.com;https://detail.1688.com/offer/596440108197.html
漳州开发区梵迦萱服装店;https://shop321r4369682c1.1688.com;https://detail.1688.com/offer/654817976303.html
余江区宝仕经营部;https://shop98d864023d262.1688.com;https://detail.1688.com/offer/654830013655.html
余江区莱翔经营部;https://shop3720055577007.1688.com;https://detail.1688.com/offer/655677335261.html
袁州区随风网络工作室;https://shop92y25611b4132.1688.com;https://detail.1688.com/offer/654838429055.html
袁州区岁屑网络工作室;https://shop81525o2x01x60.1688.com;https://detail.1688.com/offer/654907765087.html
新沂市浩之华百货店;https://shop7p0109sk59922.1688.com;https://detail.1688.com/offer/654880553733.html
新沂市捷之文服装店;https://shop71p23541890n0.1688.com;https://detail.1688.com/offer/655114186244.html
新沂市敏之胡家居用品经营部;https://shop4eh7g36094464.1688.com;https://detail.1688.com/offer/653693272144.html
新罗区斯维百货商行;https://shop3h3495n217061.1688.com;https://detail.1688.com/offer/642535852027.html
台江区容耀电子产品商行;https://shop10225u5990l24.1688.com;https://detail.1688.com/offer/649893371158.html
袁州区梓七网络工作室;https://shop5954125279850.1688.com;https://detail.1688.com/offer/654467088199.html
漳州开发区关雁卉建材店;https://shop1y341835s2166.1688.com;https://detail.1688.com/offer/656280567785.html
义乌市左龙电子商务有限公司;https://shop1429635214472.1688.com;https://detail.1688.com/offer/640999817572.html
陆川县丹宁日用品店;https://shop475234e311523.1688.com;https://detail.1688.com/offer/656022011525.html
万载县腹娇等百货店;https://shop9b1415ev39823.1688.com;https://detail.1688.com/offer/655679169746.html
新沂市罗之璇百货店;https://shop442187s5s51v8.1688.com;https://detail.1688.com/offer/656428783594.html
新沂市曾宇家居用品经营部;https://shop3v44376s82030.1688.com;https://detail.1688.com/offer/655216020225.html
丹阳市界牌镇洋莫五金加工厂;https://shop1842871890498.1688.com;https://detail.1688.com/offer/656330563935.html
义乌市婉姝饰品厂;https://shop9967k66407683.1688.com;https://detail.1688.com/offer/642296566514.html
连城县正绍元百货店;https://shop811409n1467j3.1688.com;https://detail.1688.com/offer/649918096443.html
广州市行者无疆体育用品有限公司;https://shop7d034272t00a2.1688.com;https://detail.1688.com/offer/646209617902.html
铅山县柳丰饰品有限公司;https://shop89az068937w22.1688.com;https://detail.1688.com/offer/585753101601.html
义乌市冷安电子商务商行;https://shop1464368243607.1688.com;https://detail.1688.com/offer/617551998467.html
义乌市欣恋贸易有限公司;https://shop1494521932336.1688.com;https://detail.1688.com/offer/619355529357.html
金华市凡可贸易有限公司;https://vancoleaccessory.1688.com;https://detail.1688.com/offer/592210101637.html
义乌市鼎圣日用品有限公司;https://shop48p5953553186.1688.com;https://detail.1688.com/offer/600802190544.html
义乌市骁邦进出口有限公司;https://xbscarf.1688.com;https://detail.1688.com/offer/634386223260.html
义乌市顺拓日用品厂;https://shuntuo88.1688.com;https://detail.1688.com/offer/631918043632.html
南平市建阳区林农皎洁百货店;https://shop19608zv047824.1688.com;https://detail.1688.com/offer/653973747016.html
石狮市简峰火灸网络百货商行;https://shop675cc92605230.1688.com;https://detail.1688.com/offer/652078720100.html
润州区栢之松百货商行;https://shop251i9737b9133.1688.com;https://detail.1688.com/offer/645065438508.html
广州市黄埔区结小宝百货店;https://shop45357643e7504.1688.com;https://detail.1688.com/offer/649374381090.html
铅山县鹅湖镇江志军饰品厂;https://shop406620z059382.1688.com;https://detail.1688.com/offer/642708683615.html
义乌市瞳诺饰品有限公司;https://shop11mm441918857.1688.com;https://detail.1688.com/offer/653745037359.html
佛山市南海区顺汇凤建材有限责任公司;https://shop81774o9214v26.1688.com;https://detail.1688.com/offer/639530738155.html
佛山市南海区涵达轩家具厂;https://shop0366n48407448.1688.com;https://detail.1688.com/offer/645430091815.html
广州华趣贸易有限公司;https://shop55u499u114047.1688.com;https://detail.1688.com/offer/639195877848.html
新罗区录雅昕百货店;https://shop0705g832141y6.1688.com;https://detail.1688.com/offer/644120238744.html
义乌市龙恩饰品有限公司;https://ywloen.1688.com;https://detail.1688.com/offer/620715404051.html
义乌市赛友饰品有限公司;https://shop93245294144k0.1688.com;https://detail.1688.com/offer/624845241149.html
义乌市晓潇饰品有限公司;https://shop181e29760f789.1688.com;https://detail.1688.com/offer/625763698067.html
义乌市梵恩饰品有限公司;https://fanen1688.1688.com;https://detail.1688.com/offer/652593300038.html
义乌市景天服饰有限公司;https://jingtian1688.1688.com;https://detail.1688.com/offer/652632942477.html
义乌市美维饰品有限公司;https://shop247832r228825.1688.com;https://detail.1688.com/offer/649496808126.html
义乌市名夏饰品有限公司;https://shop3255lu3598d98.1688.com;https://detail.1688.com/offer/623450420915.html
义乌市英雀思庭家居用品有限公司;https://shop973i56y621888.1688.com;https://detail.1688.com/offer/641097900922.html
南平市建阳区林农汉献百货店;https://shop4ab9473h86105.1688.com;https://detail.1688.com/offer/654900627517.html
瑞安市江宇汽摩配件厂;https://jyqmpj.1688.com;https://detail.1688.com/offer/654840045974.html
义乌市洪誉电子商务商行;https://shop452056sy64a87.1688.com;https://detail.1688.com/offer/655126723385.html
石狮市简峰舍楼网络百货商行;https://shop62dt1665017i8.1688.com;https://detail.1688.com/offer/652682588067.html
南平市建阳区路皓阳百货店;https://shop6646114675907.1688.com;https://detail.1688.com/offer/648858753040.html
义乌市萧泽电子商务商行;https://shop98540859r6r28.1688.com;https://detail.1688.com/offer/652533447150.html
余江区思涵经营部;https://shop165252422e6h6.1688.com;https://detail.1688.com/offer/655234868298.html
义乌市余鼎电子商务商行;https://shop5137x605t2331.1688.com;https://detail.1688.com/offer/656363067171.html
佛山市南海区宾卡思服饰厂;https://shop634863mh77205.1688.com;https://detail.1688.com/offer/655744198689.html
丹阳市界牌镇健基石工艺礼品厂;https://shop7gv6085d08d56.1688.com;https://detail.1688.com/offer/655031264951.html
义乌市辉耀饰品有限公司;https://shop7zdy956760942.1688.com;https://detail.1688.com/offer/643610203503.html
余姚市际云电器商行;https://shop6611637p2pw93.1688.com;https://detail.1688.com/offer/652067743255.html
余江区典偌经营部;https://shop24549jt46q226.1688.com;https://detail.1688.com/offer/653687295245.html
余江区琦祥经营部;https://shop687x97717x521.1688.com;https://detail.1688.com/offer/654366302456.html
新罗区白迈百货商行;https://shop286is163964f7.1688.com;https://detail.1688.com/offer/643164845764.html
义乌市当惜电子商务商行;https://dangxi.1688.com;https://detail.1688.com/offer/621996374462.html
义乌市亦舒饰品有限公司;https://shop446f2f7150a94.1688.com;https://detail.1688.com/offer/607983891298.html
义乌市志樱饰品厂;https://shop98581333x7719.1688.com;https://detail.1688.com/offer/650302916188.html
义乌市盛威工艺品有限公司;https://shop08k2643q65175.1688.com;https://detail.1688.com/offer/650985074236.html
义乌市简兮饰品有限公司;https://shop377z807543vx9.1688.com;https://detail.1688.com/offer/583563535720.html
义乌市戴薇贸易有限公司;https://shop26f9701ncj593.1688.com;https://detail.1688.com/offer/642346727799.html
义乌市席席饰品有限公司;https://shop5p28572787731.1688.com;https://detail.1688.com/offer/634732759572.html
义乌市欧烁贸易有限公司;https://oushuo2021.1688.com;https://detail.1688.com/offer/628313147519.html
义乌市方婳电子商务商行;https://shop63s8017v65v96.1688.com;https://detail.1688.com/offer/652529152637.html
茂名市茂南区联生贸易中心;https://shop1x12348502w70.1688.com;https://detail.1688.com/offer/642258506456.html
深圳市宝安区红火火商贸部;https://shop5ht523109e636.1688.com;https://detail.1688.com/offer/650267911070.html
义乌市慕坚电子商务商行;https://shop3f14256c86301.1688.com;https://detail.1688.com/offer/647862857406.html
余江区茜梅经营部;https://shop8571o78t7i111.1688.com;https://detail.1688.com/offer/654000024066.html
新罗区凡索加百货店;https://shop6qf83523232j2.1688.com;https://detail.1688.com/offer/654732607173.html
义乌市东驰饰品有限公司;https://shop90n95n28f3149.1688.com;https://detail.1688.com/offer/625805607777.html
义乌市牛发电子商务商行;https://shop78723335s2s35.1688.com;https://detail.1688.com/offer/656457283821.html
深圳市欣盛饰品有限公司;https://xinshengzhubao.1688.com;https://detail.1688.com/offer/622859234216.html
义乌市环越饰品有限公司;https://shop111t4796au603.1688.com;https://detail.1688.com/offer/618871085597.html
义乌市灵萱饰品有限公司;https://shop853026c256158.1688.com;https://detail.1688.com/offer/655480743859.html
义乌市莱玛电子商务有限公司;https://laimasp.1688.com;https://detail.1688.com/offer/593191390199.html
义乌市蒲钻电子商务商行;https://shop1358592219982.1688.com;https://detail.1688.com/offer/602843908657.html
德清恒玥服饰有限公司;https://shop32657y3z37376.1688.com;https://detail.1688.com/offer/638757047761.html
义乌市优柔饰品厂;https://15805795827.1688.com;https://detail.1688.com/offer/582364843127.html
苏州贝可洛丝贸易有限公司;https://shop158372333cz72.1688.com;https://detail.1688.com/offer/613718925689.html
浦江县东麒饰品加工厂;https://shop60987ae52x249.1688.com;https://detail.1688.com/offer/631094646075.html
义乌市潮炫饰品有限公司;https://shop84o303987q378.1688.com;https://detail.1688.com/offer/620664082489.html
义乌市曦暚贸易有限公司;https://xiyaobusiness.1688.com;https://detail.1688.com/offer/579858776237.html
义乌市沐鸿饰品有限公司;https://shop1470070177775.1688.com;https://detail.1688.com/offer/654890746090.html
义乌市郡芷日用品有限公司;https://shop0bl5q611534h9.1688.com;https://detail.1688.com/offer/625445500611.html
广州亮晶晶饰品有限公司;https://shop52705q1766z19.1688.com;https://detail.1688.com/offer/631426330033.html
义乌爱稣进出口有限公司;https://aisuscarves.1688.com;https://detail.1688.com/offer/629107874541.html
余江区欢怡经营部;https://shop5502063575359.1688.com;https://detail.1688.com/offer/654080154678.html
义乌市恒赢饰品有限公司;https://shop5764723549277.1688.com;https://detail.1688.com/offer/634786633055.html
永定区泰悦影网店;https://shop7301dd2d62648.1688.com;https://detail.1688.com/offer/639017672318.html
义乌赢新进出口有限公司;https://shop2867850ye4753.1688.com;https://detail.1688.com/offer/634424380485.html
灵山县三隆镇志远百货商行;https://shop38u918d746171.1688.com;https://detail.1688.com/offer/641224330881.html
义乌市御馔电子商务商行;https://shop18t16t1993613.1688.com;https://detail.1688.com/offer/654993748623.html
东海县皓德水晶商行;https://shop538a01au13027.1688.com;https://detail.1688.com/offer/634867099062.html
铅山县青溪发饰界;https://shop4p0ee78860292.1688.com;https://detail.1688.com/offer/626571556759.html
义乌市利郦电子商务商行;https://shop45b86371b3146.1688.com;https://detail.1688.com/offer/641699562283.html
佛山市南海区朱庇亚服装厂;https://shop323e73q439f84.1688.com;https://detail.1688.com/offer/644196782493.html
通山县笑区百货店;https://shop92m74700644n5.1688.com;https://detail.1688.com/offer/641018875202.html
深圳市南山区唐歆服饰商行;https://chenmeixiong.1688.com;https://detail.1688.com/offer/641437277191.html
义乌市胡人饰品有限公司;https://guyueren.1688.com;https://detail.1688.com/offer/605981332042.html
深圳市宝安区福海靓依都服装厂;https://shop1494607960707.1688.com;https://detail.1688.com/offer/643382457434.html
义乌市艺顶服饰商行;https://onetopfashion.1688.com;https://detail.1688.com/offer/581817180712.html
义乌市聚顶服饰有限公司;https://shop1412008823299.1688.com;https://detail.1688.com/offer/594187597852.html
海丰县城东至尚百货商行;https://shop625747017q287.1688.com;https://detail.1688.com/offer/649926515141.html
义乌市妙德电子商务商行;https://shop1354900280794.1688.com;https://detail.1688.com/offer/636698441425.html
广州逢高商贸有限公司;https://shop465039l947l59.1688.com;https://detail.1688.com/offer/640650691106.html
义乌市叶春饰品厂;https://shop65356j476e777.1688.com;https://detail.1688.com/offer/643768516556.html
广州哈琳娜饰品厂;https://harrina.1688.com;https://detail.1688.com/offer/644690063857.html
义乌市茹丹饰品有限公司;https://rudanshipin.1688.com;https://detail.1688.com/offer/623413578459.html
义乌市纤迪饰品厂;https://meidijewelry.1688.com;https://detail.1688.com/offer/608953998012.html
衢州市柯城胜盈电子商务商行;https://shop5066849j78j32.1688.com;https://detail.1688.com/offer/595107521800.html
义乌市涵恋饰品有限公司;https://hanlianshipin.1688.com;https://detail.1688.com/offer/612332768463.html
于盛;https://txy85552068.1688.com;https://detail.1688.com/offer/525037926215.html
义乌市格尚电子商务商行;https://15geshang.1688.com;https://detail.1688.com/offer/632898191321.html
义乌市同尔贸易有限公司;https://shop9991sg9000304.1688.com;https://detail.1688.com/offer/601131159809.html
义乌市昕涵饰品有限公司;https://shop249075gr0r667.1688.com;https://detail.1688.com/offer/585348855011.html
何青;https://shop14t347g475093.1688.com;https://detail.1688.com/offer/617580936044.html
义乌市本派电子商务有限公司;https://shop57991754u5222.1688.com;https://detail.1688.com/offer/611146259674.html
义乌市雅漾饰品有限公司;https://shop916q332j13884.1688.com;https://detail.1688.com/offer/643234957534.html
平阳县青豆皮具经营部;https://shop1368551002801.1688.com;https://detail.1688.com/offer/606299908929.html
丰泽区尚看百货网店;https://shop848nqz1542530.1688.com;https://detail.1688.com/offer/652070581257.html
石狮市简峰炫基网络百货商行;https://shop2109589855um8.1688.com;https://detail.1688.com/offer/652518810544.html
石狮市简峰明安网络百货商行;https://shop0p002m1320t12.1688.com;https://detail.1688.com/offer/652903895179.html
海口龙华区利杰可贸易商行;https://shop430e94y480154.1688.com;https://detail.1688.com/offer/653359675884.html
义乌闽珍电子商务有限公司;https://mzwj888.1688.com;https://detail.1688.com/offer/579207200181.html
永定区实极徊百货商行;https://shop246107g281640.1688.com;https://detail.1688.com/offer/644128266221.html
义乌市润特饰品有限公司;https://sunfangwei8.1688.com;https://detail.1688.com/offer/619639106251.html
义乌市燃蔻饰品有限公司;https://shop1356319501044.1688.com;https://detail.1688.com/offer/600294612908.html
义乌市芭炫饰品厂;https://shop2035hk424v179.1688.com;https://detail.1688.com/offer/607872044002.html
义乌市房树荣围巾商行;https://shop1413305121575.1688.com;https://detail.1688.com/offer/619905431367.html
义乌市杰丽贸易有限公司;https://shop195h71th22284.1688.com;https://detail.1688.com/offer/644535472233.html
通山县宛尼百货店;https://shop235358z03rw07.1688.com;https://detail.1688.com/offer/632210896957.html
高新区枫桥雅宇百货商行;https://shop0282p79v74335.1688.com;https://detail.1688.com/offer/654461259856.html
永定区禧毕临商行;https://shop05780285x4467.1688.com;https://detail.1688.com/offer/631421937040.html
义乌市邻果饰品有限公司;https://shop5e541j99908q5.1688.com;https://detail.1688.com/offer/640812978327.html
义乌市咔朋服饰有限公司;https://kapengfushi.1688.com;https://detail.1688.com/offer/557806026327.html
义乌市高硕电子商务有限公司;https://shop662493qo4g3a7.1688.com;https://detail.1688.com/offer/651836040794.html
义乌市妍洋饰品有限公司;https://shop10271s8711638.1688.com;https://detail.1688.com/offer/581707469824.html
义乌市美又佳饰品有限公司;https://shop70f7022766xl0.1688.com;https://detail.1688.com/offer/593812137947.html
阳江市江城区河马西施饰品厂;https://shop1489889953958.1688.com;https://detail.1688.com/offer/644982635650.html
许昌美普拉斯商贸有限公司;https://shop1k10501203qc1.1688.com;https://detail.1688.com/offer/652964735824.html
义乌市鸠季电子商务商行;https://shop123k088545et9.1688.com;https://detail.1688.com/offer/646697454757.html
义乌市畈规电子商务商行;https://shop6d553160792x6.1688.com;https://detail.1688.com/offer/652164666259.html
南平市建阳区可英喆百货店;https://shop262f083593877.1688.com;https://detail.1688.com/offer/650345961302.html
义乌市厚盾电子商务商行;https://shop106434x85n9j8.1688.com;https://detail.1688.com/offer/652028479281.html
新罗区智之之百货商行;https://shop0j023455a6103.1688.com;https://detail.1688.com/offer/652342761986.html
义乌市翔扉电子商务商行;https://shop4607j8625aq12.1688.com;https://detail.1688.com/offer/649914160904.html
南平市建阳区寒昙阁百货店;https://shop097i69v7183v9.1688.com;https://detail.1688.com/offer/652388278401.html
义乌市靳情电子商务商行;https://shop9623yp427w770.1688.com;https://detail.1688.com/offer/652198313474.html
义乌市优泽饰品厂;https://shop83q29x4645171.1688.com;https://detail.1688.com/offer/618662078050.html
义乌市泽蕊饰品厂;https://shop68n2e15790084.1688.com;https://detail.1688.com/offer/621721369761.html
义乌市将图电子商务商行;https://shop50517608576x7.1688.com;https://detail.1688.com/offer/653148693032.html
台州市黄岩豪辰日用品商行;https://shop5q305a385a264.1688.com;https://detail.1688.com/offer/645237591810.html
义乌市勇驰贸易有限公司;https://ywycmy.1688.com;https://detail.1688.com/offer/644825397434.html
台州市黄岩远语日用品商行;https://shop40n09f98888h1.1688.com;https://detail.1688.com/offer/645253130439.html
东阳雪雅饰品有限公司;https://shop5720h14353012.1688.com;https://detail.1688.com/offer/633893794724.html
鄱阳县倪从阳饰品店;https://shop61z4z69326p65.1688.com;https://detail.1688.com/offer/652434979502.html
遂昌锐若日用百货商行;https://shop07h83668p2309.1688.com;https://detail.1688.com/offer/644821647385.html
