深圳市宝安区西乡度香饰品厂;https://shop1438016266458.1688.com;https://detail.1688.com/offer/531691136645.html
义乌市艾媞茵饰品有限公司;https://addilyn.1688.com;https://detail.1688.com/offer/597735640111.html
义乌市张承炫电子商务商行;https://618pifa.1688.com;https://detail.1688.com/offer/564193130954.html
金华市柴河电子商务有限公司;https://shop8y339n842x361.1688.com;https://detail.1688.com/offer/607674408784.html
浦江县曼馨工艺品有限公司;https://ywmanxin.1688.com;https://detail.1688.com/offer/596459785228.html
义乌市厚润电子商务商行;https://shop1403110665690.1688.com;https://detail.1688.com/offer/539783074302.html
义乌市佰昌日用百货商行;https://ywbaichang.1688.com;https://detail.1688.com/offer/559291757929.html
梁山博奥礼品玩具有限公司;https://boaolipin.1688.com;https://detail.1688.com/offer/615995302382.html
义乌市娅丫电子商务商行;https://shop1464195103802.1688.com;https://detail.1688.com/offer/561365173914.html
义乌市铭途玩具有限公司;https://chinapartyhouse.1688.com;https://detail.1688.com/offer/620711264780.html
义乌市三荷饰品有限公司;https://ywjialanflower.1688.com;https://detail.1688.com/offer/597387847602.html
义乌市青合饰品有限公司;https://shop259z32201pz92.1688.com;https://detail.1688.com/offer/641995192830.html
余江区琪熙经营部;https://shop413c42b242259.1688.com;https://detail.1688.com/offer/654168059465.html
南靖县博科食品商行;https://shop8338201165e55.1688.com;https://detail.1688.com/offer/645016724432.html
余江区银樊经营部;https://shop3i72651249435.1688.com;https://detail.1688.com/offer/656283379893.html
义乌市冀岗电子商务商行;https://shop2634710758b57.1688.com;https://detail.1688.com/offer/653479829413.html
余江区莱欣经营部;https://shop7u929u7314855.1688.com;https://detail.1688.com/offer/655035629933.html
万载县新额馨日用品经营部;https://shop57a291o2336t2.1688.com;https://detail.1688.com/offer/654061083660.html
万载县宾兴日用品商行;https://shop13504162r9251.1688.com;https://detail.1688.com/offer/650939967236.html
深圳市百饰尚品贸易有限公司;https://bsspi88.1688.com;https://detail.1688.com/offer/534272070810.html
义乌市改华电子商务商行;https://fcflower.1688.com;https://detail.1688.com/offer/578413460061.html
义乌市睿浩玩具有限公司;https://ruihaoparty.1688.com;https://detail.1688.com/offer/640699915325.html
义乌市诗路贸易有限公司;https://shop2752p07679he7.1688.com;https://detail.1688.com/offer/610301626900.html
柘荣县声果日用品经营部;https://shop42x54k1344396.1688.com;https://detail.1688.com/offer/649903538801.html
义乌市昕宇仿真花厂;https://shop42cc66049o824.1688.com;https://detail.1688.com/offer/625041623221.html
义乌市明祖饰品有限公司;https://mingzu.1688.com;https://detail.1688.com/offer/576189915798.html
张升平;https://duojiaoyan.1688.com;https://detail.1688.com/offer/565209225938.html
义乌市顾暖工艺品厂;https://shop1419439531540.1688.com;https://detail.1688.com/offer/606794436933.html
义乌市酷华饰品厂;https://shop1438707329000.1688.com;https://detail.1688.com/offer/608892707534.html
金华市娇艳饰品有限公司;https://jiaoyanshipin.1688.com;https://detail.1688.com/offer/571780181131.html
义乌市糖贝电子商务商行;https://tangbei.1688.com;https://detail.1688.com/offer/598796626761.html
东阳市琪玮饰品有限公司;https://shop5030j9c388640.1688.com;https://detail.1688.com/offer/625045476210.html
鹰潭市高新技术产业开发区瑾睿饰品厂;https://shop6128a830y9z91.1688.com;https://detail.1688.com/offer/596174338730.html
深圳市南山区蔚然工艺品商行;https://shop1679681v98p88.1688.com;https://detail.1688.com/offer/574191026267.html
义乌市艾蕾亘特饰品厂;https://shop66h557u133484.1688.com;https://detail.1688.com/offer/655140314224.html
义乌市金绿工艺花厂;https://llmo910.1688.com;https://detail.1688.com/offer/528243263848.html
万年县文瑾饰品厂;https://shop1459185429924.1688.com;https://detail.1688.com/offer/583226473822.html
义乌市兹瓣贸易商行;https://shop4764e003q31d4.1688.com;https://detail.1688.com/offer/655286837097.html
湖南荔枝信息科技有限公司;https://shop16b0882u489a6.1688.com;https://detail.1688.com/offer/654442889458.html
义乌市凡阔电子商务商行;https://shop1411577282612.1688.com;https://detail.1688.com/offer/558843665806.html
义乌市曲驯贸易商行;https://shop0646904012749.1688.com;https://detail.1688.com/offer/655009989853.html
义乌市心韵饰品有限公司;https://yiwuxinyun.1688.com;https://detail.1688.com/offer/645899658545.html
东阳市艾莎饰品有限公司;https://shop73l36v18478s7.1688.com;https://detail.1688.com/offer/635797889298.html
永定区绛想赏百货店;https://shop33657b94001a8.1688.com;https://detail.1688.com/offer/644246187435.html
柘荣县楷因日用品经营部;https://shop073q1y7j23641.1688.com;https://detail.1688.com/offer/646140134531.html
南平市建阳区锋星百货商行;https://shop44cc05f302783.1688.com;https://detail.1688.com/offer/655947123454.html
广州唯依日用品厂;https://shop842429r765q91.1688.com;https://detail.1688.com/offer/655462375540.html
义乌市瑞琨电子商务有限公司;https://shop4s6sn82094927.1688.com;https://detail.1688.com/offer/632227070444.html
义乌市霞劲电子商务商行;https://shop859t20r10b370.1688.com;https://detail.1688.com/offer/655629151508.html
义乌市清雅饰品有限公司;https://shop78254wqw30198.1688.com;https://detail.1688.com/offer/643432189552.html
万载县雯达涩日用品经营部;https://shop90n0i90632m75.1688.com;https://detail.1688.com/offer/654605007837.html
石狮市简峰云谱网络百货商行;https://shop354xx43697253.1688.com;https://detail.1688.com/offer/651532374764.html
万载县静省片日用品经营部;https://shop63y47731wy413.1688.com;https://detail.1688.com/offer/650517152102.html
义乌市璀聪电子商务商行;https://shop1448383922787.1688.com;https://detail.1688.com/offer/572258172524.html
义乌市畔迁电子商务商行;https://shop1xx1717318411.1688.com;https://detail.1688.com/offer/653609191822.html
义乌市议夕电子商务商行;https://shop3206584f07ye8.1688.com;https://detail.1688.com/offer/653561391122.html
万载县宝烨立日用品经营部;https://shop8713625173078.1688.com;https://detail.1688.com/offer/652853002844.html
广州市哲蒙电子商务有限公司;https://shop49538693l2y11.1688.com;https://detail.1688.com/offer/589364548809.html
鄱阳县能冷松珠宝店;https://shop36203f1006856.1688.com;https://detail.1688.com/offer/651240215176.html
龚庆能;https://shop1457197079220.1688.com;https://detail.1688.com/offer/581370087757.html
义乌市微啸电子商务商行;https://shop703t7400b09x4.1688.com;https://detail.1688.com/offer/643477061449.html
义乌市玛丝贸易商行;https://shop6117353f95819.1688.com;https://detail.1688.com/offer/652987314119.html
义乌市锡奎电子商务商行;https://shop12t8172030177.1688.com;https://detail.1688.com/offer/652260800960.html
义乌市麦浪电子商务有限公司;https://shop1488269626285.1688.com;https://detail.1688.com/offer/556606988710.html
广州祥夏商贸商行;https://shop511516001a5f7.1688.com;https://detail.1688.com/offer/656048011778.html
柘荣县庆高日用品经营部;https://shop769894301l342.1688.com;https://detail.1688.com/offer/650119202723.html
广州百旷视便利店;https://shop25511l61df343.1688.com;https://detail.1688.com/offer/641157388967.html
义乌市驰阳日用品厂;https://shop58t3418125887.1688.com;https://detail.1688.com/offer/652375022034.html
柘荣县角拆日用品经营部;https://shop4m2681e056u23.1688.com;https://detail.1688.com/offer/650733422964.html
义乌市喀则电子商务商行;https://shop4wj723u350159.1688.com;https://detail.1688.com/offer/653363408184.html
义乌市喜杜电子商务商行;https://shop1458061269310.1688.com;https://detail.1688.com/offer/558852124248.html
广州市黄埔区张书华服装有限公司;https://shop184448477dw71.1688.com;https://detail.1688.com/offer/643175915650.html
义乌市余饰电子商务有限公司;https://shop34s30614021m9.1688.com;https://detail.1688.com/offer/632086583445.html
义乌市环硕饰品有限公司;https://shop1427734478631.1688.com;https://detail.1688.com/offer/521535375971.html
义乌市信保进出口有限公司;https://cnalibaba.1688.com;https://detail.1688.com/offer/639693578541.html
广州市天河区棠下季忆饮品店;https://shop8q151976ph321.1688.com;https://detail.1688.com/offer/643219431139.html
义乌市赫拉进出口有限公司;https://ywhera.1688.com;https://detail.1688.com/offer/551598475437.html
义乌市稠城镇精诚花行;https://ywjchh.1688.com;https://detail.1688.com/offer/613539306652.html
