义乌市利瑆贸易有限公司;https://shop42s510676ys92.1688.com;https://detail.1688.com/offer/644576654592.html
深圳市卡利欧实业有限公司;https://kaliou666.1688.com;https://detail.1688.com/offer/583771460377.html
深圳市全民盛电子有限公司;https://shop1453394341426.1688.com;https://detail.1688.com/offer/654110434036.html
深圳市福田区科尔温电子科技经营部;https://shop7788o2x583h91.1688.com;https://detail.1688.com/offer/568737510246.html
温州精诚饰品有限公司;https://oldblo.1688.com;https://detail.1688.com/offer/625338558971.html
宁波市镇海区骆驼卡利鸥五金厂;https://shop2107i82006043.1688.com;https://detail.1688.com/offer/558796588576.html
义乌市俊点饰品配件商行;https://jundian1314.1688.com;https://detail.1688.com/offer/616495850979.html
深圳市宝安区富帧贸易商行;https://shop41vu01q312132.1688.com;https://detail.1688.com/offer/653484374458.html
义乌市缕莉电子商务商行;https://lvli2015.1688.com;https://detail.1688.com/offer/616241877928.html
义乌市芸西饰品有限公司;https://shop459257m050z65.1688.com;https://detail.1688.com/offer/648318824697.html
义乌市萌昕饰品厂;https://shop72553v792v584.1688.com;https://detail.1688.com/offer/619415107188.html
深圳市卡维美科技有限公司;https://kawmei.1688.com;https://detail.1688.com/offer/636961793646.html
汕头市澄海区晨田电子配件厂;https://shop52022141m67i4.1688.com;https://detail.1688.com/offer/623212083491.html
义乌市霞劲电子商务商行;https://shop859t20r10b370.1688.com;https://detail.1688.com/offer/650634686137.html
南平市建阳区林农赵太百货店;https://shop433618tv458b9.1688.com;https://detail.1688.com/offer/650054139865.html
万载县倩芬日用品经营部;https://shop16098660k2b66.1688.com;https://detail.1688.com/offer/652332294196.html
柘荣县楷声日用品经营部;https://shop919sr48055l08.1688.com;https://detail.1688.com/offer/646226340693.html
新罗区卓越百货商行;https://shop10j83001n7801.1688.com;https://detail.1688.com/offer/647627093360.html
南平市建阳区彬星百货商行;https://shop00t8533309h24.1688.com;https://detail.1688.com/offer/650168440338.html
义乌市中固贸易有限公司;https://shop765a7b18h7510.1688.com;https://detail.1688.com/offer/642411704249.html
义乌市企冬电子商务商行;https://shop1536079561323.1688.com;https://detail.1688.com/offer/651392227348.html
深圳市鸿图展飞科技有限公司;https://shop04s7400a46184.1688.com;https://detail.1688.com/offer/635543238091.html
义乌市鸿励贸易有限公司;https://shop1j63m78335579.1688.com;https://detail.1688.com/offer/654665185538.html
义乌市伊娇饰品有限公司;https://shop5454z86036104.1688.com;https://detail.1688.com/offer/655000857986.html
邯郸市永年区耀阳紧固件有限公司;https://gqdst.1688.com;https://detail.1688.com/offer/1071400394.html
义乌市怀特电子商务有限公司;https://shop5f2745f868744.1688.com;https://detail.1688.com/offer/643983028432.html
绍兴市卡利鸥五金制品有限公司;https://kaliou1688.1688.com;https://detail.1688.com/offer/640482864806.html
桐乡市梧桐牧鑫百货商行;https://shop908u04u105268.1688.com;https://detail.1688.com/offer/654838966729.html
七星关区卉紫服饰经营部;https://shop4k586d88o2002.1688.com;https://detail.1688.com/offer/608544186725.html
邯郸市多迈紧固件制造有限公司;https://duomai.1688.com;https://detail.1688.com/offer/628821225314.html
广州莫兰登贸易有限公司;https://shop2125h469x21w0.1688.com;https://detail.1688.com/offer/641371353220.html
河北瑞乾金属制品制造有限公司;https://ruiqianjinshu.1688.com;https://detail.1688.com/offer/622398504498.html
邯郸市申正金属制品有限公司;https://shop245u7uu415362.1688.com;https://detail.1688.com/offer/651867986495.html
深圳市嘉天宇电子有限公司;https://hengyuanwei.1688.com;https://detail.1688.com/offer/543445850087.html
东莞市坤元电子塑胶有限公司;https://shop3046z48280939.1688.com;https://detail.1688.com/offer/625847330161.html
中山市赛尼电子科技有限公司;https://sainyer.1688.com;https://detail.1688.com/offer/573901491425.html
深圳市英霏科技有限公司;https://infiwell.1688.com;https://detail.1688.com/offer/531175168800.html
茂名市城区众志电脑经营部;https://mzlyz2000.1688.com;https://detail.1688.com/offer/625472128103.html
广州市百格科技有限公司;https://shop610759402s969.1688.com;https://detail.1688.com/offer/650267990068.html
东莞市柯米电子科技有限公司;https://shop715341411c417.1688.com;https://detail.1688.com/offer/641665841505.html
中山阿迪通电子科技有限公司;https://articom.1688.com;https://detail.1688.com/offer/601273507016.html
广州芯株贸易有限公司;https://shop70g8g01209510.1688.com;https://detail.1688.com/offer/643825356108.html
深圳市龙岗区泰衫礼品厂;https://shop51p9049j61006.1688.com;https://detail.1688.com/offer/641634725806.html
中山市合声科技有限公司;https://shop6a77580l2y203.1688.com;https://detail.1688.com/offer/586079673754.html
飞路无线科技（深圳）有限公司;https://shop33r40609v19f1.1688.com;https://detail.1688.com/offer/568517536924.html
佛山华斯敦科技有限公司;https://huasidun.1688.com;https://detail.1688.com/offer/650658395552.html
深圳市鸿瑞欣电子科技有限公司;https://lingyunxin.1688.com;https://detail.1688.com/offer/622873204394.html
深圳市曼尔科技有限公司;https://shop1471624999255.1688.com;https://detail.1688.com/offer/632294630222.html
深圳市智能小博士科技有限公司;https://xiaoboshikeji.1688.com;https://detail.1688.com/offer/634847649564.html
深圳市欧世捷科技有限公司;https://shop3906u4r94r242.1688.com;https://detail.1688.com/offer/626847889511.html
贵港展鸿电子有限公司;https://shop14558n571i5f5.1688.com;https://detail.1688.com/offer/654737609359.html
深圳市青椿电子科技有限公司;https://shop1xr86y2793252.1688.com;https://detail.1688.com/offer/634074681506.html
深圳市宝安区松岗劲响电子厂;https://jx15099991316.1688.com;https://detail.1688.com/offer/649514196917.html
深圳市福田区欧恒城数码店;https://shop07010jlx7b906.1688.com;https://detail.1688.com/offer/652483904306.html
深圳市昌鹏兴电子科技有限公司;https://shop75e4926882b08.1688.com;https://detail.1688.com/offer/598009107621.html
深圳市龙岗区鼎信数码配饰厂;https://shop4r737b22a5024.1688.com;https://detail.1688.com/offer/629812596086.html
永康蜀辉工贸有限公司;https://shop87q54f71q2186.1688.com;https://detail.1688.com/offer/653937600316.html
深圳市龙岗区佰灵通电子商行;https://shop1458699768426.1688.com;https://detail.1688.com/offer/608514386637.html
深圳市新金泰模具塑胶制品有限公司;https://shop1406739425991.1688.com;https://detail.1688.com/offer/537208147439.html
广州创方圆科技有限公司;https://gzcfykj.1688.com;https://detail.1688.com/offer/632454818774.html
广州市花都区岭舒商贸店;https://shop43w7n31160e02.1688.com;https://detail.1688.com/offer/648259006786.html
深圳市远恒通电器有限公司;https://shop1396976113124.1688.com;https://detail.1688.com/offer/587779515125.html
深圳市贝联电子有限公司;https://shop2318s7z145c68.1688.com;https://detail.1688.com/offer/632192321846.html
深圳市罗湖区天籁嘉音电子商行;https://shop742100y960465.1688.com;https://detail.1688.com/offer/644123834226.html
深圳市登睿科技有限公司;https://denreel.1688.com;https://detail.1688.com/offer/653606727137.html
广州市二月织带有限公司;https://gzwebbing.1688.com;https://detail.1688.com/offer/617218911376.html
深圳市芬豆科技有限公司;https://fendoukeji168.1688.com;https://detail.1688.com/offer/645176800799.html
深圳市宝安区西乡信洋手机配件商行;https://soonya1991.1688.com;https://detail.1688.com/offer/645141447018.html
深圳市盛弘佳科技有限公司;https://shop30031672185z2.1688.com;https://detail.1688.com/offer/642385520007.html
深圳市龙岗区众尼电子商行;https://shop06f0t53436476.1688.com;https://detail.1688.com/offer/610365271677.html
东莞市晟峰橡塑制品有限公司;https://shop1467911605460.1688.com;https://detail.1688.com/offer/607975403640.html
深圳鑫贵联科技有限公司;https://shop7488499qw9187.1688.com;https://detail.1688.com/offer/618220990159.html
深圳市福田区悦达通数码配件商行;https://shop7792592hh9852.1688.com;https://detail.1688.com/offer/628108958720.html
深圳市凯瑞科技有限公司;https://shop4b7y683129z81.1688.com;https://detail.1688.com/offer/645139303547.html
深圳市欧源电科技有限公司;https://shopsanag.1688.com;https://detail.1688.com/offer/623027772120.html
深圳市第一度科技有限公司;https://shopdido.1688.com;https://detail.1688.com/offer/654450993918.html
深圳市明铠达电子科技有限公司;https://mkdtech.1688.com;https://detail.1688.com/offer/564961381898.html
深圳市十点一刻科技有限公司;https://smartwatch1015.1688.com;https://detail.1688.com/offer/569948759551.html
中乙能源科技(深圳)有限公司;https://zhongyi99999.1688.com;https://detail.1688.com/offer/633434467240.html
广州楚哒科技有限公司;https://shop8h88b4892h039.1688.com;https://detail.1688.com/offer/645039264475.html
深圳高博信息服务有限责任公司;https://shop70ox382464340.1688.com;https://detail.1688.com/offer/639218350611.html
深圳市海飞鸿云技术有限公司;https://haifeihong.1688.com;https://detail.1688.com/offer/630848629181.html
深圳市海科雷帝科技有限公司;https://shop00231118050o1.1688.com;https://detail.1688.com/offer/645293452518.html
深圳市小米虾电子商务有限公司;https://xiaomx.1688.com;https://detail.1688.com/offer/592436387555.html
深圳市倾听者数码有限公司;https://qtzqtz.1688.com;https://detail.1688.com/offer/653588608424.html
中山市坦洲镇赛高电子厂;https://saigao.1688.com;https://detail.1688.com/offer/649424129975.html
深圳市乐念科技有限公司;https://lenian.1688.com;https://detail.1688.com/offer/599405958880.html
深圳市南山区新汇美数码通讯商行;https://shop73720ps537p91.1688.com;https://detail.1688.com/offer/628933713018.html
深圳鹏星硕科技有限公司;https://shop1494694358894.1688.com;https://detail.1688.com/offer/550939932449.html
深圳市罗姆龙电子科技有限公司;https://luomulong.1688.com;https://detail.1688.com/offer/621538918138.html
佛山市魔声科技有限公司;https://shop2022mm968f355.1688.com;https://detail.1688.com/offer/650794906489.html
东莞汉丰科技有限公司;https://shop3q5258110j738.1688.com;https://detail.1688.com/offer/645073492834.html
深圳市特凯管理咨询有限公司;https://hilofter.1688.com;https://detail.1688.com/offer/613626931346.html
扬州智械电热设备有限公司;https://shop22611z92526z2.1688.com;https://detail.1688.com/offer/648387302767.html
深圳兵宏科技发展有限公司;https://binghong.1688.com;https://detail.1688.com/offer/613804732203.html
深圳市众谷人科技有限公司;https://shop4810099014305.1688.com;https://detail.1688.com/offer/641336862872.html
深圳市爱沃驰科技有限公司;https://iwatch.1688.com;https://detail.1688.com/offer/654006887009.html
深圳锐特威斯科技有限公司;https://szretevis.1688.com;https://detail.1688.com/offer/520549650354.html
泉州威迪传媒有限公司;https://shop93328xa492998.1688.com;https://detail.1688.com/offer/648221597216.html
深圳市鹏越星际电子科技有限公司;https://shop33k9849z71e80.1688.com;https://detail.1688.com/offer/650489403794.html
佛山新诚言塑胶模具制品有限公司;https://shop0343n7ds71707.1688.com;https://detail.1688.com/offer/651095727468.html
深圳市龙华区大浪街道大茅坪商行;https://shop8l74i07820012.1688.com;https://detail.1688.com/offer/651133304331.html
广州市鼎端电子科技有限公司;https://dingduan.1688.com;https://detail.1688.com/offer/646108078991.html
广州博泰咨询有限公司;https://shop19v14367p57r4.1688.com;https://detail.1688.com/offer/644566190284.html
深圳市福田区旺金数码通讯批发商行;https://shop914a3753122n0.1688.com;https://detail.1688.com/offer/640914074615.html
东莞市领音者电子有限公司;https://gddglyz01.1688.com;https://detail.1688.com/offer/642714186871.html
广州越秀区化茸商贸商行;https://shop730594zp11610.1688.com;https://detail.1688.com/offer/654699460562.html
广东英雄科技有限公司;https://hero1958.1688.com;https://detail.1688.com/offer/623482612815.html
深圳市皇迈科技有限公司;https://shop1369108567197.1688.com;https://detail.1688.com/offer/620904326440.html
深圳市宝安区艾美森电子商行;https://shop9772072918226.1688.com;https://detail.1688.com/offer/631814594591.html
深圳市天行电子有限公司;https://skywalker2013.1688.com;https://detail.1688.com/offer/643898980864.html
深圳市福田区创园达数码工厂店;https://shop149821f1f2309.1688.com;https://detail.1688.com/offer/606936404399.html
深圳鹏程浩宇科技有限公司;https://pengchenghaoyu.1688.com;https://detail.1688.com/offer/644758981139.html
深圳市亿特斯科技发展有限公司;https://earphone.1688.com;https://detail.1688.com/offer/654681958032.html
深圳市鑫宇隆科技有限公司;https://xinyulongshop.1688.com;https://detail.1688.com/offer/615938549390.html
深圳市旭隆威电子有限公司;https://shop661156e5e3135.1688.com;https://detail.1688.com/offer/642989194822.html
深圳市龙华区智创优电子厂;https://shop1487868851024.1688.com;https://detail.1688.com/offer/646119400455.html
广州市汇饰商贸商行;https://shop812n6611s75n8.1688.com;https://detail.1688.com/offer/652502727553.html
深圳市泽恩特科技有限公司;https://shop56r4707080801.1688.com;https://detail.1688.com/offer/654115150835.html
深圳艾祖睿科技有限公司;https://izurytechnology.1688.com;https://detail.1688.com/offer/655462830420.html
深圳宝力维智能科技有限公司;https://bliwei.1688.com;https://detail.1688.com/offer/653489956900.html
深圳市米吉鱼科技有限公司;https://shop7g18964106280.1688.com;https://detail.1688.com/offer/652749755970.html
深圳市智创一切科技有限公司;https://zhichuangyiqie.1688.com;https://detail.1688.com/offer/651657657159.html
东莞市狼歌电子有限公司;https://sxgoty.1688.com;https://detail.1688.com/offer/641730065742.html
深圳市龙岗区千欣电子厂;https://shop13d3j296733t1.1688.com;https://detail.1688.com/offer/649742921573.html
深圳市华南诚讯电子有限公司;https://shop1464788208025.1688.com;https://detail.1688.com/offer/641222491133.html
深圳市铂格科技有限公司;https://17727448285.1688.com;https://detail.1688.com/offer/546540740740.html
五华县横陂镇曾佳莉电子商务部;https://shop22x5945178803.1688.com;https://detail.1688.com/offer/620163695637.html
潮州市湘桥区莱金乐电子商行;https://shop94w215995u859.1688.com;https://detail.1688.com/offer/642208913361.html
广州市荔湾区酷维特电子商行;https://shop568ow3441s984.1688.com;https://detail.1688.com/offer/640372494355.html
深圳市极物有品科技有限公司;https://shop52991qt8y6ry9.1688.com;https://detail.1688.com/offer/642449196762.html
深圳市展变科技有限公司;https://zb8888.1688.com;https://detail.1688.com/offer/655865911903.html
深圳市威歌电子有限公司;https://szwgdz.1688.com;https://detail.1688.com/offer/637400546227.html
深圳市佰利汇电子有限公司;https://shop2b4655m79c642.1688.com;https://detail.1688.com/offer/654158432840.html
广州市番禺区大石拓聚模具厂;https://tuojuu.1688.com;https://detail.1688.com/offer/575847696857.html
台州市黄岩远语日用品商行;https://shop40n09f98888h1.1688.com;https://detail.1688.com/offer/645254285079.html
遂昌乐浩贸易商行;https://shop2u6b287849140.1688.com;https://detail.1688.com/offer/645164703156.html
广州创品汇电子科技有限公司;https://cooolpay.1688.com;https://detail.1688.com/offer/607875066332.html
广州金独卡国际贸易有限公司;https://shop619387zqr7704.1688.com;https://detail.1688.com/offer/646267655513.html
东莞古美贸易有限公司;https://shop019b96402c5a5.1688.com;https://detail.1688.com/offer/647037307807.html
深圳市恒业辉科技有限公司;https://szshyh888.1688.com;https://detail.1688.com/offer/612909208724.html
深圳市睿禾科技有限公司;https://remaxshop.1688.com;https://detail.1688.com/offer/623308990216.html
城关区东岗东路亮杰数码配件批发店;https://shop96ol5243o0055.1688.com;https://detail.1688.com/offer/621684486389.html
广州市冰糖电子科技有限公司;https://gzbingtang.1688.com;https://detail.1688.com/offer/618980219664.html
义乌市千琉饰品有限公司;https://qianliusp.1688.com;https://detail.1688.com/offer/534301398462.html
新罗区向摇誉百货商行;https://shop0055i5i199623.1688.com;https://detail.1688.com/offer/648745675101.html
五华县横陂镇单秋科技馆;https://shop89341sh54h322.1688.com;https://detail.1688.com/offer/650593940233.html
永定区岚慷红网店;https://shop9qk046h603872.1688.com;https://detail.1688.com/offer/649889131109.html
永定区可嫦晶网店;https://shop5z91664o02z59.1688.com;https://detail.1688.com/offer/650369249579.html
五华县横陂镇勤灿商贸部;https://shop94z2475848536.1688.com;https://detail.1688.com/offer/650253522131.html
高新区枫桥雅宇百货商行;https://shop0282p79v74335.1688.com;https://detail.1688.com/offer/654433594480.html
新罗区岛雯百货商行;https://shop95h0800568773.1688.com;https://detail.1688.com/offer/651353326746.html
新沂市明之花服装店;https://shop4v353o09l3851.1688.com;https://detail.1688.com/offer/651617040545.html
余江区悦霖经营部;https://shop25509429608o8.1688.com;https://detail.1688.com/offer/655991755667.html
义乌科凡电子商务商行;https://shop854301399n549.1688.com;https://detail.1688.com/offer/655321311724.html
新罗区鹏立云百货商行;https://shop6f609045066l4.1688.com;https://detail.1688.com/offer/641595177681.html
南平市建阳区练光纬百货店;https://shop1372um9879169.1688.com;https://detail.1688.com/offer/646122442285.html
佛山市南海区碧逛易农场;https://shop4v02x79v64333.1688.com;https://detail.1688.com/offer/639050668622.html
深圳市帝科新贸易有限公司;https://shop6nd36z2374938.1688.com;https://detail.1688.com/offer/655242232313.html
宜丰县金逸铭百货店;https://shop40593855353q6.1688.com;https://detail.1688.com/offer/655049699406.html
义乌市馨继日用百货商行;https://shop3241942251549.1688.com;https://detail.1688.com/offer/653146155792.html
玉林市玉东新区意益日用百货经营部;https://shop27z44ow300633.1688.com;https://detail.1688.com/offer/650227298776.html
广州吉仁禄贸易商行;https://shop1bz537e421445.1688.com;https://detail.1688.com/offer/655324550283.html
新沂市诗蔓恋服装经营部;https://shop843ik11223173.1688.com;https://detail.1688.com/offer/654201368017.html
义乌市恍波电子商务商行;https://shop2687264ep33x7.1688.com;https://detail.1688.com/offer/655847015962.html
广州市海珠区安霓可内衣厂;https://shop3guw105604967.1688.com;https://detail.1688.com/offer/647538531622.html
广州市厚广贸易商行;https://shop68b4174282633.1688.com;https://detail.1688.com/offer/653335438266.html
景宁尘蕴贸易商行;https://shop41249341l0136.1688.com;https://detail.1688.com/offer/648221638346.html
佛山市南海区楠魅思服装厂;https://shop998081l61k4l2.1688.com;https://detail.1688.com/offer/654870618174.html
义乌市湘捺电子商务商行;https://shop93991424c6965.1688.com;https://detail.1688.com/offer/650586382738.html
深圳市宝安区歆栎贸易商行;https://shop0j7j9927k0160.1688.com;https://detail.1688.com/offer/654100654996.html
玉林市玉州区左塘百货店;https://shop4n19n07e29580.1688.com;https://detail.1688.com/offer/651327478076.html
义乌市珩都电子商务商行;https://shop56417d144t254.1688.com;https://detail.1688.com/offer/651215808834.html
广州协浩华贸易商行;https://shop817708ke97028.1688.com;https://detail.1688.com/offer/654073365150.html
遂昌广蒂贸易商行;https://shop89971e6509355.1688.com;https://detail.1688.com/offer/648837160383.html
微山夏镇祥及百货店;https://shop2hho345152746.1688.com;https://detail.1688.com/offer/651993857989.html
义乌市京奇饰品有限公司;https://shop683k05b2493z3.1688.com;https://detail.1688.com/offer/654096310588.html
永定区维约玩百货商行;https://shop54465634t0a63.1688.com;https://detail.1688.com/offer/652049702215.html
五华县横陂镇彭容综合商行;https://shop62rz701p40359.1688.com;https://detail.1688.com/offer/655894326580.html
五华县横陂镇万文玉电子商务部;https://shop98o8962043166.1688.com;https://detail.1688.com/offer/649937819486.html
深圳市腾帆远贸易有限公司;https://shop9edo618050200.1688.com;https://detail.1688.com/offer/655174514847.html
恒川飞（深圳）科技有限公司;https://shop1838d799655d0.1688.com;https://detail.1688.com/offer/654417956778.html
云霄县诸萱服装店;https://shop981707t043279.1688.com;https://detail.1688.com/offer/655779187174.html
义乌市然帷电子商务商行;https://shop0en7000n52040.1688.com;https://detail.1688.com/offer/655718794644.html
梅州市梅江区依涛服装商行;https://shop271w442385167.1688.com;https://detail.1688.com/offer/655348145170.html
涵江区国欢柯晓娥日用品经营部;https://shop29r3093985455.1688.com;https://detail.1688.com/offer/655990851920.html
义乌市侯铭日用百货商行;https://shop15x8a8d882284.1688.com;https://detail.1688.com/offer/655267085503.html
玉林市玉州区和佳百货店;https://shop38ou8860287u8.1688.com;https://detail.1688.com/offer/654893807787.html
义乌市虹贝日用百货商行;https://shop7572lr3924059.1688.com;https://detail.1688.com/offer/652475208485.html
义乌市魅斐电子商务商行;https://shop439552wd69h32.1688.com;https://detail.1688.com/offer/656474915858.html
秀屿区笏石曾春兰布店;https://shop2g84h91t65387.1688.com;https://detail.1688.com/offer/655654813309.html
莆田市秀屿区东庄粦陈服装商行;https://shop194a0265oo200.1688.com;https://detail.1688.com/offer/653211503703.html
广州越秀区飞廷商贸商行;https://shop0787274e24558.1688.com;https://detail.1688.com/offer/651124985445.html
漯河市源汇区幸福我倒日用百货店;https://shop768y557v1n496.1688.com;https://detail.1688.com/offer/643719384335.html
莆田市秀屿区东庄静静春百货店;https://shop77321571152s6.1688.com;https://detail.1688.com/offer/650349101352.html
商城县京荣家居用品商行;https://shop87311y8f08856.1688.com;https://detail.1688.com/offer/655572065710.html
商城县博韵贸易商行;https://shop4700213q24k17.1688.com;https://detail.1688.com/offer/656344799185.html
义乌市顺拓日用品厂;https://shuntuo88.1688.com;https://detail.1688.com/offer/614209367679.html
义乌市乔托电子商务有限公司;https://shop1479228453127.1688.com;https://detail.1688.com/offer/630556113612.html
义乌亲淘饰品有限公司;https://taotaole999.1688.com;https://detail.1688.com/offer/1203931244.html
广州市海珠区直角贸易商行;https://shop99l1j708j4291.1688.com;https://detail.1688.com/offer/635110836951.html
郑威五金紧固件（上海）有限公司;https://shop59i78994i8034.1688.com;https://detail.1688.com/offer/573450884941.html
义乌市功善日用百货商行;https://shop1807q82873ck0.1688.com;https://detail.1688.com/offer/650793439867.html
义乌市联纺电子商务有限公司;https://ywunitex.1688.com;https://detail.1688.com/offer/616436816658.html
新罗区二针阶百货店;https://shop37888ka0157k3.1688.com;https://detail.1688.com/offer/650895357245.html
广州德南祥皮具厂;https://shop48c1061i893f2.1688.com;https://detail.1688.com/offer/643318142585.html
宁波浩田机电科技有限公司;https://dtmf18067577176.1688.com;https://detail.1688.com/offer/609253768007.html
朝阳区玮高商贸行;https://shop698y082xw0216.1688.com;https://detail.1688.com/offer/651919259440.html
义乌市夏大电子商务商行;https://shop5127542gn9t44.1688.com;https://detail.1688.com/offer/645871584868.html
新罗区瑶多兴百货商行;https://shop8n89295e36153.1688.com;https://detail.1688.com/offer/650136135608.html
义乌市丁丽电子商务商行;https://shop28554e50re624.1688.com;https://detail.1688.com/offer/656232147550.html
青白江泽佰雅秋商贸部;https://shop15l3p74614259.1688.com;https://detail.1688.com/offer/653467311043.html
余江区多多呀电子商务商行;https://shop617k68z760a18.1688.com;https://detail.1688.com/offer/654152350960.html
广州市天河区天平齐明眼镜店;https://shop546925191ox60.1688.com;https://detail.1688.com/offer/631736408546.html
恩平市曼雅服装店;https://shop790719ww58827.1688.com;https://detail.1688.com/offer/656249535066.html
品诺(广东)美妆科技有限公司;https://shop695162q931596.1688.com;https://detail.1688.com/offer/605184260676.html
龙港市温墨日用品厂;https://shop1n6og05405835.1688.com;https://detail.1688.com/offer/645533286209.html
广州市越秀区千旭贸易商行;https://shop9ok96k0625799.1688.com;https://detail.1688.com/offer/652293743731.html
义乌市岭泰日用百货商行;https://shop1436d98nx3635.1688.com;https://detail.1688.com/offer/649971009116.html
邯郸市优制紧固件制造有限公司;https://shop512d7r44952a3.1688.com;https://detail.1688.com/offer/648784993657.html
邯郸市永年区阳泰紧固件制造有限公司;https://yangtaijingujian.1688.com;https://detail.1688.com/offer/653057770056.html
五华县横陂镇华伊科技馆;https://shop52698935mh763.1688.com;https://detail.1688.com/offer/652395402652.html
通山县瑞维百货店;https://shop504pm956391g2.1688.com;https://detail.1688.com/offer/652559982431.html
深圳市深奥普五金制品有限公司;https://shop1389372946126.1688.com;https://detail.1688.com/offer/603913898409.html
余江区洋苗经营部;https://shop04964536j8105.1688.com;https://detail.1688.com/offer/654693875158.html
仙游县鲤城春禄工艺品店;https://shop148201b96h074.1688.com;https://detail.1688.com/offer/655163875448.html
新罗区桐山百货商行;https://shop5842i1zi73869.1688.com;https://detail.1688.com/offer/655810950390.html
丹阳市界牌镇高楚堂工艺礼品厂;https://shop9r12x0r859893.1688.com;https://detail.1688.com/offer/653216835723.html
王乾;https://wlyspc.1688.com;https://detail.1688.com/offer/37861629161.html
梅州市梅江区梦秀天丽服装商行;https://shop8u311945uu930.1688.com;https://detail.1688.com/offer/647047125031.html
广州市黄埔区特伦馨日用品厂;https://shop0906f084s1180.1688.com;https://detail.1688.com/offer/654538507149.html
邯郸市晶宏金属制品有限公司;https://jinghongjinshu.1688.com;https://detail.1688.com/offer/650210565962.html
宜丰县金蓉百货店;https://shop421767p5qo401.1688.com;https://detail.1688.com/offer/655108904717.html
