义乌市巨欣饰品有限公司;https://juxinsp.1688.com;https://detail.1688.com/offer/589051800386.html
义乌市蕾雅饰品有限公司;https://leiyashipin.1688.com;https://detail.1688.com/offer/606898894039.html
义乌市奇阅饰品有限公司;https://qiyueshipin.1688.com;https://detail.1688.com/offer/606755749935.html
义乌市速泰贸易有限公司;https://ywsutai.1688.com;https://detail.1688.com/offer/651905931414.html
义乌市莱玛电子商务有限公司;https://laimasp.1688.com;https://detail.1688.com/offer/641401841261.html
义乌市沃土电子商务有限公司;https://ywwotu.1688.com;https://detail.1688.com/offer/641023229802.html
义乌千芙饰品有限公司;https://shop1404528103758.1688.com;https://detail.1688.com/offer/606721672827.html
义乌市坝语制花厂;https://bayuzhihua.1688.com;https://detail.1688.com/offer/629961816844.html
义乌市腾业电子商务商行;https://shop214xu6602s942.1688.com;https://detail.1688.com/offer/654392791005.html
义乌市两悦饰品有限公司;https://shop9072180219y22.1688.com;https://detail.1688.com/offer/655205129971.html
杭州余杭区乔司街道聚耀百货商行;https://shop29909367g04n6.1688.com;https://detail.1688.com/offer/654820791868.html
新沂市格沃家居用品经营部;https://shop646640152r172.1688.com;https://detail.1688.com/offer/655612286286.html
五华县横陂镇珍露香商贸部;https://shop62573rn29u931.1688.com;https://detail.1688.com/offer/648294536332.html
佛山市南海区桂城益昌五金电器商行;https://shop68y64231y6722.1688.com;https://detail.1688.com/offer/627074710869.html
义乌市光影饰品有限公司;https://shop770u1e6z64467.1688.com;https://detail.1688.com/offer/653573705106.html
石狮市简峰世控网络百货商行;https://shop16t64v339n381.1688.com;https://detail.1688.com/offer/653023121465.html
佛山市南海区良霖曦日用品厂;https://shop89170t7930511.1688.com;https://detail.1688.com/offer/652234818173.html
万载县荟达片日用品经营部;https://shop78545q33kv865.1688.com;https://detail.1688.com/offer/651199934345.html
三明市三元区顺依服装店;https://shop5235rl03l2292.1688.com;https://detail.1688.com/offer/649433518605.html
义乌市明均饰品有限公司;https://shop3gk0764357210.1688.com;https://detail.1688.com/offer/651712687489.html
义乌市岚辰饰品有限公司;https://lanchen2018.1688.com;https://detail.1688.com/offer/651962074213.html
佛山市南海区汇联森日用品厂;https://shop60x7t6883u526.1688.com;https://detail.1688.com/offer/644923279074.html
永定区炫翠冰百货商行;https://shop025649897l5l4.1688.com;https://detail.1688.com/offer/646161317656.html
广州阁艺鑫工艺品商行;https://shop6237n16y32263.1688.com;https://detail.1688.com/offer/619030477292.html
义乌市静纺电子商务有限公司;https://jingfang88.1688.com;https://detail.1688.com/offer/654088294431.html
义乌市沫妍贸易有限公司;https://shop4ny40974586i3.1688.com;https://detail.1688.com/offer/649718847200.html
三明市三元区美琼服装店;https://shop6mh241885w190.1688.com;https://detail.1688.com/offer/653023011800.html
石狮市简峰款生网络百货商行;https://shop6097971600814.1688.com;https://detail.1688.com/offer/652729726218.html
丰泽区偏漫百货网店;https://shop22y641320u168.1688.com;https://detail.1688.com/offer/654062955315.html
广州唯依日用品厂;https://shop842429r765q91.1688.com;https://detail.1688.com/offer/655267055240.html
丰泽区尔送百货网店;https://shop0cq98q0901938.1688.com;https://detail.1688.com/offer/654676104208.html
广州哈琳娜饰品厂;https://harrina.1688.com;https://detail.1688.com/offer/654133290125.html
义乌市百萱电子商务商行;https://shop913341y061375.1688.com;https://detail.1688.com/offer/647621462728.html
义乌市谦谦饰品有限公司;https://shop1495299047519.1688.com;https://detail.1688.com/offer/648916366228.html
深圳市坪山区旺货行百货商行;https://shop0715qw8383b39.1688.com;https://detail.1688.com/offer/655590347190.html
义乌市蒲钻电子商务商行;https://shop1358592219982.1688.com;https://detail.1688.com/offer/647255041856.html
义乌市宝嘉电子商务商行;https://shop6990i6160z228.1688.com;https://detail.1688.com/offer/651052697965.html
漳州开发区藤笑柳百货店;https://shop883x7343k4p44.1688.com;https://detail.1688.com/offer/649038142528.html
新罗区敏骁城百货店;https://shop12l6923m18113.1688.com;https://detail.1688.com/offer/642342207751.html
义乌市美添色电子商务有限公司;https://shop3g466z20449g7.1688.com;https://detail.1688.com/offer/651360265343.html
义乌预鉴电子商务有限公司;https://shop18r573997b9j0.1688.com;https://detail.1688.com/offer/623895675120.html
义乌市楼林饰品有限公司;https://loulin3009.1688.com;https://detail.1688.com/offer/655584085138.html
义乌市栗臻服饰有限公司;https://shop90272582dq059.1688.com;https://detail.1688.com/offer/614384259681.html
义乌市豪航日用百货商行;https://shop6755721l74333.1688.com;https://detail.1688.com/offer/652356062048.html
义乌市缀顺电子商务商行;https://zhuishun9966.1688.com;https://detail.1688.com/offer/601229040479.html
义乌市澜艺饰品有限公司;https://shop9268t3233z856.1688.com;https://detail.1688.com/offer/653333889745.html
南平市建阳区林农赵太百货店;https://shop433618tv458b9.1688.com;https://detail.1688.com/offer/649366902598.html
万载县倩芬日用品经营部;https://shop16098660k2b66.1688.com;https://detail.1688.com/offer/652714427038.html
义乌市神秀饰品有限公司;https://shop1422031618565.1688.com;https://detail.1688.com/offer/650737836709.html
万载县瑶秀日用品商行;https://shop375839e02sf78.1688.com;https://detail.1688.com/offer/653050821759.html
余江区菲悠经营部;https://shop85l9l36245631.1688.com;https://detail.1688.com/offer/652594522468.html
义乌市同畅电子商务商行;https://shop0503d440448k5.1688.com;https://detail.1688.com/offer/654848242318.html
鄱阳县能冷松珠宝店;https://shop36203f1006856.1688.com;https://detail.1688.com/offer/655238139397.html
余江区福统经营部;https://shop72196l0c27012.1688.com;https://detail.1688.com/offer/655436241045.html
鄱阳县倪从阳饰品店;https://shop61z4z69326p65.1688.com;https://detail.1688.com/offer/653304364530.html
高新区枫桥宏特服装商行;https://shop783k27v88b851.1688.com;https://detail.1688.com/offer/654466828375.html
义乌市昌世日用百货商行;https://shop964s9j97143s3.1688.com;https://detail.1688.com/offer/651475357323.html
义乌市宏宏贸易有限公司;https://shop8z24w7s605329.1688.com;https://detail.1688.com/offer/585820745357.html
兰山区茹晗百货商行;https://shop262v186b80695.1688.com;https://detail.1688.com/offer/652962478184.html
鄱阳县东慕卉服装店;https://shop3864x0705m0s5.1688.com;https://detail.1688.com/offer/652497362105.html
义乌市心询电子商务商行;https://shop51d196gq06937.1688.com;https://detail.1688.com/offer/647800462971.html
佛山市南海区耀合生贸易商行;https://shop1r8824b2p6764.1688.com;https://detail.1688.com/offer/654438944965.html
余江区林查班商贸商行;https://shop32920nrr55572.1688.com;https://detail.1688.com/offer/653537668497.html
新罗区量东暇百货商行;https://shop50x391074y284.1688.com;https://detail.1688.com/offer/650972641162.html
玉林市玉州区庭佳百货店;https://shop43081630s1w43.1688.com;https://detail.1688.com/offer/640589429593.html
余江区汇吉岸贸易商行;https://shop9304242gn1607.1688.com;https://detail.1688.com/offer/653335551747.html
玉林市玉州区卡美百货店;https://shop0678h776984k1.1688.com;https://detail.1688.com/offer/644177452249.html
义乌市莉韩饰品有限公司;https://lihan2019.1688.com;https://detail.1688.com/offer/647386462769.html
兰山区雪良百货商行;https://shop59120g5967116.1688.com;https://detail.1688.com/offer/655119428645.html
杭州余杭区乔司街道奥谊贸易商行;https://shop43x4975252015.1688.com;https://detail.1688.com/offer/654054164530.html
义乌市漂洋饰品有限公司;https://pyshp2003666.1688.com;https://detail.1688.com/offer/624179723878.html
义乌市柏杨饰品有限公司;https://shop497m11x243063.1688.com;https://detail.1688.com/offer/656004042308.html
义乌市瑾鑫日用百货商行;https://shop1839736s43635.1688.com;https://detail.1688.com/offer/650985585486.html
龙港市阿晓电子商务商行;https://shop88f0094729606.1688.com;https://detail.1688.com/offer/652577536394.html
义乌市将格电子商务商行;https://shop3m1i1068764w8.1688.com;https://detail.1688.com/offer/656400115253.html
深圳市胜嘉源帽业有限公司;https://shengjiayuancap.1688.com;https://detail.1688.com/offer/595135144359.html
沈阳市葭琂网络科技有限责任公司;https://jiayanshipin.1688.com;https://detail.1688.com/offer/652049695701.html
义乌市冀岗电子商务商行;https://shop2634710758b57.1688.com;https://detail.1688.com/offer/653251019207.html
义乌市泰涞饰品有限公司;https://shop783094560m844.1688.com;https://detail.1688.com/offer/643806790950.html
广州禄源丰贸易商行;https://shop60258o75o3v85.1688.com;https://detail.1688.com/offer/651645542110.html
铜陵小豆电子商务有限公司;https://shop1466788434369.1688.com;https://detail.1688.com/offer/654957727445.html
义乌市一柠饰品有限公司;https://shop991997e06s338.1688.com;https://detail.1688.com/offer/655074204669.html
义乌市密佳饰品有限公司;https://shop0k0961v432134.1688.com;https://detail.1688.com/offer/655076196330.html
南平市建阳区达敦蔺电子商务商行;https://shop782h3g94d0828.1688.com;https://detail.1688.com/offer/653314467756.html
义乌市诗弦电子商务有限公司;https://shop870966u8c36b1.1688.com;https://detail.1688.com/offer/640207136691.html
义乌市凯亚饰品有限公司;https://kaiya598.1688.com;https://detail.1688.com/offer/641977886158.html
广州语豪皮具有限公司;https://shop782983i929662.1688.com;https://detail.1688.com/offer/578597706394.html
东阳市俊涵饰品有限公司;https://junhansp.1688.com;https://detail.1688.com/offer/628997703469.html
义乌市涵熙饰品有限公司;https://shop1b618i28105z6.1688.com;https://detail.1688.com/offer/641816945608.html
阚永新;https://ywxcfc.1688.com;https://detail.1688.com/offer/583090791790.html
义乌市腾卓饰品厂;https://shop1444669210627.1688.com;https://detail.1688.com/offer/583017370590.html
义乌市慧逸饰品有限公司;https://huiyii.1688.com;https://detail.1688.com/offer/615583422432.html
义乌市古奥饰品有限公司;https://shop60e3982ew6650.1688.com;https://detail.1688.com/offer/644520382382.html
东阳市江北谱写电子商务商行;https://shop2586v3578y960.1688.com;https://detail.1688.com/offer/646336529116.html
义乌市星泰饰品有限公司;https://shop9i878x7270203.1688.com;https://detail.1688.com/offer/636692027169.html
义乌市圣曦贸易有限公司;https://shop962z9840215g6.1688.com;https://detail.1688.com/offer/641246920116.html
广州越秀区欣倪商贸有限公司;https://shop899d3685d3801.1688.com;https://detail.1688.com/offer/652614564449.html
丽水景宁珑盛贸易有限公司;https://shop531434h732848.1688.com;https://detail.1688.com/offer/642132993427.html
义乌市以茂电子商务商行;https://shop495t93425n326.1688.com;https://detail.1688.com/offer/652014739253.html
义乌市冷安电子商务商行;https://shop1464368243607.1688.com;https://detail.1688.com/offer/591848246060.html
深圳市龙华新区伊百分手工饰品厂;https://storyacc.1688.com;https://detail.1688.com/offer/559016213777.html
义乌市庆柯贸易有限公司;https://shop5b6s400z25725.1688.com;https://detail.1688.com/offer/618038355182.html
深圳市欣盛饰品有限公司;https://xinshengzhubao.1688.com;https://detail.1688.com/offer/609670033598.html
义乌市宝枫贸易有限公司;https://shop569h0d545d986.1688.com;https://detail.1688.com/offer/606406657817.html
义乌市可巧电子商务商行;https://shop1469033339598.1688.com;https://detail.1688.com/offer/535975662969.html
义乌市艾耶斯美容美发用品有限公司;https://shop1569339862sg6.1688.com;https://detail.1688.com/offer/606635074341.html
义乌市营咚电子商务商行;https://shop802ddp6330414.1688.com;https://detail.1688.com/offer/653919416159.html
玉林市玉州区镂波百货店;https://shop0417572hn0955.1688.com;https://detail.1688.com/offer/645111827224.html
义乌市祈安日用百货商行;https://shop8588u6181u127.1688.com;https://detail.1688.com/offer/652330690036.html
丰泽区亿正日用百货商行;https://shop656234w604731.1688.com;https://detail.1688.com/offer/651954204054.html
云霄县永甜网络技术工作室;https://shop31g14034mn826.1688.com;https://detail.1688.com/offer/654611773389.html
