王忠信;https://xiuxiu11142012.1688.com;https://detail.1688.com/offer/653492478893.html
南宁外效堂生物科技有限公司;https://395002867.1688.com;https://detail.1688.com/offer/594862360179.html
深圳市宝安区景心堂工艺品商行;https://shop1461603533463.1688.com;https://detail.1688.com/offer/580083923862.html
东海县尚轩珠宝有限公司;https://shop1459357581793.1688.com;https://detail.1688.com/offer/582617952174.html
义乌市费娅贸易有限公司;https://shop852894407j2l1.1688.com;https://detail.1688.com/offer/578771482861.html
义乌市科尼电子商务商行;https://shop28079549959f7.1688.com;https://detail.1688.com/offer/586248935457.html
义乌市长斯饰品有限公司;https://shop82354j49t22q2.1688.com;https://detail.1688.com/offer/602268898686.html
义乌市融科电子商务商行;https://shop1459357297007.1688.com;https://detail.1688.com/offer/577599826441.html
镇平县了尘珠宝玉器铺;https://shop7352559412q12.1688.com;https://detail.1688.com/offer/655416521034.html
亳州市谯城区丹顺饰品厂;https://1688yiwu.1688.com;https://detail.1688.com/offer/43082619707.html
东阳市白云忠信饰品厂;https://shop843160617ae57.1688.com;https://detail.1688.com/offer/655570275389.html
义乌市威扬饰品有限公司;https://weiyangsp.1688.com;https://detail.1688.com/offer/43675276925.html
深圳市欧斯密贸易有限公司;https://szsosm.1688.com;https://detail.1688.com/offer/603052794153.html
尤溪县博古飞商行;https://shop245957o465331.1688.com;https://detail.1688.com/offer/649851355129.html
深圳市宝安区德厚斋工艺品商行;https://shop7938787518jh1.1688.com;https://detail.1688.com/offer/602634733379.html
仙游县鲤城北灵贸易商行;https://shop6e1773g89e813.1688.com;https://detail.1688.com/offer/626128204335.html
义乌市秀好饰品有限公司;https://shop1492447995413.1688.com;https://detail.1688.com/offer/579559263287.html
深圳市佰亿滋贸易有限公司;https://shop1466096566171.1688.com;https://detail.1688.com/offer/577069763488.html
广州禅悟首饰有限公司;https://yinhuizhubao.1688.com;https://detail.1688.com/offer/596995351163.html
义乌市娅轩电子商务商行;https://yaxuansp.1688.com;https://detail.1688.com/offer/520188273080.html
义乌市露晏轩饰品有限公司;https://shop1382719953536.1688.com;https://detail.1688.com/offer/520821978737.html
东海县百慕水晶有限公司;https://shop1688dhsy.1688.com;https://detail.1688.com/offer/614742144456.html
义乌市道腾贸易有限公司;https://daotengjewelry.1688.com;https://detail.1688.com/offer/557190831509.html
衡山上缘阁工艺品商行;https://shop1456159985108.1688.com;https://detail.1688.com/offer/626218692910.html
义乌市建义电子商务商行;https://shop1494517579292.1688.com;https://detail.1688.com/offer/572367850956.html
义乌市胜龙电子商务有限公司;https://shop045e860437738.1688.com;https://detail.1688.com/offer/601768541986.html
义乌市周成修贸易有限公司;https://a816688.1688.com;https://detail.1688.com/offer/1213495782.html
深圳市泉溪水商贸有限公司;https://shop5933j55r23926.1688.com;https://detail.1688.com/offer/628737018020.html
义乌市坤杰进出口有限公司;https://shop1476981912337.1688.com;https://detail.1688.com/offer/646011508093.html
东海县牛山玛莎蒂罗水晶制品厂;https://shop1420476244293.1688.com;https://detail.1688.com/offer/521759351423.html
丹阳市开发区乐博弈百货商行;https://shop648d1x08428s4.1688.com;https://detail.1688.com/offer/624087730405.html
睢宁县亚洋纺织厂;https://shop761380242yy30.1688.com;https://detail.1688.com/offer/644564274243.html
义乌市凡友电子商务有限公司;https://shop1395680160892.1688.com;https://detail.1688.com/offer/575456046957.html
江西慕诗琪饰品有限公司;https://ywrdbuy.1688.com;https://detail.1688.com/offer/43839616445.html
郑州市二七区博琳通讯设备商行;https://bolin3022.1688.com;https://detail.1688.com/offer/619608389791.html
义乌市魅蝶电子商务商行;https://shop3256ll5922b21.1688.com;https://detail.1688.com/offer/564066518385.html
连城县玥绅枝服装店;https://shop8878078852584.1688.com;https://detail.1688.com/offer/654438309096.html
东海县曲阳乡宋金杨水晶制品加工厂;https://shop23fa453088f40.1688.com;https://detail.1688.com/offer/643206595733.html
义乌市窿艺昌贸易有限公司;https://shop1557305073f79.1688.com;https://detail.1688.com/offer/622864018215.html
广州鸣银贸易有限公司;https://guyunyinge.1688.com;https://detail.1688.com/offer/643447001991.html
莆田市秀屿区埭头进锦服装店;https://shop4409p7479p908.1688.com;https://detail.1688.com/offer/648737800384.html
东海县牛山墨可爱水晶商行;https://mokeaisj.1688.com;https://detail.1688.com/offer/622691430758.html
东海县牛山镇艺丰水晶工艺品厂;https://yfsjgypc.1688.com;https://detail.1688.com/offer/521071775149.html
义乌市悠佳饰品商行;https://yuokiaa.1688.com;https://detail.1688.com/offer/608664391658.html
福州市仓山区城门苏绣工艺品经营部;https://shop312g6t83m0161.1688.com;https://detail.1688.com/offer/645463160365.html
义乌市义路电子商务有限公司;https://shop2t207488k7261.1688.com;https://detail.1688.com/offer/590322174992.html
义乌百优饰品有限公司;https://beau2050.1688.com;https://detail.1688.com/offer/633472810768.html
惠州市石前石代珠宝有限公司;https://jiangwanzhao.1688.com;https://detail.1688.com/offer/1260087405.html
桂林市古今工艺品批发店;https://chunyina9988.1688.com;https://detail.1688.com/offer/896344403.html
杭州迪优网络技术有限公司;https://diyoufozhu.1688.com;https://detail.1688.com/offer/45499883813.html
义乌市华义电子商务商行;https://shop5p1782687b049.1688.com;https://detail.1688.com/offer/588770496662.html
仙游县鲤城峰豪工艺品店;https://shop50p71342aj941.1688.com;https://detail.1688.com/offer/651474530531.html
义乌市彤芳电子商务商行;https://shop1489482511130.1688.com;https://detail.1688.com/offer/653114043999.html
广州市荔湾区鲜平饰品商行;https://fmzzc.1688.com;https://detail.1688.com/offer/602299316681.html
义乌市诛积饰品有限公司;https://zhujishipin.1688.com;https://detail.1688.com/offer/617835956462.html
广州耶诗电子商务有限公司;https://gzyeaci.1688.com;https://detail.1688.com/offer/599686925079.html
义乌市瑞森饰品有限公司;https://shop85w46z0492896.1688.com;https://detail.1688.com/offer/655690310476.html
义乌市旅益饰品商行;https://lvyi2015.1688.com;https://detail.1688.com/offer/558645374647.html
义乌市杜克电子商务商行;https://shop26m2e859493k6.1688.com;https://detail.1688.com/offer/636917179421.html
义乌市志向贸易有限公司;https://shop6n9553744w529.1688.com;https://detail.1688.com/offer/632423351642.html
景德镇圣耀陶瓷有限公司;https://fei1412.1688.com;https://detail.1688.com/offer/35581025653.html
义乌市卓娣饰品有限公司;https://shop69806n5b48913.1688.com;https://detail.1688.com/offer/635860376849.html
东海县摩尼珠宝有限公司;https://shop1398358748542.1688.com;https://detail.1688.com/offer/42853570317.html
仙游县华盛工艺品贸易有限公司;https://shop15294y34b9f33.1688.com;https://detail.1688.com/offer/631357382511.html
泉州市中闽悦隆贸易有限公司;https://shop88z416519z7p1.1688.com;https://detail.1688.com/offer/630111874506.html
东海县驼峰乡三缘石水晶商行;https://15151244004.1688.com;https://detail.1688.com/offer/592756615237.html
义乌市宸翰饰品有限公司;https://taobahunpi.1688.com;https://detail.1688.com/offer/537422706551.html
义乌市志樱饰品厂;https://shop98581333x7719.1688.com;https://detail.1688.com/offer/651160538132.html
揭阳空港区砲台镇常莱麦百货店;https://shop484212h92h605.1688.com;https://detail.1688.com/offer/653900858634.html
东海县驼峰乡大财水晶商行;https://shuijing888.1688.com;https://detail.1688.com/offer/592725535360.html
海丰县可塘镇福源旺宝石厂;https://shop1456332308656.1688.com;https://detail.1688.com/offer/616731079319.html
杭州江干银山角百货有限公司;https://shop1429634935833.1688.com;https://detail.1688.com/offer/570301188370.html
三门县晨木春工艺品厂;https://chenmuchun.1688.com;https://detail.1688.com/offer/634188992706.html
寒雁(广州)珠宝有限公司;https://shop31930z4w07224.1688.com;https://detail.1688.com/offer/627849898719.html
海丰县可塘镇仕凡珠宝行;https://shop1b123439414f9.1688.com;https://detail.1688.com/offer/654308307831.html
海丰县可塘镇咏彩珠宝商行;https://shop306x21672x896.1688.com;https://detail.1688.com/offer/635055351942.html
海丰县可塘镇林振宇宝石厂;https://shop9635r082167z2.1688.com;https://detail.1688.com/offer/617009227899.html
梅州市梅江区比婷达电器行;https://shop2893346108571.1688.com;https://detail.1688.com/offer/653985796593.html
义乌市亦蝶饰品有限公司;https://dearna.1688.com;https://detail.1688.com/offer/613688807368.html
义乌市盖明星电子商务商行;https://shop9g76169615g26.1688.com;https://detail.1688.com/offer/632599475412.html
东海县悦旺珠宝有限公司;https://shop0040b7e481433.1688.com;https://detail.1688.com/offer/651475885275.html
义乌市天缕工艺品厂;https://saendo.1688.com;https://detail.1688.com/offer/648518716796.html
义乌市沫圈饰品厂;https://shop1417711264519.1688.com;https://detail.1688.com/offer/547425222900.html
高新区枫桥韩莱美百货商行;https://shop593r2u6w326c6.1688.com;https://detail.1688.com/offer/655098573531.html
东海县轻奢水晶制品有限公司;https://shop64844m4899143.1688.com;https://detail.1688.com/offer/574659251363.html
义乌市山艺电子商务商行;https://saenshop.1688.com;https://detail.1688.com/offer/655522394709.html
东海县牛山魅琳水晶商行;https://shop1429691069429.1688.com;https://detail.1688.com/offer/45739233782.html
海丰县可塘镇嘉盛行珠宝行;https://jiashenghailaiya.1688.com;https://detail.1688.com/offer/631990010587.html
东海县德得得珠宝有限公司;https://shop1390323367537.1688.com;https://detail.1688.com/offer/39470003342.html
海丰县可塘镇千喜珠宝厂;https://shop065089t484738.1688.com;https://detail.1688.com/offer/653402658582.html
海丰县城东王来创珠宝商行;https://shop45988k1022972.1688.com;https://detail.1688.com/offer/651089873544.html
