义乌市凌露电子商务有限公司;https://shop1404838608781.1688.com;https://detail.1688.com/offer/575258645081.html
义乌市琳达饰品有限公司;https://shop1473698629901.1688.com;https://detail.1688.com/offer/605276373759.html
义乌市黛露电子商务有限公司;https://shop4c053327v9a91.1688.com;https://detail.1688.com/offer/576729895629.html
义乌市铭菲饰品有限公司;https://shop9g7723b437x19.1688.com;https://detail.1688.com/offer/590918416110.html
义乌市乐侣饰品厂;https://ywllteqsp.1688.com;https://detail.1688.com/offer/589571021972.html
东阳市白云蓝芝海饰品厂;https://aonashiping2.1688.com;https://detail.1688.com/offer/600555430186.html
义乌市甜雅饰品商行;https://shop1407806197587.1688.com;https://detail.1688.com/offer/591224448867.html
九江千贝科技有限公司;https://shop20x2450d96690.1688.com;https://detail.1688.com/offer/607555242309.html
义乌市仕辰贸易有限公司;https://yiwushichen.1688.com;https://detail.1688.com/offer/596978590383.html
义乌市蓝淘饰品有限公司;https://longpingershipin.1688.com;https://detail.1688.com/offer/600654662934.html
义乌市升伊饰品有限公司;https://shop836q0u4692023.1688.com;https://detail.1688.com/offer/619863357616.html
义乌市豪彪饰品有限公司;https://haobiaoshiping.1688.com;https://detail.1688.com/offer/600158076078.html
义乌市奇福饰品有限公司;https://shop85164v840n532.1688.com;https://detail.1688.com/offer/601503450266.html
义乌市旺都贸易有限公司;https://shop7009f230bh874.1688.com;https://detail.1688.com/offer/640263425814.html
义乌市滨洋贸易有限公司;https://shop1098426z91gc6.1688.com;https://detail.1688.com/offer/603854500430.html
义乌市欣滢饰品有限公司;https://shop943su162c9029.1688.com;https://detail.1688.com/offer/609225647339.html
广信区易妆饰品商行;https://shop209057502v358.1688.com;https://detail.1688.com/offer/646769953063.html
义乌市怡澳电子商务商行;https://shop91434j85u92a9.1688.com;https://detail.1688.com/offer/604282141991.html
义乌市磊琳电子商务商行;https://shop099039166y932.1688.com;https://detail.1688.com/offer/604201450864.html
义乌市淘石饰品有限公司;https://richladys.1688.com;https://detail.1688.com/offer/587209772215.html
义乌市丽姝贸易有限公司;https://shop6230282310tt3.1688.com;https://detail.1688.com/offer/643690466531.html
东莞市莱欧缇饰品有限公司;https://shop4494ez7w1p473.1688.com;https://detail.1688.com/offer/619133234695.html
义乌市惜郁电子商务有限公司;https://shop1429289450420.1688.com;https://detail.1688.com/offer/599631241998.html
义乌市逐越电子商务商行;https://shop02a30663409t3.1688.com;https://detail.1688.com/offer/597372083955.html
东阳市白云均火电子商务商行;https://shop717964bi76465.1688.com;https://detail.1688.com/offer/640543461114.html
义乌市卓权饰品厂;https://shop1383843389764.1688.com;https://detail.1688.com/offer/597052480432.html
东阳润妍电子商务商行;https://shop56452x0744702.1688.com;https://detail.1688.com/offer/617004264655.html
深圳市艾普义科技有限公司;https://tokqiy.1688.com;https://detail.1688.com/offer/656190339978.html
义乌市小螺号饰品有限公司;https://lovejewelry.1688.com;https://detail.1688.com/offer/596643342365.html
义乌市拓娱饰品有限公司;https://shop9c78323732008.1688.com;https://detail.1688.com/offer/641044271800.html
义乌市千品贸易有限公司;https://shop1461085082873.1688.com;https://detail.1688.com/offer/641337582330.html
义乌市哲修供应链管理有限公司;https://zhexiushipin.1688.com;https://detail.1688.com/offer/597237028419.html
义乌市佐文饰品有限公司;https://zuowen.1688.com;https://detail.1688.com/offer/591725516659.html
义乌市妙岑电子商务有限公司;https://shop5u442960im483.1688.com;https://detail.1688.com/offer/608010864354.html
义乌市君多采电子商务有限公司;https://shop108898d4h7t74.1688.com;https://detail.1688.com/offer/651316567855.html
罗诗琛;https://shop1384534583237.1688.com;https://detail.1688.com/offer/605531671938.html
义乌市追霜电子商务有限公司;https://zhuishuang.1688.com;https://detail.1688.com/offer/591793196712.html
义乌亿锦饰品有限公司;https://shop4112u6808cn83.1688.com;https://detail.1688.com/offer/592689146255.html
揭阳市揭东区新亨镇一好饰品商行;https://shop712475f750170.1688.com;https://detail.1688.com/offer/649215521378.html
义乌市贰阁电子商务有限公司;https://shop631738a395604.1688.com;https://detail.1688.com/offer/648837697052.html
博爱县三丽日用百货网店;https://shop0m72e67yy4484.1688.com;https://detail.1688.com/offer/646437242144.html
博爱县苏小娟日用百货网店;https://shop45416208j5915.1688.com;https://detail.1688.com/offer/650684328775.html
义乌谦鸣饰品有限公司;https://qimingjewelry.1688.com;https://detail.1688.com/offer/602830905985.html
博爱县柯文日用百货网店;https://shop33o5801v34407.1688.com;https://detail.1688.com/offer/650501612942.html
义乌市沁喆贸易有限公司;https://shop92f625a676183.1688.com;https://detail.1688.com/offer/646330782247.html
义乌市添蝶电子商务商行;https://shop421362i8l9216.1688.com;https://detail.1688.com/offer/651908857119.html
义乌市蓦然电子商务商行;https://shop4p24079984497.1688.com;https://detail.1688.com/offer/647092841776.html
东莞市美信饰品有限公司;https://shop10494b4172408.1688.com;https://detail.1688.com/offer/615009916079.html
义乌市咏歌电子商务商行;https://tingfengyu.1688.com;https://detail.1688.com/offer/599676865892.html
义乌市糖恋电子商务商行;https://shop1479142358890.1688.com;https://detail.1688.com/offer/599735802737.html
义乌市年辽电子商务商行;https://shop1466960539496.1688.com;https://detail.1688.com/offer/592350427315.html
义乌市蒙浩电子商务商行;https://shop1410280909714.1688.com;https://detail.1688.com/offer/592345167643.html
东阳市白云胜印饰品厂;https://shop4ju40882984r4.1688.com;https://detail.1688.com/offer/622866132180.html
义乌市图彩电子商务商行;https://shop1426610600331.1688.com;https://detail.1688.com/offer/601698974344.html
广州骓爱电子商务有限公司;https://shop293475s74g778.1688.com;https://detail.1688.com/offer/648510224671.html
义乌市晴雯饰品有限公司;https://shop1357753428547.1688.com;https://detail.1688.com/offer/595953196450.html
浦江县韩之尚电子商务有限公司;https://hanzhishang.1688.com;https://detail.1688.com/offer/596371425058.html
义乌才逸饰品有限公司;https://shop7uu9097091055.1688.com;https://detail.1688.com/offer/613238808804.html
义乌市雪柔饰品有限公司;https://jane727.1688.com;https://detail.1688.com/offer/571248772436.html
义乌市久哈饰品有限公司;https://shop3f994a6z24238.1688.com;https://detail.1688.com/offer/619711220427.html
义乌市欧波电子商务商行;https://shop1466702103992.1688.com;https://detail.1688.com/offer/592031917867.html
义乌市嫣行电子商务商行;https://shop877678n7b4238.1688.com;https://detail.1688.com/offer/642022677705.html
濮阳市谢东小区国超淘宝代购店;https://shop1457197018026.1688.com;https://detail.1688.com/offer/600124951452.html
义乌市颖舞电子商务有限公司;https://shop711o4701t1583.1688.com;https://detail.1688.com/offer/609892165520.html
义乌市恬露电子商务有限公司;https://shop095819407u556.1688.com;https://detail.1688.com/offer/632058829984.html
义乌市彬圣电子商务商行;https://shop96ff860955536.1688.com;https://detail.1688.com/offer/638617066710.html
义乌市卿州电子商务商行;https://shop4554c03c01370.1688.com;https://detail.1688.com/offer/644750054908.html
义乌市家民贸易有限公司;https://shop1472452130381.1688.com;https://detail.1688.com/offer/596006848515.html
义乌市美航饰品有限公司;https://shop1386953617542.1688.com;https://detail.1688.com/offer/598033602819.html
义乌市哲尚饰品厂;https://shop07g0848t21733.1688.com;https://detail.1688.com/offer/597613096680.html
义乌市准岑电子商务商行;https://shop1458311322207.1688.com;https://detail.1688.com/offer/599350744235.html
义乌市佩普电子商务有限公司;https://shop0724pj62835w6.1688.com;https://detail.1688.com/offer/609796715348.html
义乌市扬舲电子商务商行;https://yiwuyangling.1688.com;https://detail.1688.com/offer/591824011515.html
义乌市吆吆吧珠宝有限公司;https://yaoyaoba.1688.com;https://detail.1688.com/offer/652180599085.html
义乌市捷鸣电子商务有限公司;https://shop357l858335183.1688.com;https://detail.1688.com/offer/598053620241.html
义乌市雨蝶饰品有限公司;https://yudy88888.1688.com;https://detail.1688.com/offer/606425372292.html
义乌市芷阳饰品厂;https://zyoung809.1688.com;https://detail.1688.com/offer/621115007598.html
义乌市烨贝饰品有限公司;https://yebeishipin.1688.com;https://detail.1688.com/offer/624888145342.html
义乌市晶戎饰品有限公司;https://shop1723863s49h70.1688.com;https://detail.1688.com/offer/602310570240.html
义乌市霓凰电子商务商行;https://shop942920027h8u0.1688.com;https://detail.1688.com/offer/623102049012.html
义乌市宋谦电子商务商行;https://shop1458061191143.1688.com;https://detail.1688.com/offer/601634956146.html
义乌市秀桢电子商务有限公司;https://shop1473871349125.1688.com;https://detail.1688.com/offer/593802842966.html
义乌市薇琦饰品有限公司;https://shop2s6211891q7s1.1688.com;https://detail.1688.com/offer/629116657284.html
义乌市云姿饰品有限公司;https://yunzijewellery.1688.com;https://detail.1688.com/offer/589096742114.html
义乌市庄周电子商务商行;https://shop1461343228927.1688.com;https://detail.1688.com/offer/598909024047.html
义乌市妍汀电子商务有限公司;https://yanting666.1688.com;https://detail.1688.com/offer/597912691205.html
义乌市道妮电子商务商行;https://dnshop.1688.com;https://detail.1688.com/offer/568716778205.html
义乌市屹凡饰品有限公司;https://shop9xg4214d44396.1688.com;https://detail.1688.com/offer/629319820051.html
义乌市侣观电子商务商行;https://shop1453394366939.1688.com;https://detail.1688.com/offer/574313976132.html
东莞市如刚五金饰品有限公司;https://rugang8888.1688.com;https://detail.1688.com/offer/619043877385.html
义乌市端搜电子商务有限公司;https://ywxsbpf.1688.com;https://detail.1688.com/offer/646105207471.html
义乌市千珺饰品有限公司;https://520qjsp.1688.com;https://detail.1688.com/offer/584860929116.html
义乌新蒂饰品有限公司;https://cinderjewelry.1688.com;https://detail.1688.com/offer/625710667969.html
义乌市侣环电子商务商行;https://shop1454086145569.1688.com;https://detail.1688.com/offer/574694434252.html
义乌市露兮电子商务商行;https://shop701g0204b5202.1688.com;https://detail.1688.com/offer/615739253299.html
义乌市黛仁饰品有限公司;https://shop1398877022652.1688.com;https://detail.1688.com/offer/600486875942.html
义乌市颐云电子商务有限公司;https://shop33u2i71d70223.1688.com;https://detail.1688.com/offer/643076775376.html
义乌市芊稠电子商务商行;https://shop1466615000799.1688.com;https://detail.1688.com/offer/600646737226.html
义乌市创爵电子商务有限公司;https://chuangjue13.1688.com;https://detail.1688.com/offer/601990137777.html
义乌市梓棠饰品有限公司;https://520zitang.1688.com;https://detail.1688.com/offer/576833073993.html
义乌市颖朔电子商务商行;https://shop8i0m250041a00.1688.com;https://detail.1688.com/offer/643344467274.html
义乌市方婳电子商务商行;https://shop63s8017v65v96.1688.com;https://detail.1688.com/offer/656124575413.html
烟台心源百货商贸有限公司;https://shop1579r29266028.1688.com;https://detail.1688.com/offer/640300856005.html
深圳市汇奔电子商务有限公司;https://huibendianzi.1688.com;https://detail.1688.com/offer/590625135437.html
义乌市飘朴电子商务商行;https://shop728428w7k0675.1688.com;https://detail.1688.com/offer/655924642589.html
义乌市富争电子商务商行;https://shop3780bvz862379.1688.com;https://detail.1688.com/offer/655990690521.html
义乌市玖冠电子商务商行;https://shop4995a8v5w8176.1688.com;https://detail.1688.com/offer/601301700685.html
义乌市晓茵电子商务商行;https://shop1373993624078.1688.com;https://detail.1688.com/offer/635389196189.html
义乌市知悦网络科技有限公司;https://shop53705sm3053a1.1688.com;https://detail.1688.com/offer/646122999354.html
深圳市鑫旺升贸易有限公司;https://shop3103i85509n78.1688.com;https://detail.1688.com/offer/584983301512.html
义乌市文贝饰品有限公司;https://shop9742857nev499.1688.com;https://detail.1688.com/offer/603277985907.html
义乌市誓颜电子商务有限公司;https://shiyanshipin.1688.com;https://detail.1688.com/offer/598844792386.html
义乌市沁缘饰品有限公司;https://shop56hh0832907b7.1688.com;https://detail.1688.com/offer/643990312995.html
义乌市普喆日用品有限公司;https://shop3412q2672wq17.1688.com;https://detail.1688.com/offer/620083751771.html
义乌市辉宏饰品商行;https://shop9698360uj4d50.1688.com;https://detail.1688.com/offer/649644976034.html
义乌市圆钱电子商务有限公司;https://shop42p12446v6241.1688.com;https://detail.1688.com/offer/643265562655.html
义乌市乐钰饰品厂;https://kdsby.1688.com;https://detail.1688.com/offer/603742381540.html
兰溪市聚宝电子商务商行;https://shop4l705871f38b5.1688.com;https://detail.1688.com/offer/649191188966.html
义乌市颜瑟电子商务有限公司;https://shop7393824641303.1688.com;https://detail.1688.com/offer/645154426047.html
义乌市凡迪饰品有限公司;https://shop59k5p60469j67.1688.com;https://detail.1688.com/offer/619321464744.html
义乌市韩萸饰品有限公司;https://hanyushipin.1688.com;https://detail.1688.com/offer/600034214929.html
义乌市可仁饰品有限公司;https://hyssmy.1688.com;https://detail.1688.com/offer/598667310926.html
义乌市随变饰品有限公司;https://shop1461257355826.1688.com;https://detail.1688.com/offer/655131065595.html
义乌市闪魅饰品有限公司;https://shop9q93x51240j07.1688.com;https://detail.1688.com/offer/626160393964.html
义乌市驻龙电子商务有限公司;https://ywps925.1688.com;https://detail.1688.com/offer/574445018793.html
义乌市韩饰界电子科技有限公司;https://shop343b88869jj94.1688.com;https://detail.1688.com/offer/596372640668.html
义乌市高途电子商务商行;https://gaotu809088915.1688.com;https://detail.1688.com/offer/613972147605.html
义乌市纯影饰品有限公司;https://shop1446050898488.1688.com;https://detail.1688.com/offer/611469224596.html
义乌优普进出口有限公司;https://shop49822403w9238.1688.com;https://detail.1688.com/offer/587816370241.html
义乌市妙雅饰品有限公司;https://shop6239730h56062.1688.com;https://detail.1688.com/offer/600124178524.html
义乌市奥堃电子商务商行;https://shop419v72am79055.1688.com;https://detail.1688.com/offer/603278705536.html
余姚市星空饰品厂;https://shop7t62258c5d125.1688.com;https://detail.1688.com/offer/631852580680.html
义乌市顺烁电子商务商行;https://shop1402419163007.1688.com;https://detail.1688.com/offer/605260229364.html
义乌市苏仁饰品有限公司;https://shop1436374539057.1688.com;https://detail.1688.com/offer/627545476370.html
义乌市怀琅贸易有限公司;https://shop1443451805112.1688.com;https://detail.1688.com/offer/592521152731.html
义乌市亨美贸易有限公司;https://hengmei123.1688.com;https://detail.1688.com/offer/600796067716.html
泉州市上屋贸易有限公司;https://shop311207p08a686.1688.com;https://detail.1688.com/offer/646373654140.html
成都市帆品电子商务有限公司;https://shop7az2g67047555.1688.com;https://detail.1688.com/offer/641874079804.html
义乌市旺冠贸易有限公司;https://15050100558.1688.com;https://detail.1688.com/offer/646891111672.html
义乌市爱沐力电子商务有限公司;https://emilyjewelry.1688.com;https://detail.1688.com/offer/644753298351.html
义乌市简拉电子商务有限公司;https://jianlajewelry.1688.com;https://detail.1688.com/offer/642897713928.html
义乌市久亨饰品有限公司;https://ywphspc.1688.com;https://detail.1688.com/offer/581726670157.html
义乌市悦云电子商务有限公司;https://shop5po3211547n96.1688.com;https://detail.1688.com/offer/614033776886.html
