义乌市三态饰品有限公司;https://santai3333.1688.com;https://detail.1688.com/offer/621421763251.html
义乌市摩多贸易有限公司;https://moduomaoyi.1688.com;https://detail.1688.com/offer/654096820359.html
义乌市暖铭电子商务有限公司;https://shop87n311x537n24.1688.com;https://detail.1688.com/offer/605034248123.html
义乌市逸舒贸易有限公司;https://15868952333.1688.com;https://detail.1688.com/offer/621384980434.html
义乌市心喜贸易有限公司;https://yiwuxinxi.1688.com;https://detail.1688.com/offer/646110262934.html
义乌市和鸣饰品有限公司;https://shop36mm85665l864.1688.com;https://detail.1688.com/offer/624358198120.html
义乌市真希饰品有限公司;https://shop0021978t69th0.1688.com;https://detail.1688.com/offer/624504600165.html
义乌市泰涞饰品有限公司;https://shop783094560m844.1688.com;https://detail.1688.com/offer/643806790950.html
义乌市氿乐电子商务商行;https://shop1428511784824.1688.com;https://detail.1688.com/offer/645616451418.html
余江区玉祥冠经营部;https://shop58999447265h8.1688.com;https://detail.1688.com/offer/653986131744.html
义乌市戴薇贸易有限公司;https://shop26f9701ncj593.1688.com;https://detail.1688.com/offer/642034754416.html
义乌市席席饰品有限公司;https://shop5p28572787731.1688.com;https://detail.1688.com/offer/634737679080.html
义乌市岚辰饰品有限公司;https://lanchen2018.1688.com;https://detail.1688.com/offer/651032856385.html
五华县棉洋镇惠鑫商行;https://shop3k7046844b584.1688.com;https://detail.1688.com/offer/646983618083.html
深圳市宝安区福海靓依都服装厂;https://shop1494607960707.1688.com;https://detail.1688.com/offer/632236997618.html
义乌市赞烨电子商务商行;https://shop1439398383973.1688.com;https://detail.1688.com/offer/560434503659.html
广州泰洁康贸易商行;https://shop71ey303429494.1688.com;https://detail.1688.com/offer/648443700877.html
义乌市羿辰饰品厂;https://shophancai.1688.com;https://detail.1688.com/offer/643477773467.html
广州哈琳娜饰品厂;https://harrina.1688.com;https://detail.1688.com/offer/643096784459.html
鄱阳县曲鹏服装店;https://shop027t10b324120.1688.com;https://detail.1688.com/offer/655860639540.html
义乌市歌图电子商务商行;https://shop66054uuy04028.1688.com;https://detail.1688.com/offer/655753827944.html
义乌市修婕电子商务商行;https://shop6724b67477210.1688.com;https://detail.1688.com/offer/654148900417.html
义乌市艾蕾亘特饰品厂;https://shop66h557u133484.1688.com;https://detail.1688.com/offer/655164629851.html
义乌科凡电子商务商行;https://shop854301399n549.1688.com;https://detail.1688.com/offer/655392079149.html
义乌市方婳电子商务商行;https://shop63s8017v65v96.1688.com;https://detail.1688.com/offer/654068034710.html
连城县俪承嗣百货店;https://shop9589592g98965.1688.com;https://detail.1688.com/offer/654153917124.html
义乌市梦锦服饰厂;https://mjoy2019.1688.com;https://detail.1688.com/offer/629123750674.html
义乌市今立服饰有限公司;https://shop0j22u6275i474.1688.com;https://detail.1688.com/offer/629766662965.html
余江区达祥经营部;https://shop11090a38112a5.1688.com;https://detail.1688.com/offer/652661870196.html
柘荣县角村日用品经营部;https://shop12u1790r83y92.1688.com;https://detail.1688.com/offer/650149817149.html
义乌市茵毅电子商务商行;https://shop9157990717066.1688.com;https://detail.1688.com/offer/649735776165.html
义乌市厚盾电子商务商行;https://shop106434x85n9j8.1688.com;https://detail.1688.com/offer/652172826381.html
丰泽区免按百货网店;https://shop721t745995a26.1688.com;https://detail.1688.com/offer/652611362677.html
石狮市简峰铭悦网络百货商行;https://shop02h77j1661v24.1688.com;https://detail.1688.com/offer/651030646392.html
义乌市峰循电子商务商行;https://shop4i8029e276717.1688.com;https://detail.1688.com/offer/651480136255.html
义乌市霞米电子商务有限公司;https://ywxiami.1688.com;https://detail.1688.com/offer/40499851344.html
金华市璀饰贸易有限公司;https://shop06f63f18215d4.1688.com;https://detail.1688.com/offer/638954421372.html
义乌市凯亚饰品有限公司;https://kaiya598.1688.com;https://detail.1688.com/offer/641977886158.html
义乌市涵熙饰品有限公司;https://shop1b618i28105z6.1688.com;https://detail.1688.com/offer/641816945608.html
义乌市库瑞电子商务有限公司;https://kr1jpf.1688.com;https://detail.1688.com/offer/631591404391.html
义乌市麦普电子商务有限公司;https://shop1452186221540.1688.com;https://detail.1688.com/offer/598515194616.html
义乌市杰佑贸易有限公司;https://shop2091807f24b12.1688.com;https://detail.1688.com/offer/597492408256.html
永定区仰楚牡百货商行;https://shop7815x68771184.1688.com;https://detail.1688.com/offer/644345691515.html
义乌市诗音特贸易有限公司;https://shop2300711g86em9.1688.com;https://detail.1688.com/offer/626526964944.html
余江区欣飞经营部;https://shop02182q5g85372.1688.com;https://detail.1688.com/offer/652245019873.html
揭阳市揭东区新亨镇耀维百货店;https://shop500911055m618.1688.com;https://detail.1688.com/offer/650358806232.html
丰泽区是随百货网店;https://shop72n943964nw75.1688.com;https://detail.1688.com/offer/652743502023.html
义乌市伟美饰品有限公司;https://shop709450064uo15.1688.com;https://detail.1688.com/offer/629443577582.html
义乌市世源电子商务商行;https://shop23477626hn440.1688.com;https://detail.1688.com/offer/655334859244.html
义乌市光与影电子商务商行;https://shop031728v2g2u85.1688.com;https://detail.1688.com/offer/628670891757.html
义乌市喀丹电子商务商行;https://shop8703pf679k192.1688.com;https://detail.1688.com/offer/652775154283.html
玉林市玉州区金天佛百货店;https://shop605e43j51a219.1688.com;https://detail.1688.com/offer/644708149095.html
义乌市百萱电子商务商行;https://shop913341y061375.1688.com;https://detail.1688.com/offer/620647793015.html
深圳市海坤方辉建材有限公司;https://shop2q737469009v8.1688.com;https://detail.1688.com/offer/645124485013.html
新罗区菩西百货商行;https://shop500bs309s2050.1688.com;https://detail.1688.com/offer/641757046905.html
义乌市莱玛电子商务有限公司;https://laimasp.1688.com;https://detail.1688.com/offer/614089985606.html
玉林市玉州区安潼日用百货店;https://shop0956135g23175.1688.com;https://detail.1688.com/offer/655329967486.html
广州伊汇旺贸易商行;https://shop44448202626t5.1688.com;https://detail.1688.com/offer/654411351402.html
玉林市玉州区卡美百货店;https://shop0678h776984k1.1688.com;https://detail.1688.com/offer/646844570572.html
东莞市丝唯实业有限公司;https://shop0955284kc6m06.1688.com;https://detail.1688.com/offer/622798910298.html
玉林市玉州区鸿叶百货店;https://shop1y97137309xq1.1688.com;https://detail.1688.com/offer/651330981129.html
景宁唐页贸易商行;https://shop59d96329z77e9.1688.com;https://detail.1688.com/offer/655428350902.html
广州市越秀区小雀斑饰品商行;https://shop8149r7727zr09.1688.com;https://detail.1688.com/offer/640602368188.html
高新区枫桥亿盛开百货商行;https://shop1a8295q96z834.1688.com;https://detail.1688.com/offer/655332635904.html
高新区枫桥富罗深百货商行;https://shop335k825i72h46.1688.com;https://detail.1688.com/offer/655107359802.html
义乌市昕涵饰品有限公司;https://shop249075gr0r667.1688.com;https://detail.1688.com/offer/634156207815.html
义乌市尚捷饰品有限公司;https://shop11759725e5h10.1688.com;https://detail.1688.com/offer/570242283051.html
义乌市九层电子商务有限公司;https://shop1146m3771hq85.1688.com;https://detail.1688.com/offer/633026965261.html
义乌市茹丹饰品有限公司;https://rudanshipin.1688.com;https://detail.1688.com/offer/620304128230.html
义乌市慧逸饰品有限公司;https://huiyii.1688.com;https://detail.1688.com/offer/615583422432.html
义乌市蒲钻电子商务商行;https://shop1358592219982.1688.com;https://detail.1688.com/offer/562471353777.html
义乌市亮琳饰品有限公司;https://shop641wh8d824282.1688.com;https://detail.1688.com/offer/644919124449.html
东阳市艾莎饰品有限公司;https://shop73l36v18478s7.1688.com;https://detail.1688.com/offer/650684504707.html
义乌市艾诺电子商务商行;https://shop67704t30492h4.1688.com;https://detail.1688.com/offer/578806709733.html
义乌市宗然饰品厂;https://shop1418316225694.1688.com;https://detail.1688.com/offer/619268942269.html
义乌千芙饰品有限公司;https://shop1404528103758.1688.com;https://detail.1688.com/offer/566218886881.html
玉林市玉州区意喜百货经营部;https://shop950997e2045d6.1688.com;https://detail.1688.com/offer/653288773164.html
永定区杞颇亮商行;https://shop987930070f8v5.1688.com;https://detail.1688.com/offer/654487574659.html
义乌市则算电子商务商行;https://shop348p751586209.1688.com;https://detail.1688.com/offer/648722604286.html
兰溪市丽花饰品有限公司;https://lihuashipin.1688.com;https://detail.1688.com/offer/631244681662.html
义乌市沐鸿饰品有限公司;https://shop1470070177775.1688.com;https://detail.1688.com/offer/645616144464.html
义乌市思煜饰品有限公司;https://shop8125180661p06.1688.com;https://detail.1688.com/offer/622331451991.html
佛山市南海区良霖曦日用品厂;https://shop89170t7930511.1688.com;https://detail.1688.com/offer/642194542375.html
义乌市可巧电子商务商行;https://shop1469033339598.1688.com;https://detail.1688.com/offer/535975662969.html
玉林市玉州区庭佳百货店;https://shop43081630s1w43.1688.com;https://detail.1688.com/offer/640589429593.html
新罗区量东暇百货商行;https://shop50x391074y284.1688.com;https://detail.1688.com/offer/650972641162.html
余江区汇吉岸贸易商行;https://shop9304242gn1607.1688.com;https://detail.1688.com/offer/653335551747.html
佛山市南海区桂城益昌五金电器商行;https://shop68y64231y6722.1688.com;https://detail.1688.com/offer/627083262787.html
义乌市酷华饰品厂;https://shop1438707329000.1688.com;https://detail.1688.com/offer/649957619569.html
金华时时饰品有限公司;https://shop312602888dd13.1688.com;https://detail.1688.com/offer/643365119729.html
义乌市美涛化妆用具有限公司;https://ywmeitao.1688.com;https://detail.1688.com/offer/655079495217.html
城阳区霖昊盛工艺品商行;https://qdlhssp.1688.com;https://detail.1688.com/offer/636004102677.html
青岛姜艺轩商贸有限公司;https://shop00bc73c213589.1688.com;https://detail.1688.com/offer/618106609293.html
义乌市巨欣饰品有限公司;https://juxinsp.1688.com;https://detail.1688.com/offer/589051800386.html
义乌市润特饰品有限公司;https://sunfangwei8.1688.com;https://detail.1688.com/offer/627206839035.html
义乌市漂洋饰品有限公司;https://pyshp2003666.1688.com;https://detail.1688.com/offer/624179723878.html
永嘉县发缘塑料加工厂;https://shop03431ym121926.1688.com;https://detail.1688.com/offer/651752445054.html
柘荣县楷豹日用品经营部;https://shop909433314wp50.1688.com;https://detail.1688.com/offer/645855053240.html
台州市黄岩展振日用品商行;https://shop97566833j5333.1688.com;https://detail.1688.com/offer/651975814978.html
义乌市秀迪饰品厂;https://shop2g588d1300612.1688.com;https://detail.1688.com/offer/642080606512.html
义乌市道墨饰品有限公司;https://shop162429nm276e8.1688.com;https://detail.1688.com/offer/645178428276.html
广州宜一百货有限公司;https://shop25a96286t0547.1688.com;https://detail.1688.com/offer/642395123604.html
深圳市福田区盈大利建筑工程经营部;https://shop4f261c1007e33.1688.com;https://detail.1688.com/offer/655836486423.html
阚永新;https://ywxcfc.1688.com;https://detail.1688.com/offer/560462921005.html
义乌市焕爽电子商务商行;https://jason1998.1688.com;https://detail.1688.com/offer/614083157591.html
高新区枫桥明吉源服装商行;https://shop72b8257807978.1688.com;https://detail.1688.com/offer/656248623785.html
义乌市湘溆电子商务商行;https://shop934a4e2k46684.1688.com;https://detail.1688.com/offer/601763098663.html
义乌市蕊柔电子商务商行;https://shop1414773994392.1688.com;https://detail.1688.com/offer/557903781879.html
义乌市冷安电子商务商行;https://shop1464368243607.1688.com;https://detail.1688.com/offer/557864264499.html
义乌市昕月饰品有限公司;https://xy8898.1688.com;https://detail.1688.com/offer/627187714371.html
义乌市旅菓电子商务商行;https://shop1415983272531.1688.com;https://detail.1688.com/offer/525269255031.html
义乌市隆伊贸易商行;https://shop43c6z53n37225.1688.com;https://detail.1688.com/offer/647383984149.html
义乌市登兴电子商务商行;https://shop02162l3r92e88.1688.com;https://detail.1688.com/offer/617138634652.html
新罗区美衣熏百货店;https://shop1548617nnl725.1688.com;https://detail.1688.com/offer/655883914225.html
海口龙华区申业贸易商行;https://shop58119d2936269.1688.com;https://detail.1688.com/offer/652486996761.html
义乌市妍洋饰品有限公司;https://shop10271s8711638.1688.com;https://detail.1688.com/offer/598728786301.html
义乌市谦谦饰品有限公司;https://shop1495299047519.1688.com;https://detail.1688.com/offer/648916366228.html
义乌市纤迪饰品厂;https://meidijewelry.1688.com;https://detail.1688.com/offer/655017461800.html
厦门蓓莱莉服装饰品有限公司;https://shop43224h3409363.1688.com;https://detail.1688.com/offer/581462719137.html
广州市花都区狮岭连有服装店;https://shop08g5e00677125.1688.com;https://detail.1688.com/offer/654359290968.html
义乌市飞韩饰品有限公司;https://feihan.1688.com;https://detail.1688.com/offer/619374533898.html
广州市花都区狮岭英城箱包店;https://shop7s774p5103h56.1688.com;https://detail.1688.com/offer/655675167676.html
兰山区茹晗百货商行;https://shop262v186b80695.1688.com;https://detail.1688.com/offer/652962478184.html
高新区枫桥特俞百货商行;https://shop36kfw322w6194.1688.com;https://detail.1688.com/offer/654069898161.html
鄱阳县东慕卉服装店;https://shop3864x0705m0s5.1688.com;https://detail.1688.com/offer/652497362105.html
义乌市依宇电子商务有限公司;https://shop612q3221y5a50.1688.com;https://detail.1688.com/offer/642043239356.html
广州海默商贸有限公司;https://shop39s202733s748.1688.com;https://detail.1688.com/offer/650283392763.html
义乌市美添色电子商务有限公司;https://shop3g466z20449g7.1688.com;https://detail.1688.com/offer/629470175071.html
义乌市莉韩饰品有限公司;https://lihan2019.1688.com;https://detail.1688.com/offer/622767180549.html
丹阳市界牌镇浮之思工艺礼品厂;https://shop3348qg96522m9.1688.com;https://detail.1688.com/offer/655118661340.html
义乌市严明电子商务商行;https://shop44m42008110d8.1688.com;https://detail.1688.com/offer/634108934550.html
广州市花都区狮岭英众皮具商行;https://shop909g800059446.1688.com;https://detail.1688.com/offer/655401847094.html
深圳市龙华新区伊百分手工饰品厂;https://storyacc.1688.com;https://detail.1688.com/offer/559016213777.html
义乌市宏宏贸易有限公司;https://shop8z24w7s605329.1688.com;https://detail.1688.com/offer/587115746636.html
余江区林查班商贸商行;https://shop32920nrr55572.1688.com;https://detail.1688.com/offer/653537668497.html
义乌市沫妍贸易有限公司;https://shop4ny40974586i3.1688.com;https://detail.1688.com/offer/649718847200.html
尤溪县古德拜商行;https://shop658121275xfg6.1688.com;https://detail.1688.com/offer/652101387180.html
义乌市冀岗电子商务商行;https://shop2634710758b57.1688.com;https://detail.1688.com/offer/653251019207.html
万载县倩芬日用品经营部;https://shop16098660k2b66.1688.com;https://detail.1688.com/offer/652268241127.html
义乌市一柠饰品有限公司;https://shop991997e06s338.1688.com;https://detail.1688.com/offer/655074204669.html
义乌市密佳饰品有限公司;https://shop0k0961v432134.1688.com;https://detail.1688.com/offer/655076196330.html
南平市建阳区达敦蔺电子商务商行;https://shop782h3g94d0828.1688.com;https://detail.1688.com/offer/653314467756.html
义乌市锁佑电子商务商行;https://shop1430220057240.1688.com;https://detail.1688.com/offer/654393810887.html
义乌市鑫昊饰品有限公司;https://shop9t12921q15316.1688.com;https://detail.1688.com/offer/655329098532.html
义乌市妙德电子商务商行;https://shop1354900280794.1688.com;https://detail.1688.com/offer/649280096099.html
广州逢高商贸有限公司;https://shop465039l947l59.1688.com;https://detail.1688.com/offer/639939342189.html
义乌市凌果饰品厂;https://lingguoshipin.1688.com;https://detail.1688.com/offer/625159908274.html
义乌市潮炫饰品有限公司;https://shop84o303987q378.1688.com;https://detail.1688.com/offer/627621674162.html
丹阳市界牌镇库克威家居用品厂;https://shop4209w0o7571y9.1688.com;https://detail.1688.com/offer/653403139083.html
高新区枫桥顺如祥贸易商行;https://shop0202v1w781q91.1688.com;https://detail.1688.com/offer/655189539513.html
南平市建阳区练光纬百货店;https://shop1372um9879169.1688.com;https://detail.1688.com/offer/653090119587.html
义乌市港迅日用百货商行;https://shop9z23281343467.1688.com;https://detail.1688.com/offer/643080735013.html
义乌市翼洋日用百货商行;https://shop21083c224c0f7.1688.com;https://detail.1688.com/offer/642393785152.html
义乌市佳购日用百货商行;https://shop5583e2x026p15.1688.com;https://detail.1688.com/offer/642006828995.html
义乌市奥朵饰品厂;https://shop55h12o4729902.1688.com;https://detail.1688.com/offer/626191715312.html
余江区稿特经营部;https://shop317f207452360.1688.com;https://detail.1688.com/offer/655198235137.html
七星关区生奎贸易商行;https://shop43z1z534516r5.1688.com;https://detail.1688.com/offer/642127774604.html
新罗区楚君网店;https://shop636040927jf86.1688.com;https://detail.1688.com/offer/644209863204.html
杭州余杭区乔司街道婷砚服饰商行;https://shop06pb9790875r4.1688.com;https://detail.1688.com/offer/655970615889.html
义乌市访琴饰品有限公司;https://shop3j7801079j334.1688.com;https://detail.1688.com/offer/652860507210.html
高新区枫桥本界百货商行;https://shop6264kw780w735.1688.com;https://detail.1688.com/offer/654350998450.html
义乌预鉴电子商务有限公司;https://shop18r573997b9j0.1688.com;https://detail.1688.com/offer/623030368430.html
义乌市惜美饰品厂;https://shop99034029609i3.1688.com;https://detail.1688.com/offer/649957820586.html
张升平;https://duojiaoyan.1688.com;https://detail.1688.com/offer/593659229928.html
高新区枫桥达融吉服饰商行;https://shop95330499ko036.1688.com;https://detail.1688.com/offer/655130448426.html
东阳市迪高饰品有限公司;https://digao103286.1688.com;https://detail.1688.com/offer/650112496457.html
余姚市春诚日用品商行;https://shop30090510m6507.1688.com;https://detail.1688.com/offer/629402576561.html
尤溪县赤眉商行;https://shop61053b6q727d2.1688.com;https://detail.1688.com/offer/641197477346.html
玉林市玉州区沃草日用百货店;https://shop339891649a533.1688.com;https://detail.1688.com/offer/655855762230.html
台州市黄岩营尚电子商务商行;https://shop4c2f07735e788.1688.com;https://detail.1688.com/offer/655865287939.html
东阳市俊涵饰品有限公司;https://junhansp.1688.com;https://detail.1688.com/offer/651620401383.html
义乌市西几电子商务有限公司;https://shop4179c79n60563.1688.com;https://detail.1688.com/offer/653581180951.html
义乌市亦舒饰品有限公司;https://shop446f2f7150a94.1688.com;https://detail.1688.com/offer/614379397062.html
义乌市裕霖电子商务有限公司;https://yulinshiping.1688.com;https://detail.1688.com/offer/655784263728.html
义乌市翌阳饰品厂;https://yiwuyiyang.1688.com;https://detail.1688.com/offer/598457500586.html
诸暨市俊泽服饰有限公司;https://shop36p91683059p8.1688.com;https://detail.1688.com/offer/623856864041.html
义乌妙斯电子商务有限公司;https://shop1742883ww4228.1688.com;https://detail.1688.com/offer/644895562673.html
新罗区岛雯百货商行;https://shop95h0800568773.1688.com;https://detail.1688.com/offer/652279800425.html
义乌市淳美饰品有限公司;https://shop885069m16ul75.1688.com;https://detail.1688.com/offer/631186140605.html
余江区海余商贸商行;https://shop13y173h8z7791.1688.com;https://detail.1688.com/offer/652023793837.html
义乌市布斯进出口有限公司;https://shop81421962oq998.1688.com;https://detail.1688.com/offer/624175594813.html
义乌市友厚日用百货商行;https://shop1347358380445.1688.com;https://detail.1688.com/offer/606538372138.html
杭州梵鹏电子商务有限公司;https://shop93763vh969o29.1688.com;https://detail.1688.com/offer/653255549750.html
余江区莱彦经营部;https://shop084657969n1p8.1688.com;https://detail.1688.com/offer/655163247521.html
余江区嘉杰经营部;https://shop922h835636056.1688.com;https://detail.1688.com/offer/655129341682.html
永定区晗梓莘百货商行;https://shop249145067m564.1688.com;https://detail.1688.com/offer/652537409716.html
余江区兴大炜经营部;https://shop83a0u334w1647.1688.com;https://detail.1688.com/offer/653192296141.html
余江区琪熙经营部;https://shop413c42b242259.1688.com;https://detail.1688.com/offer/654954689235.html
余江区涛洋经营部;https://shop96tt692700385.1688.com;https://detail.1688.com/offer/655270010986.html
义乌市囡喃电子商务商行;https://shop48061986g28s4.1688.com;https://detail.1688.com/offer/645697518493.html
柘荣县周状日用品经营部;https://shop9j04363306988.1688.com;https://detail.1688.com/offer/647139574746.html
九江卉然格格电子商务有限公司;https://shop4p1n279347p43.1688.com;https://detail.1688.com/offer/624291149012.html
义乌市寻佳饰品有限公司;https://shop513y210hy4331.1688.com;https://detail.1688.com/offer/651418874780.html
义乌市海购饰品有限公司;https://shop085505j711h30.1688.com;https://detail.1688.com/offer/655564286632.html
义乌市美语电子商务商行;https://shop50g394d0q2025.1688.com;https://detail.1688.com/offer/654029421270.html
义乌海生饰品有限公司;https://shop6213044x3p442.1688.com;https://detail.1688.com/offer/606880623138.html
义乌市侣寻电子商务有限公司;https://shop1445619395350.1688.com;https://detail.1688.com/offer/630168878486.html
通山县西珀百货店;https://shop505799447jv91.1688.com;https://detail.1688.com/offer/646785249821.html
义乌市蜜舍饰品厂;https://nvshe.1688.com;https://detail.1688.com/offer/651662279471.html
上海心乘贸易有限公司;https://xinchengmaoyi.1688.com;https://detail.1688.com/offer/610600470841.html
南京花兮百货贸易有限公司;https://shop17230wv141v16.1688.com;https://detail.1688.com/offer/649756849182.html
义乌市秀雨饰品商行;https://shop812958i3j4912.1688.com;https://detail.1688.com/offer/655453693412.html
义乌市米贝饰品厂;https://shop22609x978r678.1688.com;https://detail.1688.com/offer/653492700342.html
义乌市庆柯贸易有限公司;https://shop5b6s400z25725.1688.com;https://detail.1688.com/offer/618038355182.html
建德市下涯镇信习贸易商行;https://shop6071567r69yj4.1688.com;https://detail.1688.com/offer/651192980616.html
义乌市宝枫贸易有限公司;https://shop569h0d545d986.1688.com;https://detail.1688.com/offer/606406657817.html
永定区悬历泽百货商行;https://shop8t60825091gv4.1688.com;https://detail.1688.com/offer/643252796752.html
义乌市艾耶斯美容美发用品有限公司;https://shop1569339862sg6.1688.com;https://detail.1688.com/offer/606635074341.html
义乌市绿尔电子商务商行;https://shop2w67803421255.1688.com;https://detail.1688.com/offer/641126008355.html
余江区鑫进贸易商行;https://shop2828jv94x2073.1688.com;https://detail.1688.com/offer/650329588636.html
南平市建阳区林农昭汉百货店;https://shop93p978l965704.1688.com;https://detail.1688.com/offer/645208987493.html
义乌市嫣婼电子商务商行;https://shop852d540122v04.1688.com;https://detail.1688.com/offer/649245311428.html
新罗区化楼百货商行;https://shop579653hx58f03.1688.com;https://detail.1688.com/offer/650692924150.html
新罗区金舞花百货商行;https://shop27785mu839m94.1688.com;https://detail.1688.com/offer/646870430757.html
金华市优曼饰品有限公司;https://mmmade.1688.com;https://detail.1688.com/offer/623122186641.html
义乌市银韶电子商务商行;https://shop98tn97t456605.1688.com;https://detail.1688.com/offer/653237397974.html
深圳市欣盛饰品有限公司;https://xinshengzhubao.1688.com;https://detail.1688.com/offer/620273022254.html
义乌市辰璨电子商务商行;https://shop11837481w2706.1688.com;https://detail.1688.com/offer/651192083389.html
义乌市东畔饰品有限公司;https://donpan.1688.com;https://detail.1688.com/offer/624830591902.html
义乌市静足电子商务商行;https://shop334367g1y97y1.1688.com;https://detail.1688.com/offer/653707427234.html
东莞市荣泰制帽厂;https://zimaogongchang.1688.com;https://detail.1688.com/offer/560936027556.html
义乌市悦示电子商务商行;https://shop8z44128743285.1688.com;https://detail.1688.com/offer/651158416482.html
义乌市绣蒙电子商务商行;https://xiumengjw.1688.com;https://detail.1688.com/offer/557002363378.html
义乌市伦婷电子商务商行;https://shop1430042387596.1688.com;https://detail.1688.com/offer/573882427012.html
深圳市坪山区旺货行百货商行;https://shop0715qw8383b39.1688.com;https://detail.1688.com/offer/649820408522.html
义乌市碧昆日用百货商行;https://shop09q74b45q1541.1688.com;https://detail.1688.com/offer/652964854993.html
广州震海贸易有限公司;https://shop3m591244083m3.1688.com;https://detail.1688.com/offer/649478372361.html
高新区枫桥金未米百货商行;https://shop018f81533e8f1.1688.com;https://detail.1688.com/offer/654894567045.html
深圳市龙华区福莱宝百货商行;https://shop255v30y772w46.1688.com;https://detail.1688.com/offer/648961776998.html
广州南沙区犹夏容信息技术有限公司;https://shop9k3025w607890.1688.com;https://detail.1688.com/offer/648337233643.html
杭州余杭区乔司街道双盈服饰商行;https://shop406545445do07.1688.com;https://detail.1688.com/offer/654221332259.html
义乌市季慈饰品有限公司;https://shop1464368196529.1688.com;https://detail.1688.com/offer/568290518239.html
义乌市奇阅饰品有限公司;https://qiyueshipin.1688.com;https://detail.1688.com/offer/558024162242.html
阳江市江城区河马西施饰品厂;https://shop1489889953958.1688.com;https://detail.1688.com/offer/655104658396.html
岳阳县坚次百货店;https://shop06w0921571426.1688.com;https://detail.1688.com/offer/649846825678.html
高新区枫桥丰华逸服装商行;https://shop93229j7p6l563.1688.com;https://detail.1688.com/offer/654647834011.html
龙港市崇越电子商务商行;https://shop1q3855g188294.1688.com;https://detail.1688.com/offer/654868870145.html
广州市花都区狮岭鑫顶皮具店;https://shop42730698x39k4.1688.com;https://detail.1688.com/offer/655094153024.html
润州区岛之香百货商行;https://shop205ff388705f3.1688.com;https://detail.1688.com/offer/655508162455.html
新罗区谦湾涛百货店;https://shop7285eg8413963.1688.com;https://detail.1688.com/offer/636215474028.html
义乌市壹尚饰品厂;https://shop25702n7c83d89.1688.com;https://detail.1688.com/offer/609792722507.html
润州区花而洋服装厂;https://shop55986so682060.1688.com;https://detail.1688.com/offer/646167713657.html
临沂艾萌饰品有限公司;https://aimengshipin.1688.com;https://detail.1688.com/offer/632086369692.html
新罗区师灵百货商行;https://shop71q08q20e0909.1688.com;https://detail.1688.com/offer/645118035552.html
佛山市禅城区鑫驰哈服装厂;https://shop21142586u9v59.1688.com;https://detail.1688.com/offer/650109807592.html
义乌乾琦贸易商行;https://shop9636s572l3261.1688.com;https://detail.1688.com/offer/648168029318.html
余江区明舞辉电子商务商行;https://shop1400810o01955.1688.com;https://detail.1688.com/offer/651149728236.html
石狮市简峰开距网络百货商行;https://shop514422074w765.1688.com;https://detail.1688.com/offer/653259911263.html
南平市建阳区豪星百货商行;https://shop56x2460419f96.1688.com;https://detail.1688.com/offer/655491718239.html
义乌市曹邦电子商务商行;https://shop7d957204336a0.1688.com;https://detail.1688.com/offer/653624836620.html
义乌市骍隆电子商务商行;https://shop684n393892646.1688.com;https://detail.1688.com/offer/654095244707.html
义乌市桐卉电子商务商行;https://shop9p56g57819702.1688.com;https://detail.1688.com/offer/656115435680.html
义乌市粟叶贸易有限公司;https://shop669b3c44b5117.1688.com;https://detail.1688.com/offer/601189366577.html
广西龙州丝多莉饰品有限公司;https://shop94b1162e2p233.1688.com;https://detail.1688.com/offer/624710365585.html
义乌市酷拓进出口有限公司;https://cotolchina.1688.com;https://detail.1688.com/offer/625306253508.html
义乌市两悦饰品有限公司;https://shop9072180219y22.1688.com;https://detail.1688.com/offer/655461146749.html
广州唯依日用品厂;https://shop842429r765q91.1688.com;https://detail.1688.com/offer/654130608094.html
义乌市池臣电子商务商行;https://shop64120495p7823.1688.com;https://detail.1688.com/offer/654877542726.html
余江区浩柏经营部;https://shop9539467u00j40.1688.com;https://detail.1688.com/offer/654167515414.html
余江区欢锦经营部;https://shop26q60n60g6736.1688.com;https://detail.1688.com/offer/654442086866.html
义乌市璇涞电子商务商行;https://shop4833v965y1y18.1688.com;https://detail.1688.com/offer/652540135576.html
鄱阳县迮婷玉五金店;https://shop90y21c4837279.1688.com;https://detail.1688.com/offer/653196917447.html
南平市建阳区林农东松百货店;https://shop60s291b3192s5.1688.com;https://detail.1688.com/offer/652772311216.html
漳州开发区淌联服装店;https://shop70791681x3043.1688.com;https://detail.1688.com/offer/653348737778.html
南平市建阳区林农沃德百货店;https://shop83w7284142161.1688.com;https://detail.1688.com/offer/655418861484.html
义乌市昌聪电子商务有限公司;https://shop93200qt6d9610.1688.com;https://detail.1688.com/offer/630317405037.html
石狮市简峰双晋网络百货商行;https://shop84156n98r5358.1688.com;https://detail.1688.com/offer/650663513717.html
义乌市诺苑电子商务商行;https://shop235t521258tu1.1688.com;https://detail.1688.com/offer/630620878502.html
义乌市伟雄箱包有限公司;https://weixiongsp.1688.com;https://detail.1688.com/offer/622185422529.html
杭州五坊贸易有限公司;https://shop61x14c942w050.1688.com;https://detail.1688.com/offer/648112360232.html
义乌市明均饰品有限公司;https://shop3gk0764357210.1688.com;https://detail.1688.com/offer/646390114508.html
义乌市骏历进出口有限公司;https://shop093m44006s608.1688.com;https://detail.1688.com/offer/625879803244.html
佛山市南海区浩帆得皮具厂;https://shop7du7020135l66.1688.com;https://detail.1688.com/offer/640556334331.html
湖州博虎进出口有限公司;https://shop87909s176qo62.1688.com;https://detail.1688.com/offer/625307125307.html
方革平;https://shop1368034226528.1688.com;https://detail.1688.com/offer/625294053232.html
义乌市隽俏饰品有限公司;https://junqiaoshipin.1688.com;https://detail.1688.com/offer/554736319307.html
义乌市咔朋服饰有限公司;https://kapengfushi.1688.com;https://detail.1688.com/offer/608701422115.html
吴益挺;https://shop68422946654h7.1688.com;https://detail.1688.com/offer/655281367794.html
新罗区雅奥青百货店;https://shop7r1i2977t1304.1688.com;https://detail.1688.com/offer/649759522414.html
义乌市佳旎服饰有限公司;https://shop1466010343960.1688.com;https://detail.1688.com/offer/607455642862.html
义乌市锦妮饰品有限公司;https://shop06592x25x2407.1688.com;https://detail.1688.com/offer/652854490859.html
义乌市艾多饰品有限公司;https://aiduo2021.1688.com;https://detail.1688.com/offer/652436777372.html
深圳市福田区曼星达科技商行;https://shop4l002v41f4705.1688.com;https://detail.1688.com/offer/656241855703.html
柘荣县角词日用品经营部;https://shop1g709u1661548.1688.com;https://detail.1688.com/offer/651789628725.html
义乌市阿滋猫饰品有限公司;https://azimao.1688.com;https://detail.1688.com/offer/630120753690.html
义乌市昕虹饰品有限公司;https://shop9vx1897482474.1688.com;https://detail.1688.com/offer/644149768375.html
义乌秀格饰品有限公司;https://shop1w2122s50p506.1688.com;https://detail.1688.com/offer/621487155352.html
杭州丰品汇日用品有限公司;https://shop5223g974n1n32.1688.com;https://detail.1688.com/offer/646068757100.html
佛山市南海区熙之说五金配件厂;https://shop50191131b9797.1688.com;https://detail.1688.com/offer/653590765954.html
义乌市左龙电子商务有限公司;https://shop1429635214472.1688.com;https://detail.1688.com/offer/634379669999.html
徐州顶好饰品有限公司;https://dinghaosp.1688.com;https://detail.1688.com/offer/644414682480.html
金华市国奥贸易有限公司;https://shop19q7045r24516.1688.com;https://detail.1688.com/offer/644522274596.html
义乌市鹿迪贸易有限公司;https://shop1427820479880.1688.com;https://detail.1688.com/offer/559943351207.html
义乌市玖鼎日用百货有限公司;https://shop1s9vj09420152.1688.com;https://detail.1688.com/offer/656192811304.html
丰泽区帕蝶百货网店;https://shop835e691o41932.1688.com;https://detail.1688.com/offer/652230965182.html
玉林市玉州区镂波百货店;https://shop0417572hn0955.1688.com;https://detail.1688.com/offer/645111827224.html
义乌市蕾雅饰品有限公司;https://leiyashipin.1688.com;https://detail.1688.com/offer/606898894039.html
新罗区索君丽百货店;https://shop213722np449p4.1688.com;https://detail.1688.com/offer/649661955842.html
沈阳市葭琂网络科技有限责任公司;https://jiayanshipin.1688.com;https://detail.1688.com/offer/652049375714.html
永定区荷凤暖网店;https://shop24n5821ey4507.1688.com;https://detail.1688.com/offer/650127268824.html
佛山市禅城区占丰百货商行;https://shop634586r88m358.1688.com;https://detail.1688.com/offer/654311497813.html
广州越秀区欣倪商贸有限公司;https://shop899d3685d3801.1688.com;https://detail.1688.com/offer/652614564449.html
义乌市波光粼粼饰品厂;https://shop25236l1f22092.1688.com;https://detail.1688.com/offer/650468325625.html
玉林市玉州区晨凡百货店;https://shop27082e740d2y6.1688.com;https://detail.1688.com/offer/650560233330.html
陆川县献千日用品店;https://shop1x8182n98o616.1688.com;https://detail.1688.com/offer/650848366707.html
淮南莱鹏商贸有限公司;https://shop79u6i98270l78.1688.com;https://detail.1688.com/offer/630112412037.html
南平市建阳区林农赵太百货店;https://shop433618tv458b9.1688.com;https://detail.1688.com/offer/649366902598.html
义乌市将格电子商务商行;https://shop3m1i1068764w8.1688.com;https://detail.1688.com/offer/656400115253.html
佛山市禅城区曜月离家具厂;https://shop548c81176z616.1688.com;https://detail.1688.com/offer/655912466893.html
万载县润宏日用品商行;https://shop91803p571y154.1688.com;https://detail.1688.com/offer/648118940797.html
柘荣县角半日用品经营部;https://shop34738b87sm401.1688.com;https://detail.1688.com/offer/645559076410.html
义乌市邓安电子商务商行;https://shop643h3875h5736.1688.com;https://detail.1688.com/offer/650028834552.html
义乌市速泰贸易有限公司;https://ywsutai.1688.com;https://detail.1688.com/offer/651905931414.html
石狮市简峰款生网络百货商行;https://shop6097971600814.1688.com;https://detail.1688.com/offer/652729726218.html
丰泽区偏漫百货网店;https://shop22y641320u168.1688.com;https://detail.1688.com/offer/653139071384.html
丰泽区尔送百货网店;https://shop0cq98q0901938.1688.com;https://detail.1688.com/offer/654676104208.html
新沂市格沃家居用品经营部;https://shop646640152r172.1688.com;https://detail.1688.com/offer/655612286286.html
仙游县鲤城久中贸易商行;https://shop3w723399336j1.1688.com;https://detail.1688.com/offer/640775907753.html
台州市黄岩宇娇电子商务商行;https://shop927a057420349.1688.com;https://detail.1688.com/offer/655118661948.html
长沙市天心区勤雄百货商行;https://shop4544920445388.1688.com;https://detail.1688.com/offer/655781715554.html
新罗区建汇百货商行;https://shop11bb159v11932.1688.com;https://detail.1688.com/offer/650865138286.html
五华县横陂镇珍露香商贸部;https://shop62573rn29u931.1688.com;https://detail.1688.com/offer/648294536332.html
广州嘚铭玩具商行;https://shop59682kt3226k7.1688.com;https://detail.1688.com/offer/654789997204.html
义乌市戴炫饰品有限公司;https://daishangsp.1688.com;https://detail.1688.com/offer/584005102925.html
义乌市星泰饰品有限公司;https://shop9i878x7270203.1688.com;https://detail.1688.com/offer/636692027169.html
余江区长洋经营部;https://shop457u9589073o0.1688.com;https://detail.1688.com/offer/655776171697.html
深圳市米尤贸易有限公司;https://shop2061454c17197.1688.com;https://detail.1688.com/offer/640472212760.html
义乌市杰盾饰品厂;https://shop1429808252788.1688.com;https://detail.1688.com/offer/584397798542.html
杭州余杭区乔司街道聚耀百货商行;https://shop29909367g04n6.1688.com;https://detail.1688.com/offer/654820791868.html
义乌市名夏饰品有限公司;https://shop3255lu3598d98.1688.com;https://detail.1688.com/offer/615959865612.html
深圳市创力能电源有限公司;https://shop1356715836711.1688.com;https://detail.1688.com/offer/596982921054.html
东阳市江北谱写电子商务商行;https://shop2586v3578y960.1688.com;https://detail.1688.com/offer/646336529116.html
义乌市沃土电子商务有限公司;https://ywwotu.1688.com;https://detail.1688.com/offer/641023229802.html
漳州开发区藤笑柳百货店;https://shop883x7343k4p44.1688.com;https://detail.1688.com/offer/649717358916.html
南昌万纳网络科技有限公司;https://wanna2021.1688.com;https://detail.1688.com/offer/650565091583.html
义乌市坝语制花厂;https://bayuzhihua.1688.com;https://detail.1688.com/offer/629961816844.html
义乌市树乔电子商务有限公司;https://shop98v2f8944f131.1688.com;https://detail.1688.com/offer/641448614218.html
义乌市安哲电子商务商行;https://shop1354359731327.1688.com;https://detail.1688.com/offer/1287641342.html
义乌市星蓝饰品有限公司;https://xlsp2018.1688.com;https://detail.1688.com/offer/623598089455.html
广州阁艺鑫工艺品商行;https://shop6237n16y32263.1688.com;https://detail.1688.com/offer/619030477292.html
义乌市馥甄电子商务商行;https://shop598d82508x001.1688.com;https://detail.1688.com/offer/652033489718.html
义乌市怀琅贸易有限公司;https://shop1443451805112.1688.com;https://detail.1688.com/offer/604795508455.html
义乌市蓝淘饰品有限公司;https://longpingershipin.1688.com;https://detail.1688.com/offer/605039973925.html
丹阳市界牌镇婷语堂家居用品厂;https://shop0d51m51d18835.1688.com;https://detail.1688.com/offer/655537899931.html
东莞市大朗诚恳毛织厂;https://shop8s4884zw22224.1688.com;https://detail.1688.com/offer/638890756386.html
义乌市澜艺饰品有限公司;https://shop9268t3233z856.1688.com;https://detail.1688.com/offer/653333889745.html
睢宁县子思纺织厂;https://shop05f4vh0063224.1688.com;https://detail.1688.com/offer/645715815168.html
深圳市悠智实业有限公司;https://youzhicreate.1688.com;https://detail.1688.com/offer/584063363728.html
义乌市光影饰品有限公司;https://shop770u1e6z64467.1688.com;https://detail.1688.com/offer/652173732443.html
宁海县韧桐电子商务商行;https://shop4974ozh721l64.1688.com;https://detail.1688.com/offer/652644019777.html
石狮市简峰世控网络百货商行;https://shop16t64v339n381.1688.com;https://detail.1688.com/offer/653023121465.html
