义乌市高途电子商务商行;https://gaotu809088915.1688.com;https://detail.1688.com/offer/600779787858.html
义乌市品言贸易有限公司;https://shop2u216l7788p30.1688.com;https://detail.1688.com/offer/645228435231.html
义乌市烨贝饰品有限公司;https://yebeishipin.1688.com;https://detail.1688.com/offer/601955770126.html
义乌市韩饰界电子科技有限公司;https://shop343b88869jj94.1688.com;https://detail.1688.com/offer/598212639481.html
义乌市可仁饰品有限公司;https://hyssmy.1688.com;https://detail.1688.com/offer/589783026718.html
义乌市璐儿电子商务商行;https://shop1461775831606.1688.com;https://detail.1688.com/offer/600413195700.html
义乌市露兮电子商务商行;https://shop701g0204b5202.1688.com;https://detail.1688.com/offer/595015551748.html
义乌市牛犇进出口有限公司;https://niuben.1688.com;https://detail.1688.com/offer/654869771669.html
义乌市端搜电子商务有限公司;https://ywxsbpf.1688.com;https://detail.1688.com/offer/645003228909.html
义乌市君多采电子商务有限公司;https://shop108898d4h7t74.1688.com;https://detail.1688.com/offer/649624048638.html
义乌市千珺饰品有限公司;https://520qjsp.1688.com;https://detail.1688.com/offer/591576123063.html
义乌市梓棠饰品有限公司;https://520zitang.1688.com;https://detail.1688.com/offer/587113168856.html
义乌市楠博电子商务商行;https://shop1410539936050.1688.com;https://detail.1688.com/offer/625565868010.html
义乌市苏仁饰品有限公司;https://shop1436374539057.1688.com;https://detail.1688.com/offer/589584218685.html
义乌市黛仁饰品有限公司;https://shop1398877022652.1688.com;https://detail.1688.com/offer/588680790133.html
义乌市鹏翱贸易有限公司;https://shop140t4vq644868.1688.com;https://detail.1688.com/offer/590845818391.html
义乌市以为饰品有限公司;https://shop53zr381480754.1688.com;https://detail.1688.com/offer/641720558128.html
义乌市南慧电子商务商行;https://mingruishipin.1688.com;https://detail.1688.com/offer/597747924673.html
义乌市随变饰品有限公司;https://shop1461257355826.1688.com;https://detail.1688.com/offer/614267723754.html
义乌市思硕电子商务有限公司;https://shop7b03171685962.1688.com;https://detail.1688.com/offer/608458839328.html
义乌市晶沁电子商务有限公司;https://shop2c998639b4464.1688.com;https://detail.1688.com/offer/594816667477.html
义乌市典恰电子商务商行;https://shop1433437216629.1688.com;https://detail.1688.com/offer/593705794627.html
义乌市铭嘟电子商务有限公司;https://lihebosp.1688.com;https://detail.1688.com/offer/595654380935.html
昌乐县万方原蓝宝石店;https://clwanfangyuan.1688.com;https://detail.1688.com/offer/583665895435.html
义乌市知雨网络科技有限公司;https://shop1482993877739.1688.com;https://detail.1688.com/offer/640131553810.html
义乌市伶达电子商务商行;https://shop1395075585094.1688.com;https://detail.1688.com/offer/579623364751.html
深圳市宝安区石岩街道万兴百货商行;https://shop34449k30c8068.1688.com;https://detail.1688.com/offer/639308049069.html
新罗区楠音悠百货商行;https://shop76u3288211h73.1688.com;https://detail.1688.com/offer/646499978625.html
广州远端商贸店;https://shop24bi558276e96.1688.com;https://detail.1688.com/offer/650951446380.html
广州杰凯锐贸易商行;https://shop2961ic66578g6.1688.com;https://detail.1688.com/offer/655069572315.html
佛山市禅城区吉韵珠宝商行;https://shop1kr14490739m5.1688.com;https://detail.1688.com/offer/655828538024.html
九江千贝科技有限公司;https://shop20x2450d96690.1688.com;https://detail.1688.com/offer/607078832882.html
义乌市严昆电子商务有限公司;https://922065.1688.com;https://detail.1688.com/offer/641720089710.html
义乌市佐文饰品有限公司;https://zuowen.1688.com;https://detail.1688.com/offer/580496026962.html
义乌市追霜电子商务有限公司;https://zhuishuang.1688.com;https://detail.1688.com/offer/580185288786.html
广州市白云区我的时间贸易商行;https://shop0a65d72208d56.1688.com;https://detail.1688.com/offer/650889572289.html
新罗区鑫莲百货商行;https://shop06b134j693819.1688.com;https://detail.1688.com/offer/644033736611.html
河源市兴汇商贸有限公司;https://shop1495213087816.1688.com;https://detail.1688.com/offer/599336336448.html
东莞市虎门恒观五金制品厂;https://shop97754092s55b3.1688.com;https://detail.1688.com/offer/655786506305.html
义乌市钻拉电子商务商行;https://ywmaina.1688.com;https://detail.1688.com/offer/587610893252.html
义乌市烨茂饰品有限公司;https://yesmao.1688.com;https://detail.1688.com/offer/587905411253.html
义乌市宇斯派电子商务有限公司;https://xingx200910.1688.com;https://detail.1688.com/offer/588065533900.html
义乌市喆琦电子商务有限公司;https://shop245t648p27530.1688.com;https://detail.1688.com/offer/627419947838.html
青岛青雅饰品有限责任公司;https://shop0c66521i01a29.1688.com;https://detail.1688.com/offer/644047412815.html
东海县牛山晶匠水晶制品厂;https://jingjiang.1688.com;https://detail.1688.com/offer/530345749504.html
义乌市诗奇日用品有限公司;https://shop4203b92009158.1688.com;https://detail.1688.com/offer/641680511217.html
义乌市泽国饰品有限公司;https://ywzgsp.1688.com;https://detail.1688.com/offer/652386088063.html
义乌市颖皓饰品有限公司;https://rinhoo.1688.com;https://detail.1688.com/offer/593118411381.html
义乌市佩普电子商务有限公司;https://shop0724pj62835w6.1688.com;https://detail.1688.com/offer/609455093795.html
义乌市国鹤饰品有限公司;https://ywghsp.1688.com;https://detail.1688.com/offer/557829879647.html
义乌市咏歌电子商务商行;https://yongge.1688.com;https://detail.1688.com/offer/605256737514.html
东莞市维琪娜饰品有限公司;https://shop0650l11046l59.1688.com;https://detail.1688.com/offer/631423148637.html
义乌市炽侣电子商务商行;https://sunenwen.1688.com;https://detail.1688.com/offer/591425373229.html
九江义鸟商贸有限公司;https://shop238i90349c286.1688.com;https://detail.1688.com/offer/605382812854.html
岳阳信和商贸有限公司;https://shop921942698td07.1688.com;https://detail.1688.com/offer/644485544904.html
义乌市誓颜电子商务有限公司;https://shiyanshipin.1688.com;https://detail.1688.com/offer/598844792386.html
义乌市追笑电子商务商行;https://520zx520.1688.com;https://detail.1688.com/offer/588614456802.html
广州市锦璐贸易有限公司;https://shop944o7s70044v6.1688.com;https://detail.1688.com/offer/653580913734.html
义乌市晶戎饰品有限公司;https://shop1723863s49h70.1688.com;https://detail.1688.com/offer/605873789541.html
景德镇圣耀陶瓷有限公司;https://fei1412.1688.com;https://detail.1688.com/offer/42651511234.html
义乌市丹序电子商务商行;https://shop30b90x6250910.1688.com;https://detail.1688.com/offer/575577725760.html
义乌市孜瑞贸易有限公司;https://shop3792885v58m05.1688.com;https://detail.1688.com/offer/628334057956.html
义乌市秋萱电子商务有限公司;https://shop1466788775628.1688.com;https://detail.1688.com/offer/633027723359.html
义乌市多赢饰品厂;https://ywdyzwl.1688.com;https://detail.1688.com/offer/641971450071.html
深圳市佰亿滋贸易有限公司;https://shop1466096566171.1688.com;https://detail.1688.com/offer/594158267826.html
诸暨市加速度针纺有限公司;https://zjjiasudu.1688.com;https://detail.1688.com/offer/565983253474.html
义乌市俏威服饰有限公司;https://qiaoweifashion.1688.com;https://detail.1688.com/offer/598136489092.html
义乌市嫣婼电子商务商行;https://shop852d540122v04.1688.com;https://detail.1688.com/offer/597363784758.html
丹东比得巴顿服装制造有限公司;https://jiagongchang888.1688.com;https://detail.1688.com/offer/628932339163.html
义乌市小螺号饰品有限公司;https://lovejewelry.1688.com;https://detail.1688.com/offer/630101741565.html
义乌市超越饰品有限公司;https://shop847168r0m21g1.1688.com;https://detail.1688.com/offer/643106865525.html
佛山市禅城区晨鑫帆百货店;https://shop35gk4377224s3.1688.com;https://detail.1688.com/offer/649554884149.html
义乌市悠佳饰品商行;https://yuokiaa.1688.com;https://detail.1688.com/offer/635848742553.html
深圳市龙岗区坂田佳琪饰品厂;https://jqshipin.1688.com;https://detail.1688.com/offer/600111490409.html
义乌市潘王日用品厂;https://shop83616x3g51059.1688.com;https://detail.1688.com/offer/642507164091.html
义乌市英芙电子商务商行;https://shop876622wwl7551.1688.com;https://detail.1688.com/offer/654919088093.html
佛山市南海区飞鹏瑟服装厂;https://shop415m6e3318699.1688.com;https://detail.1688.com/offer/655246906795.html
义乌市吉洁日用品有限公司;https://jijiemy.1688.com;https://detail.1688.com/offer/532126438055.html
义乌市居业电子商务有限公司;https://shop0a4653q8523g5.1688.com;https://detail.1688.com/offer/641678266189.html
义乌市驻龙电子商务有限公司;https://ywps925.1688.com;https://detail.1688.com/offer/581565366310.html
义乌市缪施电子商务商行;https://shop633547h065312.1688.com;https://detail.1688.com/offer/625227579304.html
浦江县韩之尚电子商务有限公司;https://hanzhishang.1688.com;https://detail.1688.com/offer/588700042465.html
义乌市倪琪饰品有限公司;https://shop23l850b395042.1688.com;https://detail.1688.com/offer/645663373723.html
广州市花都区狮岭金月家居用品店;https://shop8634p93630vl7.1688.com;https://detail.1688.com/offer/638481517881.html
广州润贝辉日用品厂;https://shop958896u6t9336.1688.com;https://detail.1688.com/offer/640274226382.html
漯河市源汇区莫世英吗百货店;https://shop3v10758l124t6.1688.com;https://detail.1688.com/offer/648525984558.html
义乌市傲凡网络科技有限公司;https://shop1481043643912.1688.com;https://detail.1688.com/offer/597613998192.html
义乌市诗丸电子商务有限公司;https://shop43pi836973639.1688.com;https://detail.1688.com/offer/632306146021.html
鄱阳县曲鹏服装店;https://shop027t10b324120.1688.com;https://detail.1688.com/offer/648953820079.html
东阳市白云蓝芝海饰品厂;https://aonashiping2.1688.com;https://detail.1688.com/offer/591990775763.html
义乌市锦尧电子商务有限公司;https://qhjewelry.1688.com;https://detail.1688.com/offer/598170134771.html
义乌市策坤饰品有限公司;https://cekunshipin.1688.com;https://detail.1688.com/offer/595165641177.html
义乌市晏舜电子商务商行;https://shop9k05080c5j507.1688.com;https://detail.1688.com/offer/645909296356.html
义乌友菲电子商务有限公司;https://yumfeel.1688.com;https://detail.1688.com/offer/616029729434.html
义乌市凌歌电子商务商行;https://linggeshiping.1688.com;https://detail.1688.com/offer/594652438128.html
浦江县慕尚贸易有限公司;https://shop578274098k823.1688.com;https://detail.1688.com/offer/634419920759.html
义乌市辉约贸易有限公司;https://shop60175m8949r35.1688.com;https://detail.1688.com/offer/633756321313.html
义乌市谷力服饰厂;https://shop1452012534799.1688.com;https://detail.1688.com/offer/596117494027.html
义乌市韦斯电子商务有限公司;https://shop1501418082970.1688.com;https://detail.1688.com/offer/606376384129.html
楼美法;https://lrx2014.1688.com;https://detail.1688.com/offer/613978511417.html
义乌市夏黄电子商务商行;https://shop1399654949275.1688.com;https://detail.1688.com/offer/595560535543.html
义乌市佰佐电子商务有限公司;https://shop7942g45m9g353.1688.com;https://detail.1688.com/offer/597898978933.html
义乌市妙雅饰品有限公司;https://shop6239730h56062.1688.com;https://detail.1688.com/offer/599678056662.html
义乌市普霞日用百货商行;https://shop1429289399849.1688.com;https://detail.1688.com/offer/591373668222.html
义乌市缔万咖曼服饰有限公司;https://dvacamanjewelry.1688.com;https://detail.1688.com/offer/591664916826.html
义乌市雪岳电子商务商行;https://wise678.1688.com;https://detail.1688.com/offer/595936809527.html
义乌市怀琅贸易有限公司;https://shop1443451805112.1688.com;https://detail.1688.com/offer/592551567417.html
义乌市鼎洲电子商务商行;https://dzsp2012.1688.com;https://detail.1688.com/offer/596285455046.html
义乌市蓝淘饰品有限公司;https://longpingershipin.1688.com;https://detail.1688.com/offer/592633678561.html
义乌市粤维电子商务商行;https://shop24896t6bs2544.1688.com;https://detail.1688.com/offer/643387742434.html
义乌市贶景电子商务商行;https://shop8307899835mb7.1688.com;https://detail.1688.com/offer/652702202995.html
义乌市竹锋电子商务商行;https://shop23810605068y4.1688.com;https://detail.1688.com/offer/643387742431.html
义乌市圆钱电子商务有限公司;https://shop42p12446v6241.1688.com;https://detail.1688.com/offer/643647195459.html
义乌市思成工艺品商行;https://ywps2.1688.com;https://detail.1688.com/offer/610011605352.html
义乌市熙薇迩饰品有限公司;https://civiller.1688.com;https://detail.1688.com/offer/626344089270.html
义乌市繁鼎电子商务商行;https://shop9293005878o82.1688.com;https://detail.1688.com/offer/650071205693.html
上海天机饰品有限公司;https://shop1431589838411.1688.com;https://detail.1688.com/offer/580412598685.html
义乌市韩年电子商务商行;https://shop1463590312623.1688.com;https://detail.1688.com/offer/601818211295.html
深圳市宝安区沙井宝莱福饰品商行;https://xinbol.1688.com;https://detail.1688.com/offer/620881303876.html
惠东县平山小桃熊首饰商行;https://shop5c27349515204.1688.com;https://detail.1688.com/offer/641371363542.html
上海底折乐实业有限公司;https://xinkewenhua.1688.com;https://detail.1688.com/offer/653051021999.html
义乌市苏瑶贸易有限公司;https://shop44th066048332.1688.com;https://detail.1688.com/offer/571180455314.html
东海县牛山尚奢水晶制品厂;https://15996131421.1688.com;https://detail.1688.com/offer/647928096380.html
义乌市麦爆饰品厂;https://shop925502580pg18.1688.com;https://detail.1688.com/offer/608575707943.html
义乌市久亨饰品有限公司;https://ywphspc.1688.com;https://detail.1688.com/offer/615475357003.html
东海县菲旺珠宝有限公司;https://shop79157x35il004.1688.com;https://detail.1688.com/offer/623276460030.html
甜亮控股有限公司;https://tianliang.1688.com;https://detail.1688.com/offer/626416724956.html
义乌市铭果贸易有限公司;https://shop1433303463457.1688.com;https://detail.1688.com/offer/564656497663.html
义乌市陌图电子商务有限公司;https://motu2020320.1688.com;https://detail.1688.com/offer/644199277136.html
义乌市晴雯饰品有限公司;https://shop1357753428547.1688.com;https://detail.1688.com/offer/574186596005.html
义乌市鑫鼓电子商务商行;https://shop83223754d20i9.1688.com;https://detail.1688.com/offer/640685361914.html
义乌市西腾饰品有限公司;https://xitengjewelry.1688.com;https://detail.1688.com/offer/623569324975.html
江西慕诗琪饰品有限公司;https://ywrdbuy.1688.com;https://detail.1688.com/offer/563774509352.html
义乌市哲修供应链管理有限公司;https://zhexiushipin.1688.com;https://detail.1688.com/offer/605504034058.html
义乌市韩萸饰品有限公司;https://hanyushipin.1688.com;https://detail.1688.com/offer/643900108816.html
义乌市泓沛电子商务有限公司;https://kdshipin.1688.com;https://detail.1688.com/offer/590009617916.html
建湖诺雅贸易有限公司;https://shop1489770273677.1688.com;https://detail.1688.com/offer/646343639730.html
义乌市赛蒲电子商务有限公司;https://shop746a21293r413.1688.com;https://detail.1688.com/offer/624448143670.html
义乌市琭盈服饰有限公司;https://lyfs2016.1688.com;https://detail.1688.com/offer/655314325138.html
义乌市星妮电子商务有限公司;https://xingnishipin.1688.com;https://detail.1688.com/offer/655577151436.html
西安市未央区琳梦婕贸易商行;https://shop58zo88625r921.1688.com;https://detail.1688.com/offer/642054403428.html
义乌市昂杰饰品有限公司;https://shop543eq115613p0.1688.com;https://detail.1688.com/offer/565645612378.html
义乌市梦迥电子商务商行;https://shop1448557482207.1688.com;https://detail.1688.com/offer/527609388307.html
昆明市官渡区泰艺阁工艺品经营部;https://taiyige2014.1688.com;https://detail.1688.com/offer/575823952363.html
金雅莱(惠州)珠宝有限公司;https://shop5656389x3jk38.1688.com;https://detail.1688.com/offer/646017585410.html
建湖方升贸易有限公司;https://shop1379466723891.1688.com;https://detail.1688.com/offer/646017897706.html
义乌市林翔电子商务商行;https://ywlinxiangshop.1688.com;https://detail.1688.com/offer/595932245438.html
广州市新锐珠宝有限公司;https://shop87737r09v2552.1688.com;https://detail.1688.com/offer/619255950694.html
义乌市中耀饰品有限公司;https://zhongyaosp.1688.com;https://detail.1688.com/offer/632175850241.html
义乌市全葵电子商务商行;https://shop1407948326959.1688.com;https://detail.1688.com/offer/568101074153.html
义乌市律联电子商务商行;https://shop1444755464448.1688.com;https://detail.1688.com/offer/568194483183.html
义乌柒商电子商务有限公司;https://shop31305ytq88275.1688.com;https://detail.1688.com/offer/589156683389.html
义乌市碧铂轩饰品有限公司;https://congzishipin.1688.com;https://detail.1688.com/offer/631404799521.html
义乌市建义电子商务商行;https://shop1494517579292.1688.com;https://detail.1688.com/offer/590664089877.html
义乌市欧能电子商务有限公司;https://ceilim.1688.com;https://detail.1688.com/offer/642470030914.html
义乌市若龙饰品有限公司;https://sloongjewelry.1688.com;https://detail.1688.com/offer/655856971014.html
义乌市腾菡电子商务有限公司;https://shop9785m0rm86491.1688.com;https://detail.1688.com/offer/602466854735.html
鄱阳县迮婷玉五金店;https://shop90y21c4837279.1688.com;https://detail.1688.com/offer/649903562502.html
义乌市志向贸易有限公司;https://shop6n9553744w529.1688.com;https://detail.1688.com/offer/617507553813.html
义乌市雕琢电子商务商行;https://shop5u06u0816u898.1688.com;https://detail.1688.com/offer/617937193420.html
义乌永依饰品有限公司;https://ywcocow.1688.com;https://detail.1688.com/offer/45028771585.html
义乌市赫比赫拉饰品有限公司;https://shop599l6w00750j8.1688.com;https://detail.1688.com/offer/595382094429.html
义乌市赫誉饰品有限公司;https://shop1476895316759.1688.com;https://detail.1688.com/offer/555850135696.html
义乌市洛樱饰品商行;https://luoying.1688.com;https://detail.1688.com/offer/626584346426.html
莆田市秀屿区东峤汇聚珠宝首饰加工厂;https://shop1421322984991.1688.com;https://detail.1688.com/offer/600244880240.html
义乌市仇氏珠宝首饰商行;https://qiushizhubao.1688.com;https://detail.1688.com/offer/558868806880.html
东海县千家珠宝有限公司;https://shop1462330930016.1688.com;https://detail.1688.com/offer/601625727751.html
四会市古怀玉翡翠商行;https://guhuaiyu.1688.com;https://detail.1688.com/offer/1199981192.html
深圳市宝安区石岩恒如福首饰包装厂;https://shop1466442478333.1688.com;https://detail.1688.com/offer/578021403587.html
镇平县怀珠抱玉玉器店;https://shop1427821139173.1688.com;https://detail.1688.com/offer/45060217818.html
张有存;https://shop1432831881333.1688.com;https://detail.1688.com/offer/521208310702.html
镇平县玉线结艺加工厂;https://shop1430413354648.1688.com;https://detail.1688.com/offer/525212552872.html
义乌市丽萌饰品有限公司;https://yiwulimeng.1688.com;https://detail.1688.com/offer/651312187803.html
南阳文朝商贸有限公司;https://shop84m5o15o96223.1688.com;https://detail.1688.com/offer/620908561111.html
义乌百优饰品有限公司;https://beau2050.1688.com;https://detail.1688.com/offer/633472810768.html
丹阳雅格眼镜有限公司;https://yageyanjing.1688.com;https://detail.1688.com/offer/628257226240.html
镇江市晶茂眼镜配件有限公司;https://shop8949ph827r073.1688.com;https://detail.1688.com/offer/577110329253.html
即墨市燕羽飞飞日用百货商行;https://tyqwl5211.1688.com;https://detail.1688.com/offer/547323295106.html
义乌市飞韩饰品有限公司;https://feihan.1688.com;https://detail.1688.com/offer/621622114121.html
丹阳市格雷斯眼镜商贸有限公司;https://shop51072zc96e612.1688.com;https://detail.1688.com/offer/652320071564.html
开封市绿盈商贸有限公司;https://shop89t3543529o53.1688.com;https://detail.1688.com/offer/631455923415.html
桂林市古今工艺品批发店;https://chunyina9988.1688.com;https://detail.1688.com/offer/515459463.html
广州市海珠区鲜百味食品经营部;https://shop6136q0j3c7173.1688.com;https://detail.1688.com/offer/642602962975.html
四会市东城区妃翠珠宝店;https://shop1465837122753.1688.com;https://detail.1688.com/offer/564508466284.html
义乌市葵翔饰品厂;https://kuixiangjewelry.1688.com;https://detail.1688.com/offer/589501099502.html
广州千芝美广告传媒工作室;https://shop3374782033w66.1688.com;https://detail.1688.com/offer/649151799936.html
南阳市宛玉阁商贸有限公司;https://wygyq666.1688.com;https://detail.1688.com/offer/534631290060.html
张迪;https://15938861909.1688.com;https://detail.1688.com/offer/532930565609.html
陆川县界裕日用品店;https://shop632pz17391076.1688.com;https://detail.1688.com/offer/650070700490.html
莆田市秀屿区东峤盛典珠宝玉器店;https://13696948871.1688.com;https://detail.1688.com/offer/563868534865.html
义乌藏邦电子商务有限公司;https://shop1494521996592.1688.com;https://detail.1688.com/offer/552378869462.html
武汉伊岁奥赛电子商务经营部;https://shop49d0z85868z17.1688.com;https://detail.1688.com/offer/644777075905.html
深圳市罗湖区绳结缘工艺品商行;https://shop1489597511969.1688.com;https://detail.1688.com/offer/627150012257.html
义乌市弋恋饰品有限公司;https://18867562866.1688.com;https://detail.1688.com/offer/574397104827.html
镇平县真玉席珠宝有限公司;https://jysgyx.1688.com;https://detail.1688.com/offer/521477267801.html
义乌市莉韩饰品有限公司;https://lihan2019.1688.com;https://detail.1688.com/offer/623349886671.html
仙游县榜头镇凡人佛珠厂;https://qq610045443.1688.com;https://detail.1688.com/offer/616481581716.html
南阳市宛城区福缘商贸中心;https://shop35708e7i72898.1688.com;https://detail.1688.com/offer/642161755623.html
广州市荔湾区伊特工艺饰品商行;https://shop72879n2772i39.1688.com;https://detail.1688.com/offer/624899723334.html
李志军;https://shop1411922728723.1688.com;https://detail.1688.com/offer/603881971393.html
刘晓闯;https://shop1402332727458.1688.com;https://detail.1688.com/offer/551755332645.html
深圳市龙岗区玉荣工艺品商行;https://shop45171761491e9.1688.com;https://detail.1688.com/offer/655856194454.html
深圳市福田区立鑫潮品手机配件商行;https://shop53j183493l424.1688.com;https://detail.1688.com/offer/648307154509.html
镇平县俊涛玉器商行;https://juntaoyuqi.1688.com;https://detail.1688.com/offer/520464131372.html
义乌市竹珍电子商务商行;https://shop1395680365196.1688.com;https://detail.1688.com/offer/538177197587.html
镇平县奇玉阁玉器商行;https://shop0p092v7926505.1688.com;https://detail.1688.com/offer/582697985199.html
朱云锋;https://shop64o68a1805887.1688.com;https://detail.1688.com/offer/582697985306.html
义乌市美添色电子商务有限公司;https://shop3g466z20449g7.1688.com;https://detail.1688.com/offer/628871245159.html
镇平县婧玉工艺品批发商行;https://shop1488474082581.1688.com;https://detail.1688.com/offer/546956997847.html
玉林市玉州区德林百货店;https://shop14540e6546683.1688.com;https://detail.1688.com/offer/646804673022.html
淄博佛般若文化传播有限公司;https://fobore.1688.com;https://detail.1688.com/offer/649959384045.html
莆田市歆梦蔓贸易有限公司;https://shop7ue09h1691032.1688.com;https://detail.1688.com/offer/653319325603.html
南阳盘玉珠宝有限公司;https://shop76850n688b047.1688.com;https://detail.1688.com/offer/655720954054.html
苍南县龙港千盛纸塑制品厂;https://qiansheng325804.1688.com;https://detail.1688.com/offer/602707846349.html
揭阳市榕城区恩信饰品商行;https://shop4455t71l97943.1688.com;https://detail.1688.com/offer/654877333713.html
深圳博景兴电子科技有限公司;https://shop127p8t2045m29.1688.com;https://detail.1688.com/offer/616648439430.html
深圳市实在人商贸有限公司;https://shop1447347145676.1688.com;https://detail.1688.com/offer/555359698883.html
义乌市聪柔贸易有限公司;https://15058504555.1688.com;https://detail.1688.com/offer/530770086974.html
深圳市龙岗区欧吉新手机配件商行;https://shop1a058j39836z8.1688.com;https://detail.1688.com/offer/620744521279.html
柏银凤;https://qizhenzhubao.1688.com;https://detail.1688.com/offer/528658777452.html
四会市禧玉饰品有限公司;https://jxxy68.1688.com;https://detail.1688.com/offer/43723179435.html
义乌市非守电子商务商行;https://shop1466182274667.1688.com;https://detail.1688.com/offer/646928191485.html
镇平县江旭玉线编织厂;https://shop1448383957146.1688.com;https://detail.1688.com/offer/526042151922.html
东莞市茗朵饰品有限公司;https://dgmingduo.1688.com;https://detail.1688.com/offer/38481448276.html
深圳市龙岗区甜桔工艺品批发行;https://llpluo.1688.com;https://detail.1688.com/offer/529241262957.html
郑州市管城回族区金老头珠宝商行;https://shop1vy34j6083461.1688.com;https://detail.1688.com/offer/606287480418.html
镇平县君刻珠宝玉器加工厂;https://shop8912t88559676.1688.com;https://detail.1688.com/offer/642352002489.html
深圳市宝安区沙井喜结良缘工艺饰品商行;https://xjly68.1688.com;https://detail.1688.com/offer/608749662549.html
义乌市凌露电子商务有限公司;https://shop1404838608781.1688.com;https://detail.1688.com/offer/582649050403.html
义乌市柚木饰品有限公司;https://youmushipin.1688.com;https://detail.1688.com/offer/626357045404.html
义乌市志欧饰品有限公司;https://e56spp.1688.com;https://detail.1688.com/offer/606667288736.html
义乌市何路电子商务商行;https://shop78q70ld305526.1688.com;https://detail.1688.com/offer/625681176423.html
义乌市欣滢饰品有限公司;https://shop943su162c9029.1688.com;https://detail.1688.com/offer/608573244828.html
义乌市黛露电子商务有限公司;https://shop4c053327v9a91.1688.com;https://detail.1688.com/offer/583073902561.html
东阳市白云悦霞饰品商行;https://yuexiashipin.1688.com;https://detail.1688.com/offer/626294149137.html
义乌兮兮贸易有限公司;https://shop1373527232677.1688.com;https://detail.1688.com/offer/626289242564.html
义乌市顺铭电子商务商行;https://shunmingshipin.1688.com;https://detail.1688.com/offer/626575315276.html
义乌市鹏锦饰品有限公司;https://shop5e5q48534n425.1688.com;https://detail.1688.com/offer/649407788041.html
惠东县平山贝贝希首饰商行;https://shop70087845o4393.1688.com;https://detail.1688.com/offer/652966414551.html
广州嘉宝丽首饰商行;https://shop5a8996i194686.1688.com;https://detail.1688.com/offer/653771560258.html
海丰县梅陇新瑞城首饰厂;https://shop961244ueu8193.1688.com;https://detail.1688.com/offer/652563722451.html
海丰县梅陇镇施华纳首饰厂;https://shop613077326c099.1688.com;https://detail.1688.com/offer/651746220700.html
浦江县韩茹电子商务商行;https://shop44585e925v9e6.1688.com;https://detail.1688.com/offer/630289832869.html
义乌市晟玺饰品有限公司;https://shengxishipin.1688.com;https://detail.1688.com/offer/558722988609.html
广州龙邦饰品商行;https://shop0384711f82135.1688.com;https://detail.1688.com/offer/652725212514.html
义乌市米伦饰品有限公司;https://milunjewelry.1688.com;https://detail.1688.com/offer/593320516126.html
义乌市昌鑫工艺品有限公司;https://shop93e4174594nh9.1688.com;https://detail.1688.com/offer/592340097934.html
义乌市奕冉饰品有限公司;https://yiranyw.1688.com;https://detail.1688.com/offer/584986486298.html
义乌市锥绍电子商务商行;https://shop7h659114307h4.1688.com;https://detail.1688.com/offer/591114087191.html
义乌市蝶焕电子商务商行;https://shop6911522515s90.1688.com;https://detail.1688.com/offer/613027950897.html
广州真莹首饰厂;https://shop335571f246202.1688.com;https://detail.1688.com/offer/653144197086.html
海丰县梅陇镇曼婷首饰厂;https://shop471w5923k82x3.1688.com;https://detail.1688.com/offer/651504039704.html
义乌市奕合贸易有限公司;https://shop07312zu810057.1688.com;https://detail.1688.com/offer/605427953542.html
义乌市彦妤贸易有限公司;https://yanyushipin.1688.com;https://detail.1688.com/offer/588110368152.html
义乌市仲夏饰品有限公司;https://minglan4718.1688.com;https://detail.1688.com/offer/576901004714.html
义乌市蓉恰电子商务商行;https://shop1437497354805.1688.com;https://detail.1688.com/offer/587776627565.html
义乌市东夏电子商务有限公司;https://shop1382029014365.1688.com;https://detail.1688.com/offer/581943715117.html
义乌臻派工艺品有限公司;https://zenper.1688.com;https://detail.1688.com/offer/595199533797.html
义乌市多派服饰有限公司;https://duopailife.1688.com;https://detail.1688.com/offer/587745846354.html
义乌尼迈工艺品有限公司;https://shop694kn716f6307.1688.com;https://detail.1688.com/offer/653749039323.html
义乌市佑恩饰品有限公司;https://shop1450803109635.1688.com;https://detail.1688.com/offer/613732587760.html
永定区唱曲幸百货店;https://shop3763435664r65.1688.com;https://detail.1688.com/offer/652901838052.html
深圳凯丽兴商贸有限公司;https://shop1464109358369.1688.com;https://detail.1688.com/offer/642721510650.html
义乌市慧侣服饰厂;https://shop1456419371015.1688.com;https://detail.1688.com/offer/641360011102.html
广州克罗尔贸易有限公司;https://keluoer8.1688.com;https://detail.1688.com/offer/578904680466.html
深圳市龙岗区恩娜珠宝商行;https://shop675104429l3r1.1688.com;https://detail.1688.com/offer/652723492851.html
义乌市乐钰饰品厂;https://kdsby.1688.com;https://detail.1688.com/offer/575305754361.html
深圳市龙岗区美雅利饰品厂;https://shop1388063705447.1688.com;https://detail.1688.com/offer/639653828975.html
深圳市龙岗区俏酷迪饰品厂;https://shop9k9372448i4q8.1688.com;https://detail.1688.com/offer/642723462333.html
