义乌市摩多贸易有限公司;https://moduomaoyi.1688.com;https://detail.1688.com/offer/655158979578.html
东阳市钻宇饰品有限公司;https://zuanyu.1688.com;https://detail.1688.com/offer/619316144482.html
义乌市春蝶饰品厂;https://loveboutique.1688.com;https://detail.1688.com/offer/625698722558.html
义乌市予画贸易有限公司;https://hancan.1688.com;https://detail.1688.com/offer/616893790291.html
东阳市白云一铭饰品厂;https://shop6634h06548615.1688.com;https://detail.1688.com/offer/652189395720.html
义乌市芭特拉围巾商行;https://shop2135h31xy6581.1688.com;https://detail.1688.com/offer/646741573268.html
义乌市翊骜广告社;https://asunnyan.1688.com;https://detail.1688.com/offer/625099124192.html
义乌市遇意饰品有限公司;https://shop614g1082z5g79.1688.com;https://detail.1688.com/offer/653469795962.html
义乌市苒汐饰品有限公司;https://shop03288h5w9d806.1688.com;https://detail.1688.com/offer/644513437907.html
义乌市两悦饰品有限公司;https://shop9072180219y22.1688.com;https://detail.1688.com/offer/655636111038.html
鄱阳县冀森服装店;https://shop48q1221e2a786.1688.com;https://detail.1688.com/offer/650340618317.html
义乌市冷安电子商务商行;https://shop1464368243607.1688.com;https://detail.1688.com/offer/650224493675.html
余江区银樊经营部;https://shop3i72651249435.1688.com;https://detail.1688.com/offer/655330110219.html
义乌市霸徒电子商务商行;https://shop11436o35z1679.1688.com;https://detail.1688.com/offer/644410434541.html
柘荣县角尼日用品经营部;https://shop86f7460976258.1688.com;https://detail.1688.com/offer/645461601184.html
佛山市南海区汇联森日用品厂;https://shop60x7t6883u526.1688.com;https://detail.1688.com/offer/643754052322.html
新罗区汇侨百货商行;https://shop20e9e033i6805.1688.com;https://detail.1688.com/offer/653393659285.html
丰泽区帕蝶百货网店;https://shop835e691o41932.1688.com;https://detail.1688.com/offer/651803036506.html
龙港市芯塔电子商务商行;https://shop8ni050489x102.1688.com;https://detail.1688.com/offer/651641154917.html
新蔡县辰诚贸易有限公司;https://shop962e8860q6154.1688.com;https://detail.1688.com/offer/653903212032.html
义乌市昕虹饰品有限公司;https://shop9vx1897482474.1688.com;https://detail.1688.com/offer/644721840565.html
余江区欢怡经营部;https://shop5502063575359.1688.com;https://detail.1688.com/offer/655783127020.html
南平市建阳区锋星百货商行;https://shop44cc05f302783.1688.com;https://detail.1688.com/offer/656452163267.html
丰泽区免按百货网店;https://shop721t745995a26.1688.com;https://detail.1688.com/offer/656041718951.html
新罗区建霖百货商行;https://shop5232179724801.1688.com;https://detail.1688.com/offer/641021038460.html
袁州区梓七网络工作室;https://shop5954125279850.1688.com;https://detail.1688.com/offer/654391616402.html
遂昌拉恒日用百货商行;https://shop676xs8313x545.1688.com;https://detail.1688.com/offer/644707917820.html
义乌市潘妮饰品有限公司;https://shop1492102708055.1688.com;https://detail.1688.com/offer/617800611432.html
万载县培骏瑞百货商行;https://shop1839q34261d54.1688.com;https://detail.1688.com/offer/654585820471.html
新沂市明之花服装店;https://shop4v353o09l3851.1688.com;https://detail.1688.com/offer/655488446384.html
义乌市企冬电子商务商行;https://shop1536079561323.1688.com;https://detail.1688.com/offer/654139319964.html
余江区太浩经营部;https://shop841573u5u5648.1688.com;https://detail.1688.com/offer/655327887738.html
漳州开发区尤恒秋建材店;https://shop7d05278m90313.1688.com;https://detail.1688.com/offer/655846882688.html
玉林市玉州区卡熙美百货店;https://shop2e52f967e6753.1688.com;https://detail.1688.com/offer/650835896439.html
历城区商山电子商务部;https://shop299800ny93j86.1688.com;https://detail.1688.com/offer/643215175266.html
尤溪县多金夫商行;https://shop8435282042477.1688.com;https://detail.1688.com/offer/641534548614.html
义乌市韩饰电子商务有限公司;https://hs0616.1688.com;https://detail.1688.com/offer/631341868510.html
深圳卡斯妮珠宝有限公司;https://kasini.1688.com;https://detail.1688.com/offer/589798032413.html
义乌市三态饰品有限公司;https://santai3333.1688.com;https://detail.1688.com/offer/582716774446.html
义乌市杰特电子商务有限公司;https://15jiete.1688.com;https://detail.1688.com/offer/562541926270.html
杭州中国丝绸城蚕源丝绸商行;https://canyuan.1688.com;https://detail.1688.com/offer/641735131061.html
浦江梵乐工贸有限公司;https://shop9b3q870710683.1688.com;https://detail.1688.com/offer/590228809735.html
广州雅欣顺源头首饰商行;https://shop75k95409n52l4.1688.com;https://detail.1688.com/offer/653973420037.html
义乌市格尚电子商务商行;https://15geshang.1688.com;https://detail.1688.com/offer/650556496508.html
高新区枫桥恬悦志百货商行;https://shop8z5h980554193.1688.com;https://detail.1688.com/offer/650794840046.html
余江区广度电子商务商行;https://shop0867n0w2z7115.1688.com;https://detail.1688.com/offer/653104008244.html
南平市建阳区舒才哲百货店;https://shop583x96891ho68.1688.com;https://detail.1688.com/offer/650290613884.html
余江区苏迪电子商务商行;https://shop45j690f484785.1688.com;https://detail.1688.com/offer/650768730206.html
义乌市然帷电子商务商行;https://shop0en7000n52040.1688.com;https://detail.1688.com/offer/651768613123.html
余江区小蓉芙贸易商行;https://shop1977y77c2v783.1688.com;https://detail.1688.com/offer/651828824317.html
玉林市玉州区好在来百货店;https://shop1w2ll99024511.1688.com;https://detail.1688.com/offer/642941071214.html
玉林市玉州区飞园日用品店;https://shop7d38521j3q856.1688.com;https://detail.1688.com/offer/643896051812.html
杭州锦亿轩纺织品有限公司;https://hzjyxfzp.1688.com;https://detail.1688.com/offer/652335663976.html
德清伟宏纺织科技有限公司;https://shop29128434z47s7.1688.com;https://detail.1688.com/offer/632593781474.html
义乌市婉姝饰品厂;https://shop9967k66407683.1688.com;https://detail.1688.com/offer/643221938646.html
余江区功夫鱼电子商务商行;https://shop38774683gi7f2.1688.com;https://detail.1688.com/offer/655070200402.html
义乌市景智服饰厂;https://shop1466145311801.1688.com;https://detail.1688.com/offer/614627308705.html
义乌市主恩服饰有限公司;https://shop1442854480763.1688.com;https://detail.1688.com/offer/596628373087.html
遂昌阳乔贸易商行;https://shop76s63932985l1.1688.com;https://detail.1688.com/offer/648989772358.html
义乌市峰易饰品有限公司;https://shop108567u2c88g6.1688.com;https://detail.1688.com/offer/653050003053.html
灵山县三隆镇吉米百货商行;https://shop489067b63f534.1688.com;https://detail.1688.com/offer/635461293298.html
义乌闽珍电子商务有限公司;https://mzwj888.1688.com;https://detail.1688.com/offer/576851341695.html
永定区实极徊百货商行;https://shop246107g281640.1688.com;https://detail.1688.com/offer/643317956731.html
义乌市洪齐电子商务有限公司;https://shop1991460879s82.1688.com;https://detail.1688.com/offer/652650425048.html
义乌市腾卓饰品厂;https://shop1444669210627.1688.com;https://detail.1688.com/offer/645669560304.html
义乌市林立饰品有限公司;https://linliship.1688.com;https://detail.1688.com/offer/555033486380.html
义乌市宣菲服饰有限公司;https://xuanfei666.1688.com;https://detail.1688.com/offer/649698237025.html
广州泰时尚源头首饰厂;https://shop3r90o556033w6.1688.com;https://detail.1688.com/offer/643335782896.html
东莞市共艺五金饰品有限公司;https://jin5215.1688.com;https://detail.1688.com/offer/533793735613.html
义乌市麦暖服装厂;https://ywmainuan.1688.com;https://detail.1688.com/offer/592624184505.html
深圳市宝安区银久电子商务商行;https://yinjiu.1688.com;https://detail.1688.com/offer/600009639542.html
青岛奥瑞晟商贸有限公司;https://shop82404r395r644.1688.com;https://detail.1688.com/offer/645945686067.html
安庆青芒商贸有限公司;https://shop1q87406973466.1688.com;https://detail.1688.com/offer/636192987110.html
余江区辍素电子商务商行;https://shop6710f02ff4930.1688.com;https://detail.1688.com/offer/651938281592.html
义乌市睿都服饰有限公司;https://shop8415j05ee2756.1688.com;https://detail.1688.com/offer/619006434660.html
义乌市派瑞服饰有限公司;https://shop1458061259255.1688.com;https://detail.1688.com/offer/588023351164.html
义乌市双吕电子商务商行;https://shop1418402636226.1688.com;https://detail.1688.com/offer/43701509576.html
广州亮晶晶饰品有限公司;https://shop52705q1766z19.1688.com;https://detail.1688.com/offer/626463419966.html
兰山区完备电子商务店;https://shop233b14252zc54.1688.com;https://detail.1688.com/offer/640169480600.html
深圳市海坤方辉建材有限公司;https://shop2q737469009v8.1688.com;https://detail.1688.com/offer/640287493579.html
义乌市赣遵电子商务商行;https://shop1909419x742e3.1688.com;https://detail.1688.com/offer/644853839062.html
义乌市米盒服饰有限公司;https://shop15426j44gl492.1688.com;https://detail.1688.com/offer/655701030161.html
玉林市玉州区卡美百货店;https://shop20619405q80z4.1688.com;https://detail.1688.com/offer/649359776517.html
义乌卓喆服饰有限公司;https://zhuozhefushi.1688.com;https://detail.1688.com/offer/628648347126.html
永定区翘雪密百货店;https://shop1229441740g66.1688.com;https://detail.1688.com/offer/642786330785.html
义乌市织祥围巾厂;https://zhixiangweijin.1688.com;https://detail.1688.com/offer/628747211521.html
义乌市素固电子商务商行;https://yiwusugu.1688.com;https://detail.1688.com/offer/646449291226.html
高新区枫桥鸿科服装商行;https://shop7m3j255451061.1688.com;https://detail.1688.com/offer/655137340039.html
广州市黄埔区汇胜五金加工店;https://shop057vt36348e00.1688.com;https://detail.1688.com/offer/655182764957.html
义乌市戎美电子商务商行;https://shop5p3z032518u30.1688.com;https://detail.1688.com/offer/639685352052.html
长沙市天心区燕忠日用百货店;https://shop92b97503a6689.1688.com;https://detail.1688.com/offer/639466769702.html
义乌市杰群电子商务商行;https://shop4345185r950r1.1688.com;https://detail.1688.com/offer/627542336852.html
义乌市明均饰品有限公司;https://shop3gk0764357210.1688.com;https://detail.1688.com/offer/644984463335.html
万载县荟达片日用品经营部;https://shop78545q33kv865.1688.com;https://detail.1688.com/offer/652804763588.html
永康市晓进饰品店;https://shop3949766378n97.1688.com;https://detail.1688.com/offer/637198398123.html
义乌市麦桐服饰有限公司;https://mtscarf.1688.com;https://detail.1688.com/offer/614758042106.html
义乌市漂洋饰品有限公司;https://pyshp2003666.1688.com;https://detail.1688.com/offer/616120152586.html
义乌市俊缘饰品有限公司;https://shop6x3017890pc40.1688.com;https://detail.1688.com/offer/651486608287.html
佛山市禅城区诚诚霖日用品商行;https://shop3g58826148495.1688.com;https://detail.1688.com/offer/656066671756.html
广东卡轮饰品有限公司;https://gzkalen.1688.com;https://detail.1688.com/offer/584978957271.html
余江区汇吉岸贸易商行;https://shop9304242gn1607.1688.com;https://detail.1688.com/offer/654423497080.html
海丰县梅陇镇丽盛首饰商行;https://lishengshoushi.1688.com;https://detail.1688.com/offer/652374298433.html
义乌市东骏围巾加工厂;https://shop01043103o8730.1688.com;https://detail.1688.com/offer/650009463056.html
嵊州市越辉服饰有限公司;https://shop1445228092756.1688.com;https://detail.1688.com/offer/523722091344.html
南平市建阳区林农昭汉百货店;https://shop93p978l965704.1688.com;https://detail.1688.com/offer/651533398428.html
永嘉县黄田街道国才饰品配件厂;https://guocaishipin.1688.com;https://detail.1688.com/offer/623569422384.html
义乌市乐先电子商务商行;https://shop2u5171ue15910.1688.com;https://detail.1688.com/offer/624011239141.html
广州秋罗贸易有限公司;https://shop0d176d3446509.1688.com;https://detail.1688.com/offer/638213656410.html
万载县环旭日用品经营部;https://shop23712143w33p7.1688.com;https://detail.1688.com/offer/651949819660.html
义乌市蕊柔电子商务商行;https://shop1414773994392.1688.com;https://detail.1688.com/offer/641518020486.html
万载县永耀日用品经营部;https://shop51082038g7529.1688.com;https://detail.1688.com/offer/652113918456.html
义乌市侣寻电子商务有限公司;https://shop1445619395350.1688.com;https://detail.1688.com/offer/588731608819.html
义乌爱稣进出口有限公司;https://aisuscarves.1688.com;https://detail.1688.com/offer/637771516239.html
义乌市修婕电子商务商行;https://shop6724b67477210.1688.com;https://detail.1688.com/offer/654876690758.html
余江区度魏电子商务商行;https://shop1652265064xf3.1688.com;https://detail.1688.com/offer/651557150841.html
南平市建阳区皇星百货商行;https://shop7670h548m01h6.1688.com;https://detail.1688.com/offer/656047122511.html
义乌市前贵日用品厂;https://shop2642b33325c12.1688.com;https://detail.1688.com/offer/651667441047.html
义乌市逸舒贸易有限公司;https://15868952333.1688.com;https://detail.1688.com/offer/601655971701.html
杭州大旗工贸有限公司;https://shop23b845184jy57.1688.com;https://detail.1688.com/offer/627833587729.html
义乌市佰瑞电子商务有限公司;https://bairuiscarf.1688.com;https://detail.1688.com/offer/590240851541.html
白沟新城并桶日用品商行;https://shop31w084v6962l6.1688.com;https://detail.1688.com/offer/640176939115.html
南平市建阳区卿德桦百货店;https://shop00i7s554h0633.1688.com;https://detail.1688.com/offer/644850275500.html
罗庄区领卓商贸经销商行;https://shop13145327fw196.1688.com;https://detail.1688.com/offer/617749446554.html
义乌市优赛服饰有限公司;https://yousaifushi.1688.com;https://detail.1688.com/offer/594672177711.html
佛山市南海区成岚安家具厂;https://shop694uz978u1403.1688.com;https://detail.1688.com/offer/643108403128.html
义乌市乱好贸易有限公司;https://shop2190766t77842.1688.com;https://detail.1688.com/offer/653668786853.html
义乌市恩柔电子商务商行;https://shop1420908068238.1688.com;https://detail.1688.com/offer/588655933137.html
义乌市妙德电子商务商行;https://shop1354900280794.1688.com;https://detail.1688.com/offer/626047553152.html
临沂市兰山区俊跃百货商行;https://shop18r6831854422.1688.com;https://detail.1688.com/offer/640727321882.html
义乌市贝媞服饰厂;https://beiti88.1688.com;https://detail.1688.com/offer/646552828459.html
南平市建阳区李幸容商贸商行;https://shop385935w6179t3.1688.com;https://detail.1688.com/offer/646545063420.html
遂昌和兴百货商行;https://shop710187fb64h94.1688.com;https://detail.1688.com/offer/638526770919.html
新罗区智伟百货商行;https://shop19vv575247694.1688.com;https://detail.1688.com/offer/640937698083.html
义乌乾琦贸易商行;https://shop9636s572l3261.1688.com;https://detail.1688.com/offer/648528038604.html
广州嘚铭玩具商行;https://shop59682kt3226k7.1688.com;https://detail.1688.com/offer/655165154319.html
广州市花都区狮岭家家兴百货店;https://shop5462037666900.1688.com;https://detail.1688.com/offer/654120832315.html
泉州市拾梦网络科技有限公司;https://shop1i5i83b078877.1688.com;https://detail.1688.com/offer/649458798485.html
新罗区卡咖百货商行;https://shop60s249cc9u682.1688.com;https://detail.1688.com/offer/643581078167.html
义乌市锡奎电子商务商行;https://shop12t8172030177.1688.com;https://detail.1688.com/offer/652204131753.html
广州车仔贸易有限公司;https://shop0e321k3739k28.1688.com;https://detail.1688.com/offer/653944570484.html
义乌市宣颖电子商务有限公司;https://shop90606028po4a4.1688.com;https://detail.1688.com/offer/643578531791.html
余江区博武经营部;https://shop0038x8m941975.1688.com;https://detail.1688.com/offer/655843318626.html
桐乡市梧桐振东妍米家纺经营部;https://shop1399365269449.1688.com;https://detail.1688.com/offer/631009520829.html
义乌市暖平电子商务商行;https://shop1399913827733.1688.com;https://detail.1688.com/offer/528125190370.html
新罗区博名百货商行;https://shop73tg137102917.1688.com;https://detail.1688.com/offer/654739335778.html
余江区六藕王商贸商行;https://shop037k43665s384.1688.com;https://detail.1688.com/offer/653527541529.html
义乌市雨声贸易有限公司;https://yusheng8.1688.com;https://detail.1688.com/offer/654136181775.html
义乌市昕彤饰品厂;https://shop14rs26907c642.1688.com;https://detail.1688.com/offer/653291258475.html
义乌市环俏服饰厂;https://ywhq79.1688.com;https://detail.1688.com/offer/640278736320.html
义乌市简明商贸有限公司;https://kouyuansu.1688.com;https://detail.1688.com/offer/556556942190.html
灌云县迷夜生活服装厂;https://shop0589354lj3994.1688.com;https://detail.1688.com/offer/624746369790.html
惠东县平山泰艺首饰商行;https://shop158501d8239d1.1688.com;https://detail.1688.com/offer/650702601938.html
义乌市围艺贸易有限公司;https://ywsweiyi.1688.com;https://detail.1688.com/offer/652801506997.html
临沂市兰山区宇清百货用品经营部;https://shop63223656b8400.1688.com;https://detail.1688.com/offer/633814021198.html
义乌市泉燃电子商务商行;https://shop1395507141038.1688.com;https://detail.1688.com/offer/650563220610.html
佛山市星雨天贸易有限公司;https://shop65i12756l2497.1688.com;https://detail.1688.com/offer/654808892360.html
深圳市逸智服饰有限公司;https://shop921248824n4g1.1688.com;https://detail.1688.com/offer/653384391931.html
义乌千芙饰品有限公司;https://shop1404528103758.1688.com;https://detail.1688.com/offer/622655898798.html
云霄县纵系网络技术工作室;https://shop5447w36939sq8.1688.com;https://detail.1688.com/offer/654927971872.html
义乌市绎心进出口有限公司;https://shop1475254192710.1688.com;https://detail.1688.com/offer/650737954234.html
通州区川姜镇企悦纺织品厂;https://qiyuejf.1688.com;https://detail.1688.com/offer/633793599973.html
义乌市润美电子商务有限公司;https://runmeifa.1688.com;https://detail.1688.com/offer/640925393111.html
晋江市安海林煌灿百货零售超市;https://shop43yq394353z85.1688.com;https://detail.1688.com/offer/654512150553.html
深圳市宝安区福海靓依都服装厂;https://shop1494607960707.1688.com;https://detail.1688.com/offer/633967978133.html
广州哈琳娜饰品厂;https://harrina.1688.com;https://detail.1688.com/offer/642902605015.html
义乌市欣妍日用品有限公司;https://shop36761l843i282.1688.com;https://detail.1688.com/offer/641747204913.html
广州立圆创艺饰品有限公司;https://shop3ol65020o8370.1688.com;https://detail.1688.com/offer/588358226257.html
义乌铁杆假发有限公司;https://tgg911.1688.com;https://detail.1688.com/offer/650337909469.html
宁海县前童镇小顽童玩具店;https://shop1436202209236.1688.com;https://detail.1688.com/offer/551168797709.html
徐州市巨匠工艺品有限公司;https://jujianggyp.1688.com;https://detail.1688.com/offer/608055831345.html
义乌市尚臣服饰有限公司;https://shop1403801798876.1688.com;https://detail.1688.com/offer/45312799569.html
义乌市唐力电子商务商行;https://shop8396152l60n46.1688.com;https://detail.1688.com/offer/649352029719.html
义乌市宣兴电子商务有限公司;https://shop465829117wj34.1688.com;https://detail.1688.com/offer/621198919140.html
郑州飞鸣文化传播有限公司;https://feiming1688.1688.com;https://detail.1688.com/offer/643762970441.html
义乌市源烁日用百货有限公司;https://shop553978s902595.1688.com;https://detail.1688.com/offer/619437255498.html
余江区翔双经营部;https://shop378241vf32006.1688.com;https://detail.1688.com/offer/656055198435.html
义乌市晋屹电子商务有限公司;https://shop4i8734262zq96.1688.com;https://detail.1688.com/offer/644197688970.html
灌云县雨夜迷情服装厂;https://shop68136l2166q40.1688.com;https://detail.1688.com/offer/643506008029.html
东阳市韩都饰品厂;https://shop9591322377629.1688.com;https://detail.1688.com/offer/652126013126.html
义乌市柔雪电子商务商行;https://shop6619316291025.1688.com;https://detail.1688.com/offer/651815369259.html
灌云县妆晨服装厂;https://shop25420ea241t17.1688.com;https://detail.1688.com/offer/625496123139.html
义乌市贝贝嘉商贸有限公司;https://shop9939p36522p33.1688.com;https://detail.1688.com/offer/640976561943.html
义乌市路龙贸易有限公司;https://lulongshipin.1688.com;https://detail.1688.com/offer/655277475085.html
义乌市嘉静饰品有限公司;https://shop1493743769164.1688.com;https://detail.1688.com/offer/656137311776.html
义乌市豪度服饰有限公司;https://shop4p26370720269.1688.com;https://detail.1688.com/offer/643457545062.html
灌云县迷情谷服装厂;https://miqinggu.1688.com;https://detail.1688.com/offer/624834357955.html
义乌市墨泰服饰有限公司;https://shop157731057dh68.1688.com;https://detail.1688.com/offer/653314227935.html
义乌市笙浔贸易商行;https://shop98s4n8097d498.1688.com;https://detail.1688.com/offer/655442705156.html
润州区柔之韵服装厂;https://shop767584nt209f5.1688.com;https://detail.1688.com/offer/643683968347.html
永定区飘朝瑶网店;https://shop60666529f4971.1688.com;https://detail.1688.com/offer/652583065954.html
义乌市制梦电子商务商行;https://shop3386r8x1915w0.1688.com;https://detail.1688.com/offer/655931750847.html
义乌市丹灵电子商务商行;https://shop222t702079t55.1688.com;https://detail.1688.com/offer/643978701768.html
杭州启典文化创意有限公司;https://shop68t49766tg332.1688.com;https://detail.1688.com/offer/642767951788.html
浙江德清丝雅纺织科技有限公司;https://siyascarf.1688.com;https://detail.1688.com/offer/655231034484.html
义乌唯秀饰品有限公司;https://artilady.1688.com;https://detail.1688.com/offer/652953415812.html
深圳市南山区唐歆服饰商行;https://chenmeixiong.1688.com;https://detail.1688.com/offer/577230444642.html
高新区枫桥豪纳康服装商行;https://shop610261925p672.1688.com;https://detail.1688.com/offer/655923582325.html
义乌市奕冉饰品有限公司;https://yiranyw.1688.com;https://detail.1688.com/offer/553944238575.html
义乌市素汐贸易有限公司;https://shop1460566017909.1688.com;https://detail.1688.com/offer/642734393277.html
义乌市咔露饰品有限公司;https://shop1427993856790.1688.com;https://detail.1688.com/offer/576049036928.html
义乌市茹丹饰品有限公司;https://rudanshipin.1688.com;https://detail.1688.com/offer/624253913846.html
义乌市椀茗贸易有限公司;https://shop0i7559686en51.1688.com;https://detail.1688.com/offer/647389230786.html
义乌市缕民电子商务商行;https://shop1457759935747.1688.com;https://detail.1688.com/offer/638573795096.html
义乌市水猴子电子商务有限公司;https://shz888.1688.com;https://detail.1688.com/offer/641022586890.html
义乌麒敏饰品有限公司;https://xssj5225.1688.com;https://detail.1688.com/offer/653470926430.html
义乌市成栋电子商务有限公司;https://ywcd77.1688.com;https://detail.1688.com/offer/619885490209.html
兴城市海知滨制衣厂;https://zhihaibin8888.1688.com;https://detail.1688.com/offer/634217372036.html
阚永新;https://ywxcfc.1688.com;https://detail.1688.com/offer/646270153198.html
灌云县伊山镇醉美制衣厂;https://zmzyc888.1688.com;https://detail.1688.com/offer/654604389609.html
海丰县梅陇范智乔首饰厂;https://tatamini.1688.com;https://detail.1688.com/offer/575387221214.html
义乌市华娟饰品有限公司;https://huajuanshipin.1688.com;https://detail.1688.com/offer/650772481207.html
东阳市俊涵饰品有限公司;https://junhansp.1688.com;https://detail.1688.com/offer/629736816269.html
义乌市慧逸饰品有限公司;https://huiyii.1688.com;https://detail.1688.com/offer/651240008571.html
兴城市美伊制衣厂;https://meiyizhiyi.1688.com;https://detail.1688.com/offer/618910070985.html
保定白沟新城若风毛绒玩具厂;https://ruofeng.1688.com;https://detail.1688.com/offer/638959587137.html
义乌市达威饰品有限公司;https://shop1467738937092.1688.com;https://detail.1688.com/offer/648067998110.html
沈阳经济技术开发区性情坊成人用品店;https://xingqingfang.1688.com;https://detail.1688.com/offer/636163692989.html
义乌市蝶蝶电子商务有限公司;https://diedieshipin.1688.com;https://detail.1688.com/offer/616446086379.html
义乌市顶珍饰品有限公司;https://dinzhen.1688.com;https://detail.1688.com/offer/650775841218.html
义乌市昕涵饰品有限公司;https://shop249075gr0r667.1688.com;https://detail.1688.com/offer/637599682934.html
东莞市金统领五金饰品有限公司;https://jtlornament.1688.com;https://detail.1688.com/offer/617962709998.html
绍兴佰俐纺织品有限公司;https://bailifangzhi.1688.com;https://detail.1688.com/offer/597195831519.html
杭州侣行珠宝有限公司;https://shishang925.1688.com;https://detail.1688.com/offer/544355835085.html
义乌市安格假发有限公司;https://angejiafa.1688.com;https://detail.1688.com/offer/626310863895.html
玉山县海乐体育用品有限公司;https://shop23x167ee66118.1688.com;https://detail.1688.com/offer/583976585473.html
东莞市金钛来五金饰品有限公司;https://shop30787230vgm11.1688.com;https://detail.1688.com/offer/647155819253.html
义乌市阳磊电子商务商行;https://shop2010851f550b7.1688.com;https://detail.1688.com/offer/653106108061.html
义乌市苏卡饰品厂;https://shop7m598336b4071.1688.com;https://detail.1688.com/offer/641509430602.html
义乌市萌盛日用百货商行;https://shop17r04i8r36682.1688.com;https://detail.1688.com/offer/647312780395.html
义乌市坤盈珠宝有限公司;https://xiezhixing99.1688.com;https://detail.1688.com/offer/617275909206.html
龙港市一乐日用品网店;https://shop463xuk4487074.1688.com;https://detail.1688.com/offer/649166127255.html
义乌市阮昊电子商务有限公司;https://shop1441903934960.1688.com;https://detail.1688.com/offer/653537573291.html
深圳市龙岗区东铭贸易商行;https://shop92339mk54m077.1688.com;https://detail.1688.com/offer/649719834700.html
余姚市奇萌贸易商行;https://shop80366a3794506.1688.com;https://detail.1688.com/offer/632808455180.html
仙游县鲤城筑星贸易商行;https://shop97e689939ee59.1688.com;https://detail.1688.com/offer/652485018468.html
