义乌市鼎都贸易有限公司;https://707868175.1688.com;https://detail.1688.com/offer/41100530097.html
义乌市晴雯饰品有限公司;https://shop1357753428547.1688.com;https://detail.1688.com/offer/534455450586.html
义乌市俟克电子商务商行;https://shop1405443597732.1688.com;https://detail.1688.com/offer/40122758420.html
义乌市奕冉饰品有限公司;https://yiranyw.1688.com;https://detail.1688.com/offer/596770445646.html
义乌市露兮电子商务商行;https://shop701g0204b5202.1688.com;https://detail.1688.com/offer/625084297017.html
义乌市畅萌电子商务商行;https://shop1461138576382.1688.com;https://detail.1688.com/offer/625767714064.html
义乌市梦迥电子商务商行;https://shop1448557482207.1688.com;https://detail.1688.com/offer/624593930831.html
九江千贝科技有限公司;https://shop20x2450d96690.1688.com;https://detail.1688.com/offer/601438060374.html
义乌市彦妤贸易有限公司;https://yanyushipin.1688.com;https://detail.1688.com/offer/596821533792.html
义乌市锦汐饰品有限公司;https://shop36m49516j79k7.1688.com;https://detail.1688.com/offer/613810839797.html
义乌市和朔饰品有限公司;https://shop1375980925503.1688.com;https://detail.1688.com/offer/1290947769.html
义乌市挺进贸易有限公司;https://ywtjmy.1688.com;https://detail.1688.com/offer/617667824500.html
义乌柒商电子商务有限公司;https://shop31305ytq88275.1688.com;https://detail.1688.com/offer/573403496126.html
义乌市锌铜电子商务商行;https://shop184n7929n9n78.1688.com;https://detail.1688.com/offer/590677597492.html
义乌市追溯电子商务商行;https://shop255wk40734384.1688.com;https://detail.1688.com/offer/632568715476.html
浦江县皓越锁业有限公司;https://asswtb.1688.com;https://detail.1688.com/offer/37946422224.html
义乌市威扬饰品有限公司;https://weiyangsp.1688.com;https://detail.1688.com/offer/554544238038.html
义乌市鼎航饰品有限公司;https://weili13735755824.1688.com;https://detail.1688.com/offer/1293819804.html
义乌市蓝淘饰品有限公司;https://longpingershipin.1688.com;https://detail.1688.com/offer/588695563624.html
义乌市美航饰品有限公司;https://shop1386953617542.1688.com;https://detail.1688.com/offer/597606172100.html
义乌市诚精电子商务商行;https://shop7838p6v6141x7.1688.com;https://detail.1688.com/offer/587299367209.html
义乌市赫钦饰品厂;https://shop2467s4w176560.1688.com;https://detail.1688.com/offer/654365349396.html
南京奥达非贸易有限公司;https://orderafrica.1688.com;https://detail.1688.com/offer/600940053373.html
义乌市添蝶电子商务商行;https://shop421362i8l9216.1688.com;https://detail.1688.com/offer/651909377009.html
义乌市晶戎饰品有限公司;https://shop1723863s49h70.1688.com;https://detail.1688.com/offer/605378995467.html
义乌市珠行电子商务商行;https://shop1397062873247.1688.com;https://detail.1688.com/offer/38544542966.html
义乌市怀琅贸易有限公司;https://shop1443451805112.1688.com;https://detail.1688.com/offer/588796365356.html
义乌市哲尚饰品厂;https://shop07g0848t21733.1688.com;https://detail.1688.com/offer/589691082739.html
义乌市亿珠电子商务商行;https://yizhushipin.1688.com;https://detail.1688.com/offer/39035720642.html
义乌市冯冉电子商务商行;https://shop27w6165299744.1688.com;https://detail.1688.com/offer/642361038884.html
义乌市庄周电子商务商行;https://shop1461343228927.1688.com;https://detail.1688.com/offer/542282483120.html
东莞市格佳饰品有限公司;https://wmjbp.1688.com;https://detail.1688.com/offer/542913689558.html
义乌市凝碧电子商务商行;https://shop6087o2247d262.1688.com;https://detail.1688.com/offer/632749089309.html
佛山市南海区武柳琪服装厂;https://shop799061o3291y8.1688.com;https://detail.1688.com/offer/647464454381.html
义乌市平盈饰品厂;https://shop504b14r19r431.1688.com;https://detail.1688.com/offer/632140291376.html
义乌市睿垒贸易有限公司;https://shop1398358557031.1688.com;https://detail.1688.com/offer/39805577837.html
义乌市思衡电子商务有限公司;https://jingbeiyashipin.1688.com;https://detail.1688.com/offer/41857011162.html
东莞市如刚五金饰品有限公司;https://rugang8888.1688.com;https://detail.1688.com/offer/576792110168.html
义乌市林翔电子商务商行;https://ywlinxiangshop.1688.com;https://detail.1688.com/offer/523106880911.html
福州丰亨贸易有限公司;https://shop1436350070737.1688.com;https://detail.1688.com/offer/596803710956.html
亳州市谯城区丹顺饰品厂;https://1688yiwu.1688.com;https://detail.1688.com/offer/562215003725.html
义乌市颖皓饰品有限公司;https://rinhoo.1688.com;https://detail.1688.com/offer/36199626792.html
义乌市品旭进出口有限公司;https://zjywpinxu.1688.com;https://detail.1688.com/offer/648654016278.html
义乌市妙铭贸易有限公司;https://miaomingmaoyi.1688.com;https://detail.1688.com/offer/599763214943.html
永定区娟丘历百货商行;https://shop17m9481690273.1688.com;https://detail.1688.com/offer/646422344844.html
东莞市炫华五金饰品有限公司;https://shop1556f2t3t5050.1688.com;https://detail.1688.com/offer/605078790591.html
义乌市怀舒饰品商行;https://shop5k0b89b456140.1688.com;https://detail.1688.com/offer/629313773442.html
义乌市酷秀饰品厂;https://kuxiushipin.1688.com;https://detail.1688.com/offer/523916228147.html
东莞市驰什贸易有限公司;https://shop7rw957542y531.1688.com;https://detail.1688.com/offer/643784396855.html
义乌市鼎洲电子商务商行;https://dzsp2012.1688.com;https://detail.1688.com/offer/543698380168.html
漯河市源汇区芳罗百货店;https://shop882e54c679705.1688.com;https://detail.1688.com/offer/635750276814.html
义乌市飚可工艺品厂;https://yiwubeauty.1688.com;https://detail.1688.com/offer/558366178641.html
义乌市随变饰品有限公司;https://shop1461257355826.1688.com;https://detail.1688.com/offer/625824917656.html
义乌市首秀饰品厂;https://juxinsp20080808.1688.com;https://detail.1688.com/offer/39171407965.html
惠州市恒瑞五金饰品有限公司;https://shop3801047n336h4.1688.com;https://detail.1688.com/offer/615775904446.html
义乌市婺诺皮具有限公司;https://shop1473353115046.1688.com;https://detail.1688.com/offer/569614415700.html
温州神秘花园服装辅料有限公司;https://shenmihuayuan.1688.com;https://detail.1688.com/offer/634223582156.html
义乌市尼新电子商务商行;https://15nixin.1688.com;https://detail.1688.com/offer/44951447984.html
义乌市光美电子商务有限公司;https://guangmeishipin.1688.com;https://detail.1688.com/offer/644129592420.html
义乌市修海俊饰品有限公司;https://shop9855z183689s3.1688.com;https://detail.1688.com/offer/646546731668.html
义乌市奇福饰品有限公司;https://shop85164v840n532.1688.com;https://detail.1688.com/offer/593883754923.html
惠东县平山铭楷首饰商行;https://shop3s500353m6499.1688.com;https://detail.1688.com/offer/653132691630.html
义乌市胜颖贸易有限公司;https://shop1466788760136.1688.com;https://detail.1688.com/offer/563995322072.html
揭阳市榕城区恩信饰品商行;https://shop4455t71l97943.1688.com;https://detail.1688.com/offer/655250050490.html
东莞市晨辉五金有限公司;https://shop50711e2y2z277.1688.com;https://detail.1688.com/offer/615213850305.html
杭州韩记珠宝首饰有限公司;https://shop746q387r44070.1688.com;https://detail.1688.com/offer/631595212100.html
东莞市艺元饰品有限公司;https://shop6a05245x396a3.1688.com;https://detail.1688.com/offer/644037395802.html
东阳市白云蓝芝海饰品厂;https://aonashiping2.1688.com;https://detail.1688.com/offer/588524462092.html
义乌市竹锋电子商务商行;https://shop23810605068y4.1688.com;https://detail.1688.com/offer/643396974693.html
义乌市缕盾饰品有限公司;https://shop1445619443573.1688.com;https://detail.1688.com/offer/542228734129.html
郑州市金水区纯色蛙百货商行;https://shop551704g1459p6.1688.com;https://detail.1688.com/offer/646471805173.html
义乌市江杭电子商务有限公司;https://shop816636x494c96.1688.com;https://detail.1688.com/offer/648698176025.html
广州市馨雯怡贸易商行;https://shop4511x9460q820.1688.com;https://detail.1688.com/offer/650835552349.html
丹阳市开发区齐丰亮百货商行;https://shop9657797xe2174.1688.com;https://detail.1688.com/offer/651003527765.html
宿城区走一起百货店;https://shop2r69j7x947325.1688.com;https://detail.1688.com/offer/651226665023.html
遂昌扬识百货商行;https://shop1gg7283064735.1688.com;https://detail.1688.com/offer/639901175234.html
东莞市昊亿饰品有限公司;https://haoyijewelry.1688.com;https://detail.1688.com/offer/629226525922.html
双流区魏鑫商贸部;https://shop120j8b5b32433.1688.com;https://detail.1688.com/offer/645612781162.html
义乌市概念皮革有限公司;https://idealeather.1688.com;https://detail.1688.com/offer/652106605476.html
义乌妙斯电子商务有限公司;https://shop1742883ww4228.1688.com;https://detail.1688.com/offer/641542726701.html
义乌市鼎艺饰品有限公司;https://shop0645102687k12.1688.com;https://detail.1688.com/offer/640699097910.html
台州市雅佳眼镜有限公司;https://shop1414773985523.1688.com;https://detail.1688.com/offer/636071290413.html
义乌市偲帆电子商务商行;https://shop1490634648219.1688.com;https://detail.1688.com/offer/548063127911.html
义乌市千艺饰品有限公司;https://qianyi8888.1688.com;https://detail.1688.com/offer/640894918040.html
广州市昊基贸易有限公司;https://haojimaoyi.1688.com;https://detail.1688.com/offer/641357211743.html
东莞市雄略饰品有限公司;https://szxionglue.1688.com;https://detail.1688.com/offer/39441750849.html
义乌市创胜服饰有限公司;https://shop3060o90188947.1688.com;https://detail.1688.com/offer/582464892647.html
义乌市以茂电子商务商行;https://shop495t93425n326.1688.com;https://detail.1688.com/offer/640836812440.html
金华市润美饰品有限公司;https://jhrunmei.1688.com;https://detail.1688.com/offer/627534837903.html
广东照联首饰有限公司;https://zhaolian.1688.com;https://detail.1688.com/offer/571615187306.html
东莞市尚岱五金饰品有限公司;https://shop1490029945422.1688.com;https://detail.1688.com/offer/568735468634.html
义乌市奇知日用百货商行;https://shop2124qq619s816.1688.com;https://detail.1688.com/offer/656156779543.html
漯河市源汇区莫世炎啊百货店;https://shop1977g98801zg9.1688.com;https://detail.1688.com/offer/648466820864.html
义乌市嘟豆电子商务商行;https://dudou888.1688.com;https://detail.1688.com/offer/567684679449.html
义乌市蓝冠饰品有限公司;https://languanjewelry.1688.com;https://detail.1688.com/offer/549968519457.html
义乌市库袁日用百货商行;https://shop2k34855b55686.1688.com;https://detail.1688.com/offer/655549642094.html
东莞市逸馨五金制品有限公司;https://shop15058456043k1.1688.com;https://detail.1688.com/offer/628412717039.html
义乌市丹顺饰品厂;https://15factory.1688.com;https://detail.1688.com/offer/39450789716.html
丽水驰越日用百货有限公司;https://shop858770l1220j9.1688.com;https://detail.1688.com/offer/642645187176.html
九江兴汇进出口商贸有限公司;https://shop4566904275n25.1688.com;https://detail.1688.com/offer/655464966044.html
丽水盈美百货有限公司;https://yingmei777777.1688.com;https://detail.1688.com/offer/644375367621.html
义乌瑞耀商贸有限公司;https://ruiyaoshangmao.1688.com;https://detail.1688.com/offer/621800562104.html
