义乌市富滢电子商务商行;https://shop0358tx8j22359.1688.com;https://detail.1688.com/offer/600241540134.html
义乌市高途电子商务商行;https://gaotu809088915.1688.com;https://detail.1688.com/offer/615413684232.html
义乌市拓稠电子商务商行;https://albb168.1688.com;https://detail.1688.com/offer/641285873605.html
义乌市顺铭电子商务商行;https://shunmingshipin.1688.com;https://detail.1688.com/offer/577124233636.html
义乌市一恋饰品有限公司;https://yilian1.1688.com;https://detail.1688.com/offer/641288121196.html
义乌市慕优饰品有限公司;https://shop3n08v2509c535.1688.com;https://detail.1688.com/offer/632237560350.html
义乌市露兮电子商务商行;https://shop701g0204b5202.1688.com;https://detail.1688.com/offer/627751261358.html
赵如仙;https://bomb88.1688.com;https://detail.1688.com/offer/589306466259.html
义乌市裂彩饰品有限公司;https://wwwliecai.1688.com;https://detail.1688.com/offer/578579307941.html
义乌市瑞列电子商务有限公司;https://baidu12.1688.com;https://detail.1688.com/offer/641966979632.html
义乌市鹏翱贸易有限公司;https://shop140t4vq644868.1688.com;https://detail.1688.com/offer/592138481895.html
义乌市咏歌电子商务商行;https://yongge.1688.com;https://detail.1688.com/offer/573117126597.html
义乌市欧悦电子商务商行;https://shop393452dw27369.1688.com;https://detail.1688.com/offer/612477421739.html
义乌市迪战电子商务有限公司;https://shop1442940715433.1688.com;https://detail.1688.com/offer/610161352136.html
义乌市侣环电子商务商行;https://shop1454086145569.1688.com;https://detail.1688.com/offer/577031278921.html
义乌市凌歌电子商务商行;https://linggeshiping.1688.com;https://detail.1688.com/offer/573018005085.html
义乌市夏黄电子商务商行;https://shop1399654949275.1688.com;https://detail.1688.com/offer/579482352075.html
义乌市念蕾电子商务商行;https://shop1377104299827.1688.com;https://detail.1688.com/offer/653432053877.html
佛山市南海区涵美馨服饰厂;https://shop0q9312z752669.1688.com;https://detail.1688.com/offer/642260256625.html
浦江县夏晨饰品厂;https://ufavoirte.1688.com;https://detail.1688.com/offer/627263027514.html
义乌子拓电子商务商行;https://shop260450y6929z3.1688.com;https://detail.1688.com/offer/628536275667.html
义乌市诸戎电子商务商行;https://shop14c445550n671.1688.com;https://detail.1688.com/offer/655196723677.html
义乌市巨耀电子商务有限公司;https://yong876565.1688.com;https://detail.1688.com/offer/590671235329.html
义乌市丹序电子商务商行;https://shop30b90x6250910.1688.com;https://detail.1688.com/offer/608203617629.html
义乌市侣谦电子商务商行;https://shop1454086143595.1688.com;https://detail.1688.com/offer/577481278236.html
义乌市利丹饰品有限公司;https://shop1427388201420.1688.com;https://detail.1688.com/offer/576904490000.html
义乌市靖锡电子商务商行;https://shop5q8x644849969.1688.com;https://detail.1688.com/offer/639362556935.html
义乌市糖恋电子商务商行;https://shop1479142358890.1688.com;https://detail.1688.com/offer/573135438143.html
义乌市简拉电子商务有限公司;https://jianlajewelry.1688.com;https://detail.1688.com/offer/580675013158.html
义乌市星鸽电子商务有限公司;https://shop1408171986992.1688.com;https://detail.1688.com/offer/616273684091.html
义乌市娇蕊饰品有限公司;https://shop1406220643904.1688.com;https://detail.1688.com/offer/627115102746.html
义乌市紫槐贸易有限公司;https://shop1431622660852.1688.com;https://detail.1688.com/offer/578957444922.html
汕头市金平区易雷商贸行;https://shop37y888s584026.1688.com;https://detail.1688.com/offer/644432815345.html
义乌市滨洋贸易有限公司;https://shop1098426z91gc6.1688.com;https://detail.1688.com/offer/626365292202.html
义乌市拓娱饰品有限公司;https://shop9c78323732008.1688.com;https://detail.1688.com/offer/624245730659.html
义乌市烨贝饰品有限公司;https://yebeishipin.1688.com;https://detail.1688.com/offer/629956167957.html
浦江县韩之尚电子商务有限公司;https://hanzhishang.1688.com;https://detail.1688.com/offer/593681224122.html
义乌市纯影饰品有限公司;https://shop1446050898488.1688.com;https://detail.1688.com/offer/580695721236.html
德州市陵城区千齐饰品厂;https://qianqishipin.1688.com;https://detail.1688.com/offer/624575231256.html
义乌市千品贸易有限公司;https://shop1461085082873.1688.com;https://detail.1688.com/offer/624530903748.html
义乌市晓茵电子商务商行;https://shop1373993624078.1688.com;https://detail.1688.com/offer/594516451805.html
义乌市佐文饰品有限公司;https://zuowen.1688.com;https://detail.1688.com/offer/610069797603.html
义乌市千珺饰品有限公司;https://520qjsp.1688.com;https://detail.1688.com/offer/584727025465.html
浦江县韩茹电子商务商行;https://shop44585e925v9e6.1688.com;https://detail.1688.com/offer/629353617106.html
义乌市铭嘟电子商务有限公司;https://lihebosp.1688.com;https://detail.1688.com/offer/596315504277.html
义乌市南慧电子商务商行;https://mingruishipin.1688.com;https://detail.1688.com/offer/599130198334.html
义乌市赫比赫拉饰品有限公司;https://shop599l6w00750j8.1688.com;https://detail.1688.com/offer/592782225606.html
义乌市钻拉电子商务商行;https://ywmaina.1688.com;https://detail.1688.com/offer/592518669667.html
义乌市烨茂饰品有限公司;https://yesmao.1688.com;https://detail.1688.com/offer/593448213761.html
义乌市添贝贸易商行;https://shop95396m8k8c672.1688.com;https://detail.1688.com/offer/593643776952.html
义乌市韦斯电子商务有限公司;https://shop1501418082970.1688.com;https://detail.1688.com/offer/608726121409.html
义乌亿锦饰品有限公司;https://shop4112u6808cn83.1688.com;https://detail.1688.com/offer/595214659245.html
义乌市艾因饰品有限公司;https://shop65465504f7r63.1688.com;https://detail.1688.com/offer/639984678357.html
义乌市慈珂饰品商行;https://shop4136k9o312n50.1688.com;https://detail.1688.com/offer/625932891429.html
义乌市牛犇进出口有限公司;https://niuben.1688.com;https://detail.1688.com/offer/653670472405.html
义乌市雪岳电子商务商行;https://wise678.1688.com;https://detail.1688.com/offer/642483655897.html
义乌市端搜电子商务有限公司;https://ywxsbpf.1688.com;https://detail.1688.com/offer/646106115305.html
义乌市楠博电子商务商行;https://shop1410539936050.1688.com;https://detail.1688.com/offer/632731815146.html
义乌市鼎洲电子商务商行;https://dzsp2012.1688.com;https://detail.1688.com/offer/641805642416.html
义乌市怡璇贸易有限公司;https://shop1473z360r2581.1688.com;https://detail.1688.com/offer/594287271312.html
义乌市沁缘饰品有限公司;https://shop56hh0832907b7.1688.com;https://detail.1688.com/offer/645898955976.html
义乌市追霜电子商务有限公司;https://zhuishuang.1688.com;https://detail.1688.com/offer/623985418619.html
晋江市利义生合电子商务有限公司;https://shop0115gg0119046.1688.com;https://detail.1688.com/offer/631554680472.html
东莞市鼎哲五金制品有限公司;https://dingzhewujin.1688.com;https://detail.1688.com/offer/622621541723.html
义乌市晗饰贸易有限公司;https://shop840211494f745.1688.com;https://detail.1688.com/offer/651632903170.html
义乌市志航电子商务商行;https://shop08u99h522i588.1688.com;https://detail.1688.com/offer/578826262172.html
义乌市义茂电子商务商行;https://shop198e0625v4397.1688.com;https://detail.1688.com/offer/589143534362.html
义乌市循欧贸易有限公司;https://shop40040825097y6.1688.com;https://detail.1688.com/offer/641902425794.html
义乌市惜郁电子商务有限公司;https://shop1429289450420.1688.com;https://detail.1688.com/offer/584566620649.html
义乌市晶戎饰品有限公司;https://shop1723863s49h70.1688.com;https://detail.1688.com/offer/599213272346.html
义乌市旭爵电子商务有限公司;https://shop1415896901343.1688.com;https://detail.1688.com/offer/571097572807.html
义乌市韩饰界电子科技有限公司;https://shop343b88869jj94.1688.com;https://detail.1688.com/offer/589822916866.html
义乌市汉琛电子商务商行;https://shop3r295667t9r70.1688.com;https://detail.1688.com/offer/646051670641.html
义乌市梓棠饰品有限公司;https://520zitang.1688.com;https://detail.1688.com/offer/578105055203.html
浙江省义乌市康莉饰品有限公司;https://canlynjewelry.1688.com;https://detail.1688.com/offer/615567255360.html
义乌市聚杰贸易有限公司;https://yiwujujie.1688.com;https://detail.1688.com/offer/639077045058.html
义乌市驰航饰品有限公司;https://fashionworld1008.1688.com;https://detail.1688.com/offer/611227326808.html
义乌市薇琦饰品有限公司;https://shop2s6211891q7s1.1688.com;https://detail.1688.com/offer/629715159442.html
义乌市闪魅饰品有限公司;https://shop9q93x51240j07.1688.com;https://detail.1688.com/offer/637986493242.html
义乌市宋谦电子商务商行;https://shop1458061191143.1688.com;https://detail.1688.com/offer/550075916949.html
义乌市柏岳电子商务有限公司;https://shop608m629791152.1688.com;https://detail.1688.com/offer/606817736807.html
义乌市梓艳电子商务商行;https://shop1f692c0090f62.1688.com;https://detail.1688.com/offer/577641443957.html
义乌市凌熙饰品厂;https://shop1474389973288.1688.com;https://detail.1688.com/offer/563224106119.html
义乌市梓乡电子商务商行;https://shop1b240549506t7.1688.com;https://detail.1688.com/offer/568095566289.html
义乌市秀桢电子商务有限公司;https://shop1473871349125.1688.com;https://detail.1688.com/offer/654536051907.html
义乌市拓丰服饰有限公司;https://emanco.1688.com;https://detail.1688.com/offer/597707726182.html
东莞市百川饰品有限公司;https://shop16s265fg83754.1688.com;https://detail.1688.com/offer/650142666246.html
义乌市图彩电子商务商行;https://shop1426610600331.1688.com;https://detail.1688.com/offer/563118067568.html
义乌市志睿电子商务有限公司;https://shop535n31l3t5596.1688.com;https://detail.1688.com/offer/654148738008.html
深圳罗湖区莹宝首饰厂;https://shop0h9661zx55000.1688.com;https://detail.1688.com/offer/655587307980.html
义乌市优韩饰品有限公司;https://shop1404924656664.1688.com;https://detail.1688.com/offer/640371080604.html
深圳市艾普义科技有限公司;https://tokqiy.1688.com;https://detail.1688.com/offer/655933754391.html
深圳市金玫瑰饰品有限公司;https://shop1392915239990.1688.com;https://detail.1688.com/offer/605167726506.html
深圳爱慕尼饰品有限公司;https://aimuni789.1688.com;https://detail.1688.com/offer/604945297948.html
义乌市宜达饰品有限公司;https://youpinyida.1688.com;https://detail.1688.com/offer/583244653640.html
义乌市鼎程贸易有限公司;https://janeman.1688.com;https://detail.1688.com/offer/625271417340.html
义乌市饰缘贸易有限公司;https://shop45575v01d9941.1688.com;https://detail.1688.com/offer/641295595582.html
义乌市澳慕电子商务商行;https://shop1465058207998.1688.com;https://detail.1688.com/offer/585695893582.html
义乌市聚嘉饰品有限公司;https://jujiajewelry.1688.com;https://detail.1688.com/offer/619292809457.html
义乌市豪彪饰品有限公司;https://haobiaoshiping.1688.com;https://detail.1688.com/offer/585679057034.html
义乌市龙雅饰品有限公司;https://shop1459961128418.1688.com;https://detail.1688.com/offer/577158888223.html
义乌市艺真饰品有限公司;https://shop1467046971656.1688.com;https://detail.1688.com/offer/579118770568.html
何栋明;https://shop1431575231302.1688.com;https://detail.1688.com/offer/582642330619.html
义乌市蓝淘饰品有限公司;https://lantaoshiping.1688.com;https://detail.1688.com/offer/586125662679.html
义乌市轻扬电子商务商行;https://zhenhaoo.1688.com;https://detail.1688.com/offer/646962111214.html
义乌市伊饰电子商务商行;https://shop4t027519a19t7.1688.com;https://detail.1688.com/offer/578602786297.html
义乌市思成工艺品商行;https://ywps2.1688.com;https://detail.1688.com/offer/596350227600.html
义乌市添丽饰品有限公司;https://ywtianlishipin.1688.com;https://detail.1688.com/offer/595752753932.html
义乌市千姿饰品有限公司;https://qianzic.1688.com;https://detail.1688.com/offer/609917459472.html
义乌浩利电子商务有限公司;https://haoli666.1688.com;https://detail.1688.com/offer/596017074498.html
义乌市金将电子商务有限公司;https://shop828008hg55759.1688.com;https://detail.1688.com/offer/615341892411.html
义乌市久通饰品加工厂;https://shop6z258x2087823.1688.com;https://detail.1688.com/offer/595829178895.html
义乌市妙雅饰品有限公司;https://shop6239730h56062.1688.com;https://detail.1688.com/offer/643250601496.html
义乌市圆钱电子商务有限公司;https://shop42p12446v6241.1688.com;https://detail.1688.com/offer/643240830788.html
义乌市粤维电子商务商行;https://shop24896t6bs2544.1688.com;https://detail.1688.com/offer/642588016986.html
义乌市金蒙电子商务有限公司;https://shop6907i024g4422.1688.com;https://detail.1688.com/offer/646674137026.html
义乌市蓦然电子商务商行;https://shop4p24079984497.1688.com;https://detail.1688.com/offer/644202206329.html
西安市雁塔区天紫海商贸店;https://shop144804545d754.1688.com;https://detail.1688.com/offer/638742492312.html
义乌市诚精电子商务商行;https://shop7838p6v6141x7.1688.com;https://detail.1688.com/offer/639071003803.html
义乌市参翔电子商务商行;https://shop87r8yj48194u1.1688.com;https://detail.1688.com/offer/655731026126.html
东莞市如刚五金饰品有限公司;https://rugang6666.1688.com;https://detail.1688.com/offer/601664700896.html
无锡露普索娜服装贸易有限公司;https://shop1490102282354.1688.com;https://detail.1688.com/offer/629752910155.html
深圳市摩天轮饰品有限公司;https://shop1426490825222.1688.com;https://detail.1688.com/offer/642943896715.html
东莞市长安陌尚饰品厂;https://shop6905764s983s0.1688.com;https://detail.1688.com/offer/652645003097.html
城阳区爱伊娜饰品批发商行;https://waimaoshipinpifa.1688.com;https://detail.1688.com/offer/649806961170.html
深圳市龙岗区欧麦卡饰品商贸行;https://shop1453394341514.1688.com;https://detail.1688.com/offer/629368929472.html
义乌市恰薇电子商务商行;https://shop1490461098607.1688.com;https://detail.1688.com/offer/643381789629.html
义乌市黛仁饰品有限公司;https://shop1398877022652.1688.com;https://detail.1688.com/offer/580197889378.html
义乌市苏仁饰品有限公司;https://shop1436374539057.1688.com;https://detail.1688.com/offer/579196930689.html
东莞市汉泽斯科技有限公司;https://hanzisi1314.1688.com;https://detail.1688.com/offer/643792390237.html
义乌市随变饰品有限公司;https://shop1461257355826.1688.com;https://detail.1688.com/offer/623610798165.html
义乌市可仁饰品有限公司;https://hyssmy.1688.com;https://detail.1688.com/offer/537814753594.html
义乌市雪沙电子商务有限公司;https://shop77686d71307q9.1688.com;https://detail.1688.com/offer/641472757645.html
义乌市硕屿电子商务商行;https://shop5035n38nb6378.1688.com;https://detail.1688.com/offer/655803806201.html
博爱县柯文日用百货网店;https://shop33o5801v34407.1688.com;https://detail.1688.com/offer/651768515310.html
宁乡黄义军服装店;https://oulaiya.1688.com;https://detail.1688.com/offer/651839868351.html
博爱县张程日用品网店;https://shop10bb084c17965.1688.com;https://detail.1688.com/offer/651473894264.html
东莞泰美达科技有限公司;https://shop8j88327k19689.1688.com;https://detail.1688.com/offer/645577206103.html
深圳市米格之科技有限公司;https://shop048alh2968584.1688.com;https://detail.1688.com/offer/639134807696.html
深圳市鸿燕数码科技有限公司;https://shop58v8043vr7200.1688.com;https://detail.1688.com/offer/638803554580.html
东莞市乾锦电子科技有限公司;https://shop1ep1r30546713.1688.com;https://detail.1688.com/offer/653555940738.html
义乌市雪柔饰品有限公司;https://jane727.1688.com;https://detail.1688.com/offer/597682431975.html
义乌市蓝冠饰品有限公司;https://languanjewelry.1688.com;https://detail.1688.com/offer/610490825513.html
深圳市志福科技有限公司;https://shop1l58910t96187.1688.com;https://detail.1688.com/offer/638807294024.html
义乌市腾层电子商务有限公司;https://tengceng.1688.com;https://detail.1688.com/offer/606446049457.html
义乌市坤娟电子商务有限公司;https://kunjuan228.1688.com;https://detail.1688.com/offer/596942908005.html
上海百域国际贸易有限责任公司;https://shop6u60f2595w524.1688.com;https://detail.1688.com/offer/597333964591.html
博爱县日昊日用百货批发店;https://shop73007y6766484.1688.com;https://detail.1688.com/offer/651623962010.html
博爱县韦镪日用百货网店;https://shop8395m6734p1s7.1688.com;https://detail.1688.com/offer/652140939993.html
张冬梅;https://shop1357494070523.1688.com;https://detail.1688.com/offer/602441021440.html
东阳市白云忠信饰品厂;https://shop843160617ae57.1688.com;https://detail.1688.com/offer/653223028241.html
义乌市威扬饰品有限公司;https://weiyangsp.1688.com;https://detail.1688.com/offer/43509187185.html
义乌乾琦贸易商行;https://shop9636s572l3261.1688.com;https://detail.1688.com/offer/646475762472.html
王忠信;https://xiuxiu11142012.1688.com;https://detail.1688.com/offer/655658138667.html
义乌市荣燕贸易有限公司;https://shop73p54i6686016.1688.com;https://detail.1688.com/offer/638698319691.html
义乌市彬利饰品厂;https://shop4z59215r48s08.1688.com;https://detail.1688.com/offer/641864321415.html
义乌市伊柔饰品有限公司;https://shop49439e72186r4.1688.com;https://detail.1688.com/offer/646366308822.html
