广信区平辉饰品厂;https://shop6242kb3739755.1688.com;https://detail.1688.com/offer/618653133296.html
义乌市彤灿饰品有限公司;https://tongcanhair.1688.com;https://detail.1688.com/offer/560165593338.html
义乌市格尚电子商务商行;https://15geshang.1688.com;https://detail.1688.com/offer/554944921704.html
义乌市库瑞电子商务有限公司;https://kr1jpf.1688.com;https://detail.1688.com/offer/574510569164.html
苏州尚丝曼丝绸有限公司;https://shop61238zm150704.1688.com;https://detail.1688.com/offer/655809810492.html
义乌市漂洋饰品有限公司;https://pyshp2003666.1688.com;https://detail.1688.com/offer/575765453068.html
永定区翘雪密百货店;https://shop1229441740g66.1688.com;https://detail.1688.com/offer/641582232187.html
义乌市楚玉饰品厂;https://chuyushipin.1688.com;https://detail.1688.com/offer/654692255070.html
义乌市采缕饰品厂;https://cailushipin.1688.com;https://detail.1688.com/offer/559371893050.html
义乌市冷安电子商务商行;https://shop1464368243607.1688.com;https://detail.1688.com/offer/563815213157.html
义乌市蕊柔电子商务商行;https://shop1414773994392.1688.com;https://detail.1688.com/offer/563911731274.html
义乌市美航饰品有限公司;https://shop1386953617542.1688.com;https://detail.1688.com/offer/579347786613.html
义乌韩茜饰品有限公司;https://shop8z972191rz142.1688.com;https://detail.1688.com/offer/625594035472.html
广州烧刃服装厂;https://shop019g3657o0594.1688.com;https://detail.1688.com/offer/642765109754.html
无锡市五季针纺科技有限公司;https://wxswjzf.1688.com;https://detail.1688.com/offer/637177465635.html
义乌市粟叶贸易有限公司;https://shop669b3c44b5117.1688.com;https://detail.1688.com/offer/600880425739.html
义乌市昌聪电子商务有限公司;https://shop93200qt6d9610.1688.com;https://detail.1688.com/offer/580067146757.html
义乌市海韩电子商务商行;https://shop1495040012897.1688.com;https://detail.1688.com/offer/579223553675.html
义乌市奕涵贸易有限公司;https://shop92938390tg776.1688.com;https://detail.1688.com/offer/590561102996.html
新罗区卡咖百货商行;https://shop60s249cc9u682.1688.com;https://detail.1688.com/offer/649820001486.html
深圳市南山区唐歆服饰商行;https://chenmeixiong.1688.com;https://detail.1688.com/offer/542395370259.html
深圳市宝安区福海靓依都服装厂;https://shop1494607960707.1688.com;https://detail.1688.com/offer/633818669951.html
广州哈琳娜饰品厂;https://harrina.1688.com;https://detail.1688.com/offer/643590979523.html
广信区春顺电子商务经营部;https://shop484o9s5746u78.1688.com;https://detail.1688.com/offer/643167240091.html
义乌市杰盾饰品厂;https://shop1429808252788.1688.com;https://detail.1688.com/offer/561594275569.html
余江区高飞飞电子商务商行;https://shop9765652s93969.1688.com;https://detail.1688.com/offer/653255864094.html
广州荣兴百货商行;https://shop95581uu450011.1688.com;https://detail.1688.com/offer/653139984230.html
深圳市宝安区尹联锦贸易商行;https://shop33i49tb351314.1688.com;https://detail.1688.com/offer/653923380861.html
玉林市玉州区海庆日用品店;https://shop3b30601842x01.1688.com;https://detail.1688.com/offer/642539165688.html
铅山县青溪发饰界;https://shop4p0ee78860292.1688.com;https://detail.1688.com/offer/627485187093.html
丹阳市界牌镇圆具德工艺礼品厂;https://shop1f64x36372f48.1688.com;https://detail.1688.com/offer/654976037779.html
余江区苏迪电子商务商行;https://shop45j690f484785.1688.com;https://detail.1688.com/offer/650800780077.html
万载县捷穷百货店;https://shop86n47fp087789.1688.com;https://detail.1688.com/offer/652557542359.html
义乌市念凯电子商务商行;https://shop1439916722596.1688.com;https://detail.1688.com/offer/521796488083.html
玉林市玉州区德悦百货店;https://shop4045paa974195.1688.com;https://detail.1688.com/offer/649324906965.html
义乌市发邦饰品有限公司;https://ywfbspc.1688.com;https://detail.1688.com/offer/558606469489.html
义乌市美妙日用品有限公司;https://ywmeimiao.1688.com;https://detail.1688.com/offer/569633380287.html
义乌市球球贸易有限公司;https://qiuqiumaoyi.1688.com;https://detail.1688.com/offer/647601212042.html
义乌市锡奎电子商务商行;https://shop12t8172030177.1688.com;https://detail.1688.com/offer/652278266026.html
柘荣县庆方日用品经营部;https://shop81y8544775452.1688.com;https://detail.1688.com/offer/652285804808.html
义乌市雅伦饰品有限公司;https://yalunshipin.1688.com;https://detail.1688.com/offer/628483084007.html
广州市花都区淑络商贸店;https://shop0910260953482.1688.com;https://detail.1688.com/offer/653149876983.html
义乌市蓦然电子商务商行;https://shop4p24079984497.1688.com;https://detail.1688.com/offer/634588235471.html
义乌市硕皇电子商务有限公司;https://shop5004175z74496.1688.com;https://detail.1688.com/offer/588587070616.html
义乌市典素电子商务商行;https://shop7f40538l93464.1688.com;https://detail.1688.com/offer/561107426811.html
天门市如磬百货店;https://shop16u9556v63681.1688.com;https://detail.1688.com/offer/620077244809.html
金华市婺城区康进发饰商行;https://shop1438016075491.1688.com;https://detail.1688.com/offer/557034718775.html
义乌市欣哲日用品有限公司;https://shop8023710380kb8.1688.com;https://detail.1688.com/offer/598118649514.html
深圳市欣盛饰品有限公司;https://xinshengzhubao.1688.com;https://detail.1688.com/offer/586107549598.html
五华县横陂镇珊草原商行;https://shop3870704b9c3p3.1688.com;https://detail.1688.com/offer/651580406732.html
兰山区暨诺商贸商行;https://shop596b2p0679036.1688.com;https://detail.1688.com/offer/653397181588.html
义乌市粟芳日用百货商行;https://shop9554605798ny3.1688.com;https://detail.1688.com/offer/653524298074.html
深圳市迈左林计算机科技有限公司;https://shop72089dh79g3y2.1688.com;https://detail.1688.com/offer/639727238944.html
广州问凝贸易有限公司;https://shop3561772880877.1688.com;https://detail.1688.com/offer/640056547641.html
凤阳县跃进箱包制造有限责任公司;https://shop1468601463628.1688.com;https://detail.1688.com/offer/655559221230.html
义乌市华欣饰品有限公司;https://shop89fu866116620.1688.com;https://detail.1688.com/offer/560860658518.html
寿县阳梁百货店;https://shop7206484p13524.1688.com;https://detail.1688.com/offer/655649322052.html
义乌市宣颖电子商务有限公司;https://shop90606028po4a4.1688.com;https://detail.1688.com/offer/654924655118.html
佛山市南海区缪可馨金属制品厂;https://shop72697n2989966.1688.com;https://detail.1688.com/offer/628193830727.html
谢家集区白广百货经营部;https://shop1f83201506739.1688.com;https://detail.1688.com/offer/655647290153.html
义乌市牵动饰品商行;https://shop8j8730w057330.1688.com;https://detail.1688.com/offer/619458735212.html
东阳市兴佳饰品有限公司;https://shop9s668517542v1.1688.com;https://detail.1688.com/offer/624993083366.html
义乌市裕佳饰品有限公司;https://shop5964h4465hs78.1688.com;https://detail.1688.com/offer/647359395938.html
义乌市迎鹏饰品商行;https://ywyingpengsp.1688.com;https://detail.1688.com/offer/625751851991.html
苏州采缘秀丝绸有限公司;https://shop1460468598542.1688.com;https://detail.1688.com/offer/585075486442.html
义乌市鑫悦电子商务商行;https://shop75543001v3j11.1688.com;https://detail.1688.com/offer/626177905157.html
义乌市汉登饰品有限公司;https://handeng.1688.com;https://detail.1688.com/offer/563219683483.html
义乌市少康电子商务有限公司;https://16shaokang.1688.com;https://detail.1688.com/offer/547803074603.html
义乌市摩多贸易有限公司;https://moduomaoyi.1688.com;https://detail.1688.com/offer/642435290484.html
义乌市卓海日用品有限公司;https://shop1463848745937.1688.com;https://detail.1688.com/offer/558964424166.html
义乌市席席饰品有限公司;https://shop5p28572787731.1688.com;https://detail.1688.com/offer/633747184087.html
铅山县柳丰饰品有限公司;https://shop89az068937w22.1688.com;https://detail.1688.com/offer/586032931041.html
苏州吴乔丝绸科技有限公司;https://wqsilk.1688.com;https://detail.1688.com/offer/589574655359.html
义乌市瞳诺饰品有限公司;https://shop11mm441918857.1688.com;https://detail.1688.com/offer/646857717622.html
义乌市奕圣服饰厂;https://yiwuyisheng.1688.com;https://detail.1688.com/offer/621267282240.html
铅山县鹅湖镇江志军饰品厂;https://shop406620z059382.1688.com;https://detail.1688.com/offer/577934840368.html
深圳市龙华新区伊百分手工饰品厂;https://storyacc.1688.com;https://detail.1688.com/offer/563430255189.html
石狮市简峰申若网络百货商行;https://shop56481ni5f6027.1688.com;https://detail.1688.com/offer/650282285812.html
鄱阳县能冷松珠宝店;https://shop36203f1006856.1688.com;https://detail.1688.com/offer/649700664582.html
义乌市杏美饰品有限公司;https://shop9051190686f67.1688.com;https://detail.1688.com/offer/642708106063.html
万载县森周嗯日用品经营部;https://shop9268r3ph89534.1688.com;https://detail.1688.com/offer/651832074404.html
深圳市圣泓装饰品有限公司;https://shop1468343098506.1688.com;https://detail.1688.com/offer/573607675475.html
义乌市杰勋电子商务商行;https://shop80tv491t03566.1688.com;https://detail.1688.com/offer/654218780676.html
余江区迪天经营部;https://shop651z699s057s3.1688.com;https://detail.1688.com/offer/655079592638.html
柘荣县周期日用品经营部;https://shop3730385521h31.1688.com;https://detail.1688.com/offer/654184719271.html
余江区偌慧经营部;https://shop2158240687t51.1688.com;https://detail.1688.com/offer/653994999505.html
义乌市名夏饰品有限公司;https://shop3255lu3598d98.1688.com;https://detail.1688.com/offer/619340590642.html
义乌市义一贸易有限公司;https://yiyiliangpin.1688.com;https://detail.1688.com/offer/606957615255.html
东莞市桥头安盈雨衣厂;https://dganyin318.1688.com;https://detail.1688.com/offer/650289354855.html
义乌帆影饰品有限公司;https://fanyingshipin.1688.com;https://detail.1688.com/offer/572660898759.html
玉林市玉州区居图百货店;https://shop86i8q44i63936.1688.com;https://detail.1688.com/offer/650066846577.html
广州迪玛森体育用品有限公司;https://yogadmasun.1688.com;https://detail.1688.com/offer/38179657506.html
南平市建阳区林农皎洁百货店;https://shop19608zv047824.1688.com;https://detail.1688.com/offer/653099230839.html
义乌市缕露工艺品有限公司;https://shop1440089447822.1688.com;https://detail.1688.com/offer/559117830898.html
义乌市雅风贸易有限公司;https://shop4894f5058s850.1688.com;https://detail.1688.com/offer/614334303366.html
义乌市墨露饰品有限公司;https://moroedress.1688.com;https://detail.1688.com/offer/567306752211.html
余江区达琪尼商贸商行;https://shop07009673185i6.1688.com;https://detail.1688.com/offer/653688691302.html
义乌市巩凡贸易商行;https://shop9818199215798.1688.com;https://detail.1688.com/offer/635407394988.html
义乌市众盈日用品有限公司;https://shop440b975n77414.1688.com;https://detail.1688.com/offer/630810824826.html
广州市越秀区雄昊贸易商行;https://shop971r50658a1s2.1688.com;https://detail.1688.com/offer/644112607236.html
东莞市黄江聚晓电子商务商行;https://shop663589544k004.1688.com;https://detail.1688.com/offer/645942529081.html
柳州市汇商电子商务有限公司;https://shop427564dce5705.1688.com;https://detail.1688.com/offer/640635189697.html
义乌市飘润日用品厂;https://shop1358960217942.1688.com;https://detail.1688.com/offer/559424216023.html
义乌市东石日用百货商行;https://dsf1688.1688.com;https://detail.1688.com/offer/606785757584.html
安徽佐缔电子商务有限公司;https://shop7100o557j3w25.1688.com;https://detail.1688.com/offer/650340933387.html
新罗区翠录露百货商行;https://shop9d33290w9d821.1688.com;https://detail.1688.com/offer/643815499559.html
台州市黄岩讯妮电子商务商行;https://shop2j92524h8h865.1688.com;https://detail.1688.com/offer/653482790992.html
铅山县青溪创新服饰有限公司;https://shop9673wj19436v5.1688.com;https://detail.1688.com/offer/633547310416.html
义乌市初普电子有限公司;https://cupudz.1688.com;https://detail.1688.com/offer/649068978073.html
高新区枫桥真诗好百货商行;https://shop4qq3946748836.1688.com;https://detail.1688.com/offer/652824105288.html
余姚市暇宇电子经营部;https://shop78884574698v7.1688.com;https://detail.1688.com/offer/653201041156.html
永定区禧毕临商行;https://shop05780285x4467.1688.com;https://detail.1688.com/offer/631920451404.html
丹阳市界牌镇闪之耐家居用品厂;https://shop8c21c434t0761.1688.com;https://detail.1688.com/offer/650279236069.html
广州市荔湾区红大梁贸易部;https://shop842r898510287.1688.com;https://detail.1688.com/offer/652544414134.html
新罗区西虾百货商行;https://shop493655174e278.1688.com;https://detail.1688.com/offer/654046631922.html
新罗区宛尘百货商行;https://shop7b428605090x6.1688.com;https://detail.1688.com/offer/649321997968.html
苏州伊绫丝绸有限公司;https://yilingsilk.1688.com;https://detail.1688.com/offer/605558239056.html
尤溪县商侣商行;https://shop774741w930t07.1688.com;https://detail.1688.com/offer/650779116635.html
广州摩途贸易商行;https://shop2896v3v0m1525.1688.com;https://detail.1688.com/offer/652434747812.html
新罗区金舞花百货商行;https://shop27785mu839m94.1688.com;https://detail.1688.com/offer/647013653847.html
义乌市漱也电子商务商行;https://shop75050556z99w6.1688.com;https://detail.1688.com/offer/654672749651.html
广州泰洁康贸易商行;https://shop71ey303429494.1688.com;https://detail.1688.com/offer/655478169577.html
义乌市霆扬贸易有限公司;https://shop3294645374744.1688.com;https://detail.1688.com/offer/617862867208.html
义乌市迪倩饰品有限公司;https://ywdiqian.1688.com;https://detail.1688.com/offer/528679947986.html
义乌市福腾电子商务商行;https://shop04t426o401701.1688.com;https://detail.1688.com/offer/616858322862.html
义乌市巨欣饰品有限公司;https://juxinsp.1688.com;https://detail.1688.com/offer/540611157276.html
晋江市利义生合电子商务有限公司;https://shop0115gg0119046.1688.com;https://detail.1688.com/offer/634172727300.html
博爱县达令服装店;https://shop20s640479at40.1688.com;https://detail.1688.com/offer/648754189637.html
义乌市鸿业针织厂;https://shop23535853q0112.1688.com;https://detail.1688.com/offer/645148623798.html
义乌市蓝豆饰品有限公司;https://yebeijewelry.1688.com;https://detail.1688.com/offer/567449464888.html
浦江县趣凡易购电子商务商行;https://shop1411750129781.1688.com;https://detail.1688.com/offer/623272065557.html
义乌市芭达电子商务商行;https://shop0l99209469239.1688.com;https://detail.1688.com/offer/644827334367.html
东阳市白云娜娜电子商务商行;https://shop1488992237370.1688.com;https://detail.1688.com/offer/617245867528.html
义乌市译蔓电子商务商行;https://yimangshipin.1688.com;https://detail.1688.com/offer/599807736031.html
东阳市白云成宝电子商务商行;https://shop5087v7830v937.1688.com;https://detail.1688.com/offer/613201394294.html
南平市建阳区林农沃德百货店;https://shop83w7284142161.1688.com;https://detail.1688.com/offer/655769871364.html
义乌市思恋电子商务商行;https://shop1464368250733.1688.com;https://detail.1688.com/offer/558109172640.html
义乌市脖乐贸易有限公司;https://shop1467049468883.1688.com;https://detail.1688.com/offer/644081664099.html
义乌市纳兹眼镜厂;https://shop44541124623f4.1688.com;https://detail.1688.com/offer/627777602254.html
义乌市弘妍化妆用具厂;https://shop5026987835do4.1688.com;https://detail.1688.com/offer/644083148447.html
丰泽区毕恰百货网店;https://shop5191i18425046.1688.com;https://detail.1688.com/offer/652437062494.html
海口龙华区申业贸易商行;https://shop58119d2936269.1688.com;https://detail.1688.com/offer/652980042383.html
丰泽区是随百货网店;https://shop72n943964nw75.1688.com;https://detail.1688.com/offer/651816644322.html
丰泽区偏漫百货网店;https://shop22y641320u168.1688.com;https://detail.1688.com/offer/651646880202.html
南平市建阳区林农秦宣百货店;https://shop94371q673k841.1688.com;https://detail.1688.com/offer/652518202737.html
义乌市欣恋贸易有限公司;https://shop1494521932336.1688.com;https://detail.1688.com/offer/589745687902.html
义乌市秦奋日用百货有限公司;https://shop827r7k80027c1.1688.com;https://detail.1688.com/offer/642409111897.html
柘荣县捷开日用品经营部;https://shop207453n6d6443.1688.com;https://detail.1688.com/offer/646471444608.html
广州越秀区欣倪商贸有限公司;https://shop899d3685d3801.1688.com;https://detail.1688.com/offer/642713016068.html
义乌市朱妙电子商务商行;https://shop1406566477853.1688.com;https://detail.1688.com/offer/644471173485.html
博爱县柯文日用百货网店;https://shop33o5801v34407.1688.com;https://detail.1688.com/offer/652686909742.html
郑州市管城回族区瑞秋饰品店;https://shop0z461172yz882.1688.com;https://detail.1688.com/offer/647854832532.html
广州米图优购服饰有限公司;https://shop81481891d5a89.1688.com;https://detail.1688.com/offer/631300596902.html
博爱县小小鸽日用百货网店;https://shop7g682h8103413.1688.com;https://detail.1688.com/offer/647595527573.html
博爱县肥仔日用品网店;https://shop98q3702970653.1688.com;https://detail.1688.com/offer/648965332946.html
义乌市东畔饰品有限公司;https://donpan.1688.com;https://detail.1688.com/offer/578001000297.html
义乌市慧逸饰品有限公司;https://huiyii.1688.com;https://detail.1688.com/offer/528523477958.html
义乌市岑迷饰品有限公司;https://shop1375289628741.1688.com;https://detail.1688.com/offer/559748408013.html
阚永新;https://ywxcfc.1688.com;https://detail.1688.com/offer/548188864754.html
通山县清就百货店;https://shop6068y6c076831.1688.com;https://detail.1688.com/offer/655930947556.html
鄱阳县肇施珠宝店;https://shop44u7018356955.1688.com;https://detail.1688.com/offer/652734961003.html
余江区鑫雯经营部;https://shop6311v304yk245.1688.com;https://detail.1688.com/offer/654960129350.html
广州盾之心建筑材料有限公司;https://shop839c888ci0915.1688.com;https://detail.1688.com/offer/653590765981.html
临海市炫旭眼镜厂;https://sunglass.1688.com;https://detail.1688.com/offer/644081376799.html
慈溪市易圣鞋厂;https://shop4502z3w773081.1688.com;https://detail.1688.com/offer/644081692003.html
佛山市南海区丹灶宸祥五金交电商行;https://shop8b03v069e6692.1688.com;https://detail.1688.com/offer/640093707730.html
上海贝饰贸易有限公司;https://shop58co33200i882.1688.com;https://detail.1688.com/offer/625412834857.html
义乌市晗杜电子商务商行;https://shop704xx31840z32.1688.com;https://detail.1688.com/offer/655175019186.html
义乌市真欣电子商务商行;https://shop509491775bd03.1688.com;https://detail.1688.com/offer/578163249494.html
义乌市赢旗电子商务商行;https://shop0c511410451q5.1688.com;https://detail.1688.com/offer/653746304548.html
义乌市曹邦电子商务商行;https://shop7d957204336a0.1688.com;https://detail.1688.com/offer/655397651192.html
义乌市爱顺电子商务商行;https://shop7i431q5z02450.1688.com;https://detail.1688.com/offer/645168679191.html
义乌市尚捷饰品有限公司;https://shop11759725e5h10.1688.com;https://detail.1688.com/offer/577879592576.html
义乌市昕越饰品有限公司;https://shop76h27843247d7.1688.com;https://detail.1688.com/offer/630266112150.html
深圳市宝安区途逸贸易商行;https://shop77348h50i0721.1688.com;https://detail.1688.com/offer/653539276763.html
义乌市杰佑贸易有限公司;https://shop2091807f24b12.1688.com;https://detail.1688.com/offer/599363806371.html
高新区枫桥顺如祥贸易商行;https://shop0202v1w781q91.1688.com;https://detail.1688.com/offer/653982740704.html
义乌市普舒电子商务商行;https://shop2e03834356j06.1688.com;https://detail.1688.com/offer/642834970793.html
义乌市民森贸易有限公司;https://shop46v7839368964.1688.com;https://detail.1688.com/offer/610458521609.html
义乌市卓巧电子商务商行;https://shop27w43y665i529.1688.com;https://detail.1688.com/offer/643867941696.html
苍南县昕呗服装网店;https://shop2i60g8691p529.1688.com;https://detail.1688.com/offer/651085560542.html
义乌市随敏饰品有限公司;https://shop1406652834510.1688.com;https://detail.1688.com/offer/533008643104.html
深圳市宝安区放芯微电子厂;https://shop91b59b0397032.1688.com;https://detail.1688.com/offer/639588178613.html
永定区夕则实百货店;https://shop16u9703g55u53.1688.com;https://detail.1688.com/offer/650337909391.html
南平市建阳区林农文魏丕百货店;https://shop065acr1838165.1688.com;https://detail.1688.com/offer/645632055275.html
义乌市和壁电子商务商行;https://shop1473785407626.1688.com;https://detail.1688.com/offer/589964981237.html
义乌市涵哲电子商务有限公司;https://shop027825o501i63.1688.com;https://detail.1688.com/offer/616347005157.html
义乌市和互电子商务商行;https://shop1388317345160.1688.com;https://detail.1688.com/offer/547797421225.html
苏州市路美清洁用品有限公司;https://szlumo.1688.com;https://detail.1688.com/offer/628593192956.html
永定区虑腾炎百货商行;https://shop239074ce34y97.1688.com;https://detail.1688.com/offer/644801291525.html
义乌高盛电子商务有限公司;https://ywmaygo.1688.com;https://detail.1688.com/offer/574158015187.html
广州银雪服饰有限公司;https://shop9ii855d666099.1688.com;https://detail.1688.com/offer/630765429811.html
霞浦县妍莫日用品经营部;https://shop76247840s4845.1688.com;https://detail.1688.com/offer/633591905752.html
义乌市杰魁饰品有限公司;https://shop1457974100786.1688.com;https://detail.1688.com/offer/560051957652.html
铅山县林宸贸易有限公司;https://shop99552u1615021.1688.com;https://detail.1688.com/offer/625325295742.html
铅山县青溪创新饰品厂;https://shop83m228x419h67.1688.com;https://detail.1688.com/offer/582288990275.html
义乌市秀尔电子商务商行;https://shop1465405439444.1688.com;https://detail.1688.com/offer/559961568257.html
丹阳市界牌镇莱汇具工艺礼品厂;https://shop47k3k337q3832.1688.com;https://detail.1688.com/offer/652812685210.html
深圳市优威德文化传播有限公司;https://shop2g9866g2821o0.1688.com;https://detail.1688.com/offer/639349504785.html
铅山县青溪星语针织加工厂;https://shop08718f6m65113.1688.com;https://detail.1688.com/offer/595162746820.html
义乌市旺晤电子商务商行;https://shop9487262144t20.1688.com;https://detail.1688.com/offer/653976982559.html
广州嘉芬网络科技有限公司;https://shop7o3504q138546.1688.com;https://detail.1688.com/offer/644093062805.html
义乌市易亿电子商务商行;https://shop8447e46405x71.1688.com;https://detail.1688.com/offer/554497916448.html
铅山县鹅湖镇新亿饰品厂;https://shop4j493v4504423.1688.com;https://detail.1688.com/offer/576345433880.html
万载县环旭日用品经营部;https://shop23712143w33p7.1688.com;https://detail.1688.com/offer/651905403339.html
南平市建阳区林农章草百货店;https://shop11lz0h7892940.1688.com;https://detail.1688.com/offer/645762447905.html
义乌市厚盾电子商务商行;https://shop106434x85n9j8.1688.com;https://detail.1688.com/offer/648901409412.html
万载县清坤日用品经营部;https://shop96621o2145555.1688.com;https://detail.1688.com/offer/651819255792.html
