义乌市娣科饰品有限公司;https://shop97n80x4277259.1688.com;https://detail.1688.com/offer/653549510991.html
义乌市维裕饰品有限公司;https://shop386o39f949157.1688.com;https://detail.1688.com/offer/576351376598.html
义乌市赤洁电子商务商行;https://shop10f7749243421.1688.com;https://detail.1688.com/offer/629841295664.html
义乌市湛盎电子商务商行;https://shop325e311485358.1688.com;https://detail.1688.com/offer/654376549322.html
广州纳唯斯毛巾有限公司;https://nwstowel.1688.com;https://detail.1688.com/offer/637730293325.html
博爱县肥仔日用品网店;https://shop98q3702970653.1688.com;https://detail.1688.com/offer/650113502083.html
义乌市妍洋饰品有限公司;https://shop10271s8711638.1688.com;https://detail.1688.com/offer/560530388692.html
义乌市思煜饰品有限公司;https://shop8125180661p06.1688.com;https://detail.1688.com/offer/620407220853.html
义乌市戴薇贸易有限公司;https://shop26f9701ncj593.1688.com;https://detail.1688.com/offer/642032770945.html
永嘉县发缘塑料加工厂;https://shop03431ym121926.1688.com;https://detail.1688.com/offer/654683938696.html
万载县高轴会百货店;https://shop676760p4507v8.1688.com;https://detail.1688.com/offer/654466220637.html
袁州区七重网络工作室;https://shop764k3289k11o6.1688.com;https://detail.1688.com/offer/655817027196.html
铅山县柳丰饰品有限公司;https://shop89az068937w22.1688.com;https://detail.1688.com/offer/585753721120.html
余江区洋升经营部;https://shop25044n64740z4.1688.com;https://detail.1688.com/offer/655815939542.html
新沂市联之星服装店;https://shop7502y4416l895.1688.com;https://detail.1688.com/offer/655423854638.html
余江区贵欣经营部;https://shop17971k1501sv7.1688.com;https://detail.1688.com/offer/654836365409.html
新罗区迈科百货商行;https://shop4248k82a743s7.1688.com;https://detail.1688.com/offer/652268718799.html
袁州区楠烟网络工作室;https://shop653224db6d762.1688.com;https://detail.1688.com/offer/654730840776.html
袁州区一华网络工作室;https://shop0819290793904.1688.com;https://detail.1688.com/offer/655364551380.html
万载县鱼饿东百货店;https://shop926i611u3i253.1688.com;https://detail.1688.com/offer/654427690406.html
余江区典偌经营部;https://shop24549jt46q226.1688.com;https://detail.1688.com/offer/655185783152.html
余江区宝仕经营部;https://shop98d864023d262.1688.com;https://detail.1688.com/offer/655879739362.html
袁州区北梦网络工作室;https://shop9055836aa19o2.1688.com;https://detail.1688.com/offer/654732356170.html
新沂市符雨诗家居用品经营部;https://shop44c86335b0j73.1688.com;https://detail.1688.com/offer/655284926427.html
义乌市席席饰品有限公司;https://shop5p28572787731.1688.com;https://detail.1688.com/offer/633747184087.html
深圳市欣盛饰品有限公司;https://xinshengzhubao.1688.com;https://detail.1688.com/offer/620215966559.html
义乌市芭炫饰品厂;https://shop2035hk424v179.1688.com;https://detail.1688.com/offer/604639919941.html
玉林市玉州区武神百货店;https://shop158769764sn89.1688.com;https://detail.1688.com/offer/650150532557.html
深圳市光明区卡介工艺品厂;https://shop501n3u4851u52.1688.com;https://detail.1688.com/offer/651095406526.html
深圳市思远峰电子有限公司;https://shop423yu47029484.1688.com;https://detail.1688.com/offer/610044176625.html
万载县洲稍玲百货商行;https://shop92lx4818t8624.1688.com;https://detail.1688.com/offer/655692161961.html
袁州区芮婷网络工作室;https://shop712ff27946c83.1688.com;https://detail.1688.com/offer/655628749971.html
义乌市小乌龟电子商务有限公司;https://xiaowugui.1688.com;https://detail.1688.com/offer/638352905572.html
义乌市妆点饰品有限公司;https://zhuangdianacc.1688.com;https://detail.1688.com/offer/624579912786.html
义乌市雨娇电子商务商行;https://yujiaosp.1688.com;https://detail.1688.com/offer/568424285120.html
义乌市枫狄电子商务商行;https://shop7805a1381c042.1688.com;https://detail.1688.com/offer/655892179215.html
茂南区联城百货经营部;https://shop43d85i4123786.1688.com;https://detail.1688.com/offer/643152451300.html
义乌市玖惑电子商务商行;https://shop90065504l0e84.1688.com;https://detail.1688.com/offer/656038351832.html
南平市建阳区林农皎洁百货店;https://shop19608zv047824.1688.com;https://detail.1688.com/offer/654474100736.html
南平市建阳区广采萱百货店;https://shop07b79v5m68335.1688.com;https://detail.1688.com/offer/655275985703.html
义乌市沈煜电子商务商行;https://shop2p24800i27197.1688.com;https://detail.1688.com/offer/654968068941.html
南平市建阳区可英喆百货店;https://shop262f083593877.1688.com;https://detail.1688.com/offer/655863806712.html
义乌市桐卉电子商务商行;https://shop9p56g57819702.1688.com;https://detail.1688.com/offer/655791550799.html
义乌市施占电子商务商行;https://shop9z644c1314556.1688.com;https://detail.1688.com/offer/656121335301.html
义乌市跃辙电子商务商行;https://shop8865si827m132.1688.com;https://detail.1688.com/offer/655791550684.html
南平市建阳区皇星百货商行;https://shop7670h548m01h6.1688.com;https://detail.1688.com/offer/655867798482.html
历城区商山电子商务部;https://shop299800ny93j86.1688.com;https://detail.1688.com/offer/643297227208.html
义乌市曹邦电子商务商行;https://shop7d957204336a0.1688.com;https://detail.1688.com/offer/656390899481.html
义乌市议夕电子商务商行;https://shop3206584f07ye8.1688.com;https://detail.1688.com/offer/655225564114.html
南平市建阳区豪星百货商行;https://shop56x2460419f96.1688.com;https://detail.1688.com/offer/655669361629.html
义乌市萌娲电子商务商行;https://shop5182545386f27.1688.com;https://detail.1688.com/offer/655554569100.html
新罗区卓越百货商行;https://shop10j83001n7801.1688.com;https://detail.1688.com/offer/646972603855.html
南靖县博科食品商行;https://shop8338201165e55.1688.com;https://detail.1688.com/offer/646114467641.html
义乌市规萨日用品厂;https://shop859672q1n4960.1688.com;https://detail.1688.com/offer/648116101924.html
义乌市骍隆电子商务商行;https://shop684n393892646.1688.com;https://detail.1688.com/offer/655305683209.html
义乌市汉时电子商务商行;https://shop39aj555733h25.1688.com;https://detail.1688.com/offer/654752387416.html
柘荣县庆高日用品经营部;https://shop769894301l342.1688.com;https://detail.1688.com/offer/645153561177.html
扬州威尔仕旅游用品有限公司;https://yzweiershi.1688.com;https://detail.1688.com/offer/616531319542.html
义乌市咔朋服饰有限公司;https://kapengfushi.1688.com;https://detail.1688.com/offer/558610815575.html
义乌市思顺电子商务有限公司;https://sishunec.1688.com;https://detail.1688.com/offer/566808605725.html
义乌市莱玛电子商务有限公司;https://laimasp.1688.com;https://detail.1688.com/offer/580689849603.html
义乌市炫思电子商务有限公司;https://shop1408034608014.1688.com;https://detail.1688.com/offer/652381124390.html
义乌市亿韩饰品有限公司;https://yihanshipin.1688.com;https://detail.1688.com/offer/558979288997.html
五华县横陂镇宏鸿电子商务部;https://shop485o163946qq1.1688.com;https://detail.1688.com/offer/624608862896.html
鄱阳县锺碧春网络技术工作室;https://shop73099657f6bq0.1688.com;https://detail.1688.com/offer/654438668965.html
义乌市楚萝电子商务商行;https://shop384x687563562.1688.com;https://detail.1688.com/offer/630844684780.html
义乌市颂勋电子商务商行;https://shop56a234489d0i4.1688.com;https://detail.1688.com/offer/655625502023.html
新罗区涛涛悦百货店;https://shop40586155k8388.1688.com;https://detail.1688.com/offer/641771543895.html
东阳市白云成宝电子商务商行;https://shop5087v7830v937.1688.com;https://detail.1688.com/offer/613201394294.html
义乌市米欣日用品厂;https://yiwumixin.1688.com;https://detail.1688.com/offer/568939183979.html
东阳市宏如电子商务有限公司;https://hongrushipin.1688.com;https://detail.1688.com/offer/590480935936.html
霞浦县孙肯日用品经营部;https://shop4824718849qu4.1688.com;https://detail.1688.com/offer/656050790181.html
义乌市翔扉电子商务商行;https://shop4607j8625aq12.1688.com;https://detail.1688.com/offer/649720053131.html
义乌市谦穗电子商务商行;https://shop2q1u9824u8387.1688.com;https://detail.1688.com/offer/647176737275.html
义乌市典素电子商务商行;https://shop7f40538l93464.1688.com;https://detail.1688.com/offer/561107426811.html
尤溪县火的鸟商行;https://shop898j665035276.1688.com;https://detail.1688.com/offer/655546465596.html
万载县可籽满百货店;https://shop3278f8e181x10.1688.com;https://detail.1688.com/offer/655715318143.html
义乌市跃越贸易有限公司;https://shop4o88755547939.1688.com;https://detail.1688.com/offer/614079408411.html
义乌市美维饰品有限公司;https://shop247832r228825.1688.com;https://detail.1688.com/offer/651581923405.html
义乌市梵恩饰品有限公司;https://fanen1688.1688.com;https://detail.1688.com/offer/596793255617.html
深圳市宝安区芯琳精品百货贸易商行;https://shop09473z13os376.1688.com;https://detail.1688.com/offer/652890683557.html
余江区银樊经营部;https://shop3i72651249435.1688.com;https://detail.1688.com/offer/655379814680.html
南平市建阳区林农汉献百货店;https://shop4ab9473h86105.1688.com;https://detail.1688.com/offer/645571395874.html
义乌市馨懿饰品有限公司;https://huiyaosujiao.1688.com;https://detail.1688.com/offer/554789204835.html
南平市建阳区李幸容商贸商行;https://shop385935w6179t3.1688.com;https://detail.1688.com/offer/646193706539.html
连城县奚沛容百货店;https://shop4487cdo925799.1688.com;https://detail.1688.com/offer/653917286048.html
义乌市艾蕾亘特饰品厂;https://shop66h557u133484.1688.com;https://detail.1688.com/offer/654245024270.html
南平市建阳区练光纬百货店;https://shop1372um9879169.1688.com;https://detail.1688.com/offer/652050758881.html
南平市建阳区林农秦宣百货店;https://shop94371q673k841.1688.com;https://detail.1688.com/offer/645447477836.html
玉林市玉州区鸿业百货店;https://shop58b910c69o665.1688.com;https://detail.1688.com/offer/655213350936.html
柘荣县庆网日用品经营部;https://shop455b254065j45.1688.com;https://detail.1688.com/offer/652473609965.html
广州烧刃服装厂;https://shop019g3657o0594.1688.com;https://detail.1688.com/offer/643455255625.html
柘荣县楷声日用品经营部;https://shop919sr48055l08.1688.com;https://detail.1688.com/offer/645249808992.html
余江区思尚经营部;https://shop8w51897855957.1688.com;https://detail.1688.com/offer/654219184198.html
金华市厚信贸易有限公司;https://shop1467133866060.1688.com;https://detail.1688.com/offer/556944698512.html
义乌市诸戎电子商务商行;https://shop14c445550n671.1688.com;https://detail.1688.com/offer/648343473002.html
义乌市椒渝百货店;https://shop65069f1272250.1688.com;https://detail.1688.com/offer/652534930021.html
义乌市锦妮饰品有限公司;https://shop06592x25x2407.1688.com;https://detail.1688.com/offer/651236564199.html
永定区申炎季商行;https://shop81287b1807417.1688.com;https://detail.1688.com/offer/639232240603.html
深圳市宝安区荣盛日用百货商行;https://shop804u6h499m132.1688.com;https://detail.1688.com/offer/651696688918.html
