台州依杉鞋业有限公司;https://yishanxieye123.1688.com;https://detail.1688.com/offer/642222089561.html
义乌市银穗饰品厂;https://yinsuishipin.1688.com;https://detail.1688.com/offer/605985608605.html
温岭市大溪云宁童鞋商行;https://shop1474190192267.1688.com;https://detail.1688.com/offer/641729237516.html
义乌市惜郁电子商务有限公司;https://shop1429289450420.1688.com;https://detail.1688.com/offer/596429363907.html
义乌市驻龙电子商务有限公司;https://ywps925.1688.com;https://detail.1688.com/offer/568193831298.html
义乌市爱沐力电子商务有限公司;https://emilyjewelry.1688.com;https://detail.1688.com/offer/644753298351.html
义乌市凡迪饰品有限公司;https://shop59k5p60469j67.1688.com;https://detail.1688.com/offer/630993983504.html
台州市路桥珠帘秀电子商务商行;https://shop6765r793e5134.1688.com;https://detail.1688.com/offer/651134030300.html
台州市黄岩区潼檬贸易商行;https://shop9p82p45178252.1688.com;https://detail.1688.com/offer/654710005753.html
台州市坦妮鞋业有限公司;https://shop4049k6v60v383.1688.com;https://detail.1688.com/offer/644309460119.html
台州市黄岩蜀都鞋业商行;https://shop1445619406622.1688.com;https://detail.1688.com/offer/639366775606.html
义乌市沁缘饰品有限公司;https://shop56hh0832907b7.1688.com;https://detail.1688.com/offer/644850485594.html
义乌市拓娱饰品有限公司;https://shop9c78323732008.1688.com;https://detail.1688.com/offer/640027136322.html
义乌市戈凡电子商务有限公司;https://shop54569i00s6795.1688.com;https://detail.1688.com/offer/652851307803.html
台州市黄岩鹏辉鞋业商行;https://shop1426697238575.1688.com;https://detail.1688.com/offer/640175585446.html
上海乘晟贸易有限公司;https://shop1457542813645.1688.com;https://detail.1688.com/offer/645917006771.html
永定区起水百货商行;https://shop9j86576906i78.1688.com;https://detail.1688.com/offer/643333501488.html
义乌市离癸电子商务商行;https://shop83l5v343i1552.1688.com;https://detail.1688.com/offer/642277989314.html
上海嘉生贸易商行;https://shop302f79p83c259.1688.com;https://detail.1688.com/offer/642185991553.html
余姚市舜林电子商务商行;https://shop4u58r71045788.1688.com;https://detail.1688.com/offer/643635255182.html
镇平县敬玉轩珠宝玉器铺;https://pangxinjing.1688.com;https://detail.1688.com/offer/619032710044.html
惠东县黄埠朋友鞋开发部;https://shop675759cg66153.1688.com;https://detail.1688.com/offer/640410535721.html
台州市奥茨电子商务有限公司;https://shop125540270t2r0.1688.com;https://detail.1688.com/offer/638355561075.html
义乌市宋谦电子商务商行;https://shop1458061191143.1688.com;https://detail.1688.com/offer/585211257924.html
义乌市以为饰品有限公司;https://shop53zr381480754.1688.com;https://detail.1688.com/offer/640012153876.html
义乌市胜于蓝网络科技有限公司;https://shop9001378l64107.1688.com;https://detail.1688.com/offer/570504204061.html
广州中汇通电子商务有限公司;https://shop325d103b243p5.1688.com;https://detail.1688.com/offer/651733407427.html
东莞市莞城鑫粤百货商行;https://shop4g95o43328233.1688.com;https://detail.1688.com/offer/648193480993.html
广州水妍国际贸易有限公司;https://shop04652fh85p954.1688.com;https://detail.1688.com/offer/650967893202.html
龙泉驿区西河镇永利来皮鞋厂;https://shop71e843c486161.1688.com;https://detail.1688.com/offer/618704953916.html
台州市舒彰贸易有限公司;https://shop9y37721681479.1688.com;https://detail.1688.com/offer/640131009865.html
台州市黄岩格巧鞋业商行;https://shop1458752285935.1688.com;https://detail.1688.com/offer/641385106029.html
台州市铭媚贸易有限公司;https://shop83ro114279010.1688.com;https://detail.1688.com/offer/638067820410.html
台州笑霜贸易有限公司;https://shop7p08b46i42553.1688.com;https://detail.1688.com/offer/641530176926.html
光山县骏誉泰鑫商贸有限公司;https://shop2633411946a21.1688.com;https://detail.1688.com/offer/638687014018.html
广州市克拉拉复古饰品商行;https://shop16952709b0981.1688.com;https://detail.1688.com/offer/653201790511.html
义乌市屹凡饰品有限公司;https://shop9xg4214d44396.1688.com;https://detail.1688.com/offer/629319016170.html
义乌市畅赢工艺品有限公司;https://shop1476463678758.1688.com;https://detail.1688.com/offer/613628859851.html
东海县平收珠宝商行;https://shop366a844kp6327.1688.com;https://detail.1688.com/offer/655710871181.html
温岭醉美电子商务有限公司;https://shop0973628056954.1688.com;https://detail.1688.com/offer/638647817009.html
义乌市纯影饰品有限公司;https://shop1446050898488.1688.com;https://detail.1688.com/offer/553679032654.html
台州市易驰鞋业有限公司;https://shop2542i2eq96553.1688.com;https://detail.1688.com/offer/639353063805.html
温岭市代唯鞋业有限公司;https://shop1466782439500.1688.com;https://detail.1688.com/offer/641422593326.html
台州市鸿淘鞋业有限公司;https://shop0g18000r96060.1688.com;https://detail.1688.com/offer/641874290746.html
惠州市雪之纤鞋业有限公司;https://shop3237x20g9a563.1688.com;https://detail.1688.com/offer/649564830697.html
荔城区黄石张应娇鞋服商店;https://shop782s6yx574593.1688.com;https://detail.1688.com/offer/650970387339.html
台州市桐步鞋业有限公司;https://shop6b99664233v80.1688.com;https://detail.1688.com/offer/640764482215.html
台州市科诗鞋业有限公司;https://shop5rg24698658g4.1688.com;https://detail.1688.com/offer/648517323973.html
义乌市磊琳电子商务商行;https://shop099039166y932.1688.com;https://detail.1688.com/offer/588254534706.html
深圳市宝安区沙井众鑫精品服饰批发商行;https://shop1478536904010.1688.com;https://detail.1688.com/offer/588637188925.html
台州湾新区芮富鞋业商行;https://shop08z7j0022l688.1688.com;https://detail.1688.com/offer/647583521917.html
义乌市扬舲电子商务商行;https://yiwuyangling.1688.com;https://detail.1688.com/offer/588211631359.html
台州市亿倍贸易有限公司;https://shop5560f4t695806.1688.com;https://detail.1688.com/offer/640101969552.html
台州忆澜商贸有限公司;https://shop84059998689m3.1688.com;https://detail.1688.com/offer/638916324819.html
东海县盛宽珠宝商行;https://shop433533312h471.1688.com;https://detail.1688.com/offer/649261180183.html
深圳市宝安区艾琳格格鞋业厂;https://shop1464022669716.1688.com;https://detail.1688.com/offer/647000844187.html
深圳市龙岗区大都市鞋业商行;https://shop1002353064511.1688.com;https://detail.1688.com/offer/644613715306.html
深圳市宝安区晨启菲贸易商行;https://shop1418057076899.1688.com;https://detail.1688.com/offer/644609523029.html
台州市居合鞋业有限公司;https://shop9181373414v58.1688.com;https://detail.1688.com/offer/638187892054.html
深圳市宝安区沙井李秀美鞋业商行;https://shop1427734427339.1688.com;https://detail.1688.com/offer/638760114164.html
台州市椒江鸣达电子商务商行;https://shop10u5su4041910.1688.com;https://detail.1688.com/offer/639098915126.html
台州市韩盈贸易有限公司;https://shop0481t949i9y32.1688.com;https://detail.1688.com/offer/638727958340.html
南平市建阳区达遗恨百货店;https://shop734663145eh48.1688.com;https://detail.1688.com/offer/644468471459.html
光山县正美电子商务有限公司;https://shop1460652727313.1688.com;https://detail.1688.com/offer/638760114108.html
台州市尤勒鞋业有限公司;https://shop63m3i5132o134.1688.com;https://detail.1688.com/offer/643808514487.html
苍南县书雨日用品厂;https://shop036plm1971264.1688.com;https://detail.1688.com/offer/650639799349.html
台州市渤简鞋业有限公司;https://shop0h3069p802416.1688.com;https://detail.1688.com/offer/642636444755.html
台州市黄岩惠好鞋业有限公司;https://shop1398876988842.1688.com;https://detail.1688.com/offer/638364420765.html
台州市黄岩七巷鞋业商行;https://shop7371p649p6wo4.1688.com;https://detail.1688.com/offer/641637661290.html
白沟新城第红箱包厂;https://dihongxiangbao.1688.com;https://detail.1688.com/offer/649605005111.html
台州市足淘鞋业有限公司;https://shop66384364ac0c2.1688.com;https://detail.1688.com/offer/641450207142.html
温岭市巴之悦鞋业有限公司;https://bazhiyue.1688.com;https://detail.1688.com/offer/615331173701.html
广州霍普斯皮具有限公司;https://hopesbag.1688.com;https://detail.1688.com/offer/654972730822.html
余姚市易路顺鞋厂;https://shop99492832r4m25.1688.com;https://detail.1688.com/offer/643348232677.html
台州市黄岩芳魅鞋业有限公司;https://shop1394038883943.1688.com;https://detail.1688.com/offer/642233071387.html
台州市百道鞋业有限公司;https://shop6z6663z943u45.1688.com;https://detail.1688.com/offer/638545477199.html
光山县舒耐鞋业商行;https://shop81453vv979784.1688.com;https://detail.1688.com/offer/641161755901.html
台州市黄岩瑾冉鞋业有限公司;https://shop1459875388633.1688.com;https://detail.1688.com/offer/638841414781.html
光山县雅森纳鞋业商行;https://shop3m83d6d727012.1688.com;https://detail.1688.com/offer/642873250556.html
台州市革奚贸易有限公司;https://shop6775u44o043u5.1688.com;https://detail.1688.com/offer/641584828943.html
台州市胤骞贸易有限公司;https://shop435032zn10p96.1688.com;https://detail.1688.com/offer/650666751962.html
台州市椒江福诚电子商务商行;https://shop415707s451y23.1688.com;https://detail.1688.com/offer/638063864919.html
台州市鑫腾鞋业有限公司;https://shop37k616091d586.1688.com;https://detail.1688.com/offer/641200657468.html
温岭市城北靓酷鞋业商行;https://shop61427917d84r4.1688.com;https://detail.1688.com/offer/642453034045.html
光山县轩兰商贸有限公司;https://shop4724281476w65.1688.com;https://detail.1688.com/offer/638418405491.html
台州市启勋鞋业有限公司;https://shop467w7517ww274.1688.com;https://detail.1688.com/offer/639654720098.html
温岭市城北黛姿鞋业商行;https://shop79p860473u138.1688.com;https://detail.1688.com/offer/638487333793.html
叶拥津;https://jiexingda.1688.com;https://detail.1688.com/offer/638059300530.html
台州市路遥鞋业有限公司;https://shop1751221f202j1.1688.com;https://detail.1688.com/offer/641208321182.html
台州市黄岩晨熙鞋业商行;https://shop1393520589320.1688.com;https://detail.1688.com/offer/638389396924.html
温岭市尚流鞋业贸易有限公司;https://shangliuxieye.1688.com;https://detail.1688.com/offer/638653049658.html
河南乔福吉珠宝有限公司;https://qfj666.1688.com;https://detail.1688.com/offer/577197866676.html
台州市黄岩绣阁鞋业商行;https://shop1458233002326.1688.com;https://detail.1688.com/offer/615775304576.html
台州市瑾钰鞋业有限公司;https://shop722760w662wj9.1688.com;https://detail.1688.com/offer/652649206629.html
台州市伟足贸易有限公司;https://shop24i577829l2t0.1688.com;https://detail.1688.com/offer/645535676397.html
光山县佳业商贸有限公司;https://shop89212469x1532.1688.com;https://detail.1688.com/offer/640190554223.html
台州市黄岩守认贸易商行;https://shop1431922617008.1688.com;https://detail.1688.com/offer/639101131064.html
天台纤红鞋厂;https://shop06126895kk949.1688.com;https://detail.1688.com/offer/651236659782.html
深圳市微能创新有限公司;https://shopwncx.1688.com;https://detail.1688.com/offer/601809640130.html
台州市路桥莱梦妮鞋业商行;https://shop319z984c58d69.1688.com;https://detail.1688.com/offer/639482776921.html
台州市黄岩范特西贸易商行;https://13728087799.1688.com;https://detail.1688.com/offer/638745942458.html
莆田市甲梓贸易有限公司;https://shop52891v85k1197.1688.com;https://detail.1688.com/offer/645724088519.html
义乌市殇梓电子商务商行;https://shop668681e9322e9.1688.com;https://detail.1688.com/offer/645705954229.html
台州万弘鞋业有限公司;https://shop6132d58y22304.1688.com;https://detail.1688.com/offer/639066011259.html
台州市黄岩正秀鞋业商行;https://zhengxiuxieye.1688.com;https://detail.1688.com/offer/638327065067.html
台州市椒江多乐电子商务商行;https://shop3hj119z852113.1688.com;https://detail.1688.com/offer/643531659532.html
台州市路桥恩啸鞋业商行;https://shop4m841l4y55147.1688.com;https://detail.1688.com/offer/638345601591.html
台州市曼钰鞋业有限公司;https://shop339647sw27002.1688.com;https://detail.1688.com/offer/639358598171.html
台州市路桥青黛电子商务商行;https://shop42q339s864958.1688.com;https://detail.1688.com/offer/638112208060.html
台州市路桥铂亿贸易商行;https://shop6nw85n43791f9.1688.com;https://detail.1688.com/offer/643973054850.html
临海市美琦鞋厂;https://shop1335229tp95t4.1688.com;https://detail.1688.com/offer/638693446655.html
台州豪景鞋业有限公司;https://shop8829094503761.1688.com;https://detail.1688.com/offer/640596836185.html
三门县慕流鞋厂;https://shop4943c47c7q590.1688.com;https://detail.1688.com/offer/649788635403.html
台州市黄岩海纳鞋业有限公司;https://shop1396544330176.1688.com;https://detail.1688.com/offer/642104670923.html
光山县财维贝创商贸有限公司;https://shop080uo7r255367.1688.com;https://detail.1688.com/offer/643325174899.html
光山县量天尺商贸有限公司;https://shop7h12j20709445.1688.com;https://detail.1688.com/offer/640701078876.html
台州市黄岩炜靓鞋厂;https://shop2982j302o4811.1688.com;https://detail.1688.com/offer/638683502116.html
台州市启伟鞋业有限公司;https://shop6435k41170kc2.1688.com;https://detail.1688.com/offer/638281124750.html
临海市阿博电子商务商行;https://shop6g4952h925164.1688.com;https://detail.1688.com/offer/651106834892.html
深圳市宝安区新安依斯莱服装厂;https://shop087o382211928.1688.com;https://detail.1688.com/offer/643511277077.html
台州市利霸鞋业有限公司;https://shop631144n80g769.1688.com;https://detail.1688.com/offer/654369255141.html
台州市琛露鞋业有限公司;https://shop8808v4p9n7564.1688.com;https://detail.1688.com/offer/639029689177.html
三门县益云鞋厂;https://shop28z8103043098.1688.com;https://detail.1688.com/offer/655718291558.html
台州市黄岩思婷鞋业商行;https://shop2817093989f66.1688.com;https://detail.1688.com/offer/641839897861.html
台州市语菲鞋业有限公司;https://yufeishoes.1688.com;https://detail.1688.com/offer/638482905510.html
台州市黄岩可遇兹鞋业商行;https://shop0a183136ns416.1688.com;https://detail.1688.com/offer/639060891941.html
义乌市文贝饰品有限公司;https://shop9742857nev499.1688.com;https://detail.1688.com/offer/602614776939.html
义乌市凌露电子商务有限公司;https://shop1404838608781.1688.com;https://detail.1688.com/offer/597815360900.html
义乌市侣谦电子商务商行;https://shop1454086143595.1688.com;https://detail.1688.com/offer/574579377741.html
义乌市滨洋贸易有限公司;https://shop1098426z91gc6.1688.com;https://detail.1688.com/offer/604317734038.html
义乌市甜雅饰品商行;https://shop1407806197587.1688.com;https://detail.1688.com/offer/591224448867.html
义乌市侣环电子商务商行;https://shop1454086145569.1688.com;https://detail.1688.com/offer/574692574658.html
义乌市嫣婼电子商务商行;https://shop852d540122v04.1688.com;https://detail.1688.com/offer/571672722592.html
义乌市雪柔饰品有限公司;https://jane727.1688.com;https://detail.1688.com/offer/571248772436.html
义乌市坤娟电子商务有限公司;https://kunjuan228.1688.com;https://detail.1688.com/offer/571345204214.html
义乌市千品贸易有限公司;https://shop1461085082873.1688.com;https://detail.1688.com/offer/602493959893.html
义乌市佩普电子商务有限公司;https://shop0724pj62835w6.1688.com;https://detail.1688.com/offer/609796715348.html
义乌市鸿庄电子商务商行;https://shop1411576834878.1688.com;https://detail.1688.com/offer/596267522752.html
博爱县三丽日用百货网店;https://shop0m72e67yy4484.1688.com;https://detail.1688.com/offer/646437242144.html
博爱县苏小娟日用百货网店;https://shop45416208j5915.1688.com;https://detail.1688.com/offer/650684328775.html
义乌市君多采电子商务有限公司;https://shop108898d4h7t74.1688.com;https://detail.1688.com/offer/651439297305.html
博爱县柯文日用百货网店;https://shop33o5801v34407.1688.com;https://detail.1688.com/offer/650501612942.html
义乌市沁喆贸易有限公司;https://shop92f625a676183.1688.com;https://detail.1688.com/offer/646330782247.html
义乌市黛露电子商务有限公司;https://shop4c053327v9a91.1688.com;https://detail.1688.com/offer/598557351614.html
九江千贝科技有限公司;https://shop20x2450d96690.1688.com;https://detail.1688.com/offer/606557552363.html
义乌市靖锡电子商务商行;https://shop5q8x644849969.1688.com;https://detail.1688.com/offer/639733389334.html
义乌市烨贝饰品有限公司;https://yebeishipin.1688.com;https://detail.1688.com/offer/624888145342.html
义乌市邹曾徐饰品配件厂;https://xiaozozo.1688.com;https://detail.1688.com/offer/599979645314.html
义乌市小螺号饰品有限公司;https://lovejewelry.1688.com;https://detail.1688.com/offer/596643342365.html
义乌市勤飞日用品有限公司;https://qinfeishipin.1688.com;https://detail.1688.com/offer/653238434060.html
义乌市秀桢电子商务有限公司;https://shop1473871349125.1688.com;https://detail.1688.com/offer/578268421134.html
义乌市雨蝶饰品有限公司;https://yudy88888.1688.com;https://detail.1688.com/offer/606425372292.html
义乌市邹生生饰品有限公司;https://zousheng.1688.com;https://detail.1688.com/offer/623787391302.html
义乌市昕逸饰品有限公司;https://shop1252648526225.1688.com;https://detail.1688.com/offer/641662417821.html
义乌市端搜电子商务有限公司;https://ywxsbpf.1688.com;https://detail.1688.com/offer/646105207471.html
义乌市晟玺饰品有限公司;https://shengxishipin.1688.com;https://detail.1688.com/offer/618903666258.html
义乌市道妮电子商务商行;https://dnshop.1688.com;https://detail.1688.com/offer/573634016919.html
义乌市芷阳饰品厂;https://zyoung809.1688.com;https://detail.1688.com/offer/621115007598.html
广州奕岚饰品商行;https://shop39972928mi933.1688.com;https://detail.1688.com/offer/618808471895.html
义乌新蒂饰品有限公司;https://cinderjewelry.1688.com;https://detail.1688.com/offer/625710667969.html
义乌市恬露电子商务有限公司;https://shop095819407u556.1688.com;https://detail.1688.com/offer/632058829984.html
义乌亿锦饰品有限公司;https://shop4112u6808cn83.1688.com;https://detail.1688.com/offer/594936544213.html
义乌市薇琦饰品有限公司;https://shop2s6211891q7s1.1688.com;https://detail.1688.com/offer/629750515499.html
义乌市伊柔饰品有限公司;https://shop49439e72186r4.1688.com;https://detail.1688.com/offer/646370296031.html
义乌市乐侣饰品厂;https://ywllteqsp.1688.com;https://detail.1688.com/offer/589571021972.html
浦江县夏晨饰品厂;https://ufavoirte.1688.com;https://detail.1688.com/offer/626978182125.html
义乌市方归贸易有限公司;https://cnfanggui.1688.com;https://detail.1688.com/offer/594567807952.html
义乌市哲修供应链管理有限公司;https://zhexiushipin.1688.com;https://detail.1688.com/offer/597237028419.html
义乌市奇福饰品有限公司;https://shop85164v840n532.1688.com;https://detail.1688.com/offer/601503450266.html
义乌市彬圣电子商务商行;https://shop96ff860955536.1688.com;https://detail.1688.com/offer/638617066710.html
河源市兴汇商贸有限公司;https://shop1495213087816.1688.com;https://detail.1688.com/offer/599335504613.html
义乌市久哈饰品有限公司;https://shop3f994a6z24238.1688.com;https://detail.1688.com/offer/615360320790.html
义乌市利丹饰品有限公司;https://shop1427388201420.1688.com;https://detail.1688.com/offer/574792251222.html
新罗区晟尔灿百货店;https://shop2p10i371868p9.1688.com;https://detail.1688.com/offer/649697798688.html
义乌云罗电子商务有限公司;https://yunluo1.1688.com;https://detail.1688.com/offer/596314972959.html
义乌谦鸣饰品有限公司;https://qimingjewelry.1688.com;https://detail.1688.com/offer/602830905985.html
衡阳市南岳区起点礼品商店;https://2018qidianlipin.1688.com;https://detail.1688.com/offer/570916834020.html
霍邱县孟集镇众达礼品;https://shop1437670264746.1688.com;https://detail.1688.com/offer/558512430638.html
义乌市念蕾电子商务商行;https://shop1377104299827.1688.com;https://detail.1688.com/offer/597181296308.html
义乌市云姿饰品有限公司;https://yunzijewellery.1688.com;https://detail.1688.com/offer/589096742114.html
义乌市星莉饰品有限公司;https://shop2284ha13h6849.1688.com;https://detail.1688.com/offer/603717227974.html
义乌市鼎洲电子商务商行;https://dzsp2012.1688.com;https://detail.1688.com/offer/574412945000.html
义乌市俏威服饰有限公司;https://qiaoweifashion.1688.com;https://detail.1688.com/offer/605539804225.html
义乌市丹序电子商务商行;https://shop30b90x6250910.1688.com;https://detail.1688.com/offer/581617134516.html
义乌市荣燕贸易有限公司;https://shop73p54i6686016.1688.com;https://detail.1688.com/offer/621134802596.html
义乌市图彩电子商务商行;https://shop1426610600331.1688.com;https://detail.1688.com/offer/602432685880.html
义乌市仕辰贸易有限公司;https://yiwushichen.1688.com;https://detail.1688.com/offer/596978590383.html
义乌才逸饰品有限公司;https://shop7uu9097091055.1688.com;https://detail.1688.com/offer/613238808804.html
义乌市佐文饰品有限公司;https://zuowen.1688.com;https://detail.1688.com/offer/598912050654.html
义乌市温敏电子商务商行;https://shop5658845756640.1688.com;https://detail.1688.com/offer/653999241247.html
义乌市卓权饰品厂;https://shop1383843389764.1688.com;https://detail.1688.com/offer/597052480432.html
义乌市云絮饰品有限公司;https://shop1490980374091.1688.com;https://detail.1688.com/offer/576656401629.html
罗诗琛;https://shop1384534583237.1688.com;https://detail.1688.com/offer/605531671938.html
义乌市千珺饰品有限公司;https://520qjsp.1688.com;https://detail.1688.com/offer/584860929116.html
义乌市咏歌电子商务商行;https://tingfengyu.1688.com;https://detail.1688.com/offer/599676865892.html
义乌市糖恋电子商务商行;https://shop1479142358890.1688.com;https://detail.1688.com/offer/599735802737.html
九江义鸟商贸有限公司;https://shop238i90349c286.1688.com;https://detail.1688.com/offer/605671902420.html
义乌市缎雅电子商务商行;https://shop8616c35623h29.1688.com;https://detail.1688.com/offer/645137755331.html
深圳市昊望科技有限公司;https://shop1516p29v52155.1688.com;https://detail.1688.com/offer/641113374549.html
深圳市艾普义科技有限公司;https://tokqiy.1688.com;https://detail.1688.com/offer/655559277412.html
义乌市妙岑电子商务有限公司;https://shop5u442960im483.1688.com;https://detail.1688.com/offer/608010864354.html
义乌市淘石饰品有限公司;https://richladys.1688.com;https://detail.1688.com/offer/591564278375.html
义乌市颖舞电子商务有限公司;https://shop711o4701t1583.1688.com;https://detail.1688.com/offer/610092578249.html
义乌市追霜电子商务有限公司;https://zhuishuang.1688.com;https://detail.1688.com/offer/598722817802.html
义乌市怡澳电子商务商行;https://shop91434j85u92a9.1688.com;https://detail.1688.com/offer/598603576256.html
东莞市鼎哲五金制品有限公司;https://dingzhewujin.1688.com;https://detail.1688.com/offer/623217279258.html
