义乌市树乔电子商务有限公司;https://shop98v2f8944f131.1688.com;https://detail.1688.com/offer/632856172640.html
义乌市三态饰品有限公司;https://santai3333.1688.com;https://detail.1688.com/offer/621421763251.html
义乌市蜜舍饰品厂;https://nvshe.1688.com;https://detail.1688.com/offer/592465455383.html
义乌市和鸣饰品有限公司;https://shop36mm85665l864.1688.com;https://detail.1688.com/offer/624358198120.html
义乌市戴炫饰品有限公司;https://daishangsp.1688.com;https://detail.1688.com/offer/592105022479.html
高新区枫桥火红红百货商行;https://shop13773x0x52323.1688.com;https://detail.1688.com/offer/653241362590.html
南昌万纳网络科技有限公司;https://wanna2021.1688.com;https://detail.1688.com/offer/641462687924.html
朝阳区永婷商贸行;https://shop6n5219705s667.1688.com;https://detail.1688.com/offer/649535561528.html
建德市下涯镇信习贸易商行;https://shop6071567r69yj4.1688.com;https://detail.1688.com/offer/651192980616.html
余江区鑫进贸易商行;https://shop2828jv94x2073.1688.com;https://detail.1688.com/offer/650329588636.html
南平市建阳区田熙阳百货店;https://shop7547cs9881669.1688.com;https://detail.1688.com/offer/656272211311.html
新罗区度锐百货商行;https://shop205q1995q9639.1688.com;https://detail.1688.com/offer/655216960832.html
高新区枫桥讯坚达贸易商行;https://shop5w277e3231872.1688.com;https://detail.1688.com/offer/653623360467.html
高新区枫桥双典百货商行;https://shop24h30z28m3651.1688.com;https://detail.1688.com/offer/654820824825.html
润州区庆之瑚家纺厂;https://shop4y609586uy334.1688.com;https://detail.1688.com/offer/656474503306.html
广州哈琳娜饰品厂;https://harrina.1688.com;https://detail.1688.com/offer/639590952323.html
阚永新;https://ywxcfc.1688.com;https://detail.1688.com/offer/560462921005.html
义乌市左凡饰品有限公司;https://shop1484630937956.1688.com;https://detail.1688.com/offer/602308450546.html
深圳市宝安区福海靓依都服装厂;https://shop1494607960707.1688.com;https://detail.1688.com/offer/597426985305.html
新罗区智之之百货商行;https://shop0j023455a6103.1688.com;https://detail.1688.com/offer/653737939020.html
柘荣县声果日用品经营部;https://shop42x54k1344396.1688.com;https://detail.1688.com/offer/645282208624.html
余江区达祥经营部;https://shop11090a38112a5.1688.com;https://detail.1688.com/offer/652491711861.html
新罗区希荏网店;https://shop917a52979na96.1688.com;https://detail.1688.com/offer/647947714080.html
义乌市百萱电子商务商行;https://shop913341y061375.1688.com;https://detail.1688.com/offer/619595186810.html
义乌市缘浏电子商务商行;https://shop11d6451512v37.1688.com;https://detail.1688.com/offer/647768604413.html
柘荣县庆方日用品经营部;https://shop81y8544775452.1688.com;https://detail.1688.com/offer/653479347407.html
义乌市羿辰饰品厂;https://shophancai.1688.com;https://detail.1688.com/offer/594623831927.html
义乌市骍隆电子商务商行;https://shop684n393892646.1688.com;https://detail.1688.com/offer/651968014722.html
义乌市飞韩饰品有限公司;https://feihan.1688.com;https://detail.1688.com/offer/633216788858.html
义乌市光影饰品有限公司;https://shop770u1e6z64467.1688.com;https://detail.1688.com/offer/652900804550.html
义乌市逸舒贸易有限公司;https://15868952333.1688.com;https://detail.1688.com/offer/621384980434.html
义乌市苗昕贸易有限公司;https://shop0u76537q12520.1688.com;https://detail.1688.com/offer/645907768125.html
义乌市心喜贸易有限公司;https://yiwuxinxi.1688.com;https://detail.1688.com/offer/645067979692.html
深圳市宝安区鼎晟贸易商行;https://shop56368w812v949.1688.com;https://detail.1688.com/offer/653624227923.html
新罗区果果家百货店;https://shop6x7275059u777.1688.com;https://detail.1688.com/offer/655158917624.html
东阳市亚美饰品有限公司;https://shop0n85373st2317.1688.com;https://detail.1688.com/offer/623724944083.html
义乌市际恺饰品有限公司;https://shop179p402lg9637.1688.com;https://detail.1688.com/offer/617195622781.html
义乌市晗倩饰品有限公司;https://shop080047643n5c6.1688.com;https://detail.1688.com/offer/652922321318.html
义乌市岚辰饰品有限公司;https://lanchen2018.1688.com;https://detail.1688.com/offer/651962074213.html
义乌市摩多贸易有限公司;https://moduomaoyi.1688.com;https://detail.1688.com/offer/620862139058.html
陆川县惠霖日用品店;https://shop78046017l7051.1688.com;https://detail.1688.com/offer/651524875988.html
义乌市宏宏贸易有限公司;https://shop8z24w7s605329.1688.com;https://detail.1688.com/offer/587115746636.html
新沂市明曾服装店;https://shop90u473990t367.1688.com;https://detail.1688.com/offer/655344049263.html
义乌市登兴电子商务商行;https://shop02162l3r92e88.1688.com;https://detail.1688.com/offer/617138634652.html
义乌市盯润电子商务商行;https://shop725777295q018.1688.com;https://detail.1688.com/offer/653524339664.html
新沂市捷之文服装店;https://shop71p23541890n0.1688.com;https://detail.1688.com/offer/654537764735.html
新沂市曾宇家居用品经营部;https://shop3v44376s82030.1688.com;https://detail.1688.com/offer/654990286045.html
义乌市跨寄电子商务商行;https://shop94012oe5158o9.1688.com;https://detail.1688.com/offer/652308875578.html
义乌市霞劲电子商务商行;https://shop859t20r10b370.1688.com;https://detail.1688.com/offer/651066571280.html
漳州开发区顿寒蕾服装店;https://shop193329o96r3r8.1688.com;https://detail.1688.com/offer/655413141218.html
新沂市文之杰服装店;https://shop39y5m12000t40.1688.com;https://detail.1688.com/offer/654761426547.html
袁州区渐离网络工作室;https://shop98l9184874t59.1688.com;https://detail.1688.com/offer/654867278060.html
新沂市浩之华百货店;https://shop7p0109sk59922.1688.com;https://detail.1688.com/offer/654388914089.html
义乌市艾蕾亘特饰品厂;https://shop66h557u133484.1688.com;https://detail.1688.com/offer/655164629851.html
义乌科凡电子商务商行;https://shop854301399n549.1688.com;https://detail.1688.com/offer/655392079149.html
深圳市宝安区途栎贸易商行;https://shop715629979y9y9.1688.com;https://detail.1688.com/offer/655670229046.html
柘荣县角村日用品经营部;https://shop12u1790r83y92.1688.com;https://detail.1688.com/offer/650149817149.html
义乌市茵毅电子商务商行;https://shop9157990717066.1688.com;https://detail.1688.com/offer/649735776165.html
义乌市厚盾电子商务商行;https://shop106434x85n9j8.1688.com;https://detail.1688.com/offer/652172826381.html
鄱阳县曲鹏服装店;https://shop027t10b324120.1688.com;https://detail.1688.com/offer/655860639540.html
义乌市宝然电子商务商行;https://shop1487610256258.1688.com;https://detail.1688.com/offer/654237615340.html
义乌市尚捷饰品有限公司;https://shop11759725e5h10.1688.com;https://detail.1688.com/offer/602211818694.html
广州市花都区狮岭广浩皮具经营部;https://shop74732900580j0.1688.com;https://detail.1688.com/offer/654248005525.html
义乌市蒲钻电子商务商行;https://shop1358592219982.1688.com;https://detail.1688.com/offer/634474907256.html
石狮市简峰铭悦网络百货商行;https://shop02h77j1661v24.1688.com;https://detail.1688.com/offer/651030646392.html
义乌市峰循电子商务商行;https://shop4i8029e276717.1688.com;https://detail.1688.com/offer/651480136255.html
余江区欣飞经营部;https://shop02182q5g85372.1688.com;https://detail.1688.com/offer/652245019873.html
义乌市歌图电子商务商行;https://shop66054uuy04028.1688.com;https://detail.1688.com/offer/655753827944.html
丰泽区是随百货网店;https://shop72n943964nw75.1688.com;https://detail.1688.com/offer/652743502023.html
义乌市修婕电子商务商行;https://shop6724b67477210.1688.com;https://detail.1688.com/offer/654148900417.html
义乌市伟美饰品有限公司;https://shop709450064uo15.1688.com;https://detail.1688.com/offer/629443577582.html
义乌市方婳电子商务商行;https://shop63s8017v65v96.1688.com;https://detail.1688.com/offer/654068034710.html
连城县俪承嗣百货店;https://shop9589592g98965.1688.com;https://detail.1688.com/offer/654153917124.html
义乌市梦锦服饰厂;https://mjoy2019.1688.com;https://detail.1688.com/offer/629123750674.html
义乌乾琦贸易商行;https://shop9636s572l3261.1688.com;https://detail.1688.com/offer/648168029318.html
义乌市今立服饰有限公司;https://shop0j22u6275i474.1688.com;https://detail.1688.com/offer/629766662965.html
佛山市禅城区鑫驰哈服装厂;https://shop21142586u9v59.1688.com;https://detail.1688.com/offer/641882062394.html
揭阳市揭东区新亨镇耀维百货店;https://shop500911055m618.1688.com;https://detail.1688.com/offer/650358806232.html
义乌市晟霖饰品有限公司;https://shop898x7a257z498.1688.com;https://detail.1688.com/offer/607290533185.html
义乌市莱玛电子商务有限公司;https://laimasp.1688.com;https://detail.1688.com/offer/604398892812.html
义乌市诺苑电子商务商行;https://shop235t521258tu1.1688.com;https://detail.1688.com/offer/616507140783.html
义乌市燕媛电子商务商行;https://shop941m7ko314871.1688.com;https://detail.1688.com/offer/654360064559.html
宿城区不停歇百货店;https://shop3k2626y8b7829.1688.com;https://detail.1688.com/offer/649546852933.html
尤溪县捷民商行;https://shop4619rt5b17078.1688.com;https://detail.1688.com/offer/641252421593.html
柘荣县楷豹日用品经营部;https://shop909433314wp50.1688.com;https://detail.1688.com/offer/645422585267.html
佛山市南海区桂城益昌五金电器商行;https://shop68y64231y6722.1688.com;https://detail.1688.com/offer/626470940782.html
柘荣县角拆日用品经营部;https://shop4m2681e056u23.1688.com;https://detail.1688.com/offer/651103847481.html
义乌市昕涵饰品有限公司;https://shop249075gr0r667.1688.com;https://detail.1688.com/offer/642734358454.html
广州泰洁康贸易商行;https://shop71ey303429494.1688.com;https://detail.1688.com/offer/648443700877.html
义乌市咔朋服饰有限公司;https://kapengfushi.1688.com;https://detail.1688.com/offer/591068653588.html
义乌市蕾雅饰品有限公司;https://leiyashipin.1688.com;https://detail.1688.com/offer/606898894039.html
义乌市皓予电子商务有限公司;https://shop9c585x16287s8.1688.com;https://detail.1688.com/offer/630703403838.html
长沙市天心区燕忠日用百货店;https://shop92b97503a6689.1688.com;https://detail.1688.com/offer/649999853449.html
临沂艾萌饰品有限公司;https://aimengshipin.1688.com;https://detail.1688.com/offer/573163870581.html
余江区祥雅经营部;https://shop83444879b4a24.1688.com;https://detail.1688.com/offer/655211824469.html
广州市花都区狮岭至佳辅料店;https://shop713l16of07961.1688.com;https://detail.1688.com/offer/655216218509.html
三明市三元区柳豫工艺品店;https://shop31230901hh976.1688.com;https://detail.1688.com/offer/652261711035.html
延平区鑫协百货店;https://shop685a150160562.1688.com;https://detail.1688.com/offer/651135712806.html
建德市三都镇安山贸易商行;https://shop6a16848a79353.1688.com;https://detail.1688.com/offer/655905914791.html
义乌市苏雄日用百货商行;https://shop397s647lh3702.1688.com;https://detail.1688.com/offer/642923575764.html
义乌市绿尔电子商务商行;https://shop2w67803421255.1688.com;https://detail.1688.com/offer/622009114315.html
惠州市力汇劳保用品有限公司;https://shop4603a932h9810.1688.com;https://detail.1688.com/offer/638925984739.html
义乌市百鹤日用百货商行;https://shop7ok7512k318h8.1688.com;https://detail.1688.com/offer/650484848928.html
建德市三都镇阳泰贸易商行;https://shop9714269gf6r26.1688.com;https://detail.1688.com/offer/655133069981.html
余江区银樊经营部;https://shop3i72651249435.1688.com;https://detail.1688.com/offer/655008153387.html
玉林市玉州区沁园日用品店;https://shop227qq0097z333.1688.com;https://detail.1688.com/offer/644040514627.html
义乌市潮炫饰品有限公司;https://shop84o303987q378.1688.com;https://detail.1688.com/offer/607825375454.html
佛山市禅城区福雅欣百货店;https://shop1s254c6520502.1688.com;https://detail.1688.com/offer/653619195948.html
深圳市龙华区福莱宝百货商行;https://shop255v30y772w46.1688.com;https://detail.1688.com/offer/650101795572.html
邵武市永克风百货店;https://shop05693h11j3005.1688.com;https://detail.1688.com/offer/654707381396.html
义乌市目振日用百货商行;https://shop03r88u419w225.1688.com;https://detail.1688.com/offer/652089644074.html
遂昌准川贸易商行;https://shop8785u7o3253o9.1688.com;https://detail.1688.com/offer/644488180014.html
义乌市蒂娅电子商务有限公司;https://5968868.1688.com;https://detail.1688.com/offer/569105104252.html
