义乌市三态饰品有限公司;https://santai3333.1688.com;https://detail.1688.com/offer/588106802290.html
睢宁县双沟镇香客缘家具厂;https://shop6x23709m92g40.1688.com;https://detail.1688.com/offer/639585896580.html
义乌市真霓饰品有限公司;https://shop05v7r47323011.1688.com;https://detail.1688.com/offer/626562256328.html
义乌市丽略电子商务商行;https://npw1688.1688.com;https://detail.1688.com/offer/594364442906.html
睢宁县双沟镇朴木舍工艺品厂;https://shop99q04e7120809.1688.com;https://detail.1688.com/offer/642748896896.html
义乌市逸舒贸易有限公司;https://15868952333.1688.com;https://detail.1688.com/offer/588134073873.html
义乌市奇阅饰品有限公司;https://qiyueshipin.1688.com;https://detail.1688.com/offer/590121558861.html
义乌市谦谦饰品有限公司;https://shop1495299047519.1688.com;https://detail.1688.com/offer/620623860747.html
茂名市茂南区联生贸易中心;https://shop1x12348502w70.1688.com;https://detail.1688.com/offer/642258326676.html
鄱阳县锺碧春网络技术工作室;https://shop73099657f6bq0.1688.com;https://detail.1688.com/offer/649701730516.html
柘荣县庆图日用品经营部;https://shop7963428g6g051.1688.com;https://detail.1688.com/offer/650558759048.html
鄱阳县能冷松珠宝店;https://shop36203f1006856.1688.com;https://detail.1688.com/offer/650379411972.html
鄱阳县曲鹏服装店;https://shop027t10b324120.1688.com;https://detail.1688.com/offer/649012800552.html
广州苏一纳贸易有限公司;https://shop6874828547741.1688.com;https://detail.1688.com/offer/649205948988.html
广州烧刃服装厂;https://shop019g3657o0594.1688.com;https://detail.1688.com/offer/643451571100.html
义乌市妍洋饰品有限公司;https://shop10271s8711638.1688.com;https://detail.1688.com/offer/587515415826.html
佛山市南海区雨馨莱服饰厂;https://shop5119k640l2418.1688.com;https://detail.1688.com/offer/641678872215.html
义乌市铎铃电子商务商行;https://darling8861.1688.com;https://detail.1688.com/offer/641673494197.html
义乌市美岸工艺品有限公司;https://shop1435154927117.1688.com;https://detail.1688.com/offer/577960834564.html
南通居满庭纺织品有限公司;https://shop788493dp9g764.1688.com;https://detail.1688.com/offer/645975577684.html
义乌市兰心工艺品厂;https://shop3o9x967796069.1688.com;https://detail.1688.com/offer/594968524998.html
袁州区从未网络工作室;https://shop17af6434q0333.1688.com;https://detail.1688.com/offer/652994102837.html
尤溪县水修眀网店;https://shop3l86955595d16.1688.com;https://detail.1688.com/offer/646491315954.html
宜丰县金逸铭百货店;https://shop40593855353q6.1688.com;https://detail.1688.com/offer/654448418665.html
义乌市新就电子商务商行;https://shop27495441n6383.1688.com;https://detail.1688.com/offer/650411925467.html
义乌市小串子饰品有限公司;https://shop614352a88f903.1688.com;https://detail.1688.com/offer/643330077581.html
召陵区幻城百货销售商行;https://shop222b2298190d1.1688.com;https://detail.1688.com/offer/640461570024.html
吴兴织里圣能日用品商行;https://shop9d3981864r608.1688.com;https://detail.1688.com/offer/646806782223.html
义乌市琼笙电子商务商行;https://shop35as201463764.1688.com;https://detail.1688.com/offer/651817617612.html
润州区延之路百货商行;https://shop6980807v21236.1688.com;https://detail.1688.com/offer/639201144339.html
睢宁县双沟镇尚美艺家百货厂;https://shop24502419774m0.1688.com;https://detail.1688.com/offer/642760980915.html
新罗区尚陆百货商行;https://shop47o6540o59923.1688.com;https://detail.1688.com/offer/646281706575.html
临海市福昕电子商务商行;https://shop0f79a971140q0.1688.com;https://detail.1688.com/offer/654855934930.html
义乌市云夕饰品厂;https://shop3231691t32598.1688.com;https://detail.1688.com/offer/634869054615.html
东莞市电漫文化传媒有限公司;https://shop843m0l53k7865.1688.com;https://detail.1688.com/offer/624643431735.html
天津市丽华百盛工艺美术品有限公司;https://flowerfactory.1688.com;https://detail.1688.com/offer/638860222202.html
义乌市润特饰品有限公司;https://sunfangwei8.1688.com;https://detail.1688.com/offer/589573939090.html
义乌市透雅饰品厂;https://shop1399482192877.1688.com;https://detail.1688.com/offer/639067329745.html
云霄县材路家具店;https://shop2008613080988.1688.com;https://detail.1688.com/offer/653526331651.html
南通佳禾坊纺织品有限公司;https://shop99191e4qg6323.1688.com;https://detail.1688.com/offer/645826583008.html
义乌市帝澜电子商务商行;https://yiwudl.1688.com;https://detail.1688.com/offer/621511096644.html
广州行之一电子经营部;https://shop79y21889d0d26.1688.com;https://detail.1688.com/offer/645066498892.html
义乌市洲迪饰品加工厂;https://shop315z731t285u0.1688.com;https://detail.1688.com/offer/653498016429.html
润州区加或减百货商行;https://shop25823d0ca7016.1688.com;https://detail.1688.com/offer/651427500882.html
龙游琦芯工艺品商行;https://shop1466615103642.1688.com;https://detail.1688.com/offer/653542007422.html
义乌市暖铭电子商务有限公司;https://shop1369348455778.1688.com;https://detail.1688.com/offer/623742582287.html
铅山县青溪发饰界;https://shop4p0ee78860292.1688.com;https://detail.1688.com/offer/627003160799.html
深圳市宝安区西乡度香饰品厂;https://shop1438016266458.1688.com;https://detail.1688.com/offer/532143933325.html
义乌乾琦贸易商行;https://shop9636s572l3261.1688.com;https://detail.1688.com/offer/648887567328.html
义乌市氿乐电子商务商行;https://shop1428511784824.1688.com;https://detail.1688.com/offer/642690722683.html
永定区虑极实百货商行;https://shop2865i157y28l9.1688.com;https://detail.1688.com/offer/650735556347.html
义乌市义多广贸易有限公司;https://shop5791w74o41n67.1688.com;https://detail.1688.com/offer/611011655226.html
广州雅华百货商行;https://shop145s44953t907.1688.com;https://detail.1688.com/offer/650795762689.html
义乌市楠仔贸易有限公司;https://nzmy88.1688.com;https://detail.1688.com/offer/630919018508.html
义乌市青云电子商务有限公司;https://ywqingyun1.1688.com;https://detail.1688.com/offer/585650038987.html
义乌市龙耿电子商务商行;https://shop41z61s6176131.1688.com;https://detail.1688.com/offer/651477834903.html
高新区枫桥瑞华汇服饰商行;https://shop3136f088648l9.1688.com;https://detail.1688.com/offer/653691281789.html
苏州采缘秀丝绸有限公司;https://shop1460468598542.1688.com;https://detail.1688.com/offer/604663183659.html
沭阳县颜集镇堰下村万博苗木场;https://13809099932.1688.com;https://detail.1688.com/offer/655295375315.html
余江区达琪尼商贸商行;https://shop07009673185i6.1688.com;https://detail.1688.com/offer/653756162241.html
义乌市光与影电子商务商行;https://shop031728v2g2u85.1688.com;https://detail.1688.com/offer/650011023296.html
义乌市旭萱贸易有限公司;https://shop687246a0a1f17.1688.com;https://detail.1688.com/offer/599238561061.html
余江区茂易电子商务商行;https://shop63388bt911u42.1688.com;https://detail.1688.com/offer/651853163932.html
义乌市湘诚服饰有限公司;https://shop13516985864.1688.com;https://detail.1688.com/offer/624507806814.html
义乌市七桥电子商务有限公司;https://shop439rm760480r2.1688.com;https://detail.1688.com/offer/650130784002.html
廊坊市澳棉纺织品有限公司;https://shop1c12921r17d45.1688.com;https://detail.1688.com/offer/584143845108.html
莆田市树构贸易有限公司;https://shop40nn887d34307.1688.com;https://detail.1688.com/offer/649242205405.html
广州市安琦儿珠宝有限公司;https://shop1fdd289616081.1688.com;https://detail.1688.com/offer/616157723857.html
东莞市东城天呈钟表制品厂;https://shop61x366867c546.1688.com;https://detail.1688.com/offer/652555482368.html
新沂市哲之王家居用品经营部;https://shop147w0071g5659.1688.com;https://detail.1688.com/offer/650463518025.html
广州元长贸易商行;https://shop6789j2w888348.1688.com;https://detail.1688.com/offer/652780603528.html
北京都市枫景国际贸易有限公司;https://dushifengjing.1688.com;https://detail.1688.com/offer/552927397469.html
湖北德泰华创实业有限公司;https://hbdthc.1688.com;https://detail.1688.com/offer/647468391987.html
义乌市华卉贸易有限公司;https://shop1u98i8t1853k4.1688.com;https://detail.1688.com/offer/618361554169.html
漯河西城区长帮百货店;https://shop52448668k5701.1688.com;https://detail.1688.com/offer/644492275239.html
义乌市依函饰品有限公司;https://shop5659116063762.1688.com;https://detail.1688.com/offer/628944521885.html
新罗区量东暇百货商行;https://shop50x391074y284.1688.com;https://detail.1688.com/offer/650564914010.html
余江区全我意电子商务商行;https://shop6q2777h7108h1.1688.com;https://detail.1688.com/offer/652304142681.html
余江区笑汪电子商务商行;https://shop8144k116y7623.1688.com;https://detail.1688.com/offer/651744520310.html
广州市司旗贸易商行;https://shop476h3494485f9.1688.com;https://detail.1688.com/offer/651163417213.html
南平市建阳区刚弘馨百货店;https://shop09089865m5357.1688.com;https://detail.1688.com/offer/650359217864.html
广州妮湾贸易商行;https://shop115517p5r3446.1688.com;https://detail.1688.com/offer/652284910358.html
义乌市栖代电子商务商行;https://shop435059260d591.1688.com;https://detail.1688.com/offer/650797141256.html
深圳市金云美商贸有限公司;https://shop05a659w9p4902.1688.com;https://detail.1688.com/offer/646647957467.html
尤溪县赤眉商行;https://shop61053b6q727d2.1688.com;https://detail.1688.com/offer/641964644140.html
深圳市南山区芊蔚葶电子商务商行;https://qwt17052690100.1688.com;https://detail.1688.com/offer/643745540947.html
广州市黄埔区和盛金属制品加工部;https://shop7848590417719.1688.com;https://detail.1688.com/offer/651482901277.html
余江区万然顺电子商务商行;https://shop8648790155389.1688.com;https://detail.1688.com/offer/652132580038.html
义乌市媚星电子商务商行;https://shop14dq09j393897.1688.com;https://detail.1688.com/offer/651852253632.html
余江区亮新福电子商务商行;https://shop0721d779z2z27.1688.com;https://detail.1688.com/offer/651163968600.html
余江区收凤电子商务商行;https://shop694748u6u6021.1688.com;https://detail.1688.com/offer/651337721407.html
杭州余杭区乔司街道威通百货商行;https://shop28ia999731c26.1688.com;https://detail.1688.com/offer/653601645770.html
余江区广度电子商务商行;https://shop0867n0w2z7115.1688.com;https://detail.1688.com/offer/652928487496.html
余江区宁尼电子商务商行;https://shop97909144230y0.1688.com;https://detail.1688.com/offer/652390322482.html
南平市建阳区喜历幸百货店;https://shop83a8294a21d13.1688.com;https://detail.1688.com/offer/652225738774.html
广州识帝贸易商行;https://shop9s5918s0u2110.1688.com;https://detail.1688.com/offer/651477280416.html
义乌市松誉电子商务有限公司;https://shop9618200gj2j21.1688.com;https://detail.1688.com/offer/650833857210.html
泰安艺博工艺品加工有限公司;https://shop594m90376u164.1688.com;https://detail.1688.com/offer/650201927039.html
江苏新之旺园林绿化工程有限公司;https://shop6941784s9t188.1688.com;https://detail.1688.com/offer/617902876208.html
广州创火贸易商行;https://shop4879d3y9q2021.1688.com;https://detail.1688.com/offer/652029705528.html
浦江县万合诚品电子商务有限公司;https://shop8775i37481821.1688.com;https://detail.1688.com/offer/638467185658.html
深圳市龙岗区雅致饰品批发行;https://jdyenny.1688.com;https://detail.1688.com/offer/1047703234.html
丹阳市界牌镇宁之荟工艺礼品厂;https://shop5830984g545q7.1688.com;https://detail.1688.com/offer/653027057337.html
义乌市厉泉日用百货商行;https://shop093r232i784y3.1688.com;https://detail.1688.com/offer/652981891588.html
新罗区朵朵云百货店;https://shop48299i0n92416.1688.com;https://detail.1688.com/offer/651271865876.html
义乌市天顿电子商务有限公司;https://shop0147335k73751.1688.com;https://detail.1688.com/offer/637298257210.html
西安市未央区踏吉春贸易商行;https://shop483h2684k4793.1688.com;https://detail.1688.com/offer/643192188757.html
广州铁奥贸易商行;https://shop71806t6320dc2.1688.com;https://detail.1688.com/offer/652650211484.html
宿州市埇桥区涛鸣贸易商行;https://shop59a6175870337.1688.com;https://detail.1688.com/offer/640974886239.html
青岛金殿俊学贸易中心;https://shop64r03538179j9.1688.com;https://detail.1688.com/offer/655108683196.html
义乌市胡人饰品有限公司;https://guyueren.1688.com;https://detail.1688.com/offer/577767639866.html
济南市天桥区中恒商城晟世花艺商行;https://shop03050911j6j62.1688.com;https://detail.1688.com/offer/610252810759.html
宿迁名之庭园林绿化有限公司;https://shop3s340709o6132.1688.com;https://detail.1688.com/offer/650118929368.html
广州千安贸易商行;https://shop397f65197wv52.1688.com;https://detail.1688.com/offer/651605064554.html
德清恒玥服饰有限公司;https://shop32657y3z37376.1688.com;https://detail.1688.com/offer/639371558643.html
义乌市艾蕾亘特饰品厂;https://shop66h557u133484.1688.com;https://detail.1688.com/offer/655092683958.html
新罗区钧谨眺百货店;https://shop73r1617862729.1688.com;https://detail.1688.com/offer/654296401575.html
柘荣县庆方日用品经营部;https://shop81y8544775452.1688.com;https://detail.1688.com/offer/650339707530.html
江西颜宋工坊园艺有限公司;https://shop1765507809524.1688.com;https://detail.1688.com/offer/629485940083.html
义乌市京艺工艺品有限公司;https://shop60x4pv8088161.1688.com;https://detail.1688.com/offer/645754016179.html
荔城区拱辰俞秀苹服装经营部;https://shop00c2635005661.1688.com;https://detail.1688.com/offer/649793814798.html
兰山区弥炙商贸中心;https://shop352m30l381l26.1688.com;https://detail.1688.com/offer/651480427025.html
万载县宾兴日用品商行;https://shop13504162r9251.1688.com;https://detail.1688.com/offer/650612533926.html
义乌市妮千谷服饰有限公司;https://shop723m994v91i87.1688.com;https://detail.1688.com/offer/612574360359.html
余江区浩柏经营部;https://shop9539467u00j40.1688.com;https://detail.1688.com/offer/654695024250.html
义乌市翔笙饰品有限公司;https://shop935ud38189u04.1688.com;https://detail.1688.com/offer/647777239489.html
广州宇展贸易商行;https://shop4p3793100p388.1688.com;https://detail.1688.com/offer/632871870750.html
义乌市简兮饰品有限公司;https://shop377z807543vx9.1688.com;https://detail.1688.com/offer/612275080899.html
德州新露商贸有限公司;https://dzxinlu.1688.com;https://detail.1688.com/offer/1122183705.html
义乌市迪倩饰品有限公司;https://ywdiqian.1688.com;https://detail.1688.com/offer/645935072323.html
义乌市迷尚贸易有限公司;https://azusky.1688.com;https://detail.1688.com/offer/640111637415.html
浦江县皓饰贸易有限公司;https://shop6238k8980f192.1688.com;https://detail.1688.com/offer/654874331218.html
义乌市乐拜饰品有限公司;https://shop1z2853441d8k4.1688.com;https://detail.1688.com/offer/643415730804.html
宁波昕橙科技有限公司;https://shop1pz7248235256.1688.com;https://detail.1688.com/offer/644759264048.html
杭州宝阁丝绸有限公司;https://baogesilk.1688.com;https://detail.1688.com/offer/591692642075.html
茂南区玉姿服装店;https://shop897821x377741.1688.com;https://detail.1688.com/offer/654120345370.html
义乌市妙德电子商务商行;https://shop1354900280794.1688.com;https://detail.1688.com/offer/597354788531.html
义乌市泽蕊饰品厂;https://shop68n2e15790084.1688.com;https://detail.1688.com/offer/622042562187.html
玉林市玉州区骏兴日用百货店;https://shop952ff25901847.1688.com;https://detail.1688.com/offer/639924571563.html
深圳市龙华新区伊百分手工饰品厂;https://storyacc.1688.com;https://detail.1688.com/offer/548185560666.html
东阳市亚美饰品有限公司;https://shop0n85373st2317.1688.com;https://detail.1688.com/offer/623889172668.html
义乌市茹丹饰品有限公司;https://rudanshipin.1688.com;https://detail.1688.com/offer/595130118007.html
高新区枫桥升伟源服饰商行;https://shop9e938747d4454.1688.com;https://detail.1688.com/offer/654152426429.html
深圳市耶丽雅服饰有限公司;https://shop1427561438659.1688.com;https://detail.1688.com/offer/649123800963.html
义乌市邱亚电子商务商行;https://shop9u51m93430d35.1688.com;https://detail.1688.com/offer/643721762463.html
义乌市尚捷饰品有限公司;https://shop11759725e5h10.1688.com;https://detail.1688.com/offer/592686175575.html
深圳市宝安区猫力饰品商行;https://shop1399913933782.1688.com;https://detail.1688.com/offer/643818119943.html
义乌市围艺贸易有限公司;https://ywsweiyi.1688.com;https://detail.1688.com/offer/642007301253.html
浙江娴慕围巾有限公司;https://zjxmwj.1688.com;https://detail.1688.com/offer/634555960800.html
新罗区西虾百货商行;https://shop493655174e278.1688.com;https://detail.1688.com/offer/654125128499.html
佛山市高明区晓芝蓝希贸易有限公司;https://shop8392006q96dr8.1688.com;https://detail.1688.com/offer/641148677876.html
沛县后曼日用品店;https://shop73270dqh07630.1688.com;https://detail.1688.com/offer/649911326521.html
漯河市源汇区莫世威啊百货店;https://shop93t589790eo84.1688.com;https://detail.1688.com/offer/649399434936.html
义乌市朴仁电子商务商行;https://linscarf.1688.com;https://detail.1688.com/offer/641844115672.html
广州哈琳娜饰品厂;https://harrina.1688.com;https://detail.1688.com/offer/642253795404.html
龙港市吾步电子商务商行;https://shop32s9l7475r088.1688.com;https://detail.1688.com/offer/652187901299.html
台州市黄岩豪辰日用品商行;https://shop5q305a385a264.1688.com;https://detail.1688.com/offer/649950161960.html
高新区枫桥双澄百货商行;https://shop865744090pa83.1688.com;https://detail.1688.com/offer/653148996540.html
义乌市思恋电子商务商行;https://shop1464368250733.1688.com;https://detail.1688.com/offer/650877578351.html
丹阳市界牌镇汇得鑫工艺礼品厂;https://shop83p9151086ff4.1688.com;https://detail.1688.com/offer/656026115325.html
义乌市耶佐电子商务商行;https://shop952171wm80235.1688.com;https://detail.1688.com/offer/652420598049.html
余江区偌慧经营部;https://shop2158240687t51.1688.com;https://detail.1688.com/offer/651443664651.html
柘荣县角麻日用品经营部;https://shop44108p6756k89.1688.com;https://detail.1688.com/offer/649417436947.html
柘荣县周期日用品经营部;https://shop3730385521h31.1688.com;https://detail.1688.com/offer/645697218803.html
深圳市南山区麦伦服饰批发商行;https://shop075g8803c4g36.1688.com;https://detail.1688.com/offer/617398729261.html
义乌市小乌龟电子商务有限公司;https://xiaowugui.1688.com;https://detail.1688.com/offer/645565803095.html
山南新区田野日用百货经营商行;https://shop550369c809231.1688.com;https://detail.1688.com/offer/646556028385.html
莆田市荔城区禾罗服饰店;https://shop174o52584z680.1688.com;https://detail.1688.com/offer/653529900487.html
新罗区人弘百货商行;https://shop43xw949759699.1688.com;https://detail.1688.com/offer/652902630118.html
余江区小蓉芙贸易商行;https://shop1977y77c2v783.1688.com;https://detail.1688.com/offer/654655951388.html
义乌市乔瑟电子商务商行;https://shop0931140r54s01.1688.com;https://detail.1688.com/offer/648751899755.html
台州市椒江尼洋童装商行;https://nicnic2016.1688.com;https://detail.1688.com/offer/640481934797.html
龙游艾希电子商务有限公司;https://shop1450889611214.1688.com;https://detail.1688.com/offer/643793074009.html
浦江县大杂兔贸易有限公司;https://shop3489i865747h0.1688.com;https://detail.1688.com/offer/644831693140.html
义乌市楠博电子商务商行;https://shop1410539936050.1688.com;https://detail.1688.com/offer/622885490053.html
高新区枫桥宏千全贸易商行;https://shop694g542051854.1688.com;https://detail.1688.com/offer/653551935072.html
睢宁县子思纺织厂;https://shop05f4vh0063224.1688.com;https://detail.1688.com/offer/641374778204.html
上海握泽贸易有限公司;https://shop2236618742mp6.1688.com;https://detail.1688.com/offer/644784513322.html
永定区乔毫牡网店;https://shop215kkz8243872.1688.com;https://detail.1688.com/offer/634967945673.html
义乌市忻婷电子商务商行;https://shop89i21962q3485.1688.com;https://detail.1688.com/offer/615295968536.html
义乌市妤曼服饰有限公司;https://yumanfushi0729.1688.com;https://detail.1688.com/offer/639503996782.html
新罗区香怀瑶百货店;https://shop7377792592238.1688.com;https://detail.1688.com/offer/644266751778.html
安顺市星鱼商贸有限公司;https://shop37z98w6i37219.1688.com;https://detail.1688.com/offer/649536494581.html
余江区茜梅经营部;https://shop8571o78t7i111.1688.com;https://detail.1688.com/offer/655001361340.html
漳州开发区淌联服装店;https://shop70791681x3043.1688.com;https://detail.1688.com/offer/654081072819.html
玉林市天之宇电子商务有限公司;https://shop49w3929052311.1688.com;https://detail.1688.com/offer/653941456192.html
南平市建阳区达阳曜百货店;https://shop36203845y28w2.1688.com;https://detail.1688.com/offer/650742346013.html
郴州市北湖区东发百货批发商行;https://shop346331r051717.1688.com;https://detail.1688.com/offer/634169632409.html
广州市天河区棠下米呀水果店;https://shop28y613222hf50.1688.com;https://detail.1688.com/offer/652444052805.html
新罗区希荏网店;https://shop917a52979na96.1688.com;https://detail.1688.com/offer/647941646580.html
南平市建阳区练光纬百货店;https://shop1372um9879169.1688.com;https://detail.1688.com/offer/647266055867.html
义乌市饰铺电子商务商行;https://duoyue666.1688.com;https://detail.1688.com/offer/654899706257.html
广州凯特瑞商贸店;https://shop72003n8152nv9.1688.com;https://detail.1688.com/offer/645324108877.html
柘荣县楷豹日用品经营部;https://shop909433314wp50.1688.com;https://detail.1688.com/offer/645854933187.html
漳州开发区会雯韵百货店;https://shop94337o305z274.1688.com;https://detail.1688.com/offer/647570777042.html
鹰潭市潭京商贸有限公司;https://shop4825202191op5.1688.com;https://detail.1688.com/offer/645640959256.html
余姚市羽月服装店;https://shop719d277s97747.1688.com;https://detail.1688.com/offer/655537406408.html
义乌市梵尚饰品厂;https://15fs.1688.com;https://detail.1688.com/offer/643242654446.html
广州市黄埔区张书华服装有限公司;https://shop184448477dw71.1688.com;https://detail.1688.com/offer/640556870294.html
义乌市胡咯电子商务商行;https://shop244z06996y466.1688.com;https://detail.1688.com/offer/656308887251.html
义乌市誉学电子商务有限公司;https://shop8185g5362f268.1688.com;https://detail.1688.com/offer/644883870616.html
义乌市宣颖电子商务有限公司;https://shop90606028po4a4.1688.com;https://detail.1688.com/offer/593983910245.html
佛山市南海区案寺坳玻璃加工厂;https://shop83750wx069846.1688.com;https://detail.1688.com/offer/639035647409.html
义乌市囡喃电子商务商行;https://shop48061986g28s4.1688.com;https://detail.1688.com/offer/645911485525.html
义乌市悦珊电子商务有限公司;https://yueshan.1688.com;https://detail.1688.com/offer/622752752226.html
景宁亨序百货商行;https://shop4816196210075.1688.com;https://detail.1688.com/offer/651625639747.html
佛山市南海区荪善乡服装厂;https://shop654z235h857s3.1688.com;https://detail.1688.com/offer/640168267477.html
义乌市程嗣电子商务商行;https://shop555386b8668d7.1688.com;https://detail.1688.com/offer/654664034101.html
杭州华泰绸庄有限公司;https://htsst.1688.com;https://detail.1688.com/offer/599546520142.html
义乌市豪枫电子商务商行;https://shop12l612j077903.1688.com;https://detail.1688.com/offer/623106441442.html
新罗区卡咖百货商行;https://shop60s249cc9u682.1688.com;https://detail.1688.com/offer/648540552296.html
高新区枫桥雅宇百货商行;https://shop0282p79v74335.1688.com;https://detail.1688.com/offer/653774849806.html
义乌市瀚翎电子商务商行;https://shop4941u66q16788.1688.com;https://detail.1688.com/offer/612389296790.html
余江区高飞飞电子商务商行;https://shop9765652s93969.1688.com;https://detail.1688.com/offer/654137687168.html
佛山市禅城区瓯立贸易商行;https://ouli66.1688.com;https://detail.1688.com/offer/631422897479.html
龙港市芊尧电子商务商行;https://shop97106q5045634.1688.com;https://detail.1688.com/offer/654742326172.html
漳州开发区岚菀柳网络技术工作室;https://shop827g90798n375.1688.com;https://detail.1688.com/offer/648030057328.html
义乌市九天电子商务股份有限公司;https://yiwujiutian.1688.com;https://detail.1688.com/offer/648598690847.html
义乌市回元饰品厂;https://shop695112967y0q3.1688.com;https://detail.1688.com/offer/645331506754.html
义乌市了悟电子商务有限公司;https://shop1488270830118.1688.com;https://detail.1688.com/offer/644982273494.html
义乌市米盒服饰有限公司;https://shop15426j44gl492.1688.com;https://detail.1688.com/offer/654407622718.html
涵江区涵西陈希平鞋厂;https://shop3s42s124w3180.1688.com;https://detail.1688.com/offer/652856688127.html
建德市三都镇噔艺贸易商行;https://shop632533sm86877.1688.com;https://detail.1688.com/offer/656015826720.html
