义乌市团铭电子商务有限公司;https://shop1393347193811.1688.com;https://detail.1688.com/offer/576858384129.html
义乌市尔洵饰品有限公司;https://shop351u315060814.1688.com;https://detail.1688.com/offer/644975874055.html
义乌市麦浪电子商务有限公司;https://shop1488269626285.1688.com;https://detail.1688.com/offer/597050381146.html
义乌市登厚电子商务商行;https://shop1451063271749.1688.com;https://detail.1688.com/offer/549135128297.html
义乌市或美工艺品厂;https://ywdlsp.1688.com;https://detail.1688.com/offer/589789527313.html
义乌市念灿饰品有限公司;https://shop1467824892842.1688.com;https://detail.1688.com/offer/594179264744.html
义乌市欢欣饰品有限公司;https://1688happy.1688.com;https://detail.1688.com/offer/581843855517.html
深圳市宝安区辉博新贸易商行;https://shop7461x50l94189.1688.com;https://detail.1688.com/offer/642407330338.html
义乌市兴为饰品厂;https://shop8n1h547101358.1688.com;https://detail.1688.com/offer/595883479953.html
义乌市丁丽电子商务商行;https://shop28554e50re624.1688.com;https://detail.1688.com/offer/652838192071.html
宁海县易敏日用品商行;https://shop19799s1671831.1688.com;https://detail.1688.com/offer/652689778119.html
义乌市欧伊茜电子商务有限公司;https://shop409y2d7010521.1688.com;https://detail.1688.com/offer/589400154263.html
义乌市附启电子商务商行;https://shop3113841436328.1688.com;https://detail.1688.com/offer/647464655532.html
余江区万然顺电子商务商行;https://shop8648790155389.1688.com;https://detail.1688.com/offer/652847927441.html
义乌市妙姿饰品有限公司;https://shop1482771688951.1688.com;https://detail.1688.com/offer/574992593479.html
苏州欣美集饰品有限公司;https://xinmeiji.1688.com;https://detail.1688.com/offer/592637965558.html
义乌市轩蔻饰品有限公司;https://wq9518.1688.com;https://detail.1688.com/offer/590830511835.html
金华市亚妮饰品有限公司;https://yanisp1688.1688.com;https://detail.1688.com/offer/571381895673.html
姑苏区简奢婚庆用品店;https://shop5o221105g4727.1688.com;https://detail.1688.com/offer/655756134202.html
义乌市华趣电子商务有限公司;https://shop284061t172476.1688.com;https://detail.1688.com/offer/599279721959.html
义乌市丞文饰品有限公司;https://shop5u6784o528v54.1688.com;https://detail.1688.com/offer/608676480288.html
义乌市筑栗电子商务商行;https://shop2954069343012.1688.com;https://detail.1688.com/offer/641504369063.html
义乌市又又进出口有限公司;https://shop1445964950948.1688.com;https://detail.1688.com/offer/580856781731.html
义乌市麦迪饰品有限公司;https://shop98656885453d4.1688.com;https://detail.1688.com/offer/588629684772.html
义乌市诗意电子商务商行;https://shop7z90744048e00.1688.com;https://detail.1688.com/offer/583704830674.html
义乌市翱翔网络科技有限公司;https://shop3111o7832j397.1688.com;https://detail.1688.com/offer/585034878358.html
义乌市新娘花饰品厂;https://xinnianghua.1688.com;https://detail.1688.com/offer/577320674968.html
义乌市初恋贸易有限公司;https://shop3w92r869a6549.1688.com;https://detail.1688.com/offer/609593920794.html
义乌市慈钛贸易有限公司;https://shop1456764769191.1688.com;https://detail.1688.com/offer/587061648847.html
惠州市顺承鹏工艺制品有限公司;https://shop90281369h87h8.1688.com;https://detail.1688.com/offer/640265337561.html
义乌市蓝淘饰品有限公司;https://longpingershipin.1688.com;https://detail.1688.com/offer/521874330939.html
东阳市白云蓝芝海饰品厂;https://aonashiping2.1688.com;https://detail.1688.com/offer/521870028947.html
义乌市润俏饰品厂;https://shop1430153394269.1688.com;https://detail.1688.com/offer/571591566979.html
义乌云罗电子商务有限公司;https://yunluo1.1688.com;https://detail.1688.com/offer/571913159215.html
义乌市吹阅电子商务商行;https://shop148jb72417u76.1688.com;https://detail.1688.com/offer/651240495839.html
余江区达梅玲百货店;https://shop124a0x7n07608.1688.com;https://detail.1688.com/offer/654711300502.html
广州南沙区智新医疗器械有限公司;https://shop0229186865512.1688.com;https://detail.1688.com/offer/655800954697.html
城阳区艾美饰界饰品店;https://shop9c63c81881152.1688.com;https://detail.1688.com/offer/628967353310.html
义乌市随变饰品有限公司;https://shop1461257355826.1688.com;https://detail.1688.com/offer/545247923050.html
义乌市昌翊电子商务商行;https://shop077539sx54058.1688.com;https://detail.1688.com/offer/656266475506.html
东阳市维卡饰品有限公司;https://shop75b24250307o7.1688.com;https://detail.1688.com/offer/649469365206.html
石狮市简峰申若网络百货商行;https://shop56481ni5f6027.1688.com;https://detail.1688.com/offer/653745927873.html
义乌市心韵饰品有限公司;https://yiwuxinyun.1688.com;https://detail.1688.com/offer/600366012474.html
义乌市辉骁电子商务商行;https://shop1414673379187.1688.com;https://detail.1688.com/offer/607091496039.html
义乌市箫韶饰品有限公司;https://xiaoshao.1688.com;https://detail.1688.com/offer/596222171296.html
玉林市玉州区宏武百货店;https://shop2653918989606.1688.com;https://detail.1688.com/offer/638436054224.html
东莞市洪兴饰品配件有限公司;https://gdhxsppj.1688.com;https://detail.1688.com/offer/624235327337.html
青岛蒂梵克饰品有限公司;https://difankeshipin.1688.com;https://detail.1688.com/offer/561329819573.html
义乌市芹锦电子商务商行;https://shop11a9416u7a245.1688.com;https://detail.1688.com/offer/633220604784.html
东莞市如刚五金饰品有限公司;https://rugang8888.1688.com;https://detail.1688.com/offer/576836256214.html
佛山市禅城区鑫尼贸易商行;https://shop333303q981r97.1688.com;https://detail.1688.com/offer/654991586328.html
义乌市轩榭饰品厂;https://xuanxie.1688.com;https://detail.1688.com/offer/625931433569.html
东莞市煜锋五金有限公司;https://shop43i2b86f44943.1688.com;https://detail.1688.com/offer/598319650002.html
义乌市温敏电子商务商行;https://shop5658845756640.1688.com;https://detail.1688.com/offer/655325330214.html
新罗区厅凡文百货店;https://shop4n96nw5100370.1688.com;https://detail.1688.com/offer/642006332827.html
陆川县惠霖日用品店;https://shop78046017l7051.1688.com;https://detail.1688.com/offer/651540550939.html
永定区从贯筱百货店;https://shop43m4326773899.1688.com;https://detail.1688.com/offer/649254420429.html
佛山市南海区朱庇亚服装厂;https://shop323e73q439f84.1688.com;https://detail.1688.com/offer/639549570462.html
万载县雯达涩日用品经营部;https://shop90n0i90632m75.1688.com;https://detail.1688.com/offer/655988199720.html
龙港市捷羿日用品厂;https://shop972f967y814q8.1688.com;https://detail.1688.com/offer/654095871866.html
义乌市岚琳饰品有限公司;https://shop1967n01469x05.1688.com;https://detail.1688.com/offer/630986338491.html
玉林市玉州区福是福百货店;https://shop15f251797l5h1.1688.com;https://detail.1688.com/offer/651698999380.html
永定区赞伊密百货店;https://shop4092t7rx89744.1688.com;https://detail.1688.com/offer/642805309715.html
玉林市玉州区艳清百货店;https://shop1629x10361936.1688.com;https://detail.1688.com/offer/651326789871.html
万载县溪消片日用品经营部;https://shop69971i4i115m2.1688.com;https://detail.1688.com/offer/650076633509.html
永定区旷高徘商行;https://shop89p20f8892j89.1688.com;https://detail.1688.com/offer/634097286391.html
玉林市玉州区瑞悦日用品店;https://shop4644cr06r1479.1688.com;https://detail.1688.com/offer/651560053323.html
玉林市玉州区沃厚日用百货店;https://shop88y1638e43377.1688.com;https://detail.1688.com/offer/650616740238.html
深圳市每日实业有限公司;https://shop4l79686258fa2.1688.com;https://detail.1688.com/offer/635653287266.html
高密市燕宇服饰有限公司;https://yanyufushi999.1688.com;https://detail.1688.com/offer/630850868628.html
义乌市金缕饰品配件商行;https://ywjlsppj.1688.com;https://detail.1688.com/offer/626743346727.html
广州市花都区狮岭维鑫百货店;https://shop5a1w5r8609289.1688.com;https://detail.1688.com/offer/649699590096.html
东莞市长安格美五金饰品经营部;https://shop1488388265590.1688.com;https://detail.1688.com/offer/643611278089.html
东莞市尚嘉五金饰品有限公司;https://dglihaiyong.1688.com;https://detail.1688.com/offer/623994306267.html
义乌市英亿电子商务商行;https://shop6784769942xc5.1688.com;https://detail.1688.com/offer/630371627197.html
义乌市温宜饰品有限公司;https://venyjewelry.1688.com;https://detail.1688.com/offer/588058722597.html
义乌市翰舟电子商务有限公司;https://shop1469509960805.1688.com;https://detail.1688.com/offer/582793347497.html
河南优拉国际贸易有限公司;https://shop3vm038o404309.1688.com;https://detail.1688.com/offer/608303013844.html
义乌振黄贸易有限公司;https://shop852691965m898.1688.com;https://detail.1688.com/offer/651095576469.html
义乌市荣茂饰品有限公司;https://raomao3688.1688.com;https://detail.1688.com/offer/600494064415.html
河南布菲新娘饰品有限公司;https://shop091374746u468.1688.com;https://detail.1688.com/offer/640096528237.html
陆川县融数日用品店;https://shop0h95170r7g428.1688.com;https://detail.1688.com/offer/649530012045.html
义乌市桥恒饰品有限公司;https://zjepin.1688.com;https://detail.1688.com/offer/554984215612.html
郾城区商桥镇梓占百货店;https://shop566w657210i88.1688.com;https://detail.1688.com/offer/654755165689.html
罗庄区齐全百货商行;https://shop66r3234r786h4.1688.com;https://detail.1688.com/offer/652338695001.html
苍南县灵溪镇纯林服装加工厂;https://shop50tv02a840632.1688.com;https://detail.1688.com/offer/592072854748.html
义乌莺凤饰品商行;https://shop9987841s94786.1688.com;https://detail.1688.com/offer/625746485216.html
义乌市奈思饰品厂;https://shop915928n8388e0.1688.com;https://detail.1688.com/offer/639935829390.html
莱芜赢达商贸有限公司;https://shop41057w935g807.1688.com;https://detail.1688.com/offer/610799189161.html
义乌市铜鑫饰品厂;https://ttttttt.1688.com;https://detail.1688.com/offer/607488509896.html
义乌市霏展电子商务商行;https://shop1450198579898.1688.com;https://detail.1688.com/offer/615951620452.html
广州市天河区天平齐明眼镜店;https://shop546925191ox60.1688.com;https://detail.1688.com/offer/633195033073.html
青岛美欧雅工艺品有限公司;https://qdmeiouya.1688.com;https://detail.1688.com/offer/582160859199.html
浙江麦吉饰品有限公司;https://umygirl.1688.com;https://detail.1688.com/offer/570747906218.html
义乌市莉理日用百货商行;https://shop610776075av46.1688.com;https://detail.1688.com/offer/653040964155.html
义乌市他有贸易商行;https://shop1c558234c6925.1688.com;https://detail.1688.com/offer/651273238291.html
丹阳市开发区吉康力维百货商行;https://shop375083l09r152.1688.com;https://detail.1688.com/offer/631686696555.html
义乌市紫耶日用百货商行;https://shop7i1235i642231.1688.com;https://detail.1688.com/offer/654182447673.html
泉州市拾梦网络科技有限公司;https://shop1i5i83b078877.1688.com;https://detail.1688.com/offer/649999507861.html
连城县俪承嗣百货店;https://shop9589592g98965.1688.com;https://detail.1688.com/offer/655204523185.html
义乌市濡意电子商务商行;https://shop81570t9c838u7.1688.com;https://detail.1688.com/offer/655635733443.html
余江区泉鑫经营部;https://shop366p1p8m64926.1688.com;https://detail.1688.com/offer/656397779435.html
永定区悬历泽百货商行;https://shop8t60825091gv4.1688.com;https://detail.1688.com/offer/651522922219.html
海州区岗埠农场薇薇安饰品经营部;https://shop28614c1605473.1688.com;https://detail.1688.com/offer/615036108355.html
义乌市珍妮饰品商行;https://xiaoxiaostore.1688.com;https://detail.1688.com/offer/525808640217.html
广州理想美饰品有限公司;https://shop5145263821071.1688.com;https://detail.1688.com/offer/588623694620.html
义乌市文汐服饰有限公司;https://wenxiyaodai.1688.com;https://detail.1688.com/offer/606326219961.html
诸暨市沁雅珍珠养殖场;https://beibeishop.1688.com;https://detail.1688.com/offer/542807015377.html
义乌市蓝启电子商务商行;https://lanqishipin.1688.com;https://detail.1688.com/offer/591386249468.html
义乌市赫拉进出口有限公司;https://ywhera.1688.com;https://detail.1688.com/offer/642497890680.html
青岛时光猫饰品有限公司;https://timecat2020.1688.com;https://detail.1688.com/offer/649945732946.html
义乌市碧安贸易有限公司;https://shop212td825755i4.1688.com;https://detail.1688.com/offer/572795744464.html
义乌市前贵日用品厂;https://shop2642b33325c12.1688.com;https://detail.1688.com/offer/652629463449.html
义乌甜饰电子商务商行;https://shop5635j252639o9.1688.com;https://detail.1688.com/offer/639902908634.html
义乌市心询电子商务商行;https://shop51d196gq06937.1688.com;https://detail.1688.com/offer/648164247559.html
临沂市兰山区垣润百货店;https://shop95u8965l635c2.1688.com;https://detail.1688.com/offer/652531096526.html
兰山区霖阳商贸中心;https://shop743721tg95721.1688.com;https://detail.1688.com/offer/652918469977.html
临沂市兰山区顺远商贸经营部;https://shop176o094711092.1688.com;https://detail.1688.com/offer/654833882636.html
义乌市米迦贸易有限公司;https://mijiamaoyi.1688.com;https://detail.1688.com/offer/626394349332.html
佛山市禅城区社库玻璃制造厂;https://shop4h5638s2s4787.1688.com;https://detail.1688.com/offer/634616843614.html
义乌市阳纽电子商务商行;https://shop0695b59k07586.1688.com;https://detail.1688.com/offer/654371360471.html
义乌市印咖电子商务商行;https://shop5414616g43071.1688.com;https://detail.1688.com/offer/654311812661.html
金华市萱萱金属配件厂;https://shop1047w76194813.1688.com;https://detail.1688.com/offer/632959539186.html
义乌市冉色电子商务商行;https://shop7986t8h334480.1688.com;https://detail.1688.com/offer/650143823495.html
海宁龙威电子商务有限公司;https://shop1418783959592.1688.com;https://detail.1688.com/offer/622225206188.html
润州区卓而西百货商行;https://shop59bv10632u605.1688.com;https://detail.1688.com/offer/650561304394.html
深圳市宝安区龙诚百货商行;https://shop26m5u3l343282.1688.com;https://detail.1688.com/offer/646972810431.html
余江区寻真梦贸易商行;https://shop76990297e19a3.1688.com;https://detail.1688.com/offer/651042508651.html
义乌市聚彩饰品有限公司;https://jucaishipin.1688.com;https://detail.1688.com/offer/576228679383.html
义乌筑京电子商务商行;https://shop2498h775o9929.1688.com;https://detail.1688.com/offer/651848820492.html
东阳市琪玮饰品有限公司;https://shop5030j9c388640.1688.com;https://detail.1688.com/offer/626425441525.html
义乌市萍谭电子商务商行;https://shop5873w4896t612.1688.com;https://detail.1688.com/offer/654821241988.html
万载县永耀日用品经营部;https://shop51082038g7529.1688.com;https://detail.1688.com/offer/652307336101.html
义乌市红恋贸易有限公司;https://shop821719m586443.1688.com;https://detail.1688.com/offer/601632758363.html
玉林市玉州区好园日用品店;https://shop479708b690761.1688.com;https://detail.1688.com/offer/649032900205.html
段体敬;https://shop1441644880764.1688.com;https://detail.1688.com/offer/538229937741.html
广州三美贸易有限公司;https://shop2ee9146k35856.1688.com;https://detail.1688.com/offer/655786619736.html
义乌市焰海电子商务商行;https://shop67v461p8y5102.1688.com;https://detail.1688.com/offer/651252821599.html
深圳市创新微越工艺礼品有限公司;https://cxhy1688.1688.com;https://detail.1688.com/offer/612628972273.html
高新区狮山宝利贝城贸易商行;https://shop94980901n47n1.1688.com;https://detail.1688.com/offer/654156650093.html
