义乌市来茂饰品有限公司;https://laimaoshipin.1688.com;https://detail.1688.com/offer/651417810004.html
义乌市安哲电子商务商行;https://shop1354359731327.1688.com;https://detail.1688.com/offer/573319023427.html
义乌市睿莉饰品有限公司;https://shop517493ll73976.1688.com;https://detail.1688.com/offer/639087618381.html
义乌市正盛进出口有限公司;https://hateliwenzhou.1688.com;https://detail.1688.com/offer/560165826181.html
永嘉县正兴宠物休闲用品有限公司;https://wenzhouhateli.1688.com;https://detail.1688.com/offer/36505714296.html
义乌市钰媛饰品有限公司;https://shop186512k568978.1688.com;https://detail.1688.com/offer/620912341021.html
义乌市韩饰界电子科技有限公司;https://shop343b88869jj94.1688.com;https://detail.1688.com/offer/646486482118.html
义乌市王光电子商务商行;https://shop1468515374047.1688.com;https://detail.1688.com/offer/644220712627.html
永嘉县万奇日用百货有限公司;https://shop1421340404033.1688.com;https://detail.1688.com/offer/544068529413.html
浦江县慕尚贸易有限公司;https://shop578274098k823.1688.com;https://detail.1688.com/offer/641058186248.html
永定区幸徊绛百货店;https://shop51l5n609z7417.1688.com;https://detail.1688.com/offer/643384593670.html
新沂市涛之骆服装店;https://shop38626740jb048.1688.com;https://detail.1688.com/offer/653172414273.html
温州市鹿城区麟风贸易商行;https://shop04919g0r35276.1688.com;https://detail.1688.com/offer/652542004623.html
永嘉鹏派宠物用品有限公司;https://hatelipet.1688.com;https://detail.1688.com/offer/643568035030.html
义乌市易缘电子商务商行;https://shop10g70511o2e08.1688.com;https://detail.1688.com/offer/606332377458.html
南平市建阳区寒昙阁百货店;https://shop097i69v7183v9.1688.com;https://detail.1688.com/offer/653795903352.html
义乌市夕闪电子商务商行;https://shop5874048c3n043.1688.com;https://detail.1688.com/offer/653554018533.html
万载县柳速欣日用品商行;https://shop5901ol5247501.1688.com;https://detail.1688.com/offer/652811337213.html
义乌市檬誉电子商务商行;https://shop861d7742u4788.1688.com;https://detail.1688.com/offer/651903954824.html
义乌市德印电子商务商行;https://shop54z2153974312.1688.com;https://detail.1688.com/offer/654896986944.html
义乌市濡意电子商务商行;https://shop81570t9c838u7.1688.com;https://detail.1688.com/offer/655902634382.html
义乌市畅淳电子商务商行;https://shop6i036x164e205.1688.com;https://detail.1688.com/offer/655779490014.html
义乌市娇掠电子商务商行;https://shop7506473447103.1688.com;https://detail.1688.com/offer/655325961830.html
义乌市柳蓄电子商务商行;https://shop5me3549234327.1688.com;https://detail.1688.com/offer/654076123834.html
余江区洋湾经营部;https://shop7pw8935o27623.1688.com;https://detail.1688.com/offer/654699244301.html
南平市建阳区林农秦宣百货店;https://shop94371q673k841.1688.com;https://detail.1688.com/offer/656428063424.html
佛山市科曼达电子商务有限公司;https://shop5758q60b45658.1688.com;https://detail.1688.com/offer/643751050174.html
新沂市婵之宁服装店;https://shop15388www56z74.1688.com;https://detail.1688.com/offer/653246638171.html
广州白云区君子道茶酒商行;https://shop57h2378n11z68.1688.com;https://detail.1688.com/offer/644867516001.html
南平市建阳区当排脂百货店;https://shop92a7s851o2441.1688.com;https://detail.1688.com/offer/645479898962.html
高新区枫桥鸿科服装商行;https://shop7m3j255451061.1688.com;https://detail.1688.com/offer/656376707545.html
高新区枫桥万胜服装商行;https://shop379y1520b5l07.1688.com;https://detail.1688.com/offer/655218124955.html
义乌市馨苑饰品有限公司;https://shop468u33u83v594.1688.com;https://detail.1688.com/offer/621893299545.html
义乌市广拓电子商务有限公司;https://guangtuoshipin.1688.com;https://detail.1688.com/offer/612904288963.html
义乌市策帅电子商务商行;https://cs13777917215.1688.com;https://detail.1688.com/offer/614454617374.html
义乌市半烟电子商务有限公司;https://shop084277707b719.1688.com;https://detail.1688.com/offer/641825625303.html
广州凯微聚贸易商行;https://shop01e650444wp84.1688.com;https://detail.1688.com/offer/653174177319.html
佛山市南海区精宝基日用百货商行;https://shop7010r29659092.1688.com;https://detail.1688.com/offer/650986639485.html
滕州市北辛祥顺日用百货经营部;https://shop26946117a5fa0.1688.com;https://detail.1688.com/offer/643674693327.html
义乌市安朵贸易有限公司;https://shop7205u6z222285.1688.com;https://detail.1688.com/offer/651365159105.html
广州天河区明盛电子厂;https://shop2253g7g207403.1688.com;https://detail.1688.com/offer/652696063072.html
义乌市恩溢饰品厂;https://shop168d426603228.1688.com;https://detail.1688.com/offer/641560522000.html
兰山区虹之霞百货商行;https://shop791511pb37634.1688.com;https://detail.1688.com/offer/651081962516.html
新沂市符雨诗家居用品经营部;https://shop44c86335b0j73.1688.com;https://detail.1688.com/offer/655424838463.html
义乌市骍隆电子商务商行;https://shop684n393892646.1688.com;https://detail.1688.com/offer/649860644345.html
万载县清坤日用品经营部;https://shop96621o2145555.1688.com;https://detail.1688.com/offer/654661965465.html
袁州区随风网络工作室;https://shop92y25611b4132.1688.com;https://detail.1688.com/offer/655175149922.html
余江区莱翔经营部;https://shop3720055577007.1688.com;https://detail.1688.com/offer/656069835867.html
余江区祥雅经营部;https://shop83444879b4a24.1688.com;https://detail.1688.com/offer/655487802615.html
余江区兴来经营部;https://shop41370x9f727z4.1688.com;https://detail.1688.com/offer/654617446462.html
万载县高轴会百货店;https://shop676760p4507v8.1688.com;https://detail.1688.com/offer/655423854610.html
余江区宝仕经营部;https://shop98d864023d262.1688.com;https://detail.1688.com/offer/652785777870.html
南平市建阳区林农东松百货店;https://shop60s291b3192s5.1688.com;https://detail.1688.com/offer/651672172224.html
义乌市缘浏电子商务商行;https://shop11d6451512v37.1688.com;https://detail.1688.com/offer/643774329635.html
广州市黄埔区盈点日化用品商行;https://shop31b1xv3814025.1688.com;https://detail.1688.com/offer/647870265657.html
淮南芸炻商贸有限公司;https://shop2j4b5j3599678.1688.com;https://detail.1688.com/offer/644005988023.html
义乌市勉求电子商务商行;https://shop1mq6f823xq594.1688.com;https://detail.1688.com/offer/652541107063.html
鄱阳县庾翰墨五金店;https://shop5936lul071039.1688.com;https://detail.1688.com/offer/654747000542.html
义乌市忻梨电子商务商行;https://shop96688wr9094g4.1688.com;https://detail.1688.com/offer/652960729462.html
万载县福昕日用品商行;https://shop251x9864u2y64.1688.com;https://detail.1688.com/offer/653845087055.html
余江区翔双经营部;https://shop378241vf32006.1688.com;https://detail.1688.com/offer/652777738890.html
南平市建阳区李幸容商贸商行;https://shop385935w6179t3.1688.com;https://detail.1688.com/offer/646546519237.html
龙港市图麦贸易商行;https://shop207058515x465.1688.com;https://detail.1688.com/offer/653287503972.html
义乌市企冬电子商务商行;https://shop1536079561323.1688.com;https://detail.1688.com/offer/653570547197.html
义乌市录本饰品厂;https://shop1428484545706.1688.com;https://detail.1688.com/offer/640633855506.html
义乌市良亚饰品商行;https://shop92r962954v847.1688.com;https://detail.1688.com/offer/633226766518.html
义乌市协缔电子商务商行;https://shop91i433t3s4117.1688.com;https://detail.1688.com/offer/652432521165.html
义乌市檬江日用品厂;https://shop4nye289545654.1688.com;https://detail.1688.com/offer/652565885274.html
义乌市旻珉电子商务商行;https://shop35653i0269911.1688.com;https://detail.1688.com/offer/652026341495.html
龙港市卡菲电子商务商行;https://shop47p98698b2891.1688.com;https://detail.1688.com/offer/652557545871.html
义乌市厚盾电子商务商行;https://shop106434x85n9j8.1688.com;https://detail.1688.com/offer/649478793688.html
义乌市余鼎电子商务商行;https://shop5137x605t2331.1688.com;https://detail.1688.com/offer/653201891447.html
新沂市敏之胡家居用品经营部;https://shop4eh7g36094464.1688.com;https://detail.1688.com/offer/655007714314.html
余江区偌慧经营部;https://shop2158240687t51.1688.com;https://detail.1688.com/offer/655208391141.html
义乌市曹邦电子商务商行;https://shop7d957204336a0.1688.com;https://detail.1688.com/offer/654463647251.html
龙港市意杉贸易商行;https://shop803e06e1i5344.1688.com;https://detail.1688.com/offer/652880026336.html
义乌市莲渡电子商务商行;https://shop8538o2573e2l9.1688.com;https://detail.1688.com/offer/653609773512.html
义乌市萨启电子商务商行;https://shop2j6214nn92999.1688.com;https://detail.1688.com/offer/653926362832.html
漳州开发区顿寒蕾服装店;https://shop193329o96r3r8.1688.com;https://detail.1688.com/offer/655533855251.html
鄱阳县毛员鼓珠宝店;https://shop01w5t15931068.1688.com;https://detail.1688.com/offer/654315734288.html
义乌市歌图电子商务商行;https://shop66054uuy04028.1688.com;https://detail.1688.com/offer/654741723815.html
余江区新桂经营部;https://shop06f858c520a36.1688.com;https://detail.1688.com/offer/653995475438.html
余江区菲悠经营部;https://shop85l9l36245631.1688.com;https://detail.1688.com/offer/654154009581.html
义乌市考薛电子商务商行;https://shop86d50o63s2738.1688.com;https://detail.1688.com/offer/653669538469.html
义乌市凤肖电子商务商行;https://shop7j8186u204606.1688.com;https://detail.1688.com/offer/654901352776.html
南平市建阳区林农孔格百货店;https://shop0169r62wo0694.1688.com;https://detail.1688.com/offer/656258411218.html
义乌市程嗣电子商务商行;https://shop555386b8668d7.1688.com;https://detail.1688.com/offer/654528974265.html
余江区琦祥经营部;https://shop687x97717x521.1688.com;https://detail.1688.com/offer/655359027285.html
高新区枫桥澄信敏服装商行;https://shop74140d8574126.1688.com;https://detail.1688.com/offer/655986218052.html
义乌市优泽饰品厂;https://shop83q29x4645171.1688.com;https://detail.1688.com/offer/614183021668.html
义乌市瑞涯日用百货商行;https://shop78052693we043.1688.com;https://detail.1688.com/offer/652581826011.html
义乌市牧律饰品有限公司;https://shop1466528749757.1688.com;https://detail.1688.com/offer/598495009932.html
遂昌拉恒日用百货商行;https://shop676xs8313x545.1688.com;https://detail.1688.com/offer/644504988366.html
义乌市璇涞电子商务商行;https://shop4833v965y1y18.1688.com;https://detail.1688.com/offer/651747728989.html
义乌市雨璇饰品厂;https://shop74l5549646441.1688.com;https://detail.1688.com/offer/648244617571.html
浙江义乌菲蓝贸易有限公司;https://shop601075176fm44.1688.com;https://detail.1688.com/offer/616180703645.html
义乌市铭礼饰品有限公司;https://shop31i711112q691.1688.com;https://detail.1688.com/offer/642919377737.html
义乌市汐晴饰品商行;https://shop3574727460449.1688.com;https://detail.1688.com/offer/649899506040.html
义乌市奕露饰品有限公司;https://shop36154mv37o833.1688.com;https://detail.1688.com/offer/602804993816.html
义乌市心屿饰品有限公司;https://shop5w590240r5532.1688.com;https://detail.1688.com/offer/649903538366.html
余江区晓杰电子商务商行;https://shop4839c0c623320.1688.com;https://detail.1688.com/offer/655181140327.html
义乌市庞树饰品厂;https://pangshu8.1688.com;https://detail.1688.com/offer/632539020560.html
万载县腹娇等百货店;https://shop9b1415ev39823.1688.com;https://detail.1688.com/offer/656412811379.html
义乌市霞劲电子商务商行;https://shop859t20r10b370.1688.com;https://detail.1688.com/offer/655650694468.html
义乌市跨寄电子商务商行;https://shop94012oe5158o9.1688.com;https://detail.1688.com/offer/653629779662.html
广州嘚铭玩具商行;https://shop59682kt3226k7.1688.com;https://detail.1688.com/offer/652189740671.html
余江区庭彤经营部;https://shop82j4026731n73.1688.com;https://detail.1688.com/offer/655201441785.html
龙港市楠图贸易商行;https://shop5152784812a37.1688.com;https://detail.1688.com/offer/652685082315.html
义乌市棉呈电子商务商行;https://shop152n43668a4b7.1688.com;https://detail.1688.com/offer/655546099794.html
南平市建阳区林农夜思百货店;https://shop616o5791k1420.1688.com;https://detail.1688.com/offer/654286791896.html
义乌市娇黠电子商务商行;https://shop0920366369vn1.1688.com;https://detail.1688.com/offer/654807490055.html
义乌市枫狄电子商务商行;https://shop7805a1381c042.1688.com;https://detail.1688.com/offer/655281497002.html
三门轻司贸易商行;https://shop0510406159194.1688.com;https://detail.1688.com/offer/651762892866.html
义乌市迎鹏饰品商行;https://ywyingpengsp.1688.com;https://detail.1688.com/offer/595099515603.html
淮南经济技术开发区正乾百货经营部;https://shop824ea26330390.1688.com;https://detail.1688.com/offer/639320229298.html
玉林市玉州区美之凯百货店;https://shop8903256472659.1688.com;https://detail.1688.com/offer/645727717593.html
义乌市豫强贸易有限公司;https://shop4ngr233328236.1688.com;https://detail.1688.com/offer/583329092895.html
云霄县梅云百货店;https://shop8548304nv8n60.1688.com;https://detail.1688.com/offer/647641782022.html
义乌市薏轩饰品有限公司;https://shop47666a60911f9.1688.com;https://detail.1688.com/offer/629253732188.html
义乌市海派玩具有限公司;https://shop1420713847043.1688.com;https://detail.1688.com/offer/520105747034.html
杭州鑫晴玩具有限公司;https://hzxqwj88.1688.com;https://detail.1688.com/offer/592267558339.html
宁波环胜户外用品有限公司;https://huansheng.1688.com;https://detail.1688.com/offer/607147416498.html
绍兴博趣百货有限公司;https://boooqu.1688.com;https://detail.1688.com/offer/608099975277.html
义乌市深耕工艺品有限公司;https://shop9l65134649442.1688.com;https://detail.1688.com/offer/623103149919.html
深圳市启庞科技有限公司;https://shop1487610307835.1688.com;https://detail.1688.com/offer/620721284956.html
义乌市居尚坊贸易有限公司;https://baihuo88.1688.com;https://detail.1688.com/offer/548474887678.html
福州哈游电子商务有限公司;https://shop1486746021342.1688.com;https://detail.1688.com/offer/629037883413.html
上海雨贸电子商务有限公司;https://yumaobg.1688.com;https://detail.1688.com/offer/594748364067.html
亳州市谯城区溜丰食品店;https://shop5434c559c6q83.1688.com;https://detail.1688.com/offer/646589575290.html
义乌市佳实日用品有限公司;https://jiashibaihuo.1688.com;https://detail.1688.com/offer/639629257863.html
台州市黄岩月南日用品商行;https://shop4075a27910el0.1688.com;https://detail.1688.com/offer/645318374899.html
遂昌欣然贸易商行;https://shop2a466253470a6.1688.com;https://detail.1688.com/offer/644297689587.html
遂昌航依日用百货商行;https://shop64ig8s5693159.1688.com;https://detail.1688.com/offer/644970672281.html
台州市黄岩豪辰日用品商行;https://shop5q305a385a264.1688.com;https://detail.1688.com/offer/644736774266.html
义乌美鸣品牌管理有限公司;https://shop319271n418176.1688.com;https://detail.1688.com/offer/623092440273.html
郯城县中凯百货商城;https://shop99795665uv1f2.1688.com;https://detail.1688.com/offer/641718916152.html
义乌市玲凯贸易有限公司;https://shop1493398658817.1688.com;https://detail.1688.com/offer/567526692111.html
固安县礼让店乡渔夫钓具厂;https://shop1459185144861.1688.com;https://detail.1688.com/offer/546300746213.html
上海明也办公用品有限公司;https://shop1467911578343.1688.com;https://detail.1688.com/offer/546662618312.html
商丘市梁园区霸道日用百货商行;https://shop5598340760vr6.1688.com;https://detail.1688.com/offer/636793227245.html
沛县鲁罗日用品店;https://shop1v511v7378226.1688.com;https://detail.1688.com/offer/644489777499.html
广州市晶妍服饰有限公司;https://shop61d527r17z221.1688.com;https://detail.1688.com/offer/652618105020.html
深圳金启珠宝有限公司;https://szjqzb.1688.com;https://detail.1688.com/offer/618542690871.html
深圳市宝宏珠宝有限公司;https://szbhzb.1688.com;https://detail.1688.com/offer/634397464504.html
深圳市龙华区凯俪珠宝店;https://szklzb.1688.com;https://detail.1688.com/offer/594395007705.html
贝爽电子科技（上海）有限公司;https://shop1p8313b3j9445.1688.com;https://detail.1688.com/offer/631379198487.html
东阳市画水俩口橡胶塑料再生制品厂;https://liangkouxiangsu.1688.com;https://detail.1688.com/offer/598604061600.html
义乌市议夕电子商务商行;https://shop3206584f07ye8.1688.com;https://detail.1688.com/offer/649979047040.html
东莞市亿棵树科技有限公司;https://shop5388932976ra1.1688.com;https://detail.1688.com/offer/649656149450.html
义乌市岷婧电子商务商行;https://shop97ty1528668v5.1688.com;https://detail.1688.com/offer/651175667443.html
太原市万柏林区祥禾百货店;https://1888888.1688.com;https://detail.1688.com/offer/643548502411.html
广州粤鑫旺珠宝贸易有限公司;https://shop0781k14802518.1688.com;https://detail.1688.com/offer/648812746573.html
宜丰县金珂百货店;https://shop63745u902gu41.1688.com;https://detail.1688.com/offer/654749588517.html
新罗区多悦如百货商行;https://shop568333e097551.1688.com;https://detail.1688.com/offer/649169920120.html
兰山区婉婉商贸商行;https://shop2t6463t1232b0.1688.com;https://detail.1688.com/offer/652259949373.html
青白江泽佰雅秋商贸部;https://shop15l3p74614259.1688.com;https://detail.1688.com/offer/653827206480.html
海丰县梅陇卡达拉首饰商行;https://kadala.1688.com;https://detail.1688.com/offer/613954502216.html
五华县棉洋镇卢国钦综合商行;https://shop5012957nw2y32.1688.com;https://detail.1688.com/offer/655686918763.html
义乌市铂智珠宝有限公司;https://shop0t4357160n632.1688.com;https://detail.1688.com/offer/614740756249.html
义乌市琳煌针织有限公司;https://shop1409589778057.1688.com;https://detail.1688.com/offer/648269358017.html
龙港市辰染日用品厂;https://shop84371143455t4.1688.com;https://detail.1688.com/offer/654349156005.html
丽水涛天贸易有限公司;https://shop5y023776ai724.1688.com;https://detail.1688.com/offer/654659096033.html
广州市誉民贸易有限公司;https://shop4096a78a47046.1688.com;https://detail.1688.com/offer/649059387672.html
佛山市顺德区富欣升家具厂;https://shop29993l1729kg7.1688.com;https://detail.1688.com/offer/648696494955.html
永定区刻锦云网店;https://shop116j8x5404k61.1688.com;https://detail.1688.com/offer/644283623231.html
佛山市顺德区亨义久五金厂;https://shop9061996g11x03.1688.com;https://detail.1688.com/offer/648342081483.html
广州市鑫昇商贸有限公司;https://shop603988p310fk1.1688.com;https://detail.1688.com/offer/648437141686.html
义乌市荟溪电子商务商行;https://shop2508ia0o23522.1688.com;https://detail.1688.com/offer/654087988868.html
高新区枫桥财旭宏贸易商行;https://shop365y488944b22.1688.com;https://detail.1688.com/offer/654149288361.html
永定区诗禄寻网店;https://shop51m685198e4o1.1688.com;https://detail.1688.com/offer/647930820699.html
佛山市顺德区春亚金电器厂;https://shop4264830h2qe91.1688.com;https://detail.1688.com/offer/648701906268.html
佛山市顺德区干协宝五金厂;https://shop2525a53ka7944.1688.com;https://detail.1688.com/offer/647935888440.html
深圳市宝安区沁昕利贸易商行;https://shop0054s257r20k8.1688.com;https://detail.1688.com/offer/648950118341.html
永定区萌碧猛网店;https://shop3566532394iw8.1688.com;https://detail.1688.com/offer/647932516402.html
温州市鹿城区绮骁百货商行;https://shop3w91055356671.1688.com;https://detail.1688.com/offer/649057711458.html
南平市建阳区林农三千百货店;https://shop84k7385834412.1688.com;https://detail.1688.com/offer/648022292221.html
广州空崎电子科技有限公司;https://shop6j40871020h56.1688.com;https://detail.1688.com/offer/648343489400.html
义乌市柚多日用品有限公司;https://youduo888.1688.com;https://detail.1688.com/offer/532142346169.html
义乌市芸茄商贸有限公司;https://yunqie.1688.com;https://detail.1688.com/offer/607501441113.html
青岛妤芙坊商贸有限公司;https://qdyufufang.1688.com;https://detail.1688.com/offer/541389009738.html
广州兰博化妆品有限公司;https://shop7h75751613650.1688.com;https://detail.1688.com/offer/599906370151.html
深圳市龙华区聚简纹绣贸易商行;https://shop0290g38p24107.1688.com;https://detail.1688.com/offer/623411690310.html
启金贸易（广州）有限公司;https://shop04z0j06q63833.1688.com;https://detail.1688.com/offer/648862930220.html
佛山市顺德区多成巨电器厂;https://shop230563v0816a2.1688.com;https://detail.1688.com/offer/649062427061.html
深圳市宝安区迪力凯瑞电子商行;https://shop241026yj8f156.1688.com;https://detail.1688.com/offer/647934716532.html
广州力原贸易有限公司;https://shop871467281tq07.1688.com;https://detail.1688.com/offer/648337669607.html
义乌市漱也电子商务商行;https://shop75050556z99w6.1688.com;https://detail.1688.com/offer/655444023134.html
莆田市秀儿贸易有限公司;https://shop48w2810619d05.1688.com;https://detail.1688.com/offer/614125506201.html
新罗区可众渲百货店;https://shop7l055330jw320.1688.com;https://detail.1688.com/offer/643466568684.html
广州流年哒商贸店;https://shop6088929mk5a15.1688.com;https://detail.1688.com/offer/655217555639.html
高州市喵喵百货店;https://shop4v12970884901.1688.com;https://detail.1688.com/offer/636547104356.html
新罗区轩昂百货商行;https://shop92i2847194b10.1688.com;https://detail.1688.com/offer/642687628078.html
台州市黄岩厉恒电子商务商行;https://shop4419187j6a607.1688.com;https://detail.1688.com/offer/652327214740.html
余江区广度电子商务商行;https://shop0867n0w2z7115.1688.com;https://detail.1688.com/offer/650258489263.html
海丰县梅陇镇卡米拉首饰厂;https://shop7xe572l226646.1688.com;https://detail.1688.com/offer/654539482048.html
义乌市瑶湾日用百货有限公司;https://shop1483722060643.1688.com;https://detail.1688.com/offer/640332168104.html
温州市鹿城区河想百货商行;https://shop7r655t169d036.1688.com;https://detail.1688.com/offer/648337321694.html
余姚市肖玺日用品有限公司;https://shop93p8214px7213.1688.com;https://detail.1688.com/offer/648341765339.html
温州市鹿城区墁文百货店;https://shop9813964bai078.1688.com;https://detail.1688.com/offer/648339509637.html
瑞安锡安织带有限公司;https://shop21926g3m687t0.1688.com;https://detail.1688.com/offer/613198435167.html
金华市优倍斯特日用品有限公司;https://shop68629q91577e4.1688.com;https://detail.1688.com/offer/626196215596.html
阳西县广达渔网店;https://shop3843515790pp6.1688.com;https://detail.1688.com/offer/621158306183.html
义乌市颕鑫饰品商行;https://yinxinshipin.1688.com;https://detail.1688.com/offer/618172158561.html
瑞安市专注织带经营部;https://shop7z833r28684y8.1688.com;https://detail.1688.com/offer/650212882995.html
广州宣慧商贸有限公司;https://shop1488259190459.1688.com;https://detail.1688.com/offer/614262741513.html
深圳市宝安区福海休斯卡鞋厂;https://shop380jt02j47479.1688.com;https://detail.1688.com/offer/585102382166.html
义乌市凡泽贸易有限公司;https://fanzestationery.1688.com;https://detail.1688.com/offer/588349204131.html
广州市花都区狮岭名鑫五金商行;https://shop28y5812r74345.1688.com;https://detail.1688.com/offer/653518275626.html
固安县马庄镇中泰渔具厂;https://zhongtiyuju.1688.com;https://detail.1688.com/offer/641901850838.html
通山县堂静百货店;https://shop7z638196469x1.1688.com;https://detail.1688.com/offer/641112708655.html
义乌市舒锐电子商务商行;https://shop6881011465376.1688.com;https://detail.1688.com/offer/604774156852.html
深圳市福田区黛雅纹绣贸易商行;https://shop271j099n42f37.1688.com;https://detail.1688.com/offer/626479746132.html
余姚市任我行家居用品商行;https://shop5122j01802375.1688.com;https://detail.1688.com/offer/645234570591.html
石家庄晴空商贸有限公司;https://shop1489460017138.1688.com;https://detail.1688.com/offer/588690274755.html
尤溪县年有鱼商行;https://shop7749a13056w50.1688.com;https://detail.1688.com/offer/641178792646.html
义乌市向伟贸易有限公司;https://shop7p489973p0261.1688.com;https://detail.1688.com/offer/635684333558.html
漳州开发区尤恒秋建材店;https://shop7d05278m90313.1688.com;https://detail.1688.com/offer/649888624342.html
玉林市玉州区廷娜百货店;https://shop1280j8a16v164.1688.com;https://detail.1688.com/offer/646642442514.html
无锡安可馨科技有限公司;https://shop37vv72v736850.1688.com;https://detail.1688.com/offer/655194621845.html
莆田市秀屿区东峤金艺传承珠宝首饰厂;https://jinyicc.1688.com;https://detail.1688.com/offer/642246383815.html
龙门县乾辉印刷有限公司;https://bambus.1688.com;https://detail.1688.com/offer/654026071693.html
广州市黄埔区圃莲之皮具厂;https://shop9w3682l597r85.1688.com;https://detail.1688.com/offer/642849103577.html
义乌市陌代电子商务商行;https://shop2741145sq5767.1688.com;https://detail.1688.com/offer/644788183667.html
义乌市恩睿电子商务有限公司;https://shop4756258imm9u9.1688.com;https://detail.1688.com/offer/615778475072.html
漯河市源汇区岑咔百货店;https://shop41933307m4278.1688.com;https://detail.1688.com/offer/647963711317.html
