东阳市钻宇饰品有限公司;https://zuanyu.1688.com;https://detail.1688.com/offer/646366611786.html
义乌市新冠饰品有限公司;https://shop8x3898583n648.1688.com;https://detail.1688.com/offer/617067694818.html
义乌市馨懿饰品有限公司;https://huiyaosujiao.1688.com;https://detail.1688.com/offer/601650756093.html
义乌市予画贸易有限公司;https://hancan.1688.com;https://detail.1688.com/offer/616893790291.html
东阳市白云一铭饰品厂;https://shop6634h06548615.1688.com;https://detail.1688.com/offer/652179203288.html
义乌市主恩服饰有限公司;https://shop1442854480763.1688.com;https://detail.1688.com/offer/596628373087.html
义乌市景智服饰厂;https://shop1466145311801.1688.com;https://detail.1688.com/offer/614627308705.html
义乌市余嘉饰品有限公司;https://shop7m85091y344m0.1688.com;https://detail.1688.com/offer/641308270729.html
鄱阳县肇施珠宝店;https://shop44u7018356955.1688.com;https://detail.1688.com/offer/654235211146.html
义乌市萨启电子商务商行;https://shop2j6214nn92999.1688.com;https://detail.1688.com/offer/654396015418.html
义乌市昕虹饰品有限公司;https://shop9vx1897482474.1688.com;https://detail.1688.com/offer/644669441612.html
余江区玉祥冠经营部;https://shop58999447265h8.1688.com;https://detail.1688.com/offer/655290415715.html
新沂市林之维百货店;https://shop403j8715994i9.1688.com;https://detail.1688.com/offer/653334990136.html
新罗区建霖百货商行;https://shop5232179724801.1688.com;https://detail.1688.com/offer/641021038460.html
浦江县韩之尚电子商务有限公司;https://hanzhishang.1688.com;https://detail.1688.com/offer/624343740709.html
义乌市晓通电子商务有限公司;https://shop3g2o09h083187.1688.com;https://detail.1688.com/offer/625021402167.html
余江区清旭经营部;https://shop276d61991d901.1688.com;https://detail.1688.com/offer/655872314263.html
义乌市骍隆电子商务商行;https://shop684n393892646.1688.com;https://detail.1688.com/offer/654539353085.html
新罗区安悦百货商行;https://shop103u279yr5603.1688.com;https://detail.1688.com/offer/654734889413.html
余江区怡庆经营部;https://shop28f57719087l7.1688.com;https://detail.1688.com/offer/655043414199.html
义乌市冉泽电子商务商行;https://shop815g862762704.1688.com;https://detail.1688.com/offer/653914133140.html
义乌市咏康电子商务有限公司;https://yongkangdianzi1.1688.com;https://detail.1688.com/offer/654655311874.html
遂昌拉恒日用百货商行;https://shop676xs8313x545.1688.com;https://detail.1688.com/offer/644707917820.html
义乌市规萨日用品厂;https://shop859672q1n4960.1688.com;https://detail.1688.com/offer/653373931785.html
义乌市金前服饰有限公司;https://shop3105905e763w3.1688.com;https://detail.1688.com/offer/648093442560.html
义乌市厚盾电子商务商行;https://shop106434x85n9j8.1688.com;https://detail.1688.com/offer/652709670181.html
新罗区卡咖百货商行;https://shop60s249cc9u682.1688.com;https://detail.1688.com/offer/646661765414.html
新罗区岛雯百货商行;https://shop95h0800568773.1688.com;https://detail.1688.com/offer/651067049085.html
义乌市漂洋饰品有限公司;https://pyshp2003666.1688.com;https://detail.1688.com/offer/616121496325.html
义乌市春蝶饰品厂;https://loveboutique.1688.com;https://detail.1688.com/offer/625698722558.html
义乌市冠馨饰品有限公司;https://shop5079st234t111.1688.com;https://detail.1688.com/offer/625397418996.html
义乌市杰菲电子商务有限公司;https://ywjiefei.1688.com;https://detail.1688.com/offer/652114174797.html
义乌市翊骜广告社;https://asunnyan.1688.com;https://detail.1688.com/offer/625099124192.html
义乌市黑麦服饰有限公司;https://shop1437411397436.1688.com;https://detail.1688.com/offer/648811889404.html
兰溪市沐夏服饰厂;https://shop1425573923849.1688.com;https://detail.1688.com/offer/648933513107.html
鄱阳县冀森服装店;https://shop48q1221e2a786.1688.com;https://detail.1688.com/offer/650340618317.html
鄱阳县迮婷玉五金店;https://shop90y21c4837279.1688.com;https://detail.1688.com/offer/652912026127.html
佛山市南海区汇联森日用品厂;https://shop60x7t6883u526.1688.com;https://detail.1688.com/offer/644834155545.html
义乌市利郦电子商务商行;https://shop45b86371b3146.1688.com;https://detail.1688.com/offer/640252977441.html
余江区银樊经营部;https://shop3i72651249435.1688.com;https://detail.1688.com/offer/655330110219.html
义乌市霸徒电子商务商行;https://shop11436o35z1679.1688.com;https://detail.1688.com/offer/644410434541.html
柘荣县角尼日用品经营部;https://shop86f7460976258.1688.com;https://detail.1688.com/offer/645461601184.html
义乌市明均饰品有限公司;https://shop3gk0764357210.1688.com;https://detail.1688.com/offer/644984463335.html
义乌市翔扉电子商务商行;https://shop4607j8625aq12.1688.com;https://detail.1688.com/offer/649306080204.html
义乌市跨寄电子商务商行;https://shop94012oe5158o9.1688.com;https://detail.1688.com/offer/649010919486.html
石狮市简峰理享网络百货商行;https://shop7297v12z50104.1688.com;https://detail.1688.com/offer/652861136225.html
铅山县青溪鼎圣饰品厂;https://shop637692nw02920.1688.com;https://detail.1688.com/offer/645173851226.html
义乌雅新电子商务商行;https://shop44413822u2s40.1688.com;https://detail.1688.com/offer/649552019924.html
三明市三元区顺依服装店;https://shop5235rl03l2292.1688.com;https://detail.1688.com/offer/649800587193.html
义乌市米盒服饰有限公司;https://shop15426j44gl492.1688.com;https://detail.1688.com/offer/655697786440.html
义乌市久盼服饰有限公司;https://shop0l36443f513f8.1688.com;https://detail.1688.com/offer/644477977459.html
新罗区斯维百货商行;https://shop3h3495n217061.1688.com;https://detail.1688.com/offer/653407579194.html
南平市建阳区可英喆百货店;https://shop262f083593877.1688.com;https://detail.1688.com/offer/650696612552.html
余江区欢怡经营部;https://shop5502063575359.1688.com;https://detail.1688.com/offer/653928516242.html
义乌市卓巧电子商务商行;https://shop27w43y665i529.1688.com;https://detail.1688.com/offer/653856102364.html
松阳县礼兴贸易商行;https://shop16655850yo875.1688.com;https://detail.1688.com/offer/643651489985.html
柘荣县角词日用品经营部;https://shop1g709u1661548.1688.com;https://detail.1688.com/offer/649504268414.html
新罗区香怀瑶百货店;https://shop7377792592238.1688.com;https://detail.1688.com/offer/644180631185.html
连城县俪承嗣百货店;https://shop9589592g98965.1688.com;https://detail.1688.com/offer/655128675636.html
丹阳市开发区世源祥百货商行;https://shop489f6102p94f7.1688.com;https://detail.1688.com/offer/628120374179.html
丹阳市开发区金茂福盛百货商行;https://shop62364170849w8.1688.com;https://detail.1688.com/offer/632554899669.html
义乌市赛友饰品有限公司;https://shop93245294144k0.1688.com;https://detail.1688.com/offer/652903842384.html
义乌市千缕围巾有限公司;https://ywqlwj.1688.com;https://detail.1688.com/offer/649241947041.html
义乌市金鸳贸易有限公司;https://shop34k60q6912434.1688.com;https://detail.1688.com/offer/646878753619.html
佛山市南海区浩帆得皮具厂;https://shop7du7020135l66.1688.com;https://detail.1688.com/offer/640545046969.html
陆川县优洁日用品店;https://shop71qe694132r25.1688.com;https://detail.1688.com/offer/646485901880.html
揭阳市揭东区新亨镇耀维百货店;https://shop500911055m618.1688.com;https://detail.1688.com/offer/650062113373.html
新罗区兰香可百货店;https://shop47sd598990p11.1688.com;https://detail.1688.com/offer/647778109683.html
义乌市蕊柔电子商务商行;https://shop1414773994392.1688.com;https://detail.1688.com/offer/649810092265.html
义乌市潭作电子商务商行;https://shop161445lu32829.1688.com;https://detail.1688.com/offer/651931850099.html
遂昌帕山日用百货商行;https://shop9448y3932y514.1688.com;https://detail.1688.com/offer/649554380388.html
余江区吉百立贸易商行;https://shop6269e61195ee7.1688.com;https://detail.1688.com/offer/653699520113.html
柘荣县庆方日用品经营部;https://shop81y8544775452.1688.com;https://detail.1688.com/offer/650485283655.html
余江区汇吉岸贸易商行;https://shop9304242gn1607.1688.com;https://detail.1688.com/offer/653687080628.html
新罗区金舞花百货商行;https://shop27785mu839m94.1688.com;https://detail.1688.com/offer/651381324393.html
余江区东江湖百货店;https://shop4o20328886m50.1688.com;https://detail.1688.com/offer/652714610099.html
余江区多侧电子商务商行;https://shop38e6b98z85221.1688.com;https://detail.1688.com/offer/652193978957.html
永定区翘雪密百货店;https://shop1229441740g66.1688.com;https://detail.1688.com/offer/642058800630.html
润州区温尔余百货商行;https://shop6vix3005075n9.1688.com;https://detail.1688.com/offer/652022703196.html
义乌市驰阳日用品厂;https://shop58t3418125887.1688.com;https://detail.1688.com/offer/649672384777.html
通山县奇不百货店;https://shop9726k6544i167.1688.com;https://detail.1688.com/offer/644860367059.html
义乌市冀岗电子商务商行;https://shop2634710758b57.1688.com;https://detail.1688.com/offer/652397651725.html
柘荣县角半日用品经营部;https://shop34738b87sm401.1688.com;https://detail.1688.com/offer/648278327612.html
新罗区虹浮百货商行;https://shop4148140a4a422.1688.com;https://detail.1688.com/offer/646060266324.html
南平市建阳区郭瑞松百货店;https://shop2941536m298h5.1688.com;https://detail.1688.com/offer/644310077197.html
义乌市池臣电子商务商行;https://shop64120495p7823.1688.com;https://detail.1688.com/offer/656188047253.html
广州市奢客贸易有限公司;https://shop0fs46930k2622.1688.com;https://detail.1688.com/offer/639881670720.html
杭州余杭区乔司街道宾越五金商行;https://shop8388j836dd270.1688.com;https://detail.1688.com/offer/654268309265.html
义乌市柯天日用百货商行;https://shop930876rr641r8.1688.com;https://detail.1688.com/offer/646532432959.html
东莞市齐彩数码科技有限公司;https://candy522.1688.com;https://detail.1688.com/offer/643391160230.html
佛山市南海区超莱尼服装厂;https://shop9o7077366o256.1688.com;https://detail.1688.com/offer/654870764172.html
广州南沙区予敏三网络科技有限公司;https://shop350469in13253.1688.com;https://detail.1688.com/offer/655809774998.html
丹阳市界牌镇莱汇具工艺礼品厂;https://shop47k3k337q3832.1688.com;https://detail.1688.com/offer/653047449611.html
义乌微后服饰有限公司;https://chansscarf.1688.com;https://detail.1688.com/offer/652117857754.html
南平市建阳区士幼仪百货店;https://shop65r27dw407398.1688.com;https://detail.1688.com/offer/653529233834.html
义乌市观佑饰品有限公司;https://guanyou0908.1688.com;https://detail.1688.com/offer/646703562929.html
义乌市佰瑞电子商务有限公司;https://bairuiscarf.1688.com;https://detail.1688.com/offer/635095120018.html
义乌佐哲贸易有限公司;https://ywzzmy.1688.com;https://detail.1688.com/offer/557918395499.html
义乌市沐越贸易有限公司;https://muyuescarf.1688.com;https://detail.1688.com/offer/648676800201.html
遂昌圣方贸易商行;https://shop15t7034887386.1688.com;https://detail.1688.com/offer/653297483600.html
深圳市宝安区盛鑫鸿百货商行;https://shop0258775719405.1688.com;https://detail.1688.com/offer/639576366113.html
义乌市樱草电子商务有限公司;https://shop766167f66y231.1688.com;https://detail.1688.com/offer/648574151266.html
余江区广度电子商务商行;https://shop0867n0w2z7115.1688.com;https://detail.1688.com/offer/654680259407.html
杭州知更丝绸有限公司;https://zhigengsilk.1688.com;https://detail.1688.com/offer/606327977899.html
义乌市织祥围巾厂;https://zhixiangweijin.1688.com;https://detail.1688.com/offer/651278318100.html
义乌市宇袖电子商务商行;https://shop421785010u686.1688.com;https://detail.1688.com/offer/653674316441.html
袁州区梓七网络工作室;https://shop5954125279850.1688.com;https://detail.1688.com/offer/654391616402.html
万载县培骏瑞百货商行;https://shop1839q34261d54.1688.com;https://detail.1688.com/offer/654585820471.html
余江区太浩经营部;https://shop841573u5u5648.1688.com;https://detail.1688.com/offer/655327887738.html
余江区亮新福电子商务商行;https://shop0721d779z2z27.1688.com;https://detail.1688.com/offer/651669780638.html
漳州开发区尤恒秋建材店;https://shop7d05278m90313.1688.com;https://detail.1688.com/offer/655846882688.html
义乌市延戈日用百货商行;https://shop3812n2x8852x8.1688.com;https://detail.1688.com/offer/653455771566.html
义乌市峰易饰品有限公司;https://shop108567u2c88g6.1688.com;https://detail.1688.com/offer/653050003053.html
新沂市明之花服装店;https://shop4v353o09l3851.1688.com;https://detail.1688.com/offer/655488446384.html
义乌市企冬电子商务商行;https://shop1536079561323.1688.com;https://detail.1688.com/offer/654139319964.html
义乌市袁庄日用百货商行;https://shop7343c3476y9r0.1688.com;https://detail.1688.com/offer/647340660032.html
高新区枫桥速雅阁百货商行;https://shop2n71w810657d5.1688.com;https://detail.1688.com/offer/653934770921.html
深圳市南山区唐歆服饰商行;https://chenmeixiong.1688.com;https://detail.1688.com/offer/539697044103.html
义乌市东骏围巾加工厂;https://shop01043103o8730.1688.com;https://detail.1688.com/offer/650009463056.html
漳州开发区柯渡壤百货店;https://shop723527177e714.1688.com;https://detail.1688.com/offer/652813222460.html
