义乌市欧魅饰品有限公司;https://ywomer.1688.com;https://detail.1688.com/offer/596572214674.html
义乌市欣邑电子商务有限公司;https://shop362g419741372.1688.com;https://detail.1688.com/offer/654573108306.html
义乌市唯爱饰品商行;https://madeinlingfei.1688.com;https://detail.1688.com/offer/564301555117.html
浦江县优佳咪电子商务有限公司;https://youjiami.1688.com;https://detail.1688.com/offer/638672330617.html
义乌市韩杰电子商务商行;https://shop6424456l54zr9.1688.com;https://detail.1688.com/offer/616658780099.html
义乌市素月饰品有限公司;https://shop2054x57j7i600.1688.com;https://detail.1688.com/offer/655839579506.html
义乌市雨声贸易有限公司;https://yusheng8.1688.com;https://detail.1688.com/offer/640810426288.html
义乌市鹿珠电子商务商行;https://luzhujewelry.1688.com;https://detail.1688.com/offer/638100980107.html
东阳市白云娜娜电子商务商行;https://shop1488992237370.1688.com;https://detail.1688.com/offer/623107425076.html
义乌市秀迪饰品厂;https://shop2g588d1300612.1688.com;https://detail.1688.com/offer/653422993762.html
义乌市润特饰品有限公司;https://sunfangwei8.1688.com;https://detail.1688.com/offer/630557565657.html
义乌市示园日用百货商行;https://shop05658g3x99674.1688.com;https://detail.1688.com/offer/654142019015.html
义乌市弘禄日用百货商行;https://shop35910o5d02695.1688.com;https://detail.1688.com/offer/651923328671.html
义乌市天置日用百货商行;https://shop0726i219100t2.1688.com;https://detail.1688.com/offer/652598530296.html
义乌市印迎日用百货商行;https://shop49231712613q2.1688.com;https://detail.1688.com/offer/652362745596.html
建德市三都镇佩联贸易商行;https://shop6813134zno886.1688.com;https://detail.1688.com/offer/655928706375.html
义乌市聚顶服饰有限公司;https://shop1412008823299.1688.com;https://detail.1688.com/offer/600693145053.html
南平市建阳区妲妍妍百货店;https://shop58211c71559f8.1688.com;https://detail.1688.com/offer/646765757688.html
新沂市明曾服装店;https://shop90u473990t367.1688.com;https://detail.1688.com/offer/652628903203.html
义乌市兢兢电子商务商行;https://shop01l07652l2017.1688.com;https://detail.1688.com/offer/642780687250.html
南平市建阳区练光纬百货店;https://shop1372um9879169.1688.com;https://detail.1688.com/offer/653184601208.html
义乌市骍隆电子商务商行;https://shop684n393892646.1688.com;https://detail.1688.com/offer/652249298269.html
广州哈琳娜饰品厂;https://harrina.1688.com;https://detail.1688.com/offer/651136998430.html
义乌千芙饰品有限公司;https://shop1404528103758.1688.com;https://detail.1688.com/offer/651040350568.html
佛山市禅城区鑫驰哈服装厂;https://shop21142586u9v59.1688.com;https://detail.1688.com/offer/650433127154.html
义乌市英芙电子商务商行;https://shop876622wwl7551.1688.com;https://detail.1688.com/offer/646945561201.html
广州光天设计工作室;https://shop8h41x76709468.1688.com;https://detail.1688.com/offer/655161460025.html
高新区枫桥聚全锦服饰商行;https://shop9007785728yt7.1688.com;https://detail.1688.com/offer/654190100944.html
润州区兴而文百货商行;https://shop6h53p02719093.1688.com;https://detail.1688.com/offer/655882830658.html
丹阳市界牌镇仁依瑕工艺礼品厂;https://shop06182217bj7m5.1688.com;https://detail.1688.com/offer/653786619450.html
佛山市南海区雕阐舞家具厂;https://shop1124z7z568334.1688.com;https://detail.1688.com/offer/643481444739.html
新罗区丁娜百货商行;https://shop766069q2k50c5.1688.com;https://detail.1688.com/offer/654823727429.html
永定区翘雪密百货店;https://shop1229441740g66.1688.com;https://detail.1688.com/offer/642058328825.html
润州区栢之松百货商行;https://shop251i9737b9133.1688.com;https://detail.1688.com/offer/645051887669.html
铅山县魅意美学服饰有限公司;https://shop737h907x83rq6.1688.com;https://detail.1688.com/offer/655359519741.html
义乌市走走饰品有限公司;https://shop3h321754i07i5.1688.com;https://detail.1688.com/offer/629485346836.html
义乌市涵恋饰品有限公司;https://hanlianshipin.1688.com;https://detail.1688.com/offer/611318688002.html
义乌市酷华饰品厂;https://shop1438707329000.1688.com;https://detail.1688.com/offer/631119727757.html
义乌市玲鑫饰品有限公司;https://shop48e5015186xp2.1688.com;https://detail.1688.com/offer/652008716450.html
义乌市慧娴饰品有限公司;https://shop40n2416h875a2.1688.com;https://detail.1688.com/offer/641711159405.html
东阳市艾莎饰品有限公司;https://shop73l36v18478s7.1688.com;https://detail.1688.com/offer/636445703084.html
义乌市莘选电子商务有限公司;https://shop4194772ms29k1.1688.com;https://detail.1688.com/offer/641506270678.html
深圳市龙华区福莱宝百货商行;https://shop255v30y772w46.1688.com;https://detail.1688.com/offer/648966404438.html
义乌市辉婵科技有限公司;https://shop804e37998el18.1688.com;https://detail.1688.com/offer/650404595421.html
莆田市荔城区禾罗服饰店;https://shop174o52584z680.1688.com;https://detail.1688.com/offer/652211253813.html
延平区鑫协百货店;https://shop685a150160562.1688.com;https://detail.1688.com/offer/652058416078.html
义乌市柚见饰品有限公司;https://shop7v6716q227198.1688.com;https://detail.1688.com/offer/643520614731.html
睢宁县威宜服装厂;https://shop1416640734e06.1688.com;https://detail.1688.com/offer/656046883828.html
东莞市大朗卞磊服饰厂;https://shop86x97q3b33012.1688.com;https://detail.1688.com/offer/655690478730.html
高新区枫桥晶尚敏百货商行;https://shop178467uu26673.1688.com;https://detail.1688.com/offer/656182835090.html
义乌市创美饰品厂;https://ywcmei.1688.com;https://detail.1688.com/offer/620376720544.html
台州市黄岩银风日用品商行;https://shop2572uc246v718.1688.com;https://detail.1688.com/offer/655577694190.html
丹阳市界牌镇源康诚家居用品厂;https://shop3y92445901925.1688.com;https://detail.1688.com/offer/655211317672.html
宁海县晶瑜电子商务商行;https://shop0ys110231c149.1688.com;https://detail.1688.com/offer/655357262847.html
广州欣魅贸易商行;https://shop522b4880po568.1688.com;https://detail.1688.com/offer/653519989302.html
深圳市力基科技发展有限公司;https://shop07o24v4424v74.1688.com;https://detail.1688.com/offer/625302264858.html
高新区枫桥凯莱福百货商行;https://shop000te90719426.1688.com;https://detail.1688.com/offer/653961494009.html
宿城区沁妍萌百货店;https://shop52311r99eb785.1688.com;https://detail.1688.com/offer/655326605028.html
高新区枫桥百漫曼百货商行;https://shop15721m1d1m735.1688.com;https://detail.1688.com/offer/655840787334.html
石狮市简峰守望网络百货商行;https://shop8990nh6130t36.1688.com;https://detail.1688.com/offer/652740027392.html
义乌市骍驰贸易有限公司;https://shop002v7u8368675.1688.com;https://detail.1688.com/offer/649892748181.html
义乌市翼语饰品有限公司;https://shop51j8778m52694.1688.com;https://detail.1688.com/offer/649349446950.html
义乌市展梦饰品厂;https://shop5t60583725590.1688.com;https://detail.1688.com/offer/651446680661.html
义乌市箐语饰品厂;https://shop6452i9182dq70.1688.com;https://detail.1688.com/offer/652643425468.html
义乌市三态饰品有限公司;https://santai3333.1688.com;https://detail.1688.com/offer/619363523713.html
义乌市甜淼电子商务商行;https://shop9495i7009lt20.1688.com;https://detail.1688.com/offer/650554081246.html
义乌市心喜贸易有限公司;https://yiwuxinxi.1688.com;https://detail.1688.com/offer/654494260715.html
义乌市勤迅饰品厂;https://shop8703802f41pz8.1688.com;https://detail.1688.com/offer/654550733040.html
余江区六藕王商贸商行;https://shop037k43665s384.1688.com;https://detail.1688.com/offer/653979960990.html
义乌市乐言饰品配件商行;https://shop88063n1245746.1688.com;https://detail.1688.com/offer/648063779000.html
义乌市序一电子商务商行;https://yiwuxuyi.1688.com;https://detail.1688.com/offer/654567922716.html
兰山区茹晗百货商行;https://shop262v186b80695.1688.com;https://detail.1688.com/offer/652191452928.html
广州市黄埔区特伦馨日用品厂;https://shop0906f084s1180.1688.com;https://detail.1688.com/offer/650927634214.html
武汉市朵朵美饰品商行;https://shop8y7w057k46354.1688.com;https://detail.1688.com/offer/648988061967.html
南平市建阳区达敦蔺电子商务商行;https://shop782h3g94d0828.1688.com;https://detail.1688.com/offer/653566731024.html
袁州区题遇百货店;https://shop0867x124l03z0.1688.com;https://detail.1688.com/offer/655960503045.html
台州市黄岩典嘉日用品商行;https://shop25346v3232sz5.1688.com;https://detail.1688.com/offer/652193380472.html
义乌市云觞电子商务商行;https://shop557g218980r27.1688.com;https://detail.1688.com/offer/652583379917.html
义乌市古奥饰品有限公司;https://shop60e3982ew6650.1688.com;https://detail.1688.com/offer/630167687427.html
南平市建阳区林农赵太百货店;https://shop433618tv458b9.1688.com;https://detail.1688.com/offer/654083995409.html
连城县俪承嗣百货店;https://shop9589592g98965.1688.com;https://detail.1688.com/offer/654917691303.html
义乌市纤迪饰品厂;https://meidijewelry.1688.com;https://detail.1688.com/offer/630920645289.html
丹阳市界牌镇玥盛驰工艺礼品厂;https://shop800633e112851.1688.com;https://detail.1688.com/offer/655575366833.html
新罗区度锐百货商行;https://shop205q1995q9639.1688.com;https://detail.1688.com/offer/650904702201.html
高新区枫桥丰华逸服装商行;https://shop93229j7p6l563.1688.com;https://detail.1688.com/offer/653455225609.html
义乌市齐亮饰品商行;https://shop876nn850c1919.1688.com;https://detail.1688.com/offer/655586261357.html
尤溪县捷民商行;https://shop4619rt5b17078.1688.com;https://detail.1688.com/offer/652863901891.html
广州莉青商贸商行;https://shop1052972t27272.1688.com;https://detail.1688.com/offer/656308543184.html
东阳市江北谱写电子商务商行;https://shop2586v3578y960.1688.com;https://detail.1688.com/offer/654937772106.html
义乌市功讯日用百货商行;https://shop76e89549617b1.1688.com;https://detail.1688.com/offer/652233541653.html
义乌市乐苒饰品厂;https://shop5368h033c2596.1688.com;https://detail.1688.com/offer/638867770472.html
梅州市梅江区衣梦香服装商行;https://shop7674t01685n66.1688.com;https://detail.1688.com/offer/643851425939.html
义乌市世源电子商务商行;https://shop23477626hn440.1688.com;https://detail.1688.com/offer/653537088742.html
义乌市商褀电子商务有限公司;https://shop3435y9578ww51.1688.com;https://detail.1688.com/offer/648902772871.html
新沂市诗蔓恋服装经营部;https://shop843ik11223173.1688.com;https://detail.1688.com/offer/656002075405.html
义乌市亿开饰品有限公司;https://shop567883q4q8835.1688.com;https://detail.1688.com/offer/652980098918.html
义乌市速泰贸易有限公司;https://ywsutai.1688.com;https://detail.1688.com/offer/627417039829.html
义乌妙斯电子商务有限公司;https://shop1742883ww4228.1688.com;https://detail.1688.com/offer/641172874964.html
义乌市义多广贸易有限公司;https://shop5791w74o41n67.1688.com;https://detail.1688.com/offer/629144681964.html
义乌市沫妍贸易有限公司;https://shop4ny40974586i3.1688.com;https://detail.1688.com/offer/650763549685.html
临沂市兰山区博尔迪百货销售中心;https://shop009186278d613.1688.com;https://detail.1688.com/offer/652787346387.html
义乌市晗杜电子商务商行;https://shop704xx31840z32.1688.com;https://detail.1688.com/offer/654282489696.html
睢宁县联江玩具厂;https://shop0102597xn89i9.1688.com;https://detail.1688.com/offer/651381559192.html
云霄县玉楠百货店;https://shop2e6781s623134.1688.com;https://detail.1688.com/offer/655497051566.html
义乌市施占电子商务商行;https://shop9z644c1314556.1688.com;https://detail.1688.com/offer/649409522161.html
义乌市摩多贸易有限公司;https://moduomaoyi.1688.com;https://detail.1688.com/offer/631847949879.html
余江区多侧电子商务商行;https://shop38e6b98z85221.1688.com;https://detail.1688.com/offer/651378924053.html
云霄县颖菡百货店;https://shop4235l7p722i86.1688.com;https://detail.1688.com/offer/655538291491.html
永定区帷唱赤百货店;https://shop085e76075e8f5.1688.com;https://detail.1688.com/offer/645024347273.html
义乌市赟景电子商务商行;https://shop70f91549r8741.1688.com;https://detail.1688.com/offer/649548709926.html
义乌市咚松电子商务商行;https://shop1503130tw2855.1688.com;https://detail.1688.com/offer/653689407394.html
广丰区杨纪红百货店;https://shop2p27v1m747596.1688.com;https://detail.1688.com/offer/655498187374.html
高新区枫桥旺相彬百货商行;https://shop9q106991k6292.1688.com;https://detail.1688.com/offer/652222400389.html
新沂市佳之慧服装店;https://shop803v372433993.1688.com;https://detail.1688.com/offer/655392013344.html
龙港市品景贸易商行;https://shop37r9866207766.1688.com;https://detail.1688.com/offer/651479935323.html
丹阳市开发区文琪体育用品批发部;https://shop005143p555455.1688.com;https://detail.1688.com/offer/651615157545.html
杭州梵鹏电子商务有限公司;https://shop93763vh969o29.1688.com;https://detail.1688.com/offer/652136190819.html
长沙市芙蓉区尚居百货商行;https://shop374784g615u23.1688.com;https://detail.1688.com/offer/652969295048.html
明光市景翔贸易商行;https://shop0y14991107fg3.1688.com;https://detail.1688.com/offer/651481894793.html
石狮市简峰炫基网络百货商行;https://shop2109589855um8.1688.com;https://detail.1688.com/offer/652859056604.html
石狮市简峰开距网络百货商行;https://shop514422074w765.1688.com;https://detail.1688.com/offer/652675521236.html
南平市建阳区林农秦宣百货店;https://shop94371q673k841.1688.com;https://detail.1688.com/offer/650993837470.html
海口龙华区利杰可贸易商行;https://shop430e94y480154.1688.com;https://detail.1688.com/offer/652083388390.html
连城县鄞书云百货店;https://shop71381y8063m29.1688.com;https://detail.1688.com/offer/654060939307.html
义乌市奇阅饰品有限公司;https://qiyueshipin.1688.com;https://detail.1688.com/offer/529658732752.html
义乌市飞韩饰品有限公司;https://feihan.1688.com;https://detail.1688.com/offer/619557750393.html
南靖县博科食品商行;https://shop8338201165e55.1688.com;https://detail.1688.com/offer/645507417162.html
义乌市莲渡电子商务商行;https://shop8538o2573e2l9.1688.com;https://detail.1688.com/offer/654667031394.html
义乌市澄悬电子商务商行;https://shop195v455g81v09.1688.com;https://detail.1688.com/offer/655434662426.html
义乌市锐娟电子商务商行;https://shop319942j4u5151.1688.com;https://detail.1688.com/offer/655190685039.html
义乌市玖惑电子商务商行;https://shop90065504l0e84.1688.com;https://detail.1688.com/offer/655273777636.html
南平市建阳区林农东松百货店;https://shop60s291b3192s5.1688.com;https://detail.1688.com/offer/654144471382.html
柘荣县周期日用品经营部;https://shop3730385521h31.1688.com;https://detail.1688.com/offer/646298814889.html
义乌市畈规电子商务商行;https://shop6d553160792x6.1688.com;https://detail.1688.com/offer/653244550988.html
义乌市营咚电子商务商行;https://shop802ddp6330414.1688.com;https://detail.1688.com/offer/653537453054.html
义乌市考薛电子商务商行;https://shop86d50o63s2738.1688.com;https://detail.1688.com/offer/654909596957.html
义乌市程嗣电子商务商行;https://shop555386b8668d7.1688.com;https://detail.1688.com/offer/655085770448.html
广州嘚铭玩具商行;https://shop59682kt3226k7.1688.com;https://detail.1688.com/offer/654348956097.html
义乌市跨寄电子商务商行;https://shop94012oe5158o9.1688.com;https://detail.1688.com/offer/649812314074.html
义乌市翔扉电子商务商行;https://shop4607j8625aq12.1688.com;https://detail.1688.com/offer/653483135920.html
义乌市歌图电子商务商行;https://shop66054uuy04028.1688.com;https://detail.1688.com/offer/653459258435.html
义乌市璇涞电子商务商行;https://shop4833v965y1y18.1688.com;https://detail.1688.com/offer/649450917300.html
义乌市檬江日用品厂;https://shop4nye289545654.1688.com;https://detail.1688.com/offer/651518796627.html
广州市花都区狮岭家家兴百货店;https://shop5462037666900.1688.com;https://detail.1688.com/offer/654490269002.html
新罗区桐山百货商行;https://shop5842i1zi73869.1688.com;https://detail.1688.com/offer/654249444239.html
义乌市锡奎电子商务商行;https://shop12t8172030177.1688.com;https://detail.1688.com/offer/655659379805.html
柘荣县角半日用品经营部;https://shop34738b87sm401.1688.com;https://detail.1688.com/offer/652288133005.html
余江区万然顺电子商务商行;https://shop8648790155389.1688.com;https://detail.1688.com/offer/651191365839.html
义乌市齐增饰品商行;https://shop7197j4u531677.1688.com;https://detail.1688.com/offer/635456482557.html
义乌市圣熙饰品有限公司;https://shengxi789.1688.com;https://detail.1688.com/offer/613949606284.html
浦江县佩妮工贸有限公司;https://shop1430834584927.1688.com;https://detail.1688.com/offer/543208123074.html
义乌市谦谦饰品有限公司;https://shop1495299047519.1688.com;https://detail.1688.com/offer/643031129996.html
义乌市佳豆饰品商行;https://jiadou.1688.com;https://detail.1688.com/offer/639665609592.html
义乌市莉韩饰品有限公司;https://lihan2019.1688.com;https://detail.1688.com/offer/645200366996.html
义乌市灵丽电子商务有限公司;https://shop009g40b9213y2.1688.com;https://detail.1688.com/offer/652732657055.html
永定区达观兴百货商行;https://shop9895i2it04656.1688.com;https://detail.1688.com/offer/654540532233.html
象山品宇贸易商行;https://shop812029b0r68b5.1688.com;https://detail.1688.com/offer/654671232705.html
高新区枫桥思巷源百货商行;https://shop582v362w24j75.1688.com;https://detail.1688.com/offer/651062836974.html
揭阳空港区砲台镇魏述同玩具店;https://shop15oo4o5020267.1688.com;https://detail.1688.com/offer/655091467260.html
揭阳市揭东区新亨镇雅汽百货商行;https://shop9x7t16k331444.1688.com;https://detail.1688.com/offer/654948538317.html
佛山市南海区浩帆得皮具厂;https://shop7du7020135l66.1688.com;https://detail.1688.com/offer/650693119787.html
余江区吉百立贸易商行;https://shop6269e61195ee7.1688.com;https://detail.1688.com/offer/655801970538.html
义乌市以茂电子商务商行;https://shop495t93425n326.1688.com;https://detail.1688.com/offer/641678691205.html
李惠丽;https://shop7z639h0324080.1688.com;https://detail.1688.com/offer/637722838592.html
永定区善默苑百货店;https://shop95h0335q52933.1688.com;https://detail.1688.com/offer/651452955346.html
义乌市文佳语熙贸易有限公司;https://shop022tm740a5020.1688.com;https://detail.1688.com/offer/627267367246.html
义乌美鹊贸易有限公司;https://shop921850i626087.1688.com;https://detail.1688.com/offer/635562576352.html
义乌市迷尚贸易有限公司;https://azusky.1688.com;https://detail.1688.com/offer/618415196657.html
义乌市星浦电子商务商行;https://shop101806v008v41.1688.com;https://detail.1688.com/offer/654869568411.html
义乌市捷缇电子商务商行;https://shop5711047002gs9.1688.com;https://detail.1688.com/offer/650287660492.html
深圳市兼印仑文化传播有限公司;https://shop79050q9278525.1688.com;https://detail.1688.com/offer/656136495679.html
费县恋尚饰品店;https://shop6143tt6734e43.1688.com;https://detail.1688.com/offer/630269328875.html
柘荣县捷开日用品经营部;https://shop207453n6d6443.1688.com;https://detail.1688.com/offer/651064017323.html
鄱阳县迮婷玉五金店;https://shop90y21c4837279.1688.com;https://detail.1688.com/offer/650196054682.html
丰泽区袖茂百货网店;https://shop3p462q478q360.1688.com;https://detail.1688.com/offer/652130519582.html
石狮市简峰双晋网络百货商行;https://shop84156n98r5358.1688.com;https://detail.1688.com/offer/650246280345.html
义乌信美贸易有限公司;https://shop944c77s449452.1688.com;https://detail.1688.com/offer/605637155791.html
义乌市初柚日用百货商行;https://shop1b5377k97i551.1688.com;https://detail.1688.com/offer/633536593770.html
丰泽区克宅百货网店;https://shop80lj9580603i3.1688.com;https://detail.1688.com/offer/652638600776.html
义乌市民森贸易有限公司;https://shop48sq069601002.1688.com;https://detail.1688.com/offer/592828992949.html
义乌市聚沐商贸商行;https://shop531b574145615.1688.com;https://detail.1688.com/offer/642179050575.html
义乌市欧尚日用品有限公司;https://unionskyyw.1688.com;https://detail.1688.com/offer/634328835496.html
余江区天朴经营部;https://shop73m4747017445.1688.com;https://detail.1688.com/offer/655919103228.html
南平市建阳区林农章草百货店;https://shop11lz0h7892940.1688.com;https://detail.1688.com/offer/651462638207.html
义乌市妍洋饰品有限公司;https://shop10271s8711638.1688.com;https://detail.1688.com/offer/616193054624.html
义乌市美添色电子商务有限公司;https://shop3g466z20449g7.1688.com;https://detail.1688.com/offer/650082040830.html
义乌市蓓莫商贸有限公司;https://shop62603363csu16.1688.com;https://detail.1688.com/offer/645645014857.html
佛山市南海区良霖曦日用品厂;https://shop89170t7930511.1688.com;https://detail.1688.com/offer/651438432701.html
南平市建阳区林农文魏丕百货店;https://shop065acr1838165.1688.com;https://detail.1688.com/offer/647514433809.html
义乌市盯润电子商务商行;https://shop725777295q018.1688.com;https://detail.1688.com/offer/648061454823.html
义乌市左龙电子商务有限公司;https://shop1429635214472.1688.com;https://detail.1688.com/offer/619076056898.html
义乌秀格饰品有限公司;https://shop1w2122s50p506.1688.com;https://detail.1688.com/offer/641325678891.html
永嘉县发缘塑料加工厂;https://shop03431ym121926.1688.com;https://detail.1688.com/offer/641630330687.html
义乌市星芑电子商务商行;https://shop6y590304y20h6.1688.com;https://detail.1688.com/offer/654936497358.html
义乌市欧阔电子商务商行;https://oukuo886.1688.com;https://detail.1688.com/offer/545433871586.html
广州星座贸易有限公司;https://shop38555r0885t68.1688.com;https://detail.1688.com/offer/641162176250.html
新罗区向摇誉百货商行;https://shop0055i5i199623.1688.com;https://detail.1688.com/offer/650084998794.html
五华县横陂镇华伊科技馆;https://shop52698935mh763.1688.com;https://detail.1688.com/offer/651602440315.html
尤溪县张一鸣商行;https://shop32o3418835655.1688.com;https://detail.1688.com/offer/641493809288.html
余江区小蓉芙贸易商行;https://shop1977y77c2v783.1688.com;https://detail.1688.com/offer/652337259118.html
尤溪县嘉磊商行;https://shop085389ht545x6.1688.com;https://detail.1688.com/offer/642808283926.html
余江区聪格乐电子商务商行;https://shop4f9365e85r227.1688.com;https://detail.1688.com/offer/652490319854.html
余江区小顺电子商务商行;https://shop509132032bp21.1688.com;https://detail.1688.com/offer/655485381445.html
义乌佳滢贸易有限公司;https://shop9411551b6b992.1688.com;https://detail.1688.com/offer/623553176382.html
余江区广度电子商务商行;https://shop0867n0w2z7115.1688.com;https://detail.1688.com/offer/652960772228.html
义乌市肖吉日用百货商行;https://shop31365he676s03.1688.com;https://detail.1688.com/offer/654543038440.html
漯河市召陵区妍金日杂店;https://shop3510575y6e717.1688.com;https://detail.1688.com/offer/639638442320.html
余江区收凤电子商务商行;https://shop694748u6u6021.1688.com;https://detail.1688.com/offer/652231561535.html
余江区全我意电子商务商行;https://shop6q2777h7108h1.1688.com;https://detail.1688.com/offer/653581231777.html
义乌市舞欣电子商务有限公司;https://shop442pf05443940.1688.com;https://detail.1688.com/offer/641557890490.html
灵山县三隆镇宏程百货商行;https://shop03077u998b0u7.1688.com;https://detail.1688.com/offer/641293587270.html
义乌市盛溢贸易有限公司;https://shop779e8o483t850.1688.com;https://detail.1688.com/offer/635231310449.html
义乌市晨之曦饰品有限公司;https://shop4754l89q48158.1688.com;https://detail.1688.com/offer/627714945924.html
义乌市乐丹饰品有限公司;https://shop063033vy59463.1688.com;https://detail.1688.com/offer/647279178584.html
义乌市锦点电子商务商行;https://shop7961844447969.1688.com;https://detail.1688.com/offer/653383978894.html
义乌市微琳电子商务商行;https://shop87041163039u5.1688.com;https://detail.1688.com/offer/620396236159.html
义乌市林果电子商务商行;https://shop3xt447x412886.1688.com;https://detail.1688.com/offer/626012383054.html
广州白云区君子道茶酒商行;https://shop57h2378n11z68.1688.com;https://detail.1688.com/offer/645180449218.html
义乌市佰昌日用百货商行;https://ywbaichang.1688.com;https://detail.1688.com/offer/614441716041.html
义乌市婉鸿电子商务商行;https://shop7w6l383241520.1688.com;https://detail.1688.com/offer/638825779581.html
义乌市沐颜饰品有限公司;https://shop69w877q271q95.1688.com;https://detail.1688.com/offer/643503294770.html
义乌市亚誉电子商务商行;https://shop960952jz62422.1688.com;https://detail.1688.com/offer/653665410774.html
连城县奚沛容百货店;https://shop4487cdo925799.1688.com;https://detail.1688.com/offer/654360661599.html
龙港市零仍日用品厂;https://shop3150603692831.1688.com;https://detail.1688.com/offer/654362669112.html
鄱阳县倪从阳饰品店;https://shop61z4z69326p65.1688.com;https://detail.1688.com/offer/652496030326.html
漳州开发区岚菀柳网络技术工作室;https://shop827g90798n375.1688.com;https://detail.1688.com/offer/650344480057.html
万载县瑶秀日用品商行;https://shop375839e02sf78.1688.com;https://detail.1688.com/offer/650639747994.html
义乌市益商赢贸易有限公司;https://shop22152r05175k5.1688.com;https://detail.1688.com/offer/651269579885.html
义乌市簇琳电子商务商行;https://shop414wf19661432.1688.com;https://detail.1688.com/offer/655098584887.html
柘荣县楷因日用品经营部;https://shop073q1y7j23641.1688.com;https://detail.1688.com/offer/649550981179.html
广州崇盈服装贸易商行;https://shop99327169c7532.1688.com;https://detail.1688.com/offer/655491451831.html
义乌市新菲饰品厂;https://shop9800i35am8493.1688.com;https://detail.1688.com/offer/649243808409.html
义乌市瑾馨电子商务商行;https://jinxinshipinpifa.1688.com;https://detail.1688.com/offer/652037366298.html
义乌市蜜舍饰品厂;https://nvshe.1688.com;https://detail.1688.com/offer/651944921998.html
东阳市格睿电子商务有限公司;https://shop4q16242d95135.1688.com;https://detail.1688.com/offer/651522820282.html
义乌市巨欣饰品有限公司;https://juxinsp.1688.com;https://detail.1688.com/offer/584196081208.html
义乌市青妮饰品厂;https://shop675f1f6496530.1688.com;https://detail.1688.com/offer/640666736994.html
义乌市丽阳电子商务有限公司;https://shop4y1y26021g509.1688.com;https://detail.1688.com/offer/619245745251.html
义乌市銮源饰品有限公司;https://shop4170364607469.1688.com;https://detail.1688.com/offer/654764261629.html
义乌市伊容饰品有限公司;https://shop1400259555368.1688.com;https://detail.1688.com/offer/630339725026.html
深圳市宝安区福海靓依都服装厂;https://shop1494607960707.1688.com;https://detail.1688.com/offer/652318346278.html
五华县横陂镇文惠科技馆;https://shop1kk28847x0360.1688.com;https://detail.1688.com/offer/650806578026.html
五华县横陂镇万文玉电子商务部;https://shop98o8962043166.1688.com;https://detail.1688.com/offer/648801876645.html
义乌市格创饰品有限公司;https://shop68t103083w038.1688.com;https://detail.1688.com/offer/651706638462.html
义乌市尚炫月饰品厂;https://shop154982m4q0803.1688.com;https://detail.1688.com/offer/640673852995.html
高新区枫桥旭开百货商行;https://shop0a90257l249i7.1688.com;https://detail.1688.com/offer/654638757699.html
杭州余杭区乔司街道婷砚服饰商行;https://shop06pb9790875r4.1688.com;https://detail.1688.com/offer/654221653438.html
新罗区博名百货商行;https://shop73tg137102917.1688.com;https://detail.1688.com/offer/646736767304.html
新罗区智伟百货商行;https://shop19vv575247694.1688.com;https://detail.1688.com/offer/641467981392.html
义乌市通晟电子商务商行;https://qianqian1314168.1688.com;https://detail.1688.com/offer/613381640284.html
义乌市燕媛电子商务商行;https://shop941m7ko314871.1688.com;https://detail.1688.com/offer/655311881763.html
义乌市橙奢电子商务有限公司;https://fzqzzj.1688.com;https://detail.1688.com/offer/640799217538.html
尤溪县年有鱼商行;https://shop7749a13056w50.1688.com;https://detail.1688.com/offer/650326838661.html
尤溪县古德拜商行;https://shop658121275xfg6.1688.com;https://detail.1688.com/offer/650577816658.html
杭州萧山小嘿马服装店;https://shop6c84483438292.1688.com;https://detail.1688.com/offer/656111015569.html
玉林市玉州区和庆日用品店;https://shop530320s83y9y7.1688.com;https://detail.1688.com/offer/652302947677.html
