义乌市楠博电子商务商行;https://shop1410539936050.1688.com;https://detail.1688.com/offer/625478999283.html
义乌市策坤饰品有限公司;https://cekunshipin.1688.com;https://detail.1688.com/offer/594002688260.html
义乌市辉约贸易有限公司;https://shop60175m8949r35.1688.com;https://detail.1688.com/offer/597113646061.html
义乌市牛犇进出口有限公司;https://niuben.1688.com;https://detail.1688.com/offer/653329388313.html
义乌市驻龙电子商务有限公司;https://ywps925.1688.com;https://detail.1688.com/offer/588493589052.html
义乌市傲凡网络科技有限公司;https://shop1481043643912.1688.com;https://detail.1688.com/offer/624881049586.html
义乌市韦斯电子商务有限公司;https://shop1501418082970.1688.com;https://detail.1688.com/offer/625305982158.html
义乌市黛露电子商务有限公司;https://shop4c053327v9a91.1688.com;https://detail.1688.com/offer/598287787356.html
义乌市世钰饰品有限公司;https://shiyushipings.1688.com;https://detail.1688.com/offer/625964827972.html
义乌市凌露电子商务有限公司;https://shop1404838608781.1688.com;https://detail.1688.com/offer/597848139739.html
义乌粤上电子商务有限公司;https://shop39x805x661r67.1688.com;https://detail.1688.com/offer/649719891985.html
义乌市祈妙贸易有限公司;https://shop8463m26056w63.1688.com;https://detail.1688.com/offer/656327335736.html
柘荣县庆图日用品经营部;https://shop7963428g6g051.1688.com;https://detail.1688.com/offer/646476090361.html
义乌市福划电子商务商行;https://shop16c3256z93266.1688.com;https://detail.1688.com/offer/645607385098.html
义乌市栾俏电子商务商行;https://shop5j0996284p087.1688.com;https://detail.1688.com/offer/652633171864.html
义乌市颖皓饰品有限公司;https://rinhoo2012.1688.com;https://detail.1688.com/offer/618875355505.html
义乌市知雨网络科技有限公司;https://shop1482993877739.1688.com;https://detail.1688.com/offer/624936600449.html
余江区清魁经营部;https://shop5319s660304r3.1688.com;https://detail.1688.com/offer/655433085354.html
义乌市阜甜电子商务商行;https://shop604850t2341r3.1688.com;https://detail.1688.com/offer/633284763180.html
余江区达祥经营部;https://shop11090a38112a5.1688.com;https://detail.1688.com/offer/654871136027.html
义乌市西卢科技有限公司;https://shop1483462789751.1688.com;https://detail.1688.com/offer/613584138605.html
义乌市以为饰品有限公司;https://shop53zr381480754.1688.com;https://detail.1688.com/offer/639858559806.html
义乌市千珺饰品有限公司;https://520qjsp.1688.com;https://detail.1688.com/offer/590614647048.html
义乌市梓棠饰品有限公司;https://520zitang.1688.com;https://detail.1688.com/offer/589912856043.html
余江区悦霖经营部;https://shop25509429608o8.1688.com;https://detail.1688.com/offer/656343815684.html
鄱阳县周寻芹服装店;https://shop4189491y47313.1688.com;https://detail.1688.com/offer/655140300125.html
义乌市幸韵饰品有限公司;https://shop756p6733rp394.1688.com;https://detail.1688.com/offer/652459276548.html
义乌市祺昇饰品有限公司;https://shop806q06l88e203.1688.com;https://detail.1688.com/offer/652188844302.html
义乌市欣滢饰品有限公司;https://shop943su162c9029.1688.com;https://detail.1688.com/offer/608339100827.html
义乌市千姿饰品有限公司;https://qianzic.1688.com;https://detail.1688.com/offer/626297037306.html
义乌市乐钰饰品厂;https://kdsby.1688.com;https://detail.1688.com/offer/624987324868.html
义乌市烨茂饰品有限公司;https://yesmao.1688.com;https://detail.1688.com/offer/632407775422.html
义乌市铭嘟电子商务有限公司;https://lihebosp.1688.com;https://detail.1688.com/offer/624700380875.html
义乌市夏黄电子商务商行;https://shop1399654949275.1688.com;https://detail.1688.com/offer/628461727450.html
义乌市璐儿电子商务商行;https://shop1461775831606.1688.com;https://detail.1688.com/offer/624994301093.html
义乌市钻拉电子商务商行;https://ywmaina.1688.com;https://detail.1688.com/offer/631920837422.html
义乌市咏歌电子商务商行;https://yongge.1688.com;https://detail.1688.com/offer/618717573946.html
义乌市誓颜电子商务有限公司;https://shiyanshipin.1688.com;https://detail.1688.com/offer/585208851297.html
浦江县慕尚贸易有限公司;https://shop578274098k823.1688.com;https://detail.1688.com/offer/634847917431.html
义乌市赫比赫拉饰品有限公司;https://shop599l6w00750j8.1688.com;https://detail.1688.com/offer/628561022353.html
义乌市高途电子商务商行;https://gaotu809088915.1688.com;https://detail.1688.com/offer/607934874439.html
江北新区盏暨兆百货店;https://shop8232wb32s6154.1688.com;https://detail.1688.com/offer/642290767936.html
义乌市倍强电子商务有限公司;https://bqjewelry.1688.com;https://detail.1688.com/offer/596087864906.html
义乌市糖恋电子商务商行;https://shop1479142358890.1688.com;https://detail.1688.com/offer/620572293072.html
东莞市如刚五金饰品有限公司;https://rugang8888.1688.com;https://detail.1688.com/offer/621317695399.html
义乌市端搜电子商务有限公司;https://ywxsbpf.1688.com;https://detail.1688.com/offer/648768143159.html
义乌市鹏翱贸易有限公司;https://shop140t4vq644868.1688.com;https://detail.1688.com/offer/598146312791.html
义乌市南慧电子商务商行;https://mingruishipin.1688.com;https://detail.1688.com/offer/598641070659.html
义乌市永鸿贸易有限公司;https://shop62706b2m75107.1688.com;https://detail.1688.com/offer/652651244441.html
广州市荔湾区美际饰品店;https://mjspc2020.1688.com;https://detail.1688.com/offer/635109571898.html
义乌市杰倍珠宝有限公司;https://shop51526267ilg20.1688.com;https://detail.1688.com/offer/607175579789.html
义乌市凯庆饰品厂;https://yiwukaiqing.1688.com;https://detail.1688.com/offer/611071869511.html
义乌市苏瑶贸易有限公司;https://shop44th066048332.1688.com;https://detail.1688.com/offer/607337409758.html
义乌市迪函饰品有限公司;https://shop93612o8v13357.1688.com;https://detail.1688.com/offer/636686013749.html
楼美法;https://lrx2014.1688.com;https://detail.1688.com/offer/613599718522.html
义乌市朵涵饰品有限公司;https://shop1466702139500.1688.com;https://detail.1688.com/offer/636048228568.html
义乌市传邦贸易有限公司;https://chuanbang.1688.com;https://detail.1688.com/offer/613209260306.html
东莞市长安伟铭珠宝店;https://shop1572a7441i671.1688.com;https://detail.1688.com/offer/637571484251.html
义乌市芳锋电子商务商行;https://shop1427173599343.1688.com;https://detail.1688.com/offer/596919053979.html
义乌一萌电子商务有限公司;https://shop091686403f277.1688.com;https://detail.1688.com/offer/641906774709.html
义乌市琪誉电子商务商行;https://shop493k2go042006.1688.com;https://detail.1688.com/offer/644196785980.html
义乌市凌歌电子商务商行;https://linggeshiping.1688.com;https://detail.1688.com/offer/589832144153.html
博罗县欧奈诗首饰商行;https://shop8468h3867h242.1688.com;https://detail.1688.com/offer/653659147246.html
义乌市晓茵电子商务商行;https://shop1373993624078.1688.com;https://detail.1688.com/offer/645136466387.html
义乌市晗饰贸易有限公司;https://shop840211494f745.1688.com;https://detail.1688.com/offer/632891053440.html
义乌市宁泰电子商务商行;https://glslcr.1688.com;https://detail.1688.com/offer/641228933472.html
深圳卓创首饰有限公司;https://shop1494003150766.1688.com;https://detail.1688.com/offer/577698321626.html
即墨区浮摇百货商行;https://shop28h4354i2q692.1688.com;https://detail.1688.com/offer/649906379403.html
义乌市米递电子商务有限公司;https://shop08lq6x8852201.1688.com;https://detail.1688.com/offer/655581185880.html
义乌市淋顿饰品有限公司;https://shop4135z73526w05.1688.com;https://detail.1688.com/offer/597760145340.html
义乌市雨勋日用品有限公司;https://shop1462467388288.1688.com;https://detail.1688.com/offer/643190883380.html
丹阳市界牌镇竹之朵工艺礼品厂;https://shop520400e3a4a49.1688.com;https://detail.1688.com/offer/652202180071.html
深圳市宝安区恒星珠宝首饰厂;https://shop733h24c457e12.1688.com;https://detail.1688.com/offer/641454508549.html
义乌市可仁饰品有限公司;https://hyssmy.1688.com;https://detail.1688.com/offer/610820135184.html
义乌市永盈电子商务有限公司;https://shop6536565675030.1688.com;https://detail.1688.com/offer/635735723915.html
义乌市佰佐电子商务有限公司;https://shop7942g45m9g353.1688.com;https://detail.1688.com/offer/597771829788.html
义乌市妙雅饰品有限公司;https://shop6239730h56062.1688.com;https://detail.1688.com/offer/606624534889.html
义乌市圆钱电子商务有限公司;https://shop42p12446v6241.1688.com;https://detail.1688.com/offer/643259898691.html
义乌市竹锋电子商务商行;https://shop23810605068y4.1688.com;https://detail.1688.com/offer/643332202159.html
义乌市粤维电子商务商行;https://shop24896t6bs2544.1688.com;https://detail.1688.com/offer/642594996820.html
即墨区河小堤百货店;https://shop270g67g164272.1688.com;https://detail.1688.com/offer/644685325960.html
义乌市杰果电子商务商行;https://shop6014z34078747.1688.com;https://detail.1688.com/offer/641757048844.html
义乌市慕婉饰品厂;https://shop1920v71540400.1688.com;https://detail.1688.com/offer/640722372600.html
义乌市以晨以撒饰品有限公司;https://shop0751049f6fsh4.1688.com;https://detail.1688.com/offer/608498174631.html
海丰县梅陇镇凯基首饰厂;https://shop9148p2p931118.1688.com;https://detail.1688.com/offer/649668072233.html
义乌市维蒙饰品有限公司;https://shop1491214756491.1688.com;https://detail.1688.com/offer/625288126403.html
义乌市宣婉饰品商行;https://shop6504951h29yw5.1688.com;https://detail.1688.com/offer/639782218573.html
义乌市靓尚饰品有限公司;https://1000sp.1688.com;https://detail.1688.com/offer/568554023430.html
义乌市万犇贸易有限公司;https://shop426755a81d370.1688.com;https://detail.1688.com/offer/649462972634.html
