义乌市升伊饰品有限公司;https://shop836q0u4692023.1688.com;https://detail.1688.com/offer/638516209792.html
义乌市圣熙饰品有限公司;https://shengxi789.1688.com;https://detail.1688.com/offer/612087847304.html
霞浦县妍莫日用品经营部;https://shop76247840s4845.1688.com;https://detail.1688.com/offer/633211784947.html
义乌市仙儿饰品有限公司;https://shop1487696740242.1688.com;https://detail.1688.com/offer/644562703596.html
义乌市宣颖电子商务有限公司;https://shop90606028po4a4.1688.com;https://detail.1688.com/offer/621941330964.html
义乌麒敏饰品有限公司;https://xssj5225.1688.com;https://detail.1688.com/offer/605457711217.html
义乌市润特饰品有限公司;https://sunfangwei8.1688.com;https://detail.1688.com/offer/606441523832.html
浦江县皓饰贸易有限公司;https://shop6238k8980f192.1688.com;https://detail.1688.com/offer/627145903403.html
义乌市妙德电子商务商行;https://shop1354900280794.1688.com;https://detail.1688.com/offer/604907550264.html
浦江县萱源饰品厂;https://shop5584406150068.1688.com;https://detail.1688.com/offer/605112609204.html
义乌市瑾馨电子商务商行;https://jinxinshipinpifa.1688.com;https://detail.1688.com/offer/609812304477.html
鄱阳县肇施珠宝店;https://shop44u7018356955.1688.com;https://detail.1688.com/offer/654651932197.html
宁海梦帆电子商务商行;https://shop94n31709114j9.1688.com;https://detail.1688.com/offer/654327168407.html
漳州开发区柯渡壤百货店;https://shop723527177e714.1688.com;https://detail.1688.com/offer/655577666661.html
深圳市福田区永裕邦贸易商行;https://shop92b8136kg8762.1688.com;https://detail.1688.com/offer/656412219550.html
景宁宝达贸易商行;https://shop6203kp2301738.1688.com;https://detail.1688.com/offer/650192285467.html
义乌市格蔬电子商务商行;https://shop1p04a03868280.1688.com;https://detail.1688.com/offer/651386615146.html
尤溪县水修眀网店;https://shop3l86955595d16.1688.com;https://detail.1688.com/offer/649329268451.html
景宁泰庆日用百货商行;https://shop69k1683529224.1688.com;https://detail.1688.com/offer/651453825682.html
新罗区楚君网店;https://shop636040927jf86.1688.com;https://detail.1688.com/offer/652109814904.html
新罗区西虾百货商行;https://shop493655174e278.1688.com;https://detail.1688.com/offer/652947787419.html
广州通秋贸易商行;https://shop9s243f7684855.1688.com;https://detail.1688.com/offer/651028084882.html
深圳市宝安区沙井街道利利记百货商行;https://shop5147qd8533775.1688.com;https://detail.1688.com/offer/648498899552.html
平顶山市卫东区领正日用百货店;https://shop1902mp62d8498.1688.com;https://detail.1688.com/offer/655243630376.html
高新区枫桥雅施顿服装商行;https://shop6n3502407z352.1688.com;https://detail.1688.com/offer/655589969316.html
义乌市蓦然电子商务商行;https://shop4p24079984497.1688.com;https://detail.1688.com/offer/645994289055.html
陆川县风尚日用品店;https://shop5r43w12227179.1688.com;https://detail.1688.com/offer/655094040536.html
义乌市笑妘电子商务商行;https://shop57fd661433252.1688.com;https://detail.1688.com/offer/610184595577.html
义乌市簇楷电子商务商行;https://shop2826316kw7m91.1688.com;https://detail.1688.com/offer/649321933742.html
润州区丽而同百货商行;https://shop334a4307w0882.1688.com;https://detail.1688.com/offer/644716473037.html
永定区杞颇亮商行;https://shop987930070f8v5.1688.com;https://detail.1688.com/offer/639046779824.html
余江区迪天经营部;https://shop651z699s057s3.1688.com;https://detail.1688.com/offer/651810508801.html
玉林市玉州区沃厚日用百货店;https://shop88y1638e43377.1688.com;https://detail.1688.com/offer/644282883003.html
万载县高轴会百货店;https://shop676760p4507v8.1688.com;https://detail.1688.com/offer/655783559033.html
遂昌温澜日用百货商行;https://shop076t723d39770.1688.com;https://detail.1688.com/offer/644602024284.html
新罗区依卡菲百货店;https://shop7153y28l74904.1688.com;https://detail.1688.com/offer/643805366915.html
浦江县雅宸饰品厂;https://shop560261v0v3611.1688.com;https://detail.1688.com/offer/650014698405.html
义乌市王娟香电子商务商行;https://shop8ma915328h889.1688.com;https://detail.1688.com/offer/603792028889.html
义乌市佑勋电子商务有限公司;https://shop49186j38zg505.1688.com;https://detail.1688.com/offer/617645886370.html
高新区枫桥富罗深百货商行;https://shop335k825i72h46.1688.com;https://detail.1688.com/offer/653110072136.html
丹阳市界牌镇聚时情家居用品厂;https://shop836699w2u75u8.1688.com;https://detail.1688.com/offer/653927206865.html
佛山市南海区雨馨莱服饰厂;https://shop5119k640l2418.1688.com;https://detail.1688.com/offer/642480387164.html
义乌市寰羽电子商务商行;https://yiwuhuanyu.1688.com;https://detail.1688.com/offer/620488724396.html
广州市南沙区策艺网络科技有限责任公司;https://shop9647513g52548.1688.com;https://detail.1688.com/offer/643292284178.html
义乌市银盒电子商务有限公司;https://shop9185290zz7714.1688.com;https://detail.1688.com/offer/622064148384.html
舞阳县杨茹百货店;https://shop70n9y46k28415.1688.com;https://detail.1688.com/offer/646491636740.html
漳州开发区淌联服装店;https://shop70791681x3043.1688.com;https://detail.1688.com/offer/649287957590.html
丹阳市界牌镇浮之思工艺礼品厂;https://shop3348qg96522m9.1688.com;https://detail.1688.com/offer/654824304746.html
佛山市南海区科凌驰日用百货商行;https://shop510b31l858724.1688.com;https://detail.1688.com/offer/655528121694.html
青白江泽佰雅秋商贸部;https://shop15l3p74614259.1688.com;https://detail.1688.com/offer/652944985554.html
宿城区奇比能百货店;https://shop940u381s78084.1688.com;https://detail.1688.com/offer/655350229256.html
佛山市科曼达电子商务有限公司;https://shop5758q60b45658.1688.com;https://detail.1688.com/offer/647017581251.html
余江区度魏电子商务商行;https://shop1652265064xf3.1688.com;https://detail.1688.com/offer/652950534653.html
平邑县平茂日用百货销售中心;https://shop6f745u5053104.1688.com;https://detail.1688.com/offer/654818211771.html
义乌市茹丹饰品有限公司;https://rudanshipin.1688.com;https://detail.1688.com/offer/619635349504.html
义乌市迪硕饰品商行;https://shop1425061v49d59.1688.com;https://detail.1688.com/offer/606892065110.html
义乌市泽茂进出口有限公司;https://shop4c53003100270.1688.com;https://detail.1688.com/offer/622364812014.html
义乌市之妮电子商务有限公司;https://shop550k4681978z3.1688.com;https://detail.1688.com/offer/647054577392.html
义乌市简兮饰品有限公司;https://shop377z807543vx9.1688.com;https://detail.1688.com/offer/609494452953.html
佛山市南海区怀之新百货店;https://shop0o835w21798n5.1688.com;https://detail.1688.com/offer/639804101875.html
义乌市凤淘电子商务有限公司;https://shop101s196514o12.1688.com;https://detail.1688.com/offer/645649189134.html
浦江县俏艾拉贸易有限公司;https://shop5v10872h06807.1688.com;https://detail.1688.com/offer/639417171615.html
新罗区凡诺思百货店;https://shop1g3o5q2151z68.1688.com;https://detail.1688.com/offer/643427711214.html
武汉市隆威嘉商贸商行;https://shop4456026445186.1688.com;https://detail.1688.com/offer/654808558652.html
广州漾俪百货商行;https://shop9z74261466h08.1688.com;https://detail.1688.com/offer/652446369608.html
余江区海余商贸商行;https://shop13y173h8z7791.1688.com;https://detail.1688.com/offer/651686053318.html
余江区雪囡礼商贸商行;https://shop7l11d6g318683.1688.com;https://detail.1688.com/offer/653341688891.html
云霄县凌妮百货店;https://shop76t9f33342773.1688.com;https://detail.1688.com/offer/647139984260.html
新罗区量东暇百货商行;https://shop50x391074y284.1688.com;https://detail.1688.com/offer/653620540543.html
佛山市南海区杲缤治日用百货商行;https://shop9d7y713k06857.1688.com;https://detail.1688.com/offer/648862801493.html
商丘市梁园区正函日用百货商行;https://shop2u871u15b5o16.1688.com;https://detail.1688.com/offer/647173167741.html
淮南念然商贸有限公司;https://shop2w79nn6164702.1688.com;https://detail.1688.com/offer/631045035797.html
永定区泰悦影网店;https://shop7301dd2d62648.1688.com;https://detail.1688.com/offer/639416857785.html
新罗区智伟百货商行;https://shop19vv575247694.1688.com;https://detail.1688.com/offer/651528558695.html
广州恺申贸易商行;https://shop8u3686a433715.1688.com;https://detail.1688.com/offer/652377881833.html
成华区景业商贸部;https://shop8284425v92d19.1688.com;https://detail.1688.com/offer/651741107858.html
广州市越秀区小雀斑饰品商行;https://shop8149r7727zr09.1688.com;https://detail.1688.com/offer/640594972919.html
余江区发启贸易商行;https://shop5355k408co712.1688.com;https://detail.1688.com/offer/651014684513.html
义乌市美亚饰品厂;https://myashipin.1688.com;https://detail.1688.com/offer/652412529512.html
义乌市妙宏饰品有限公司;https://miaohongacc.1688.com;https://detail.1688.com/offer/636235370567.html
义乌市铎铃电子商务商行;https://darling8861.1688.com;https://detail.1688.com/offer/615345368011.html
义乌市格尚电子商务商行;https://15geshang.1688.com;https://detail.1688.com/offer/604791310080.html
义乌市艾琪饰品有限公司;https://shop1427993513233.1688.com;https://detail.1688.com/offer/616638741507.html
义乌市蒲钻电子商务商行;https://shop1358592219982.1688.com;https://detail.1688.com/offer/605527911344.html
义乌科凡电子商务商行;https://shop854301399n549.1688.com;https://detail.1688.com/offer/632108639756.html
余江区高兴电子商务商行;https://shop39479j6424676.1688.com;https://detail.1688.com/offer/652141219721.html
余江区琴茧贸易商行;https://shop3o30911l39b05.1688.com;https://detail.1688.com/offer/652867763912.html
新罗区师灵百货商行;https://shop71q08q20e0909.1688.com;https://detail.1688.com/offer/644496419662.html
余江区希德望电子商务商行;https://shop6v418451mqv68.1688.com;https://detail.1688.com/offer/652767946176.html
余江区盛明电子商务商行;https://shop438c50z52c219.1688.com;https://detail.1688.com/offer/652540471662.html
余江区兴瑟旺电子商务商行;https://shop680bq48773160.1688.com;https://detail.1688.com/offer/651657181631.html
尤溪县张一鸣商行;https://shop32o3418835655.1688.com;https://detail.1688.com/offer/650770521654.html
佛山市禅城区永谦鹏日用品商店;https://shop994066wt50492.1688.com;https://detail.1688.com/offer/637018825016.html
佛山市南海区庆多达靓百货商行;https://shop3792qj8525q56.1688.com;https://detail.1688.com/offer/653069027049.html
义乌市微啸电子商务商行;https://shop703t7400b09x4.1688.com;https://detail.1688.com/offer/649468628163.html
义乌市东驰饰品有限公司;https://shop90n95n28f3149.1688.com;https://detail.1688.com/offer/625247757438.html
义乌市佩泓电子商务商行;https://shop067z877z23547.1688.com;https://detail.1688.com/offer/611437088211.html
义乌市夕霞电子商务商行;https://xixia2020.1688.com;https://detail.1688.com/offer/617922256621.html
兰山区骆骆百货店;https://shop585l627291185.1688.com;https://detail.1688.com/offer/654968154078.html
义乌市百萱电子商务商行;https://shop913341y061375.1688.com;https://detail.1688.com/offer/620335460832.html
义乌千芙饰品有限公司;https://shop1404528103758.1688.com;https://detail.1688.com/offer/609815201779.html
义乌市霸徒电子商务商行;https://shop11436o35z1679.1688.com;https://detail.1688.com/offer/643977939795.html
广信区春顺电子商务经营部;https://shop484o9s5746u78.1688.com;https://detail.1688.com/offer/644244527403.html
义乌市米翔饰品有限公司;https://shop675n88188n503.1688.com;https://detail.1688.com/offer/636688458663.html
义乌市芹锦电子商务商行;https://shop11a9416u7a245.1688.com;https://detail.1688.com/offer/631852434559.html
义乌市思汀饰品商行;https://ywstill.1688.com;https://detail.1688.com/offer/592037770958.html
义乌市华迅饰品加工厂;https://shop8357740lo6w56.1688.com;https://detail.1688.com/offer/638533573322.html
义乌市本派电子商务有限公司;https://shop57991754u5222.1688.com;https://detail.1688.com/offer/609409612785.html
鄱阳县淳嘉悦百货店;https://shop0704931664gj6.1688.com;https://detail.1688.com/offer/649038296202.html
吴江桑尚丝绸有限公司;https://wjsssc888.1688.com;https://detail.1688.com/offer/644047360590.html
苏州辑里丝绸有限公司;https://jlsilk.1688.com;https://detail.1688.com/offer/639006893628.html
义乌市安朵贸易有限公司;https://shop7205u6z222285.1688.com;https://detail.1688.com/offer/652654859769.html
义乌市韩饰界电子科技有限公司;https://shop343b88869jj94.1688.com;https://detail.1688.com/offer/646820611288.html
南平市建阳区练光纬百货店;https://shop1372um9879169.1688.com;https://detail.1688.com/offer/652655994392.html
义乌市斌琥电子商务商行;https://shop94321n051n039.1688.com;https://detail.1688.com/offer/656018759360.html
余江区尔高经营部;https://shop2p31372c02141.1688.com;https://detail.1688.com/offer/655176337379.html
袁州区从未网络工作室;https://shop17af6434q0333.1688.com;https://detail.1688.com/offer/655107391301.html
新罗区博名百货商行;https://shop73tg137102917.1688.com;https://detail.1688.com/offer/651887740257.html
苏州市江绫丝绸有限公司;https://gerine.1688.com;https://detail.1688.com/offer/612335047761.html
义乌市问虎贸易有限公司;https://shop94885o743o6p2.1688.com;https://detail.1688.com/offer/624508125543.html
余江区付欧尔商贸商行;https://shop2636k136y20n9.1688.com;https://detail.1688.com/offer/653097406025.html
新罗区西皮百货商行;https://shop011909z5pw452.1688.com;https://detail.1688.com/offer/652002186345.html
义乌市心喜贸易有限公司;https://yiwuxinxi.1688.com;https://detail.1688.com/offer/644330638753.html
霞浦县孙涅日用品经营部;https://shop538v4v134v367.1688.com;https://detail.1688.com/offer/656048754096.html
袁州区风依网络工作室;https://shop0994777k19272.1688.com;https://detail.1688.com/offer/655215252652.html
景宁永沁贸易商行;https://shop88d7839513f31.1688.com;https://detail.1688.com/offer/643800990455.html
通山县荣云百货店;https://shop78f2472x05709.1688.com;https://detail.1688.com/offer/651422193285.html
新罗区建汇百货商行;https://shop11bb159v11932.1688.com;https://detail.1688.com/offer/650473204007.html
丹阳市开发区德奇劳保办公用品厂;https://shop9144147qh07c3.1688.com;https://detail.1688.com/offer/650504481377.html
新罗区富元百货商行;https://shop2064727999233.1688.com;https://detail.1688.com/offer/654253520657.html
新罗区虹浮百货商行;https://shop4148140a4a422.1688.com;https://detail.1688.com/offer/646734472902.html
遂昌钧梓悦电子商务商行;https://shop0791117168939.1688.com;https://detail.1688.com/offer/655254133462.html
义乌市钱藻电子商务商行;https://shop205000j8j6873.1688.com;https://detail.1688.com/offer/654896804411.html
东莞市田曦建材有限公司;https://shop4238k9k495788.1688.com;https://detail.1688.com/offer/640360616431.html
义乌市泓盛饰品有限公司;https://shop179a51a699112.1688.com;https://detail.1688.com/offer/652350566344.html
尤溪县赤眉商行;https://shop61053b6q727d2.1688.com;https://detail.1688.com/offer/651872209043.html
深圳市米尤贸易有限公司;https://shop2061454c17197.1688.com;https://detail.1688.com/offer/637776055958.html
义乌市妍洋饰品有限公司;https://shop10271s8711638.1688.com;https://detail.1688.com/offer/599732771204.html
余江区堂篇电子商务商行;https://shop9791oz5883593.1688.com;https://detail.1688.com/offer/651487122564.html
余江区美德丽电子商务商行;https://shop2d418860716v3.1688.com;https://detail.1688.com/offer/651934578976.html
新罗区裴捷百货商行;https://shop8797620p261f2.1688.com;https://detail.1688.com/offer/654908427068.html
余江区辍素电子商务商行;https://shop6710f02ff4930.1688.com;https://detail.1688.com/offer/651492621504.html
尤溪县商侣商行;https://shop774741w930t07.1688.com;https://detail.1688.com/offer/652859632098.html
新罗区卓芸百货商行;https://shop4ss29262d3756.1688.com;https://detail.1688.com/offer/654150370813.html
新罗区青争百货商行;https://shop5588w56809k62.1688.com;https://detail.1688.com/offer/652564586157.html
余江区高飞飞电子商务商行;https://shop9765652s93969.1688.com;https://detail.1688.com/offer/654499294740.html
南平市建阳区喜历幸百货店;https://shop83a8294a21d13.1688.com;https://detail.1688.com/offer/651264877237.html
余江区具笑电子商务商行;https://shop1425294553169.1688.com;https://detail.1688.com/offer/652490527978.html
余江区全我意电子商务商行;https://shop6q2777h7108h1.1688.com;https://detail.1688.com/offer/651723839949.html
余江区多多呀电子商务商行;https://shop617k68z760a18.1688.com;https://detail.1688.com/offer/653859280828.html
高新区枫桥桥风和百货商行;https://shop2884nmh284427.1688.com;https://detail.1688.com/offer/654722394847.html
佛山市蝶恋花饰品有限公司;https://shop29o4804952834.1688.com;https://detail.1688.com/offer/631602930283.html
高新区枫桥顺如祥贸易商行;https://shop0202v1w781q91.1688.com;https://detail.1688.com/offer/653472588005.html
漳州开发区刷约沫视建材店;https://shop42746j58963h9.1688.com;https://detail.1688.com/offer/651462309091.html
高新区枫桥豪纳康服装商行;https://shop610261925p672.1688.com;https://detail.1688.com/offer/655485513275.html
义乌市获皎电子商务商行;https://shop43vz606740372.1688.com;https://detail.1688.com/offer/654824324656.html
高新区枫桥亿盛开百货商行;https://shop1a8295q96z834.1688.com;https://detail.1688.com/offer/655089482874.html
义乌言一商贸有限公司;https://chixingxing0516.1688.com;https://detail.1688.com/offer/623458572960.html
义乌市奇阅饰品有限公司;https://qiyueshipin.1688.com;https://detail.1688.com/offer/639338135860.html
东阳市江北谱写电子商务商行;https://shop2586v3578y960.1688.com;https://detail.1688.com/offer/628549128440.html
义乌市承典贸易有限公司;https://shopchendian.1688.com;https://detail.1688.com/offer/618991874526.html
新罗区惠兰百货商行;https://shop0093o158d6x30.1688.com;https://detail.1688.com/offer/652319054065.html
润州区水之湖服装厂;https://shop31eq5279n6552.1688.com;https://detail.1688.com/offer/652584819041.html
高新区枫桥润弘晶服装商行;https://shop30809400874j9.1688.com;https://detail.1688.com/offer/654473117252.html
永定区翔瑕以商行;https://shop155ow902p8452.1688.com;https://detail.1688.com/offer/637975808855.html
玉林市玉州区沃草日用百货店;https://shop339891649a533.1688.com;https://detail.1688.com/offer/649375196298.html
新罗区化楼百货商行;https://shop579653hx58f03.1688.com;https://detail.1688.com/offer/651720186864.html
广州市黄埔区芮武则羿日用品店;https://shop24p3472317e11.1688.com;https://detail.1688.com/offer/650745672715.html
尤溪县博古飞商行;https://shop245957o465331.1688.com;https://detail.1688.com/offer/655892119073.html
佛山市南海区武柳琪服装厂;https://shop799061o3291y8.1688.com;https://detail.1688.com/offer/641662480775.html
余江区明辉电子商务商行;https://shop55774397n0j02.1688.com;https://detail.1688.com/offer/650314112667.html
广州市花都区狮岭家家兴百货店;https://shop5462037666900.1688.com;https://detail.1688.com/offer/654860070490.html
广州嘚铭玩具商行;https://shop59682kt3226k7.1688.com;https://detail.1688.com/offer/655827599177.html
润州区云而元百货商行;https://shop89l772783z287.1688.com;https://detail.1688.com/offer/655527893184.html
余江区万然顺电子商务商行;https://shop8648790155389.1688.com;https://detail.1688.com/offer/653229811170.html
高新区枫桥澄信敏服装商行;https://shop74140d8574126.1688.com;https://detail.1688.com/offer/656435695653.html
衢州市柯城区和风饰品厂;https://hoshino717.1688.com;https://detail.1688.com/offer/634614048725.html
徐州华宏茧丝有限公司;https://huahongsilk.1688.com;https://detail.1688.com/offer/642072294069.html
何青;https://shop14t347g475093.1688.com;https://detail.1688.com/offer/602340983417.html
厦门市韵初饰品有限公司;https://xmyunchu.1688.com;https://detail.1688.com/offer/629250143993.html
深圳市欣盛饰品有限公司;https://xinshengzhubao.1688.com;https://detail.1688.com/offer/589012005593.html
义乌市珠颜饰品厂;https://shop777rc7b920155.1688.com;https://detail.1688.com/offer/630212608568.html
吴江聚辉纺织有限公司;https://juhuifangzhi.1688.com;https://detail.1688.com/offer/605865733001.html
义乌市奕菲饰品有限公司;https://yyp4551.1688.com;https://detail.1688.com/offer/570395345892.html
义乌市芭炫饰品厂;https://shop2035hk424v179.1688.com;https://detail.1688.com/offer/615027379218.html
临沂市兰山区进源百货商行;https://shop02la9w2975445.1688.com;https://detail.1688.com/offer/641575900453.html
义乌市德赛饰品有限公司;https://ywdesai.1688.com;https://detail.1688.com/offer/621603324024.html
遂昌拉恒日用百货商行;https://shop676xs8313x545.1688.com;https://detail.1688.com/offer/645256147554.html
义乌市歌图电子商务商行;https://shop66054uuy04028.1688.com;https://detail.1688.com/offer/655230070353.html
鄱阳县倪从阳饰品店;https://shop61z4z69326p65.1688.com;https://detail.1688.com/offer/650892928156.html
义乌市考薛电子商务商行;https://shop86d50o63s2738.1688.com;https://detail.1688.com/offer/654404984567.html
义乌市翔扉电子商务商行;https://shop4607j8625aq12.1688.com;https://detail.1688.com/offer/655225214455.html
义乌市庄智电子商务商行;https://shop6k48166781k01.1688.com;https://detail.1688.com/offer/654998473129.html
义乌市厚盾电子商务商行;https://shop106434x85n9j8.1688.com;https://detail.1688.com/offer/649019852431.html
义乌市玖惑电子商务商行;https://shop90065504l0e84.1688.com;https://detail.1688.com/offer/654834736244.html
义乌市徒漾电子商务商行;https://shop67743401t5121.1688.com;https://detail.1688.com/offer/655651678311.html
义乌市忻梨电子商务商行;https://shop96688wr9094g4.1688.com;https://detail.1688.com/offer/652021853888.html
余姚建财百货商行;https://shop4715525i8l595.1688.com;https://detail.1688.com/offer/651229868198.html
义乌市沈煜电子商务商行;https://shop2p24800i27197.1688.com;https://detail.1688.com/offer/656185539470.html
义乌市桐卉电子商务商行;https://shop9p56g57819702.1688.com;https://detail.1688.com/offer/656185483580.html
余江区亮新福电子商务商行;https://shop0721d779z2z27.1688.com;https://detail.1688.com/offer/652467677844.html
余江区月两舜电子商务商行;https://shop67t5664779o78.1688.com;https://detail.1688.com/offer/652690286443.html
余江区广度电子商务商行;https://shop0867n0w2z7115.1688.com;https://detail.1688.com/offer/652782418951.html
高新区枫桥凌长百货商行;https://shop41v654k8v2886.1688.com;https://detail.1688.com/offer/651380064427.html
宿城区汐芊未百货店;https://shop906875y3401e0.1688.com;https://detail.1688.com/offer/642711749903.html
义乌市裕佳饰品有限公司;https://shop5964h4465hs78.1688.com;https://detail.1688.com/offer/623878157260.html
义乌市度翩电子商务商行;https://dupianmaoyi.1688.com;https://detail.1688.com/offer/655633878485.html
义乌市摩多贸易有限公司;https://moduomaoyi.1688.com;https://detail.1688.com/offer/643502407992.html
义乌市三态饰品有限公司;https://santai3333.1688.com;https://detail.1688.com/offer/587815183873.html
南平市建阳区卿德桦百货店;https://shop00i7s554h0633.1688.com;https://detail.1688.com/offer/644155473574.html
柘荣县楷因日用品经营部;https://shop073q1y7j23641.1688.com;https://detail.1688.com/offer/651104719619.html
义乌市妆点饰品有限公司;https://zhuangdianacc.1688.com;https://detail.1688.com/offer/596903273399.html
余江区函谷关电子商务商行;https://shop3162y03556i24.1688.com;https://detail.1688.com/offer/653879632470.html
南平市建阳区理彬郁百货店;https://shop981k390011x87.1688.com;https://detail.1688.com/offer/655873850052.html
义乌市咪呼饰品有限公司;https://shop57za37o741089.1688.com;https://detail.1688.com/offer/619253490846.html
佛山市禅城区衫蒂恩百货店;https://shop7f991o0097869.1688.com;https://detail.1688.com/offer/640144254930.html
五华县横陂镇城滩科技馆;https://shop819w0360wk749.1688.com;https://detail.1688.com/offer/651427069786.html
永定区禧毕临商行;https://shop05780285x4467.1688.com;https://detail.1688.com/offer/630966164084.html
义乌奇睿饰品有限公司;https://yiwuqirui.1688.com;https://detail.1688.com/offer/651869549983.html
衢州市柯城胜盈电子商务商行;https://shop5066849j78j32.1688.com;https://detail.1688.com/offer/641380715778.html
义乌古蒂电子商务有限公司;https://shop541zv23284107.1688.com;https://detail.1688.com/offer/649501682987.html
义乌市爽言电子商务有限公司;https://shop629304i29g290.1688.com;https://detail.1688.com/offer/654559383342.html
义乌市饺子皮电子商务商行;https://shop9t3393v91v244.1688.com;https://detail.1688.com/offer/631569247397.html
义乌市与丹饰品有限公司;https://shop16197x4689374.1688.com;https://detail.1688.com/offer/655470266956.html
义乌市幸宙饰品商行;https://shop2152d91k28248.1688.com;https://detail.1688.com/offer/624684447512.html
苏州丝欧莫丝绸有限公司;https://sioumo.1688.com;https://detail.1688.com/offer/638879067506.html
苏州市艺纱丝绸有限公司;https://esasilk.1688.com;https://detail.1688.com/offer/583977843272.html
苏州雅莎丝绸科技有限公司;https://yashasilk.1688.com;https://detail.1688.com/offer/581895023845.html
义乌市媛尊贸易有限公司;https://shop3jh7321284569.1688.com;https://detail.1688.com/offer/629951835859.html
义乌市金萍饰品厂;https://shop1s12806v12876.1688.com;https://detail.1688.com/offer/620147682693.html
义乌市诗灵贸易有限公司;https://shop17628m0l128c0.1688.com;https://detail.1688.com/offer/612454380707.html
睢宁然雪纺织有限公司;https://shop5q4q680941206.1688.com;https://detail.1688.com/offer/653771494535.html
义乌市雨伊贸易有限公司;https://shop1899x185r63d3.1688.com;https://detail.1688.com/offer/613212027936.html
义乌市宏烨电子商务商行;https://shop8zo437q983087.1688.com;https://detail.1688.com/offer/652064484731.html
莆田市荔城区禾罗服饰店;https://shop174o52584z680.1688.com;https://detail.1688.com/offer/648832628940.html
佛山市南海区海铭瑗家具厂;https://shop95x783252i414.1688.com;https://detail.1688.com/offer/651118604383.html
义乌市涵恋饰品有限公司;https://hanlianshipin.1688.com;https://detail.1688.com/offer/611289224604.html
玉林市玉州区王廷百货店;https://shop1236zj6o06037.1688.com;https://detail.1688.com/offer/651255245208.html
新沂市黄之秋家居用品经营部;https://shop8581sw17060j3.1688.com;https://detail.1688.com/offer/651404002286.html
新罗区嘉喜百货商行;https://shop4932848ebp015.1688.com;https://detail.1688.com/offer/654729905389.html
义乌市春夏饰品厂;https://shop33k68kc091803.1688.com;https://detail.1688.com/offer/620849143803.html
余江区汇吉岸贸易商行;https://shop9304242gn1607.1688.com;https://detail.1688.com/offer/652424359385.html
义乌市奕合贸易有限公司;https://shop07312zu810057.1688.com;https://detail.1688.com/offer/604944248666.html
