义乌市梵米服饰有限公司;https://fanmi1688.1688.com;https://detail.1688.com/offer/652642486972.html
义乌市咔朋服饰有限公司;https://kapengfushi.1688.com;https://detail.1688.com/offer/557806026327.html
义乌市蜜舍饰品厂;https://nvshe.1688.com;https://detail.1688.com/offer/628101059289.html
义乌市酷华饰品厂;https://shop1438707329000.1688.com;https://detail.1688.com/offer/631028095949.html
义乌市博润饰品有限公司;https://shop56940p2171792.1688.com;https://detail.1688.com/offer/654488406514.html
义乌市潮炫饰品有限公司;https://shop84o303987q378.1688.com;https://detail.1688.com/offer/608574259325.html
义乌市赞烨电子商务商行;https://shop1439398383973.1688.com;https://detail.1688.com/offer/606539800520.html
义乌合异饰品有限公司;https://heyishipin.1688.com;https://detail.1688.com/offer/642976599241.html
万载县可籽满百货店;https://shop3278f8e181x10.1688.com;https://detail.1688.com/offer/655706498993.html
东阳市艾莎饰品有限公司;https://shop73l36v18478s7.1688.com;https://detail.1688.com/offer/633977209141.html
义乌市清雅饰品有限公司;https://shop78254wqw30198.1688.com;https://detail.1688.com/offer/643044424529.html
深圳市南山区唐歆服饰商行;https://chenmeixiong.1688.com;https://detail.1688.com/offer/581781683254.html
义乌市诗路贸易有限公司;https://shop2752p07679he7.1688.com;https://detail.1688.com/offer/606124422167.html
义乌市岚辰饰品有限公司;https://lanchen2018.1688.com;https://detail.1688.com/offer/651653485455.html
义乌市昕月饰品有限公司;https://xy8898.1688.com;https://detail.1688.com/offer/627078739187.html
义乌市和冉贸易有限公司;https://heranjewelry.1688.com;https://detail.1688.com/offer/644430224099.html
义乌市荟溪电子商务商行;https://shop2508ia0o23522.1688.com;https://detail.1688.com/offer/649704606572.html
漳州开发区岚菀柳网络技术工作室;https://shop827g90798n375.1688.com;https://detail.1688.com/offer/650082077833.html
柘荣县角词日用品经营部;https://shop1g709u1661548.1688.com;https://detail.1688.com/offer/651058109847.html
义乌市吹阅电子商务商行;https://shop148jb72417u76.1688.com;https://detail.1688.com/offer/649272890341.html
柘荣县角尼日用品经营部;https://shop86f7460976258.1688.com;https://detail.1688.com/offer/649010828849.html
柘荣县声果日用品经营部;https://shop42x54k1344396.1688.com;https://detail.1688.com/offer/646243045127.html
万载县雯达涩日用品经营部;https://shop90n0i90632m75.1688.com;https://detail.1688.com/offer/650501394431.html
义乌市骍隆电子商务商行;https://shop684n393892646.1688.com;https://detail.1688.com/offer/655307215005.html
义乌市赤洁电子商务商行;https://shop10f7749243421.1688.com;https://detail.1688.com/offer/629966770272.html
义乌市魅蝶电子商务商行;https://shop3256ll5922b21.1688.com;https://detail.1688.com/offer/608488468252.html
义乌市威扬饰品有限公司;https://weiyangsp.1688.com;https://detail.1688.com/offer/615129009073.html
义乌市欣盈饰品有限公司;https://shop220877m761286.1688.com;https://detail.1688.com/offer/633006092711.html
义乌市昕涵饰品有限公司;https://shop249075gr0r667.1688.com;https://detail.1688.com/offer/634156207815.html
义乌市羿辰饰品厂;https://shophancai.1688.com;https://detail.1688.com/offer/628559734383.html
义乌市惠南饰品有限公司;https://shop0742853s0a4a2.1688.com;https://detail.1688.com/offer/633818517605.html
东阳市白云缤芸饰品店;https://binyunshipin.1688.com;https://detail.1688.com/offer/631280232861.html
义乌市简兮饰品有限公司;https://shop377z807543vx9.1688.com;https://detail.1688.com/offer/592434251358.html
义乌市莱玛电子商务有限公司;https://laimasp.1688.com;https://detail.1688.com/offer/593191390199.html
义乌市慧逸饰品有限公司;https://huiyii.1688.com;https://detail.1688.com/offer/640774237307.html
义乌市凤润饰品厂;https://shop81q9411c2u313.1688.com;https://detail.1688.com/offer/643975612421.html
深圳市宝安区福海靓依都服装厂;https://shop1494607960707.1688.com;https://detail.1688.com/offer/643382457434.html
义乌市优柔饰品厂;https://15805795827.1688.com;https://detail.1688.com/offer/582364843127.html
义乌市晨燕饰品有限公司;https://chengyanyxgs.1688.com;https://detail.1688.com/offer/634776213155.html
义乌市暖铭电子商务有限公司;https://shop87n311x537n24.1688.com;https://detail.1688.com/offer/633703834843.html
广州哈琳娜饰品厂;https://harrina.1688.com;https://detail.1688.com/offer/644690063857.html
义乌市际恺饰品有限公司;https://shop179p402lg9637.1688.com;https://detail.1688.com/offer/633208611660.html
阳江市江城区河马西施饰品厂;https://shop1489889953958.1688.com;https://detail.1688.com/offer/644982635650.html
义乌市馨莲饰品有限公司;https://shop75h4615029198.1688.com;https://detail.1688.com/offer/613963960307.html
南平市建阳区练光纬百货店;https://shop1372um9879169.1688.com;https://detail.1688.com/offer/649966096475.html
新罗区智之之百货商行;https://shop0j023455a6103.1688.com;https://detail.1688.com/offer/652031350236.html
万载县荟达片日用品经营部;https://shop78545q33kv865.1688.com;https://detail.1688.com/offer/652116362293.html
义乌市方婳电子商务商行;https://shop63s8017v65v96.1688.com;https://detail.1688.com/offer/652473245255.html
义乌市豪枫电子商务商行;https://shop12l612j077903.1688.com;https://detail.1688.com/offer/623791868811.html
万载县根勋日用品商行;https://shop81l2694d98557.1688.com;https://detail.1688.com/offer/650400895249.html
义乌市沐鸿饰品有限公司;https://shop1470070177775.1688.com;https://detail.1688.com/offer/654890746090.html
义乌市泽蕊饰品厂;https://shop68n2e15790084.1688.com;https://detail.1688.com/offer/621721369761.html
义乌市环越饰品有限公司;https://shop111t4796au603.1688.com;https://detail.1688.com/offer/618871085597.html
义乌市氿乐电子商务商行;https://shop1428511784824.1688.com;https://detail.1688.com/offer/625800995766.html
灵山县三隆镇志远百货商行;https://shop38u918d746171.1688.com;https://detail.1688.com/offer/641224330881.html
义乌市光与影电子商务商行;https://shop031728v2g2u85.1688.com;https://detail.1688.com/offer/629305023625.html
义乌市亦舒饰品有限公司;https://shop446f2f7150a94.1688.com;https://detail.1688.com/offer/611282720488.html
义乌市蕊柔电子商务商行;https://shop1414773994392.1688.com;https://detail.1688.com/offer/581738017408.html
永定区泰悦影网店;https://shop7301dd2d62648.1688.com;https://detail.1688.com/offer/639017672318.html
义乌千芙饰品有限公司;https://shop1404528103758.1688.com;https://detail.1688.com/offer/641752463708.html
义乌市库瑞电子商务有限公司;https://kr1jpf.1688.com;https://detail.1688.com/offer/631356780114.html
深圳市宝安区芯琳精品百货贸易商行;https://shop09473z13os376.1688.com;https://detail.1688.com/offer/652136681639.html
余江区思涵经营部;https://shop165252422e6h6.1688.com;https://detail.1688.com/offer/653198168395.html
万载县福昕日用品商行;https://shop251x9864u2y64.1688.com;https://detail.1688.com/offer/650905406644.html
鄱阳县能冷松珠宝店;https://shop36203f1006856.1688.com;https://detail.1688.com/offer/651732179818.html
余江区翔妙经营部;https://shop94222op117c28.1688.com;https://detail.1688.com/offer/654390219395.html
义乌市梵恩饰品有限公司;https://fanen1688.1688.com;https://detail.1688.com/offer/593804885558.html
义乌市漂洋饰品有限公司;https://pyshp2003666.1688.com;https://detail.1688.com/offer/594870701227.html
义乌市美亚饰品厂;https://myashipin.1688.com;https://detail.1688.com/offer/634253587702.html
义乌市乐妍日用百货有限公司;https://shop1489165886664.1688.com;https://detail.1688.com/offer/640857878453.html
义乌市妙德电子商务商行;https://shop1354900280794.1688.com;https://detail.1688.com/offer/607214676734.html
义乌市鼎圣日用品有限公司;https://shop48p5953553186.1688.com;https://detail.1688.com/offer/600802190544.html
深圳市宝安区荣盛日用百货商行;https://shop804u6h499m132.1688.com;https://detail.1688.com/offer/652122129483.html
义乌市隆伊贸易商行;https://shop43c6z53n37225.1688.com;https://detail.1688.com/offer/648336840854.html
深圳市宝安区美芯日用百货经营部;https://shop00698075pi084.1688.com;https://detail.1688.com/offer/646842101328.html
东阳雪雅饰品有限公司;https://shop5720h14353012.1688.com;https://detail.1688.com/offer/633893794724.html
睢宁县缘安家居用品厂;https://shop074523ur04q85.1688.com;https://detail.1688.com/offer/655249525766.html
义乌市盛威工艺品有限公司;https://shop08k2643q65175.1688.com;https://detail.1688.com/offer/650985074236.html
义乌市赛友饰品有限公司;https://shop93245294144k0.1688.com;https://detail.1688.com/offer/624845241149.html
义乌市郡芷日用品有限公司;https://shop0bl5q611534h9.1688.com;https://detail.1688.com/offer/625445500611.html
深圳市龙华新区伊百分手工饰品厂;https://storyacc.1688.com;https://detail.1688.com/offer/589913320878.html
义乌市舍进电子商务商行;https://shop8k303f3812k59.1688.com;https://detail.1688.com/offer/655117848798.html
义乌市晓潇饰品有限公司;https://shop181e29760f789.1688.com;https://detail.1688.com/offer/625763698067.html
义乌市利郦电子商务商行;https://shop45b86371b3146.1688.com;https://detail.1688.com/offer/641699562283.html
青岛姜艺轩商贸有限公司;https://shop00bc73c213589.1688.com;https://detail.1688.com/offer/618637667625.html
灵山县三隆镇恒辉百货商行;https://shop47222o78765w7.1688.com;https://detail.1688.com/offer/639821149949.html
义乌市润特饰品有限公司;https://sunfangwei8.1688.com;https://detail.1688.com/offer/619639106251.html
义乌市瞳诺饰品有限公司;https://shop11mm441918857.1688.com;https://detail.1688.com/offer/653745037359.html
铅山县鹅湖镇江志军饰品厂;https://shop406620z059382.1688.com;https://detail.1688.com/offer/642708683615.html
义乌市妍洋饰品有限公司;https://shop10271s8711638.1688.com;https://detail.1688.com/offer/584202714937.html
义乌市缔万咖曼服饰有限公司;https://dvacamanjewelry.1688.com;https://detail.1688.com/offer/592120654911.html
义乌市九层电子商务有限公司;https://shop1146m3771hq85.1688.com;https://detail.1688.com/offer/633602154168.html
义乌市杰丽贸易有限公司;https://shop195h71th22284.1688.com;https://detail.1688.com/offer/644535472233.html
铅山县柳丰饰品有限公司;https://shop89az068937w22.1688.com;https://detail.1688.com/offer/585753101601.html
义乌市三态饰品有限公司;https://santai3333.1688.com;https://detail.1688.com/offer/630387357522.html
义乌市芳若饰品有限公司;https://shop812901d041658.1688.com;https://detail.1688.com/offer/615566489388.html
义乌市志辰贸易有限公司;https://shop092w287q5h251.1688.com;https://detail.1688.com/offer/577360113963.html
义乌市奇阅饰品有限公司;https://qiyueshipin.1688.com;https://detail.1688.com/offer/604078107402.html
广州市黄埔区结小宝百货店;https://shop45357643e7504.1688.com;https://detail.1688.com/offer/649374381090.html
义乌市聪逢贸易商行;https://shop9463l0776xe67.1688.com;https://detail.1688.com/offer/648646487779.html
新罗区录雅昕百货店;https://shop0705g832141y6.1688.com;https://detail.1688.com/offer/643384728559.html
义乌市鸠季电子商务商行;https://shop123k088545et9.1688.com;https://detail.1688.com/offer/646697454757.html
深圳市欣盛饰品有限公司;https://xinshengzhubao.1688.com;https://detail.1688.com/offer/586240518335.html
义乌市温迩电子商务商行;https://shop251280a3q1768.1688.com;https://detail.1688.com/offer/641906826552.html
义乌市安零电子商务有限公司;https://shop2co6766237779.1688.com;https://detail.1688.com/offer/640908732991.html
义乌市馨懿饰品有限公司;https://huiyaosujiao.1688.com;https://detail.1688.com/offer/608817875048.html
义乌市缪可电子商务商行;https://shop4fl188578p437.1688.com;https://detail.1688.com/offer/651909968983.html
新罗区人弘百货商行;https://shop43xw949759699.1688.com;https://detail.1688.com/offer/642244478074.html
义乌市娇黠电子商务商行;https://shop0920366369vn1.1688.com;https://detail.1688.com/offer/649584113519.html
佛山市南海区桂城益昌五金电器商行;https://shop68y64231y6722.1688.com;https://detail.1688.com/offer/626471872921.html
义乌市圣曦贸易有限公司;https://shop962z9840215g6.1688.com;https://detail.1688.com/offer/597390415748.html
万载县鑫达日用品经营部;https://shop61697r7e97081.1688.com;https://detail.1688.com/offer/652319415113.html
广州嘚铭玩具商行;https://shop59682kt3226k7.1688.com;https://detail.1688.com/offer/655165318307.html
义乌市依宇电子商务有限公司;https://shop612q3221y5a50.1688.com;https://detail.1688.com/offer/641712582437.html
义乌市轲轲饰品厂;https://shop155168o5615d5.1688.com;https://detail.1688.com/offer/614446543707.html
义乌市哲泽电子商务有限公司;https://shop1468256467158.1688.com;https://detail.1688.com/offer/614372287060.html
义乌市当惜电子商务商行;https://dangxi.1688.com;https://detail.1688.com/offer/621996374462.html
东阳市希意饰品厂;https://shop9481s116405b8.1688.com;https://detail.1688.com/offer/654215658474.html
义乌市志樱饰品厂;https://shop98581333x7719.1688.com;https://detail.1688.com/offer/650302916188.html
义乌市涵恋饰品有限公司;https://hanlianshipin.1688.com;https://detail.1688.com/offer/612332768463.html
义乌市碧艾电子商务商行;https://beeeai.1688.com;https://detail.1688.com/offer/625012173412.html
义乌市恒赢饰品有限公司;https://shop5764723549277.1688.com;https://detail.1688.com/offer/634786633055.html
义乌赢新进出口有限公司;https://shop2867850ye4753.1688.com;https://detail.1688.com/offer/634424380485.html
义乌市夏妮贸易有限公司;https://hairwear.1688.com;https://detail.1688.com/offer/636020950819.html
义乌市蒲钻电子商务商行;https://shop1358592219982.1688.com;https://detail.1688.com/offer/602843908657.html
义乌市莉韩饰品有限公司;https://lihan2019.1688.com;https://detail.1688.com/offer/627398078757.html
义乌市欧烁贸易有限公司;https://oushuo2021.1688.com;https://detail.1688.com/offer/628313147519.html
余江区茜梅经营部;https://shop8571o78t7i111.1688.com;https://detail.1688.com/offer/654000024066.html
余江区怡庆经营部;https://shop28f57719087l7.1688.com;https://detail.1688.com/offer/654709918112.html
义乌市萧泽电子商务商行;https://shop98540859r6r28.1688.com;https://detail.1688.com/offer/653890231214.html
深圳市宝安区红火火商贸部;https://shop5ht523109e636.1688.com;https://detail.1688.com/offer/650267911070.html
义乌市慕坚电子商务商行;https://shop3f14256c86301.1688.com;https://detail.1688.com/offer/647862857406.html
茂名市茂南区联生贸易中心;https://shop1x12348502w70.1688.com;https://detail.1688.com/offer/642258506456.html
新罗区凡索加百货店;https://shop6qf83523232j2.1688.com;https://detail.1688.com/offer/654732607173.html
永定区实极徊百货商行;https://shop246107g281640.1688.com;https://detail.1688.com/offer/644128266221.html
徐州市巨匠工艺品有限公司;https://jujianggyp.1688.com;https://detail.1688.com/offer/594622951569.html
义乌市朋来饰品有限公司;https://shop728i494656r39.1688.com;https://detail.1688.com/offer/650575538565.html
义乌市牛发电子商务商行;https://shop78723335s2s35.1688.com;https://detail.1688.com/offer/656457283821.html
义乌市摩多贸易有限公司;https://moduomaoyi.1688.com;https://detail.1688.com/offer/625340954512.html
高新区枫桥豪纳康服装商行;https://shop610261925p672.1688.com;https://detail.1688.com/offer/655542697535.html
义乌市衍旭工艺品有限公司;https://shop9y179j57281e0.1688.com;https://detail.1688.com/offer/630707619916.html
义乌市席席饰品有限公司;https://shop5p28572787731.1688.com;https://detail.1688.com/offer/634732759572.html
义乌市御馔电子商务商行;https://shop18t16t1993613.1688.com;https://detail.1688.com/offer/654993748623.html
义乌市思汀饰品商行;https://ywstill.1688.com;https://detail.1688.com/offer/613762357912.html
义乌市璇涞电子商务商行;https://shop4833v965y1y18.1688.com;https://detail.1688.com/offer/655292426694.html
义乌市芙戎电子商务商行;https://shop52j0o65809554.1688.com;https://detail.1688.com/offer/654401000931.html
