义乌市欧魅饰品有限公司;https://ywomer.1688.com;https://detail.1688.com/offer/596572214674.html
义乌市青囊贸易有限公司;https://miaoxiaccessory.1688.com;https://detail.1688.com/offer/632734934799.html
义乌市慧娴饰品有限公司;https://shop40n2416h875a2.1688.com;https://detail.1688.com/offer/631816265915.html
义乌市莘选电子商务有限公司;https://shop4194772ms29k1.1688.com;https://detail.1688.com/offer/635422734146.html
义乌市沫妍贸易有限公司;https://shop4ny40974586i3.1688.com;https://detail.1688.com/offer/632259702377.html
义乌市素月饰品有限公司;https://shop2054x57j7i600.1688.com;https://detail.1688.com/offer/654366160342.html
义乌市屋上屋电子商务有限公司;https://shop08b86t1966246.1688.com;https://detail.1688.com/offer/647437963756.html
义乌市摩多贸易有限公司;https://moduomaoyi.1688.com;https://detail.1688.com/offer/631847949879.html
景宁宝达贸易商行;https://shop6203kp2301738.1688.com;https://detail.1688.com/offer/649444785191.html
义乌市弘禄日用百货商行;https://shop35910o5d02695.1688.com;https://detail.1688.com/offer/651923328671.html
义乌市功讯日用百货商行;https://shop76e89549617b1.1688.com;https://detail.1688.com/offer/652233541653.html
丹阳市界牌镇玥盛驰工艺礼品厂;https://shop800633e112851.1688.com;https://detail.1688.com/offer/655575366833.html
高新区枫桥丰华逸服装商行;https://shop93229j7p6l563.1688.com;https://detail.1688.com/offer/653455225609.html
永定区晗梓莘百货商行;https://shop249145067m564.1688.com;https://detail.1688.com/offer/652108680320.html
青白江泽佰雅秋商贸部;https://shop15l3p74614259.1688.com;https://detail.1688.com/offer/652363308553.html
兰山区虹之霞百货商行;https://shop791511pb37634.1688.com;https://detail.1688.com/offer/654843250491.html
义乌市馥甄电子商务商行;https://shop598d82508x001.1688.com;https://detail.1688.com/offer/652660201339.html
杭州梵鹏电子商务有限公司;https://shop93763vh969o29.1688.com;https://detail.1688.com/offer/651211722814.html
义乌市姜嘚电子商务商行;https://shop2732044573hy2.1688.com;https://detail.1688.com/offer/655599213874.html
义乌市润特饰品有限公司;https://sunfangwei8.1688.com;https://detail.1688.com/offer/630557565657.html
广州光天设计工作室;https://shop8h41x76709468.1688.com;https://detail.1688.com/offer/655161460025.html
高新区枫桥聚全锦服饰商行;https://shop9007785728yt7.1688.com;https://detail.1688.com/offer/654190100944.html
润州区兴而文百货商行;https://shop6h53p02719093.1688.com;https://detail.1688.com/offer/655882830658.html
佛山市南海区樊铭思家具厂;https://shop9277v58135753.1688.com;https://detail.1688.com/offer/654841756456.html
义乌市锡奎电子商务商行;https://shop12t8172030177.1688.com;https://detail.1688.com/offer/651824079772.html
义乌市骍隆电子商务商行;https://shop684n393892646.1688.com;https://detail.1688.com/offer/650751121560.html
新沂市捷之文服装店;https://shop71p23541890n0.1688.com;https://detail.1688.com/offer/652231120962.html
广州市白云区人和联鑫旺塑胶制品厂;https://shop3u22548d95170.1688.com;https://detail.1688.com/offer/655629185570.html
义乌市严明电子商务商行;https://shop44m42008110d8.1688.com;https://detail.1688.com/offer/634105490488.html
东莞市大朗卞磊服饰厂;https://shop86x97q3b33012.1688.com;https://detail.1688.com/offer/655690478730.html
义乌市沄汐饰品有限公司;https://shop122qf86576a12.1688.com;https://detail.1688.com/offer/631669776410.html
东阳市江北谱写电子商务商行;https://shop2586v3578y960.1688.com;https://detail.1688.com/offer/618499789463.html
义乌市璟行贸易有限公司;https://shop810g325081j07.1688.com;https://detail.1688.com/offer/654115705429.html
东阳市白云熙垚饰品厂;https://shop85lvl71087139.1688.com;https://detail.1688.com/offer/601236973487.html
义乌市琪丽饰品有限公司;https://shop885868f2428f2.1688.com;https://detail.1688.com/offer/655312365937.html
义乌市铭汐工艺品厂;https://shop1496399vu7545.1688.com;https://detail.1688.com/offer/632635703129.html
东阳市格睿电子商务有限公司;https://shop4q16242d95135.1688.com;https://detail.1688.com/offer/655569962134.html
义乌市好沄电子商务有限公司;https://shop60n72l3o38125.1688.com;https://detail.1688.com/offer/629778046458.html
义乌市南妮电子商务商行;https://shop506il2824i168.1688.com;https://detail.1688.com/offer/635818235415.html
义乌市聚真饰品配件商行;https://shop396ie34242546.1688.com;https://detail.1688.com/offer/621007358244.html
玉林市玉州区卡美百货店;https://shop0678h776984k1.1688.com;https://detail.1688.com/offer/645144910776.html
杭州余杭区乔司街道威通百货商行;https://shop28ia999731c26.1688.com;https://detail.1688.com/offer/654343365847.html
睢宁县顺欧服装厂;https://shop99u1542112686.1688.com;https://detail.1688.com/offer/655036905715.html
高新区枫桥雅施顿服装商行;https://shop6n3502407z352.1688.com;https://detail.1688.com/offer/656350927383.html
高新区枫桥百漫曼百货商行;https://shop15721m1d1m735.1688.com;https://detail.1688.com/offer/655840787334.html
广州市越秀区国雄干鲜果食杂店;https://shop86v82q33300i8.1688.com;https://detail.1688.com/offer/656048270460.html
义乌市柔苑饰品厂;https://shop1392742653602.1688.com;https://detail.1688.com/offer/521855699616.html
南平市建阳区田熙阳百货店;https://shop7547cs9881669.1688.com;https://detail.1688.com/offer/655024888221.html
高新区枫桥洁菲百货商行;https://shop941082jp6p106.1688.com;https://detail.1688.com/offer/653782169120.html
南平市建阳区嗬云水百货店;https://shop059a80j487d63.1688.com;https://detail.1688.com/offer/654981766484.html
义乌市朴汇电子商务商行;https://shop90fu30852s437.1688.com;https://detail.1688.com/offer/652330114414.html
鄱阳县锺碧春网络技术工作室;https://shop73099657f6bq0.1688.com;https://detail.1688.com/offer/648131888937.html
广州睿志实业有限公司;https://shop15117a968v9r5.1688.com;https://detail.1688.com/offer/656395035590.html
丹阳市界牌镇辉集田工艺礼品厂;https://shop742832lb09542.1688.com;https://detail.1688.com/offer/655931935791.html
义乌市钱藻电子商务商行;https://shop205000j8j6873.1688.com;https://detail.1688.com/offer/654880076774.html
义乌市秀迪饰品厂;https://shop2g588d1300612.1688.com;https://detail.1688.com/offer/652650244155.html
义乌市岚辰饰品有限公司;https://lanchen2018.1688.com;https://detail.1688.com/offer/653828273400.html
义乌市傲韵饰品有限公司;https://shop1o113v5342796.1688.com;https://detail.1688.com/offer/652788404352.html
连城县俪承嗣百货店;https://shop9589592g98965.1688.com;https://detail.1688.com/offer/654528766133.html
义乌市露思饰品有限公司;https://shop1q67r88329801.1688.com;https://detail.1688.com/offer/653670268933.html
东阳市俊涵饰品有限公司;https://junhansp.1688.com;https://detail.1688.com/offer/649756347232.html
义乌康朵电子商务有限公司;https://shop9s372829q33d8.1688.com;https://detail.1688.com/offer/653907059065.html
义乌市走走饰品有限公司;https://shop3h321754i07i5.1688.com;https://detail.1688.com/offer/629485346836.html
义乌市恒迈饰品厂;https://shop1465405405676.1688.com;https://detail.1688.com/offer/613079452885.html
义乌潮影饰品有限公司;https://yiwuchaoying.1688.com;https://detail.1688.com/offer/613173952918.html
义乌市序一电子商务商行;https://yiwuxuyi.1688.com;https://detail.1688.com/offer/654262927818.html
义乌市若珏工艺品厂;https://shop1458147415363.1688.com;https://detail.1688.com/offer/631670032198.html
永定区绛想赏百货店;https://shop33657b94001a8.1688.com;https://detail.1688.com/offer/643153162390.html
高新区枫桥旭开百货商行;https://shop0a90257l249i7.1688.com;https://detail.1688.com/offer/654638757699.html
茂南区联城百货经营部;https://shop43d85i4123786.1688.com;https://detail.1688.com/offer/642808054722.html
遂昌阳乔贸易商行;https://shop76s63932985l1.1688.com;https://detail.1688.com/offer/656034755947.html
金华市嘉纳饰品有限公司;https://shop7697729179i04.1688.com;https://detail.1688.com/offer/635192082586.html
新罗区建霖百货商行;https://shop5232179724801.1688.com;https://detail.1688.com/offer/641809878771.html
义乌市艾蕾亘特饰品厂;https://shop66h557u133484.1688.com;https://detail.1688.com/offer/655456079012.html
大同市平城区魏红商贸中心;https://shop0575i4y641z18.1688.com;https://detail.1688.com/offer/655590915574.html
广州吉协千服装商行;https://shop1p58n88041017.1688.com;https://detail.1688.com/offer/651560395336.html
深圳市星阳智能科技有限公司;https://shop9x904925j4549.1688.com;https://detail.1688.com/offer/645409258871.html
佛山市南海区坳玖庵翡翠加工厂;https://shop7i158487z7359.1688.com;https://detail.1688.com/offer/655592519600.html
玉林市玉州区和庆日用品店;https://shop530320s83y9y7.1688.com;https://detail.1688.com/offer/652302947677.html
新罗区然玛育百货店;https://shop311v80h4z3214.1688.com;https://detail.1688.com/offer/656248567099.html
莆田市荔城区禾罗服饰店;https://shop174o52584z680.1688.com;https://detail.1688.com/offer/652211253813.html
义乌市聚顶服饰有限公司;https://shop1412008823299.1688.com;https://detail.1688.com/offer/600693145053.html
义乌市贶景电子商务商行;https://shop8307899835mb7.1688.com;https://detail.1688.com/offer/654687244298.html
余江区琦祥经营部;https://shop687x97717x521.1688.com;https://detail.1688.com/offer/654645060951.html
余江区茂元经营部;https://shop6b10894894yh0.1688.com;https://detail.1688.com/offer/654508317950.html
余江区福凤经营部;https://shop17g80f0539307.1688.com;https://detail.1688.com/offer/653686047542.html
莆田市城厢区小饰界珠宝店;https://shop78733688pzc42.1688.com;https://detail.1688.com/offer/652660784141.html
万载县祥辉日用品经营部;https://shop67180p561pn31.1688.com;https://detail.1688.com/offer/653138236619.html
义乌市奇阅饰品有限公司;https://qiyueshipin.1688.com;https://detail.1688.com/offer/529658732752.html
义乌市繁宁电子商务商行;https://shop06u957b971528.1688.com;https://detail.1688.com/offer/653646904297.html
余江区洋苗经营部;https://shop04964536j8105.1688.com;https://detail.1688.com/offer/654103244706.html
佛山市南海区雕阐舞家具厂;https://shop1124z7z568334.1688.com;https://detail.1688.com/offer/643481444739.html
高新区枫桥双典百货商行;https://shop24h30z28m3651.1688.com;https://detail.1688.com/offer/654596168550.html
高新区枫桥禾佳晨百货商行;https://shop3449549907567.1688.com;https://detail.1688.com/offer/655039696938.html
余江区曼启经营部;https://shop790j92y067896.1688.com;https://detail.1688.com/offer/655225735856.html
义乌市冰颖电子商务商行;https://shop1fk3758409004.1688.com;https://detail.1688.com/offer/651864033879.html
义乌市温敏电子商务商行;https://shop5658845756640.1688.com;https://detail.1688.com/offer/654598741014.html
义乌市清雅饰品有限公司;https://shop78254wqw30198.1688.com;https://detail.1688.com/offer/643042440629.html
东阳市画水儀涵电子商务商行;https://shop2676wr64720r7.1688.com;https://detail.1688.com/offer/613470940941.html
义乌市方婳电子商务商行;https://shop63s8017v65v96.1688.com;https://detail.1688.com/offer/653006647286.html
义乌市霞劲电子商务商行;https://shop859t20r10b370.1688.com;https://detail.1688.com/offer/652166774025.html
义乌市璇涞电子商务商行;https://shop4833v965y1y18.1688.com;https://detail.1688.com/offer/652784412050.html
义乌市企冬电子商务商行;https://shop1536079561323.1688.com;https://detail.1688.com/offer/653334166380.html
南平市建阳区林农孔格百货店;https://shop0169r62wo0694.1688.com;https://detail.1688.com/offer/652476238305.html
义乌市歌图电子商务商行;https://shop66054uuy04028.1688.com;https://detail.1688.com/offer/653640447010.html
南平市建阳区林农东松百货店;https://shop60s291b3192s5.1688.com;https://detail.1688.com/offer/653097054125.html
义乌市娇黠电子商务商行;https://shop0920366369vn1.1688.com;https://detail.1688.com/offer/652713373775.html
义乌市促锡电子商务商行;https://shop33mg787m73905.1688.com;https://detail.1688.com/offer/651855777645.html
高新区枫桥凯莱福百货商行;https://shop000te90719426.1688.com;https://detail.1688.com/offer/653961494009.html
义乌市旻珉电子商务商行;https://shop35653i0269911.1688.com;https://detail.1688.com/offer/652615100724.html
义乌市桑晨电子商务有限公司;https://shop1433263686348.1688.com;https://detail.1688.com/offer/581521773403.html
金牛区威振饰品经营部;https://shop9911515o98817.1688.com;https://detail.1688.com/offer/624540083913.html
义乌市柚见饰品有限公司;https://shop7v6716q227198.1688.com;https://detail.1688.com/offer/643520614731.html
义乌市幻鹊电子商务商行;https://shop7i6392007k8k6.1688.com;https://detail.1688.com/offer/619472406993.html
厦门市湖里区家远杨百货店;https://shop7z71786y91m02.1688.com;https://detail.1688.com/offer/652787484758.html
尤溪县赤眉商行;https://shop61053b6q727d2.1688.com;https://detail.1688.com/offer/641694296246.html
漯河市召陵区妍金日杂店;https://shop3510575y6e717.1688.com;https://detail.1688.com/offer/639638442320.html
新沂市龚敏霞服装店;https://shop58690687321i4.1688.com;https://detail.1688.com/offer/655744895899.html
漳州开发区梵迦萱服装店;https://shop321r4369682c1.1688.com;https://detail.1688.com/offer/655111797862.html
漳州开发区顿寒蕾服装店;https://shop193329o96r3r8.1688.com;https://detail.1688.com/offer/655816999343.html
万载县起鸢敏百货店;https://shop10e95c5c45273.1688.com;https://detail.1688.com/offer/654867362664.html
余江区程美腾电子商务商行;https://shop0189qx8473904.1688.com;https://detail.1688.com/offer/651336980855.html
尤溪县商侣商行;https://shop774741w930t07.1688.com;https://detail.1688.com/offer/652385787754.html
义乌市锦点电子商务商行;https://shop7961844447969.1688.com;https://detail.1688.com/offer/653383978894.html
义乌市圣熙饰品有限公司;https://shengxi789.1688.com;https://detail.1688.com/offer/616281335764.html
义乌市舞欣电子商务有限公司;https://shop442pf05443940.1688.com;https://detail.1688.com/offer/641557890490.html
义乌市聚沐商贸商行;https://shop531b574145615.1688.com;https://detail.1688.com/offer/650143868111.html
义乌市佰昌日用百货商行;https://ywbaichang.1688.com;https://detail.1688.com/offer/614441716041.html
义乌市熙梦橙贸易有限公司;https://shop671x4180m29o4.1688.com;https://detail.1688.com/offer/618673871509.html
柘荣县楷因日用品经营部;https://shop073q1y7j23641.1688.com;https://detail.1688.com/offer/649550981179.html
南靖县博科食品商行;https://shop8338201165e55.1688.com;https://detail.1688.com/offer/647961479029.html
山东佰仕达商贸有限公司;https://bestryglobal.1688.com;https://detail.1688.com/offer/649993231780.html
义乌市婉鸿电子商务商行;https://shop7w6l383241520.1688.com;https://detail.1688.com/offer/638825779581.html
义乌美鹊贸易有限公司;https://shop921850i626087.1688.com;https://detail.1688.com/offer/635562576352.html
义乌市盛溢贸易有限公司;https://shop779e8o483t850.1688.com;https://detail.1688.com/offer/635231310449.html
余江区收凤电子商务商行;https://shop694748u6u6021.1688.com;https://detail.1688.com/offer/652231561535.html
应波;https://yingbowujin888.1688.com;https://detail.1688.com/offer/644181513226.html
义乌市初柚日用百货商行;https://shop1b5377k97i551.1688.com;https://detail.1688.com/offer/633536593770.html
义乌市星浦电子商务商行;https://shop101806v008v41.1688.com;https://detail.1688.com/offer/654869568411.html
义乌市捷缇电子商务商行;https://shop5711047002gs9.1688.com;https://detail.1688.com/offer/650287660492.html
义乌市星芑电子商务商行;https://shop6y590304y20h6.1688.com;https://detail.1688.com/offer/654936497358.html
余江区聪格乐电子商务商行;https://shop4f9365e85r227.1688.com;https://detail.1688.com/offer/652490319854.html
余江区小顺电子商务商行;https://shop509132032bp21.1688.com;https://detail.1688.com/offer/655485381445.html
余江区小蓉芙贸易商行;https://shop1977y77c2v783.1688.com;https://detail.1688.com/offer/652337259118.html
浦江县佩妮工贸有限公司;https://shop1430834584927.1688.com;https://detail.1688.com/offer/543208123074.html
义乌市佳豆饰品商行;https://jiadou.1688.com;https://detail.1688.com/offer/639665609592.html
义乌市民森贸易有限公司;https://shop48sq069601002.1688.com;https://detail.1688.com/offer/592828992949.html
广州白云区君子道茶酒商行;https://shop57h2378n11z68.1688.com;https://detail.1688.com/offer/645180449218.html
尤溪县张一鸣商行;https://shop32o3418835655.1688.com;https://detail.1688.com/offer/641493809288.html
柘荣县捷开日用品经营部;https://shop207453n6d6443.1688.com;https://detail.1688.com/offer/651064017323.html
鄱阳县迮婷玉五金店;https://shop90y21c4837279.1688.com;https://detail.1688.com/offer/650196054682.html
丰泽区袖茂百货网店;https://shop3p462q478q360.1688.com;https://detail.1688.com/offer/652130519582.html
石狮市简峰双晋网络百货商行;https://shop84156n98r5358.1688.com;https://detail.1688.com/offer/650246280345.html
丰泽区克宅百货网店;https://shop80lj9580603i3.1688.com;https://detail.1688.com/offer/652638600776.html
余江区天朴经营部;https://shop73m4747017445.1688.com;https://detail.1688.com/offer/655919103228.html
南平市建阳区林农章草百货店;https://shop11lz0h7892940.1688.com;https://detail.1688.com/offer/651462638207.html
南平市建阳区锋星百货商行;https://shop44cc05f302783.1688.com;https://detail.1688.com/offer/655990338072.html
义乌市巨欣饰品有限公司;https://juxinsp.1688.com;https://detail.1688.com/offer/584196081208.html
义乌市天峦电子商务商行;https://shop1368550476247.1688.com;https://detail.1688.com/offer/41170502499.html
义乌市欧阔电子商务商行;https://oukuo886.1688.com;https://detail.1688.com/offer/545433871586.html
义乌市库瑞电子商务有限公司;https://kr1jpf.1688.com;https://detail.1688.com/offer/537425022820.html
义乌市肖吉日用百货商行;https://shop31365he676s03.1688.com;https://detail.1688.com/offer/654543038440.html
义乌市喀则电子商务商行;https://shop4wj723u350159.1688.com;https://detail.1688.com/offer/646015434816.html
义乌市茵毅电子商务商行;https://shop9157990717066.1688.com;https://detail.1688.com/offer/654557670709.html
永嘉县发缘塑料加工厂;https://shop03431ym121926.1688.com;https://detail.1688.com/offer/641630330687.html
费县恋尚饰品店;https://shop6143tt6734e43.1688.com;https://detail.1688.com/offer/630269328875.html
杭州余杭区乔司街道聚耀百货商行;https://shop29909367g04n6.1688.com;https://detail.1688.com/offer/655262651700.html
漳州开发区艾滢陶五金店;https://shop0439g5628v396.1688.com;https://detail.1688.com/offer/656111047839.html
义乌市布卡饰品厂;https://shop14sc45j369378.1688.com;https://detail.1688.com/offer/645722645008.html
深圳市蓝斯服家政有限公司;https://shop8x1p88ps93060.1688.com;https://detail.1688.com/offer/655137408299.html
淮南兰柘商贸有限公司;https://shop83662n7378699.1688.com;https://detail.1688.com/offer/649510462178.html
广州市厚广贸易商行;https://shop68b4174282633.1688.com;https://detail.1688.com/offer/653108200806.html
余江区广度电子商务商行;https://shop0867n0w2z7115.1688.com;https://detail.1688.com/offer/652960772228.html
尤溪县嘉磊商行;https://shop085389ht545x6.1688.com;https://detail.1688.com/offer/642808283926.html
义乌佳滢贸易有限公司;https://shop9411551b6b992.1688.com;https://detail.1688.com/offer/623553176382.html
灵山县三隆镇宏程百货商行;https://shop03077u998b0u7.1688.com;https://detail.1688.com/offer/641293587270.html
五华县横陂镇华伊科技馆;https://shop52698935mh763.1688.com;https://detail.1688.com/offer/651602440315.html
高新区枫桥升伟源服饰商行;https://shop9e938747d4454.1688.com;https://detail.1688.com/offer/653983368890.html
新沂市黄之秋家居用品经营部;https://shop8581sw17060j3.1688.com;https://detail.1688.com/offer/652050836267.html
义乌市酷华饰品厂;https://shop1438707329000.1688.com;https://detail.1688.com/offer/630171540756.html
宁海赞升电子商务商行;https://shop7057895st9836.1688.com;https://detail.1688.com/offer/655057793032.html
高新区枫桥金飞扬服装商行;https://shop4623n64i68494.1688.com;https://detail.1688.com/offer/656179851736.html
武汉市嘉威隆商贸商行;https://shop1i5q1215402j6.1688.com;https://detail.1688.com/offer/655518997151.html
杭州大旗工贸有限公司;https://shop23b845184jy57.1688.com;https://detail.1688.com/offer/624657885507.html
济源市源耀网络科技有限公司;https://shop91834834907n4.1688.com;https://detail.1688.com/offer/646009206657.html
余江区欢怡经营部;https://shop5502063575359.1688.com;https://detail.1688.com/offer/653700293969.html
义乌市安朵电子商务有限公司;https://ywanduo.1688.com;https://detail.1688.com/offer/648116154302.html
沈阳市大东区华运信息站;https://shop1375895094088.1688.com;https://detail.1688.com/offer/651297959472.html
义乌市博润饰品有限公司;https://shop56940p2171792.1688.com;https://detail.1688.com/offer/653896580130.html
义乌市古奥饰品有限公司;https://shop60e3982ew6650.1688.com;https://detail.1688.com/offer/631361249804.html
东阳市艾莎饰品有限公司;https://shop73l36v18478s7.1688.com;https://detail.1688.com/offer/636120662041.html
永定区达观兴百货商行;https://shop9895i2it04656.1688.com;https://detail.1688.com/offer/654540532233.html
东阳市白云娜娜电子商务商行;https://shop1488992237370.1688.com;https://detail.1688.com/offer/623107425076.html
义乌市雅茉饰品有限公司;https://ym6666.1688.com;https://detail.1688.com/offer/639365481342.html
东莞市莫妮卡传动科技有限公司;https://girlyears.1688.com;https://detail.1688.com/offer/643366475475.html
义乌市臻饰电子商务商行;https://yaya68.1688.com;https://detail.1688.com/offer/631870165511.html
陆川县生财日用品店;https://shop604326m2613e4.1688.com;https://detail.1688.com/offer/655176261640.html
义乌市一诚饰品有限公司;https://shop5902912038p84.1688.com;https://detail.1688.com/offer/628966699157.html
义乌市酷戴饰品有限公司;https://kudaishipin.1688.com;https://detail.1688.com/offer/628429461729.html
润州区栢之松百货商行;https://shop251i9737b9133.1688.com;https://detail.1688.com/offer/645405743646.html
丹阳市开发区全冠百货商行;https://shop9205p512u8818.1688.com;https://detail.1688.com/offer/651217211550.html
苍南县昕呗服装网店;https://shop2i60g8691p529.1688.com;https://detail.1688.com/offer/651509113074.html
义乌市悦人阁饰品有限公司;https://shop5r41s19285c70.1688.com;https://detail.1688.com/offer/655927967082.html
石狮市简峰沙井网络百货商行;https://shop66c35251517t8.1688.com;https://detail.1688.com/offer/651955688356.html
石狮市简峰瑟兰网络百货商行;https://shop23483956693z9.1688.com;https://detail.1688.com/offer/652836577121.html
义乌市虹贝日用百货商行;https://shop7572lr3924059.1688.com;https://detail.1688.com/offer/652738506810.html
义乌市诗庆饰品厂;https://shop7051q06x8p517.1688.com;https://detail.1688.com/offer/651226766903.html
广州金耀广告有限公司;https://shop41638309911t6.1688.com;https://detail.1688.com/offer/654625100084.html
义乌市今希电子商务商行;https://shop619773c8w09g1.1688.com;https://detail.1688.com/offer/653195568792.html
