义乌市梵伦饰品有限公司;https://anser3.1688.com;https://detail.1688.com/offer/530336314353.html
义乌市左秋饰品厂;https://shop557l125043zx8.1688.com;https://detail.1688.com/offer/640846265045.html
义乌市喜檬饰品厂;https://shop8y83858s379s8.1688.com;https://detail.1688.com/offer/653477140342.html
博爱县丹小妮日用百货网店;https://shop214l9i51712r9.1688.com;https://detail.1688.com/offer/641353554198.html
义乌市思恋电子商务商行;https://shop1464368250733.1688.com;https://detail.1688.com/offer/575463447785.html
平阳县轩佐百货商行;https://shop52751o7244h61.1688.com;https://detail.1688.com/offer/641375342646.html
西咸新区沣东新城汇和贸易商行;https://shop79b6380621b94.1688.com;https://detail.1688.com/offer/648465752284.html
义乌市旅寇电子商务商行;https://shop1466788398743.1688.com;https://detail.1688.com/offer/639213665881.html
义乌市维蒙饰品有限公司;https://shop1491214756491.1688.com;https://detail.1688.com/offer/632849573565.html
阳江市江城区海升五金制品厂;https://yjhaisheng.1688.com;https://detail.1688.com/offer/562739437893.html
城鑫（厦门）电子商务有限公司;https://shop581a077592825.1688.com;https://detail.1688.com/offer/571780442472.html
广州市荔湾区明扬银饰品商行;https://my925store.1688.com;https://detail.1688.com/offer/590968290606.html
诸暨市格拉波进出口有限公司;https://outdoorgear.1688.com;https://detail.1688.com/offer/566402302718.html
深圳市瑞利达贸易有限公司;https://yjsjpf.1688.com;https://detail.1688.com/offer/544816873773.html
义乌市双宏饰品有限公司;https://ywshsp02.1688.com;https://detail.1688.com/offer/545430338719.html
义乌市晴雯饰品有限公司;https://shop1357753428547.1688.com;https://detail.1688.com/offer/530514856741.html
义乌市仝竔电子商务有限公司;https://lepaishipin.1688.com;https://detail.1688.com/offer/617301848115.html
诸暨市铜友金属制品厂;https://shop1468168762382.1688.com;https://detail.1688.com/offer/569682951577.html
义乌市莱萌饰品有限公司;https://laimeng.1688.com;https://detail.1688.com/offer/618408568671.html
义乌菲奢尔饰品有限公司;https://feisheshipin.1688.com;https://detail.1688.com/offer/653840693531.html
宁波悠途户外用品有限公司;https://shop1418294295342.1688.com;https://detail.1688.com/offer/549116472832.html
广州熙源贸易有限公司;https://shop4j22s57667417.1688.com;https://detail.1688.com/offer/579372988336.html
义乌市典素电子商务商行;https://shop7f40538l93464.1688.com;https://detail.1688.com/offer/557878388046.html
义乌市芳锋电子商务商行;https://shop1427173599343.1688.com;https://detail.1688.com/offer/532755762193.html
万载县倩芬日用品经营部;https://shop16098660k2b66.1688.com;https://detail.1688.com/offer/655316631003.html
义乌市骍隆电子商务商行;https://shop684n393892646.1688.com;https://detail.1688.com/offer/646233108075.html
义乌市优柔饰品厂;https://15805795827.1688.com;https://detail.1688.com/offer/549572912938.html
义乌市帅歌饰品有限公司;https://shop1438080i34527.1688.com;https://detail.1688.com/offer/640374796948.html
深圳市吉晓福贸易有限公司;https://jixiaofu.1688.com;https://detail.1688.com/offer/623080537141.html
义乌市良典饰品有限公司;https://shop1461574981003.1688.com;https://detail.1688.com/offer/623654644100.html
深圳市伽沃实业有限责任公司;https://shop7d4c2879271d1.1688.com;https://detail.1688.com/offer/582558043599.html
东莞市佳林五金饰品有限公司;https://dgjianlinwujin.1688.com;https://detail.1688.com/offer/632350977690.html
义乌市欧蓓诗饰品有限公司;https://shop5a136k1253z04.1688.com;https://detail.1688.com/offer/649616623470.html
余江区红笑电子商务商行;https://shop75f594d657076.1688.com;https://detail.1688.com/offer/655292266912.html
义乌市艺栋饰品有限公司;https://shop4411866a72157.1688.com;https://detail.1688.com/offer/601466613419.html
义乌市左尔电子商务商行;https://shop9i0919i890596.1688.com;https://detail.1688.com/offer/567933888370.html
东莞市启博五金塑胶制品有限公司;https://qb78.1688.com;https://detail.1688.com/offer/521801166405.html
义乌市国发箱包配件有限公司;https://ywguofa.1688.com;https://detail.1688.com/offer/603205355974.html
义乌奇睿饰品有限公司;https://yiwuqirui.1688.com;https://detail.1688.com/offer/624528733924.html
青岛美杉饰界饰品有限公司;https://shop21123y6746566.1688.com;https://detail.1688.com/offer/647353708156.html
义乌市坚桓饰品配件厂;https://shop1438793678355.1688.com;https://detail.1688.com/offer/530984898011.html
义乌市晴智饰品有限公司;https://shop1444669234305.1688.com;https://detail.1688.com/offer/642897073077.html
深圳市宝安区凯诺拉饰品批发部;https://kainuola.1688.com;https://detail.1688.com/offer/581744314270.html
义乌市崇禹电子商务商行;https://yw3832.1688.com;https://detail.1688.com/offer/537082159966.html
义乌市圣诺饰品有限公司;https://shop1067190986e42.1688.com;https://detail.1688.com/offer/654515935690.html
海丰县梅陇润艺兴首饰厂;https://shop9h28w58322259.1688.com;https://detail.1688.com/offer/614455009108.html
义乌市锦昊饰品厂;https://shop25480n9291080.1688.com;https://detail.1688.com/offer/624771060801.html
东莞市基华五金制品有限公司;https://dgjihua816.1688.com;https://detail.1688.com/offer/567630119182.html
义乌市奇阅饰品有限公司;https://qiyueshipin.1688.com;https://detail.1688.com/offer/624908191446.html
余江区岁斯电子商务商行;https://www.1688.com/openservice/imageSearchOfferResultViewService/company/detail/b2b-221224015295041de3.html?fromSite=company_site;https://detail.1688.com/offer/652250317378.html
柘荣县角拆日用品经营部;https://shop4m2681e056u23.1688.com;https://detail.1688.com/offer/652982402283.html
海丰县168时尚珠宝首饰行;https://168king.1688.com;https://detail.1688.com/offer/634697897985.html
延平区鑫协百货店;https://shop685a150160562.1688.com;https://detail.1688.com/offer/652832259300.html
义乌市宓森电子商务商行;https://shop7470971k25505.1688.com;https://detail.1688.com/offer/652849785367.html
温州市鹿城区顺瑗百货商行;https://shop13t6859p89796.1688.com;https://detail.1688.com/offer/644041057797.html
玉林市玉州区环轲百货店;https://shop6112406100u71.1688.com;https://detail.1688.com/offer/649165915444.html
枣庄优佳电商科技有限公司;https://shop0w844444k6089.1688.com;https://detail.1688.com/offer/652845261765.html
义乌市宏仪饰品有限公司;https://shop89872r37p0535.1688.com;https://detail.1688.com/offer/632700791311.html
义乌市湘疆饰品有限公司;https://shop1483721951573.1688.com;https://detail.1688.com/offer/654772535208.html
广州聚美汇广告传媒工作室;https://shop39037w8521123.1688.com;https://detail.1688.com/offer/649314458396.html
胡二民;https://shop65t121058d943.1688.com;https://detail.1688.com/offer/618872780262.html
义乌市楠桐饰品有限公司;https://shop1378745892913.1688.com;https://detail.1688.com/offer/543991519751.html
义乌市傲之饰品商行;https://shop1489165783722.1688.com;https://detail.1688.com/offer/546473916049.html
义乌市隋莎电子商务商行;https://shaying.1688.com;https://detail.1688.com/offer/563443453603.html
义乌市俊柔电子商务商行;https://shop1378745683994.1688.com;https://detail.1688.com/offer/40880510656.html
东莞市众兴五金饰品有限公司;https://dgzx13662719912.1688.com;https://detail.1688.com/offer/621892209170.html
义乌市米小鹿饰品有限公司;https://mixiaolu123.1688.com;https://detail.1688.com/offer/613309375596.html
仙桃市派琳玩具经营部;https://shop21167z7368254.1688.com;https://detail.1688.com/offer/648902668530.html
义乌市饰铺电子商务商行;https://duoyue666.1688.com;https://detail.1688.com/offer/654443309871.html
义乌市添蝶电子商务商行;https://shop421362i8l9216.1688.com;https://detail.1688.com/offer/651486708038.html
义乌市冠良日用品厂;https://shop080r9ar438333.1688.com;https://detail.1688.com/offer/635326774982.html
珠海市金湾区添达贸易商行;https://shop6x979x1y11368.1688.com;https://detail.1688.com/offer/632414090087.html
义乌市夏黄电子商务商行;https://shop1399654949275.1688.com;https://detail.1688.com/offer/531495271190.html
义乌市紫漫饰品有限公司;https://shop231665490xh89.1688.com;https://detail.1688.com/offer/642892027062.html
温州市鹿城区绮骁百货商行;https://shop3w91055356671.1688.com;https://detail.1688.com/offer/634200622873.html
深圳英博珠宝有限公司;https://xiukou.1688.com;https://detail.1688.com/offer/595176470847.html
义乌市昕涵饰品有限公司;https://shop249075gr0r667.1688.com;https://detail.1688.com/offer/634246581052.html
佛山市顺德区光顺台电器厂;https://shop413t9982720f5.1688.com;https://detail.1688.com/offer/644580602946.html
深圳市翔龙科技有限公司;https://shop44h7956hm6055.1688.com;https://detail.1688.com/offer/634848506936.html
朱江英;https://shop616211a26e952.1688.com;https://detail.1688.com/offer/630041937870.html
义乌市钰强贸易有限公司;https://shop945389p197740.1688.com;https://detail.1688.com/offer/644609728851.html
深圳市鑫恒泰珠宝有限公司;https://kuangrenyinjiang.1688.com;https://detail.1688.com/offer/577111783338.html
永嘉县黄田街道真满五金饰品厂;https://shop1489078468215.1688.com;https://detail.1688.com/offer/646163206111.html
佛山市南海区优思培百货商行;https://shop7312b7f6i0495.1688.com;https://detail.1688.com/offer/643048848844.html
海丰县梅陇佰昱珠宝首饰厂;https://shop60564os123792.1688.com;https://detail.1688.com/offer/649191188505.html
义乌市孜茉饰品厂;https://shop1366134974933.1688.com;https://detail.1688.com/offer/632436793136.html
相城区北桥星时尚百货商行;https://mgm121.1688.com;https://detail.1688.com/offer/608153740852.html
义乌市昕迪饰品商行;https://ywfudi.1688.com;https://detail.1688.com/offer/563548801986.html
揭阳空港区砲台镇花泽百货商店;https://shop3462669c95g58.1688.com;https://detail.1688.com/offer/652168061852.html
义乌市紫韩饰品有限公司;https://zihanjewelry.1688.com;https://detail.1688.com/offer/630800272755.html
广州双鑫远商贸商行;https://shop0091w543z52q6.1688.com;https://detail.1688.com/offer/650259323345.html
鄱阳县抗辰龙网络技术工作室;https://shop035m666844344.1688.com;https://detail.1688.com/offer/654043297471.html
淮南经济技术开发区正乾百货经营部;https://shop824ea26330390.1688.com;https://detail.1688.com/offer/651912946243.html
义乌市幸宙饰品商行;https://shop2152d91k28248.1688.com;https://detail.1688.com/offer/626981984118.html
深圳市海坤方辉建材有限公司;https://shop2q737469009v8.1688.com;https://detail.1688.com/offer/640290417300.html
莆田市荔城区熙蔓银饰品商行;https://ximanzhubao.1688.com;https://detail.1688.com/offer/613089079341.html
义乌市金阶工艺品有限公司;https://shop05z6661619914.1688.com;https://detail.1688.com/offer/570185012285.html
柘荣县捷开日用品经营部;https://shop207453n6d6443.1688.com;https://detail.1688.com/offer/652643629877.html
义乌市孺月电子商务商行;https://shop4oy1106a15914.1688.com;https://detail.1688.com/offer/635047081606.html
莆田市秀屿区东峤华景珠宝首饰店;https://shop44x8o52b36037.1688.com;https://detail.1688.com/offer/642837957724.html
义乌市吹阅电子商务商行;https://shop148jb72417u76.1688.com;https://detail.1688.com/offer/651756436140.html
义乌市辉缕饰品厂;https://ywhuilv.1688.com;https://detail.1688.com/offer/525487708519.html
广州巴克元素服饰有限公司;https://bakeyuansu.1688.com;https://detail.1688.com/offer/591266093234.html
义乌市祥源饰品有限公司;https://shop39m4498202091.1688.com;https://detail.1688.com/offer/578512971598.html
义乌市暖铭电子商务有限公司;https://shop87n311x537n24.1688.com;https://detail.1688.com/offer/623639202731.html
诸暨市露婷工艺品厂;https://shop6z4376v1537d6.1688.com;https://detail.1688.com/offer/609127671340.html
义乌市越森电子商务有限公司;https://shop1461257343466.1688.com;https://detail.1688.com/offer/643322188832.html
柘荣县角半日用品经营部;https://shop34738b87sm401.1688.com;https://detail.1688.com/offer/653762248301.html
万载县新额馨日用品经营部;https://shop57a291o2336t2.1688.com;https://detail.1688.com/offer/655501898893.html
余江区清雯经营部;https://shop4817567y08306.1688.com;https://detail.1688.com/offer/655730890799.html
义乌市纹颖饰品商行;https://shop782441452m308.1688.com;https://detail.1688.com/offer/644460091040.html
义乌市亿魅电子商务商行;https://shop1200560103050.1688.com;https://detail.1688.com/offer/641097405673.html
义乌市翰舟电子商务有限公司;https://shop1469509960805.1688.com;https://detail.1688.com/offer/608667721882.html
青岛诚琪睿商贸有限公司;https://chengqirui.1688.com;https://detail.1688.com/offer/613345905902.html
深圳市晶美特贸易有限公司;https://shop766xy559x2018.1688.com;https://detail.1688.com/offer/652998214349.html
阳山县城南时兴制衣厂;https://hantesi.1688.com;https://detail.1688.com/offer/587615764531.html
上海翊梵服饰有限公司;https://shop1451878882509.1688.com;https://detail.1688.com/offer/620443787320.html
佛山市顺德区美艳绝伦服装厂;https://888777.1688.com;https://detail.1688.com/offer/642855615074.html
广州羽饰服装饰品有限公司;https://gzyushi.1688.com;https://detail.1688.com/offer/598993434386.html
新罗区努努百货商行;https://shop672215u311n64.1688.com;https://detail.1688.com/offer/643504376152.html
义乌市星辉饰品有限公司;https://ywxinghui.1688.com;https://detail.1688.com/offer/592301804388.html
东莞市俊中工艺饰品有限公司;https://ponchmin.1688.com;https://detail.1688.com/offer/595616653179.html
东阳市白云茗缘饰品厂;https://yuanjewelry.1688.com;https://detail.1688.com/offer/571128323168.html
台州市鼎川工贸有限公司;https://tzdingchuan.1688.com;https://detail.1688.com/offer/634954149444.html
深圳市宝安区途逸贸易商行;https://shop77348h50i0721.1688.com;https://detail.1688.com/offer/654351430394.html
义乌市共觅电子商务商行;https://shop464u9n6m41807.1688.com;https://detail.1688.com/offer/655051493203.html
义乌市丛嘟饰品厂;https://congdu88888.1688.com;https://detail.1688.com/offer/570079703857.html
余江区盛菲经营部;https://shop1737814v110o0.1688.com;https://detail.1688.com/offer/654652200344.html
余江区欢怡经营部;https://shop5502063575359.1688.com;https://detail.1688.com/offer/654150933204.html
义乌市鼎沛商贸有限公司;https://shop3w07375w26491.1688.com;https://detail.1688.com/offer/613652945541.html
广州晗晗电子商务商行;https://shop0m631t670t872.1688.com;https://detail.1688.com/offer/653159851041.html
义乌市摩多贸易有限公司;https://moduomaoyi.1688.com;https://detail.1688.com/offer/624042190909.html
义乌市韩年电子商务商行;https://shop1463590312623.1688.com;https://detail.1688.com/offer/534613417210.html
义乌市准岑电子商务商行;https://shop1458311322207.1688.com;https://detail.1688.com/offer/628772905332.html
义乌市麦爆饰品厂;https://shop925502580pg18.1688.com;https://detail.1688.com/offer/598781614646.html
义乌市舒搜电子商务有限公司;https://shop1468601430262.1688.com;https://detail.1688.com/offer/535922211354.html
义乌市凯思电子商务商行;https://shop67t2528887571.1688.com;https://detail.1688.com/offer/572294467365.html
宿州市埇桥区琦鑫日用百货店;https://shop42894611jk723.1688.com;https://detail.1688.com/offer/634343570293.html
义乌市楚刚电子商务商行;https://shop1404492987036.1688.com;https://detail.1688.com/offer/622303767549.html
余江区阳阳猴电子商务商行;https://shop5x191zg287666.1688.com;https://detail.1688.com/offer/651633810452.html
义乌市王光电子商务商行;https://shop1468515374047.1688.com;https://detail.1688.com/offer/643664916572.html
义乌市祖格贸易有限公司;https://tobe1st.1688.com;https://detail.1688.com/offer/591290962163.html
义乌市曼妙工艺品有限公司;https://yiwumanmiao.1688.com;https://detail.1688.com/offer/535373593724.html
东莞市横沥亘盛五金加工厂;https://shop0q61869m4r462.1688.com;https://detail.1688.com/offer/593018385235.html
义乌市葆欣工艺品有限公司;https://baoxin666.1688.com;https://detail.1688.com/offer/606190708376.html
东莞市中誉五金饰品有限公司;https://shop26284640e5321.1688.com;https://detail.1688.com/offer/604966220069.html
义乌市一鑫饰品有限公司;https://smm993451716.1688.com;https://detail.1688.com/offer/652743022766.html
义乌市凯颂饰品厂;https://shop1442249600083.1688.com;https://detail.1688.com/offer/607823783188.html
义乌市贝趣玩具厂;https://shop0391qc11c3240.1688.com;https://detail.1688.com/offer/596540296921.html
平阳县前仓电子商务商行;https://shop4313391qw6q98.1688.com;https://detail.1688.com/offer/578617692716.html
义乌市尚诚工艺品有限公司;https://lipinhui888.1688.com;https://detail.1688.com/offer/535389130999.html
义乌市骊峰玩具厂;https://shop1448902616576.1688.com;https://detail.1688.com/offer/597160795831.html
义乌市琦将贸易有限公司;https://shop92d9r69988242.1688.com;https://detail.1688.com/offer/627905162276.html
义乌市昔饰饰品有限公司;https://dasy0802.1688.com;https://detail.1688.com/offer/596489945602.html
义乌市双翎线带商行;https://shuangling1s.1688.com;https://detail.1688.com/offer/621934098522.html
深圳市龙华新区锦诚五金塑胶制品厂;https://genson.1688.com;https://detail.1688.com/offer/626498748397.html
艾建华;https://aijiamaoqiu.1688.com;https://detail.1688.com/offer/621768263636.html
义乌市烈火工艺品有限公司;https://shop1411577249752.1688.com;https://detail.1688.com/offer/561770235902.html
义乌市丽端电子商务有限公司;https://ywwr168.1688.com;https://detail.1688.com/offer/1263310905.html
泉山区土豆仔动漫玩具批发部;https://tudouzaidm.1688.com;https://detail.1688.com/offer/656269459102.html
义乌市墨阳饰品商行;https://shop1491066199121.1688.com;https://detail.1688.com/offer/616780067111.html
义乌市玎珰电子商务有限公司;https://shop38765737266v9.1688.com;https://detail.1688.com/offer/605615148198.html
东莞市年胜饰品有限公司;https://shop86117052987m5.1688.com;https://detail.1688.com/offer/573895765074.html
东莞市景途五金饰品有限公司;https://shop6i77u87523331.1688.com;https://detail.1688.com/offer/576448869375.html
东莞市道硕五金有限公司;https://shop6u9626y182196.1688.com;https://detail.1688.com/offer/585832071384.html
义乌市银奥饰品有限公司;https://shop77p540l739892.1688.com;https://detail.1688.com/offer/631009781732.html
王陆;https://shop92085282513w7.1688.com;https://detail.1688.com/offer/656265755944.html
义乌市晨查电子商务商行;https://shop1464281942860.1688.com;https://detail.1688.com/offer/597162911289.html
扬州燕大国际贸易有限公司;https://shop2d4613058x4r5.1688.com;https://detail.1688.com/offer/632506781406.html
义乌市雪岳电子商务商行;https://wise678.1688.com;https://detail.1688.com/offer/528243193210.html
东莞市永浩五金制品有限公司;https://shop83i266i695629.1688.com;https://detail.1688.com/offer/633009485458.html
义乌市航宣饰品配件有限公司;https://shop713171ll17479.1688.com;https://detail.1688.com/offer/595694542115.html
义乌市煊茗饰品有限公司;https://shop9879c5h451o41.1688.com;https://detail.1688.com/offer/642888268781.html
义乌市九方工艺品厂;https://jiufanggongyipin.1688.com;https://detail.1688.com/offer/612708741830.html
义乌市恰涵饰品有限公司;https://shop1461761182170.1688.com;https://detail.1688.com/offer/627912392958.html
义乌市妮头电子商务商行;https://shop1375462451843.1688.com;https://detail.1688.com/offer/621061862109.html
义乌市益选贸易有限公司;https://yiwuyixuan.1688.com;https://detail.1688.com/offer/630007902051.html
义乌市雪凝饰品厂;https://shop2n814y05n9873.1688.com;https://detail.1688.com/offer/625841672498.html
义乌市黛铭贸易有限公司;https://shop7o20598433627.1688.com;https://detail.1688.com/offer/623098184278.html
深圳市宝安区途栎贸易商行;https://shop715629979y9y9.1688.com;https://detail.1688.com/offer/655669593141.html
张家港市大新灵锋刀剪厂;https://shop6ee759189c555.1688.com;https://detail.1688.com/offer/621024918271.html
丹阳市开发区正捷华百货商行;https://shop629s51ea19492.1688.com;https://detail.1688.com/offer/644639746203.html
义乌市轻扬电子商务商行;https://zhenhaoo.1688.com;https://detail.1688.com/offer/646610186341.html
永嘉县发缘塑料加工厂;https://shop03431ym121926.1688.com;https://detail.1688.com/offer/634677937960.html
