义乌市少峰电子商务商行;https://wilphenwu.1688.com;https://detail.1688.com/offer/626891151240.html
义乌市罗坤皮具厂;https://shop1452186209330.1688.com;https://detail.1688.com/offer/596561004721.html
义乌市竹马饰品厂;https://zhumashipin.1688.com;https://detail.1688.com/offer/654488947174.html
义乌市益庆电子商务有限公司;https://shopyiqing.1688.com;https://detail.1688.com/offer/579124251701.html
九江千贝科技有限公司;https://shop20x2450d96690.1688.com;https://detail.1688.com/offer/608289488934.html
义乌市广拓饰品有限公司;https://fan670367810.1688.com;https://detail.1688.com/offer/578725879604.html
义乌市妙雅饰品有限公司;https://shop6239730h56062.1688.com;https://detail.1688.com/offer/578947901027.html
义乌市牛犇进出口有限公司;https://niuben.1688.com;https://detail.1688.com/offer/635493624562.html
义乌市晴雯饰品有限公司;https://shop1357753428547.1688.com;https://detail.1688.com/offer/560400596609.html
义乌市宥麟电子商务有限公司;https://shop81q5p742k7990.1688.com;https://detail.1688.com/offer/645939480942.html
义乌市岚秀电子商务商行;https://shop1466010339509.1688.com;https://detail.1688.com/offer/534285577971.html
义乌市嘉和饰品有限公司;https://shop2x18m57143k94.1688.com;https://detail.1688.com/offer/644553600054.html
义乌市飚可工艺品厂;https://yiwubeauty.1688.com;https://detail.1688.com/offer/597562551295.html
义乌市鸾恋电子商务有限公司;https://shop1419266743961.1688.com;https://detail.1688.com/offer/648988129401.html
义乌市慈新饰品有限公司;https://shop43r01e5m39188.1688.com;https://detail.1688.com/offer/646513414042.html
新罗区平若芹百货店;https://shop31o16m2097776.1688.com;https://detail.1688.com/offer/642734724204.html
义乌市雪岳电子商务商行;https://wise678.1688.com;https://detail.1688.com/offer/597836309145.html
义乌市赫尔墨斯贸易有限公司;https://shop1u03o9v641772.1688.com;https://detail.1688.com/offer/643075483695.html
义乌市洲正贸易有限公司;https://shop408i386a39509.1688.com;https://detail.1688.com/offer/650416018386.html
义乌市瑶艳饰品有限公司;https://shop54329033b1fm8.1688.com;https://detail.1688.com/offer/642777630776.html
义乌市博艺贸易有限公司;https://shop8o146nx198478.1688.com;https://detail.1688.com/offer/652406090696.html
义乌市传颂工艺品有限公司;https://shop067s325s15429.1688.com;https://detail.1688.com/offer/601696086000.html
深圳市艾普义科技有限公司;https://tokqiy.1688.com;https://detail.1688.com/offer/654919352625.html
义乌市鼎洲电子商务商行;https://dzsp2012.1688.com;https://detail.1688.com/offer/597399869201.html
义乌市茹玥电子商务商行;https://shop4298436ey6850.1688.com;https://detail.1688.com/offer/609514054071.html
义乌广跃电子商务有限公司;https://shop166472o659wx7.1688.com;https://detail.1688.com/offer/628086126213.html
义乌市楠博电子商务商行;https://shop1410539936050.1688.com;https://detail.1688.com/offer/610943519979.html
义乌市聚嘉饰品有限公司;https://jujiajewelry.1688.com;https://detail.1688.com/offer/560101543631.html
义乌市玖灼电子商务有限公司;https://shop578i77k033494.1688.com;https://detail.1688.com/offer/627581869919.html
义乌市琚冉饰品有限公司;https://juranjewelry.1688.com;https://detail.1688.com/offer/559455890865.html
义乌市蓝淘饰品有限公司;https://longpingershipin.1688.com;https://detail.1688.com/offer/592982890763.html
义乌市怀琅贸易有限公司;https://shop1443451805112.1688.com;https://detail.1688.com/offer/593151739935.html
义乌市浦上电子商务有限公司;https://shop7512267wuy819.1688.com;https://detail.1688.com/offer/639781044328.html
义乌市美航饰品有限公司;https://shop1386953617542.1688.com;https://detail.1688.com/offer/598202447860.html
义乌市添蝶电子商务商行;https://shop421362i8l9216.1688.com;https://detail.1688.com/offer/652509062339.html
义乌市诚精电子商务商行;https://shop7838p6v6141x7.1688.com;https://detail.1688.com/offer/582118986626.html
东阳市白云蓝芝海饰品厂;https://aonashiping2.1688.com;https://detail.1688.com/offer/592720697155.html
绍兴柯桥亮丽工艺厂;https://shop283686w97a6j1.1688.com;https://detail.1688.com/offer/570679702880.html
义乌市晨晖饰品有限公司;https://yisiya.1688.com;https://detail.1688.com/offer/526312633956.html
义乌市金鸳贸易有限公司;https://shop34k60q6912434.1688.com;https://detail.1688.com/offer/627550876735.html
义乌市弋恋饰品有限公司;https://18867562866.1688.com;https://detail.1688.com/offer/588342276250.html
义乌市娜佳电子商务商行;https://18867562866shou.1688.com;https://detail.1688.com/offer/567281441799.html
曲阜市兖墨国际贸易有限公司;https://yanmodiy.1688.com;https://detail.1688.com/offer/642805946133.html
义乌市双笛电子商务商行;https://shop1372265769372.1688.com;https://detail.1688.com/offer/35486267483.html
义乌市亿鸟电子商务有限公司;https://591zsh.1688.com;https://detail.1688.com/offer/580371412801.html
义乌市馨懿饰品有限公司;https://huiyaosujiao.1688.com;https://detail.1688.com/offer/562517220684.html
义乌市晓丽电子商务商行;https://shop1463503902757.1688.com;https://detail.1688.com/offer/573981596690.html
茂名市茂南区联生贸易中心;https://shop1x12348502w70.1688.com;https://detail.1688.com/offer/638336660881.html
唐春林;https://shop1378314072692.1688.com;https://detail.1688.com/offer/567513379271.html
玉林市玉州区欧芙百货店;https://shop759q2171558h4.1688.com;https://detail.1688.com/offer/649773073690.html
佛山市南海区薪权饰品厂;https://shop185669536qv11.1688.com;https://detail.1688.com/offer/643801067948.html
万载县溪消片日用品经营部;https://shop69971i4i115m2.1688.com;https://detail.1688.com/offer/650518637610.html
义乌市含韵饰品有限公司;https://hanyunshipin.1688.com;https://detail.1688.com/offer/597909667400.html
义乌市婷洋饰品有限公司;https://tingyanshipin.1688.com;https://detail.1688.com/offer/606392734647.html
义乌市致纳电子商务商行;https://shop1467133632355.1688.com;https://detail.1688.com/offer/597532789004.html
瞿永伟;https://jinzhelace.1688.com;https://detail.1688.com/offer/634149406955.html
楼国威;https://shop6c17469573w65.1688.com;https://detail.1688.com/offer/609075370911.html
义乌市华春电子商务有限公司;https://shop40972z10j3980.1688.com;https://detail.1688.com/offer/582319345224.html
义乌市粤维电子商务商行;https://shop24896t6bs2544.1688.com;https://detail.1688.com/offer/642604656618.html
义乌市威扬饰品有限公司;https://weiyangsp.1688.com;https://detail.1688.com/offer/555895935381.html
义乌市琦麦饰品有限公司;https://shop9547p08z382c2.1688.com;https://detail.1688.com/offer/603191098716.html
义乌市曼缇饰品有限公司;https://ywmanti.1688.com;https://detail.1688.com/offer/600512980997.html
义乌市汉琪饰品有限公司;https://shop1594l7l005474.1688.com;https://detail.1688.com/offer/587747034027.html
青岛初饰工艺品有限公司;https://softangel.1688.com;https://detail.1688.com/offer/609005563836.html
义乌市汉虹饰品厂;https://hanhongshipin.1688.com;https://detail.1688.com/offer/590995203820.html
绍兴柯桥越茗轩工艺扇厂;https://sxymygy.1688.com;https://detail.1688.com/offer/598439793749.html
义乌润臻工艺品有限公司;https://runzhengongchang.1688.com;https://detail.1688.com/offer/615259149919.html
义乌市沃安饰品有限公司;https://woanshipin.1688.com;https://detail.1688.com/offer/596296107777.html
义乌市章夕电子商务商行;https://shop1453481194612.1688.com;https://detail.1688.com/offer/561454068501.html
义乌市红藕电子商务商行;https://shop8706v9w312u38.1688.com;https://detail.1688.com/offer/650281867683.html
广州精翠工艺品有限公司;https://gzjingcui2011.1688.com;https://detail.1688.com/offer/599294705312.html
义乌市兰林电子商务商行;https://shop1434474305708.1688.com;https://detail.1688.com/offer/607930957823.html
义乌市准强饰品有限公司;https://shop1457369956504.1688.com;https://detail.1688.com/offer/631347551511.html
东莞市凤岗趣艺电子商务商行;https://shop626y5mtt83624.1688.com;https://detail.1688.com/offer/650327322216.html
义乌市羽虹饰品有限公司;https://shop9me3343813031.1688.com;https://detail.1688.com/offer/593541197271.html
义乌市脸谱工艺品有限公司;https://hualianpu.1688.com;https://detail.1688.com/offer/632009826858.html
永嘉县宏株饰品有限公司;https://hongzhushipin.1688.com;https://detail.1688.com/offer/558642152440.html
义乌市末末饰品有限公司;https://shop517844m037625.1688.com;https://detail.1688.com/offer/650242692449.html
义乌市朵玮电子商务有限公司;https://dvjewelry.1688.com;https://detail.1688.com/offer/562799481578.html
义乌市小云饰品商行;https://shop04014628g0g39.1688.com;https://detail.1688.com/offer/640389565393.html
义乌市久通饰品加工厂;https://shop6z258x2087823.1688.com;https://detail.1688.com/offer/624449097132.html
东莞市语菡饰品有限公司;https://shop1488301845245.1688.com;https://detail.1688.com/offer/617825805147.html
义乌市道妮电子商务商行;https://dnshop.1688.com;https://detail.1688.com/offer/560338450557.html
义乌市桑晨电子商务有限公司;https://shop1433263686348.1688.com;https://detail.1688.com/offer/534919388137.html
义乌市仟翼工艺品有限公司;https://shop1z4332u176e86.1688.com;https://detail.1688.com/offer/643926407167.html
义乌市竹锋电子商务商行;https://shop23810605068y4.1688.com;https://detail.1688.com/offer/642990877496.html
义乌市圆钱电子商务有限公司;https://shop42p12446v6241.1688.com;https://detail.1688.com/offer/642921745510.html
东莞市创卓五金饰品有限公司;https://devin88.1688.com;https://detail.1688.com/offer/524003899692.html
广州嘉凡朵贸易有限公司;https://kavatar.1688.com;https://detail.1688.com/offer/627526185355.html
衡阳市南岳区古韵加工厂;https://shop8609l77m9q913.1688.com;https://detail.1688.com/offer/599579765875.html
义乌市酷宁贸易有限公司;https://kuning.1688.com;https://detail.1688.com/offer/559900363060.html
义乌市晶沁电子商务有限公司;https://shop2c998639b4464.1688.com;https://detail.1688.com/offer/603837798289.html
义乌市希世电子商务有限公司;https://xishi001.1688.com;https://detail.1688.com/offer/577063931947.html
义乌市蓝冠饰品有限公司;https://languanjewelry.1688.com;https://detail.1688.com/offer/577670066885.html
隆化县德凯胜工艺品厂;https://shop6727235s97761.1688.com;https://detail.1688.com/offer/645290613553.html
义乌市甜羽电子商务商行;https://shop5380179zx5706.1688.com;https://detail.1688.com/offer/629962501968.html
经济技术开发区艺佳工艺品电子商务经营部;https://shop1447261816394.1688.com;https://detail.1688.com/offer/615606690270.html
义乌市灵振工艺品有限公司;https://yiwulingzhen.1688.com;https://detail.1688.com/offer/580725495540.html
义乌市卓权饰品厂;https://shop1383843389764.1688.com;https://detail.1688.com/offer/567323318133.html
义乌市宏俏电子商务商行;https://shop358l60a898f88.1688.com;https://detail.1688.com/offer/590003243172.html
东阳亿天皮制品有限公司;https://dyesky.1688.com;https://detail.1688.com/offer/575338235204.html
杭州潮亿窗饰有限公司;https://shop1479517237343.1688.com;https://detail.1688.com/offer/623832180777.html
义乌市丽端电子商务有限公司;https://ywwr168.1688.com;https://detail.1688.com/offer/597341175521.html
深圳市龙岗区坂田佳琪饰品厂;https://jqshipin.1688.com;https://detail.1688.com/offer/555792701070.html
义乌市高轩饰品厂;https://gaoxuan.1688.com;https://detail.1688.com/offer/601066925110.html
东莞市塘厦恒优日用品商行;https://shop2693565183vk5.1688.com;https://detail.1688.com/offer/653003910239.html
商城县普源家居用品行;https://shop91028d7322231.1688.com;https://detail.1688.com/offer/651905500072.html
佛山市顺德区勒流欧格尔电器厂;https://shop14342w507p7a3.1688.com;https://detail.1688.com/offer/627460075923.html
深圳市悠智实业有限公司;https://yzcreate.1688.com;https://detail.1688.com/offer/589768191949.html
深圳市宝安区凯洛斯登灯饰厂;https://kailuo.1688.com;https://detail.1688.com/offer/587277406747.html
义乌柒商电子商务有限公司;https://shop31305ytq88275.1688.com;https://detail.1688.com/offer/587876153408.html
新罗区橙辞晖百货商行;https://shop939qsy14785p3.1688.com;https://detail.1688.com/offer/643344895514.html
义乌市雪柔饰品有限公司;https://jane727.1688.com;https://detail.1688.com/offer/556667234157.html
义乌市博久工艺品有限公司;https://bojiushiping.1688.com;https://detail.1688.com/offer/604008465476.html
温岭百福具臻贸易有限公司;https://shop4en68949q4285.1688.com;https://detail.1688.com/offer/651897258720.html
中山市华欢工艺制品有限公司;https://huahuangongyi888.1688.com;https://detail.1688.com/offer/607156037915.html
广州市黄埔区花唯丽贸易商行;https://shop26c283d553827.1688.com;https://detail.1688.com/offer/648935435190.html
深圳市欣盛饰品有限公司;https://xinshengzhubao.1688.com;https://detail.1688.com/offer/573262036294.html
绍兴市柯桥区中国轻纺城舒馨窗帘窗饰店;https://shop1427906838465.1688.com;https://detail.1688.com/offer/44565895574.html
义乌市秣菘工艺品有限公司;https://cfy121.1688.com;https://detail.1688.com/offer/638790295007.html
城阳区青睐美饰工艺品店;https://qinglaimeishi.1688.com;https://detail.1688.com/offer/560290958413.html
义乌市山米电子商务商行;https://shop1489597428789.1688.com;https://detail.1688.com/offer/613437455105.html
义乌市代亨贸易有限公司;https://shop1446620995702.1688.com;https://detail.1688.com/offer/578243330322.html
杭州萧山益中纺织有限公司;https://yzlace.1688.com;https://detail.1688.com/offer/45024303060.html
