义乌市娇姿电子商务商行;https://shop1412872902173.1688.com;https://detail.1688.com/offer/568630473638.html
浦江县华德袜厂;https://hxsocks.1688.com;https://detail.1688.com/offer/640488385376.html
台州红远袜业有限公司;https://shop606c033n74038.1688.com;https://detail.1688.com/offer/636913863819.html
义乌市越蝶服饰有限公司;https://wywa58.1688.com;https://detail.1688.com/offer/629000869053.html
义乌隆光服饰有限公司;https://hw3721.1688.com;https://detail.1688.com/offer/569413705051.html
义乌市媚趣服装厂;https://shop053p0517146q2.1688.com;https://detail.1688.com/offer/649340745631.html
天台县红中袜业有限公司;https://shop1459443989000.1688.com;https://detail.1688.com/offer/636705242550.html
永康市宏愿贸易有限公司;https://luye88.1688.com;https://detail.1688.com/offer/654253783636.html
义乌市诗飞服饰有限公司;https://shifei.1688.com;https://detail.1688.com/offer/565479379049.html
台州市才忠袜业有限公司;https://shop830i50b9418i6.1688.com;https://detail.1688.com/offer/635814070776.html
天台县足尚袜业经营部;https://shop988t60kd03101.1688.com;https://detail.1688.com/offer/637353431020.html
义乌市岱远针织有限公司;https://shop94423g57j4532.1688.com;https://detail.1688.com/offer/652183135268.html
天台县臻好服饰有限公司;https://zhenhaofushi.1688.com;https://detail.1688.com/offer/635167809788.html
义乌市迷蝶服装厂;https://shop86u97s8429081.1688.com;https://detail.1688.com/offer/614070537525.html
天台县静如针织品厂;https://shop18158606928.1688.com;https://detail.1688.com/offer/638404097355.html
广州聪业贸易有限公司;https://shop290ap2849f553.1688.com;https://detail.1688.com/offer/640175070013.html
广州市叁威辉石油化工有限公司;https://shop04i491a326i29.1688.com;https://detail.1688.com/offer/640175618855.html
广州市铭志建材有限公司;https://shop61qr0d2277391.1688.com;https://detail.1688.com/offer/640491699735.html
广州绍陵建材有限公司;https://shop85306ef323204.1688.com;https://detail.1688.com/offer/639830017206.html
天台县闪亮服饰有限公司;https://shop1488799863508.1688.com;https://detail.1688.com/offer/639952811262.html
深圳市龙华新区哈迪德服装厂;https://hadidfushi.1688.com;https://detail.1688.com/offer/622938626782.html
广州俐泓马贸易有限公司;https://shop675237gi8b221.1688.com;https://detail.1688.com/offer/645572300834.html
陈长治;https://shop1394470457532.1688.com;https://detail.1688.com/offer/639023541169.html
义乌钦芹贸易商行;https://shop21300pbj32428.1688.com;https://detail.1688.com/offer/655102782097.html
博爱县好小伙日用品网店;https://shop511q070772058.1688.com;https://detail.1688.com/offer/641694296101.html
邓州市本色贸易商行;https://shop4d92213170074.1688.com;https://detail.1688.com/offer/635018639346.html
深圳市福田区蓝敏电子商务商行;https://lanmin.1688.com;https://detail.1688.com/offer/632368681480.html
义乌市晓红袜厂;https://shop1494694348947.1688.com;https://detail.1688.com/offer/564924089373.html
深圳市南山区亿欣亿瑶服饰厂;https://shop1453222688889.1688.com;https://detail.1688.com/offer/599137963178.html
诸暨市大唐好穿针织厂;https://shop1405357018667.1688.com;https://detail.1688.com/offer/640927277191.html
义乌市雅阁服饰有限公司;https://shop999700967k894.1688.com;https://detail.1688.com/offer/641649819085.html
台州嘉一豪服饰有限公司;https://jiayihao.1688.com;https://detail.1688.com/offer/641519053380.html
鹤山市沙坪宗饰商店;https://shop287y11749y5c7.1688.com;https://detail.1688.com/offer/649692525363.html
台州博肖袜业有限公司;https://shop037x82t188o37.1688.com;https://detail.1688.com/offer/641002745422.html
义乌市金领服饰有限公司;https://bestking88.1688.com;https://detail.1688.com/offer/524753575827.html
天台县怡品服饰有限公司;https://ttypfs.1688.com;https://detail.1688.com/offer/614017627282.html
天台嘉昱针织有限公司;https://shop4767ja26j4450.1688.com;https://detail.1688.com/offer/638490698824.html
天台米西尤贸易有限公司;https://shop7w96475e5z413.1688.com;https://detail.1688.com/offer/641534998828.html
天台县罗桂林袜业商行;https://shop206492356s830.1688.com;https://detail.1688.com/offer/639240113675.html
深圳市坪山区亚马路服饰商行;https://yamalu2017.1688.com;https://detail.1688.com/offer/597698129179.html
天台县瑾兮袜业商行;https://shop00a9052sm6358.1688.com;https://detail.1688.com/offer/639052969547.html
天台县昌林袜业商行;https://shop0yx0338471263.1688.com;https://detail.1688.com/offer/641707825273.html
新蔡县春青针织品店;https://shop5105668165q05.1688.com;https://detail.1688.com/offer/601051955686.html
天台世伟袜业经营部;https://shop0z3224z4t7979.1688.com;https://detail.1688.com/offer/637901044822.html
天台凤之舞袜业商行;https://shop262g6985891c2.1688.com;https://detail.1688.com/offer/639345248655.html
天台县嘉诚袜业经营部;https://shop1368810048284.1688.com;https://detail.1688.com/offer/637677664505.html
天台县宇航袜业经营部;https://shop793790f5mp177.1688.com;https://detail.1688.com/offer/640125276093.html
台州宝特针织有限公司;https://shop03237h13382o9.1688.com;https://detail.1688.com/offer/637983864229.html
台州诚聆服饰有限公司;https://shop22150s61388q0.1688.com;https://detail.1688.com/offer/640616661332.html
义乌市戈浅服饰厂;https://shop5968m606s4124.1688.com;https://detail.1688.com/offer/642238109451.html
厦门欢派服饰有限公司;https://huanpaifushi.1688.com;https://detail.1688.com/offer/616115185654.html
广州市夜夜笙歌服装厂;https://shop34565f9647048.1688.com;https://detail.1688.com/offer/644759283191.html
义乌市佐莎服饰有限公司;https://zsfushi.1688.com;https://detail.1688.com/offer/567477693077.html
天台花与果商贸有限公司;https://shop3313792589515.1688.com;https://detail.1688.com/offer/641087789002.html
义乌市温妮服饰有限公司;https://yiwuwenni.1688.com;https://detail.1688.com/offer/625358670211.html
义乌市晧晨电子商务商行;https://haochenec.1688.com;https://detail.1688.com/offer/641519031257.html
深圳市南山区诗凯琪服装厂;https://shop1448557413805.1688.com;https://detail.1688.com/offer/572724662340.html
义乌市宏贵电子商务商行;https://lanyufs588.1688.com;https://detail.1688.com/offer/36705055396.html
广信区易妆饰品商行;https://shop209057502v358.1688.com;https://detail.1688.com/offer/646890710111.html
佛山市禅城区欧乐来贸易商行;https://shop134f397113e65.1688.com;https://detail.1688.com/offer/642723818582.html
潍坊蕾奥纺织有限公司;https://cnluckyone.1688.com;https://detail.1688.com/offer/631880232800.html
天台县挽情袜业商行;https://shop0522si739x700.1688.com;https://detail.1688.com/offer/640156905483.html
义乌市航姿袜子厂;https://hangzifs.1688.com;https://detail.1688.com/offer/646321973218.html
广州蜜丝电子商务有限公司;https://misifuzhuang.1688.com;https://detail.1688.com/offer/651086320140.html
广州永旭成辉贸易商行;https://shop8581082k106k5.1688.com;https://detail.1688.com/offer/641360192593.html
天台华盈袜业有限公司;https://shop137n507597of8.1688.com;https://detail.1688.com/offer/642254759016.html
海丰县海城康专保健服务店;https://shop97284883a9701.1688.com;https://detail.1688.com/offer/639194632363.html
遂昌舟求百货商行;https://quanyouneiyi.1688.com;https://detail.1688.com/offer/652333879364.html
义乌市丝露袜业有限公司;https://siluwaye.1688.com;https://detail.1688.com/offer/561228088936.html
天台县青风袜业有限公司;https://shop1408034657783.1688.com;https://detail.1688.com/offer/642028156517.html
天台晨夕袜业经营部;https://17506653336.1688.com;https://detail.1688.com/offer/648800195414.html
东莞市虎门露莎服饰商行;https://shop06c273d273082.1688.com;https://detail.1688.com/offer/654067366904.html
天台小果百货店;https://shop1378868925161.1688.com;https://detail.1688.com/offer/616176379669.html
深圳市龙华新区蕾荟内衣厂;https://leihui.1688.com;https://detail.1688.com/offer/641486551721.html
佛山市妙曼姿服饰有限公司;https://shop3930vh39r1648.1688.com;https://detail.1688.com/offer/653273892479.html
灌云县伊山镇丽丽荷制衣厂;https://shop1386262644119.1688.com;https://detail.1688.com/offer/632406398165.html
汕头市金平区易雷商贸行;https://shop37y888s584026.1688.com;https://detail.1688.com/offer/643576879173.html
义乌市莹清服饰商行;https://shop6z4p010808074.1688.com;https://detail.1688.com/offer/641282624927.html
揭阳市揭东区新亨镇一好饰品商行;https://shop712475f750170.1688.com;https://detail.1688.com/offer/651873370067.html
佛山市安流希贸易有限公司;https://shop670g9c03367q9.1688.com;https://detail.1688.com/offer/643844028766.html
灌云鼎盛贸易有限公司;https://shop89585s9s752d9.1688.com;https://detail.1688.com/offer/579823586345.html
东莞市大朗鹏德毛织厂;https://shop297d0c6754pw0.1688.com;https://detail.1688.com/offer/649624858509.html
佛山市禅城区护炎冬鞋店;https://shop482m666h919m2.1688.com;https://detail.1688.com/offer/641754227445.html
深圳市龙岗区然达电子商务商行;https://szranda.1688.com;https://detail.1688.com/offer/650634539085.html
深圳市达铂贸易有限公司;https://qilisa.1688.com;https://detail.1688.com/offer/644075960924.html
天台县爱弗妮袜业经营部;https://shop167600x6j9b35.1688.com;https://detail.1688.com/offer/638769989580.html
灌云县伊山镇高秋霞服装厂;https://shop1425401295556.1688.com;https://detail.1688.com/offer/627956568003.html
新罗区好衣坞百货商行;https://shop3j68774s44825.1688.com;https://detail.1688.com/offer/642153711743.html
义乌市滨洋贸易有限公司;https://shop1098426z91gc6.1688.com;https://detail.1688.com/offer/633903649909.html
义乌市德佑服饰商行;https://shop0w75522855z51.1688.com;https://detail.1688.com/offer/644955909909.html
金华舒艺针织有限公司;https://shuyizhenzhi.1688.com;https://detail.1688.com/offer/549313473074.html
义乌市超睿袜厂;https://chaoruiwaye.1688.com;https://detail.1688.com/offer/626144990418.html
天台县依双袜业有限公司;https://shop1382547253673.1688.com;https://detail.1688.com/offer/633665384393.html
宁乡俄远服装店;https://eyfzc9.1688.com;https://detail.1688.com/offer/645120151465.html
厦门嘟哩服饰有限公司;https://duli520.1688.com;https://detail.1688.com/offer/614067555011.html
义乌琳姿袜业有限公司;https://ywlinling.1688.com;https://detail.1688.com/offer/613550207269.html
宁乡顺仁服装店;https://shunren.1688.com;https://detail.1688.com/offer/643058291886.html
无锡露普索娜服装贸易有限公司;https://shop1490102282354.1688.com;https://detail.1688.com/offer/630789156052.html
义乌市贝媞服饰厂;https://beiti88.1688.com;https://detail.1688.com/offer/633334408374.html
天台菡菡袜业经营部;https://shop1355851018359.1688.com;https://detail.1688.com/offer/607051126307.html
义乌市舒丹贸易有限公司;https://shudantrading.1688.com;https://detail.1688.com/offer/617263278120.html
董兴;https://shop014f05m230m95.1688.com;https://detail.1688.com/offer/651528281422.html
天台县森女袜品批零部;https://shop1395766685878.1688.com;https://detail.1688.com/offer/640397825515.html
河东区盼一芳服装商行;https://shop389422n938898.1688.com;https://detail.1688.com/offer/643078968208.html
宁乡经济技术开发区亚马讯服饰商行;https://ymxfzc.1688.com;https://detail.1688.com/offer/641026194339.html
佛山市禅城区润和尊百货店;https://shop3668e96jm0780.1688.com;https://detail.1688.com/offer/638350853453.html
长沙江润商贸有限公司;https://xwyfsc.1688.com;https://detail.1688.com/offer/653436528646.html
徐州纳凯电子商务有限公司;https://shop3358k05u91920.1688.com;https://detail.1688.com/offer/637372242451.html
润州区糖之奇服装厂;https://shop51271301r6707.1688.com;https://detail.1688.com/offer/638897152962.html
广州网御贸易有限公司;https://shop648615j1h67f6.1688.com;https://detail.1688.com/offer/641884766743.html
上海铅钰实业有限公司;https://shop59327f9067q50.1688.com;https://detail.1688.com/offer/651052183416.html
佛山市禅城区叮曦辉鞋店;https://shop8727861993851.1688.com;https://detail.1688.com/offer/636737368819.html
新罗区名佐格百货商行;https://shop2o31657k93d57.1688.com;https://detail.1688.com/offer/641557950487.html
东莞华清制衣有限公司;https://shop4o20271782488.1688.com;https://detail.1688.com/offer/645024484628.html
天台孜梦服饰有限公司;https://13666879798.1688.com;https://detail.1688.com/offer/599822836391.html
天台县亿珍服饰商行;https://shop0282e91651p21.1688.com;https://detail.1688.com/offer/641629697972.html
深圳市沃义服饰有限公司;https://shop39j113f420949.1688.com;https://detail.1688.com/offer/652267534313.html
抚顺飞翔家庭保健用品有限公司;https://shop07qq548q60206.1688.com;https://detail.1688.com/offer/626190763004.html
灌云县伊山镇情悠乐制衣厂;https://qylxxoo.1688.com;https://detail.1688.com/offer/643958835926.html
灌云县伊山镇娃娃爱衣内衣加工厂;https://zhengchuanjiang1.1688.com;https://detail.1688.com/offer/597007510478.html
天台县邑夏朵袜业经营部;https://shop0o427o9387o42.1688.com;https://detail.1688.com/offer/625450342615.html
天台县迎新袜业经营部;https://shop22d1m3z866889.1688.com;https://detail.1688.com/offer/639676080510.html
义乌市虹飘日用百货商行;https://shop75o9895w37574.1688.com;https://detail.1688.com/offer/651944392328.html
广州市哈诺商贸有限公司;https://daneyin.1688.com;https://detail.1688.com/offer/563344608831.html
厦门市同安区娇画槿日用品店;https://shop412348979k086.1688.com;https://detail.1688.com/offer/654335160305.html
义乌市君多采电子商务有限公司;https://shop108898d4h7t74.1688.com;https://detail.1688.com/offer/652249831132.html
虞城县淘小发百货贸易工作室;https://shop99152190320n4.1688.com;https://detail.1688.com/offer/633790275041.html
余姚市晓微贸易商行;https://shop4r85848270u07.1688.com;https://detail.1688.com/offer/637775242178.html
红橙情趣用品（广州）有限公司;https://shop2114n9q325581.1688.com;https://detail.1688.com/offer/633844285389.html
宿城区陈集镇伊莱伊斯服装加工厂;https://yilaiyisi.1688.com;https://detail.1688.com/offer/536153701039.html
佛山市南海区康新太日用品厂;https://shop98044120725j2.1688.com;https://detail.1688.com/offer/650928154176.html
丹阳市开发区缘永城百货商行;https://shop1e5o95ff93187.1688.com;https://detail.1688.com/offer/643093470217.html
武进区邹区芳妹服装加工店;https://miaomanyouhuo.1688.com;https://detail.1688.com/offer/547858089412.html
诸暨市伊朵针织有限公司;https://shop58d1432240m06.1688.com;https://detail.1688.com/offer/638835016801.html
义乌市印迎日用百货商行;https://shop49231712613q2.1688.com;https://detail.1688.com/offer/651368082298.html
深圳市双月鸟电子商务有限公司;https://shop1469552280435.1688.com;https://detail.1688.com/offer/583386492833.html
兴城市佰岚制衣有限公司;https://bailanyongzhuang.1688.com;https://detail.1688.com/offer/616071174830.html
漯河市源汇区骥俊百货商行;https://shop2e07710g422g2.1688.com;https://detail.1688.com/offer/651729682650.html
柘荣县角村日用品经营部;https://shop12u1790r83y92.1688.com;https://detail.1688.com/offer/651587007470.html
义乌市丽烨袜业有限公司;https://shop1419927117735.1688.com;https://detail.1688.com/offer/641943222047.html
上海醉清风健康科技股份有限公司;https://yixingfangsc.1688.com;https://detail.1688.com/offer/560025778799.html
河南七色生活商贸有限公司;https://shop4c86520n3r476.1688.com;https://detail.1688.com/offer/653292334336.html
灌云县伊山镇瑰若制衣厂;https://guiruo.1688.com;https://detail.1688.com/offer/632887722640.html
灌云县花知语服装厂;https://shop28f9691v36675.1688.com;https://detail.1688.com/offer/647000844790.html
广州蜜使服饰有限公司;https://shop51128576w8i46.1688.com;https://detail.1688.com/offer/643882901897.html
天台县逸恒副食品店;https://yaolihong1688.1688.com;https://detail.1688.com/offer/640980612712.html
天台碧珍袜业商行;https://shop2x16188p91146.1688.com;https://detail.1688.com/offer/639279048881.html
深圳市追世纪电子商务有限公司;https://zhuishiji.1688.com;https://detail.1688.com/offer/649141269972.html
义乌市新派文化传媒有限公司;https://shop2n08z85n01399.1688.com;https://detail.1688.com/offer/651525801615.html
连云港爱怡美服饰有限公司;https://shop9809x6811a720.1688.com;https://detail.1688.com/offer/641974486472.html
灌云县芳泽情趣内衣制造厂;https://shop1483635086834.1688.com;https://detail.1688.com/offer/545381275513.html
灌云县东王集乡诗雨服装店;https://shop1386089911183.1688.com;https://detail.1688.com/offer/36450865513.html
新罗区暖可儿百货商行;https://shop66621en206g51.1688.com;https://detail.1688.com/offer/642857359220.html
义乌市柏裘贸易有限公司;https://shop244w383k67247.1688.com;https://detail.1688.com/offer/638809002130.html
广州市白云区白云湖甄馨服饰商行;https://shop86171gg718e57.1688.com;https://detail.1688.com/offer/626371925935.html
天台县诗暖袜业经营部;https://shop9t87up7487519.1688.com;https://detail.1688.com/offer/639207776305.html
广信区春顺电子商务经营部;https://shop484o9s5746u78.1688.com;https://detail.1688.com/offer/645423726389.html
义乌市桐寻电子商务商行;https://shop913g7w6622638.1688.com;https://detail.1688.com/offer/646079484282.html
福州市鼓楼区赛儒服装店;https://shop4x90270g38g05.1688.com;https://detail.1688.com/offer/642674769593.html
佛山市星雨天贸易有限公司;https://shop65i12756l2497.1688.com;https://detail.1688.com/offer/649498660067.html
汕头市潮阳区谷饶莉珠雪针织内衣厂;https://shop2qh9171104832.1688.com;https://detail.1688.com/offer/642869614886.html
天台嘉利针织有限公司;https://shop75430769d6527.1688.com;https://detail.1688.com/offer/639129579898.html
连云港唯娜斯语服饰有限公司;https://shop66587602hwh71.1688.com;https://detail.1688.com/offer/582415636644.html
广州风双鑫商贸有限公司;https://shop0969ag6841240.1688.com;https://detail.1688.com/offer/650494875618.html
佛山艳芝嫣服饰有限公司;https://shop626gg31g17700.1688.com;https://detail.1688.com/offer/635057453361.html
义乌市泳趣服饰有限公司;https://shop1450975879981.1688.com;https://detail.1688.com/offer/581502837098.html
汕头市潮阳区谷饶雅俊针织内衣厂;https://feeetmoishop.1688.com;https://detail.1688.com/offer/595735445210.html
汕头市伍歌服饰有限公司;https://shop8585h247659h1.1688.com;https://detail.1688.com/offer/646692128461.html
灌云县南岗乡情语夜服装厂;https://qyyfzc.1688.com;https://detail.1688.com/offer/584382744459.html
深圳市金盛服饰有限公司;https://changlizi888.1688.com;https://detail.1688.com/offer/655896663598.html
温州网趣电子商务有限公司;https://wangqushop.1688.com;https://detail.1688.com/offer/615651174586.html
灌云县芊姿蔓服装厂;https://shop2b4e510421306.1688.com;https://detail.1688.com/offer/655278135495.html
义乌市蒙蕊服饰有限公司;https://mengruiyongyi.1688.com;https://detail.1688.com/offer/585260307130.html
义乌市伊瑟卡斐服饰有限公司;https://shop460bu04581k99.1688.com;https://detail.1688.com/offer/614091580216.html
济宁盈旺盛商贸有限公司;https://shop9665581145f61.1688.com;https://detail.1688.com/offer/636561297630.html
石家庄博旷商贸有限公司;https://shop1492188792101.1688.com;https://detail.1688.com/offer/635211014937.html
苏州七彩暖色贸易有限公司;https://shop1425919529067.1688.com;https://detail.1688.com/offer/647904133771.html
温州独嘉电子商务有限公司;https://shop84a1164383416.1688.com;https://detail.1688.com/offer/643425901676.html
灌云县伊山镇悦享服装加工厂;https://shop1465923612310.1688.com;https://detail.1688.com/offer/644748581257.html
义乌市柳飘电子商务商行;https://qingqusw.1688.com;https://detail.1688.com/offer/543746064665.html
河北凌拓电子商务有限公司;https://shop812cq32c45920.1688.com;https://detail.1688.com/offer/637932526010.html
佛山市禅城区泽铠服装店;https://shop064458r4s4823.1688.com;https://detail.1688.com/offer/652015600660.html
杭州妙绝贸易有限公司;https://shop1456837087860.1688.com;https://detail.1688.com/offer/602140850562.html
广州妮立纺织品商行;https://n00001.1688.com;https://detail.1688.com/offer/655140939087.html
兴城市金亿佳制衣厂;https://shop489443737ggk9.1688.com;https://detail.1688.com/offer/637589846575.html
天台萤火虫贸易有限公司;https://shop92660u3t678z5.1688.com;https://detail.1688.com/offer/638890836582.html
深圳市南山区席雅制衣厂;https://xiya2016.1688.com;https://detail.1688.com/offer/623994451601.html
深圳市俏品商贸有限公司;https://shop1102175274l71.1688.com;https://detail.1688.com/offer/652345736920.html
通山县芳批百货店;https://shop47pp045s51224.1688.com;https://detail.1688.com/offer/644718227911.html
兴城市奥博制衣有限公司;https://04298111.1688.com;https://detail.1688.com/offer/641674319483.html
佛山市禅城区万聚旺服装厂;https://shop70u223b298082.1688.com;https://detail.1688.com/offer/638811548966.html
洪锦荣;https://shop73488246ob365.1688.com;https://detail.1688.com/offer/641844788506.html
兴城市格蕾恩制衣厂;https://shop338l2y8437756.1688.com;https://detail.1688.com/offer/620727281900.html
兴城市海韵服装加工厂;https://shop184786n28h238.1688.com;https://detail.1688.com/offer/652969071069.html
兴城市恒宇制衣厂;https://shop759250273m957.1688.com;https://detail.1688.com/offer/644174942353.html
青田亿德贸易商行;https://shop51i442b0442z9.1688.com;https://detail.1688.com/offer/652081674469.html
东莞市蓝黛科技有限公司;https://landaisex.1688.com;https://detail.1688.com/offer/634200974415.html
广州达令服饰有限公司;https://darlinglingerie.1688.com;https://detail.1688.com/offer/621954705061.html
灌云县南岗乡单云龙服装厂;https://shop5y5082010l094.1688.com;https://detail.1688.com/offer/580012200449.html
天台县海浙袜业经营部;https://shop1380214745359.1688.com;https://detail.1688.com/offer/612114060015.html
深圳市龙岗区法曼婷内衣服饰批发商行;https://fmt889.1688.com;https://detail.1688.com/offer/573499360266.html
浙江博弈针织有限公司;https://skangel.1688.com;https://detail.1688.com/offer/642717380804.html
灌云县迷夜生活服装厂;https://shop0589354lj3994.1688.com;https://detail.1688.com/offer/636161818236.html
灌云县侍庄街道雅袖制衣厂;https://gyyxzyc.1688.com;https://detail.1688.com/offer/623528985259.html
兴城市喜派泳装商店;https://shop1399482374615.1688.com;https://detail.1688.com/offer/638060063485.html
义乌焕彩针织有限公司;https://shop49h9845h22826.1688.com;https://detail.1688.com/offer/650197675021.html
广州市黄埔区席策士季经营贸易部;https://shop603x1238c9953.1688.com;https://detail.1688.com/offer/637064159236.html
义乌市芸瑗电子商务商行;https://shop92pm37655p276.1688.com;https://detail.1688.com/offer/613894974571.html
葫芦岛市龙港区海兰泳装批发店;https://shop1459271687899.1688.com;https://detail.1688.com/offer/635019586856.html
兴城市弈雪制衣有限公司;https://shop1y1336y468400.1688.com;https://detail.1688.com/offer/638372830053.html
兴城市隆裕制衣有限公司;https://shop296775278zkk0.1688.com;https://detail.1688.com/offer/641339343862.html
兴城市澜蔻泳衣厂;https://lankouzhiyi.1688.com;https://detail.1688.com/offer/634312007424.html
深圳市宝安区衣品诚制衣厂;https://dreamlingerie.1688.com;https://detail.1688.com/offer/630187810443.html
灌云县魅雅服装厂;https://shop183205q365830.1688.com;https://detail.1688.com/offer/648603949664.html
黄丽萍;https://wumeizhidina.1688.com;https://detail.1688.com/offer/536903632550.html
深圳市光明区斯维特贸易商行;https://shop1s263z5c25487.1688.com;https://detail.1688.com/offer/647040207901.html
兴城市浪艳制衣厂;https://langyanzhiyi.1688.com;https://detail.1688.com/offer/655191977985.html
兴城市飞信泳装厂;https://shop32451g1734836.1688.com;https://detail.1688.com/offer/640957974096.html
漯河市源汇区孟出百货商行;https://shop64a34aw500250.1688.com;https://detail.1688.com/offer/652702188029.html
兴城市鸿硕制衣厂;https://xcshszy.1688.com;https://detail.1688.com/offer/634694884072.html
兴城市海舒美泳装厂;https://haishumei.1688.com;https://detail.1688.com/offer/641255773469.html
泉州芊媚依服饰有限公司;https://qianmeiyi.1688.com;https://detail.1688.com/offer/636167974480.html
广州德洋泰贸易有限公司;https://shop5537605mq3567.1688.com;https://detail.1688.com/offer/647495252344.html
兴城市鸿霏服装制造厂;https://shop23kh6755943t4.1688.com;https://detail.1688.com/offer/634034262326.html
兴城市晟祎泳装店;https://xcshengyi.1688.com;https://detail.1688.com/offer/637884227162.html
石狮市凯联供应链管理有限公司;https://shop92m0x9s560218.1688.com;https://detail.1688.com/offer/651114898633.html
安徽纤月商贸有限公司;https://qianyuedianzi.1688.com;https://detail.1688.com/offer/561146913757.html
天台易优服饰有限公司;https://luqian72.1688.com;https://detail.1688.com/offer/638284061368.html
龚青芳;https://ywxlpf.1688.com;https://detail.1688.com/offer/569367463303.html
深圳市岗雅齐科技有限公司;https://shop38n434f640f14.1688.com;https://detail.1688.com/offer/649146876525.html
深圳市云灵贸易有限公司;https://shop380u2d5w43736.1688.com;https://detail.1688.com/offer/652370546123.html
龙港市霸康日用百货店;https://shop93b0005t21987.1688.com;https://detail.1688.com/offer/652283540016.html
义乌市戴薇贸易有限公司;https://shop26f9701ncj593.1688.com;https://detail.1688.com/offer/641315296190.html
宿州市埇桥区诗情百货批发商行;https://shop5as0056438g13.1688.com;https://detail.1688.com/offer/649929043343.html
安徽梓岚电子商务有限公司;https://zilandianzi.1688.com;https://detail.1688.com/offer/589568428137.html
昆山市巴城镇循序进百货商行;https://shop762547110o651.1688.com;https://detail.1688.com/offer/644930988228.html
润州区亲尔面家纺厂;https://shop2wj33678665r1.1688.com;https://detail.1688.com/offer/651299510055.html
天台彬秀贸易有限公司;https://13058660898.1688.com;https://detail.1688.com/offer/648539616489.html
西安市未央区万缘盛贸易商行;https://shop5553e54539x98.1688.com;https://detail.1688.com/offer/649131880033.html
广州仟佰伊服装店;https://shop0570v9n16n615.1688.com;https://detail.1688.com/offer/641006387687.html
天台县春爱袜业批发部;https://shop87851is661529.1688.com;https://detail.1688.com/offer/638392897930.html
天台昊祺袜业经营部;https://shop7939ll4153482.1688.com;https://detail.1688.com/offer/637926568500.html
天台县君辉袜业批发部;https://shop1415378692873.1688.com;https://detail.1688.com/offer/640391788748.html
温州市鹿城区漫樱电子商务商行;https://shop4033d886862n4.1688.com;https://detail.1688.com/offer/645813966268.html
桐乡市梧桐树尔服装商行;https://shop11rw276898493.1688.com;https://detail.1688.com/offer/641439109484.html
西安市未央区汇晨琦贸易商行;https://shop69402654q2342.1688.com;https://detail.1688.com/offer/646515831716.html
广州鸿熙商贸有限公司;https://shop1s7093k008000.1688.com;https://detail.1688.com/offer/638333197296.html
广州鑫澎派服饰商行;https://shop60238341c4d98.1688.com;https://detail.1688.com/offer/638715442091.html
东莞市寮步龙青商贸店;https://shop835i81i340787.1688.com;https://detail.1688.com/offer/645825863715.html
广州纯兰服装厂;https://shop62b4x86178976.1688.com;https://detail.1688.com/offer/650461846031.html
天台县盈彩服装厂;https://shop063wv04072243.1688.com;https://detail.1688.com/offer/637928660192.html
长沙市岳麓区禧盛得百货商店;https://shop21380791954o3.1688.com;https://detail.1688.com/offer/650134979506.html
义乌市妮幻日用百货商行;https://shop6060356j73k54.1688.com;https://detail.1688.com/offer/646154256133.html
诸暨市虫儿飞针织品经营部;https://chongerfei.1688.com;https://detail.1688.com/offer/640693681052.html
台州逸美袜业有限公司;https://yimeiyawei88.1688.com;https://detail.1688.com/offer/641200114491.html
诸暨市臻强针织厂;https://shop55397993p4880.1688.com;https://detail.1688.com/offer/641300474740.html
天台美雅廉服饰有限公司;https://18869955040.1688.com;https://detail.1688.com/offer/640415192623.html
台州市奶樱袜业有限公司;https://shop1855631i806o6.1688.com;https://detail.1688.com/offer/648737890795.html
台州市冉升袜业有限公司;https://shop121d3057p9179.1688.com;https://detail.1688.com/offer/638357865151.html
深圳市九一零人力资源管理有限公司;https://shop8423d6ey99608.1688.com;https://detail.1688.com/offer/643999762476.html
义乌市理晟服饰厂;https://shop0723221494783.1688.com;https://detail.1688.com/offer/640629152614.html
义乌鼎裕进出口有限公司;https://shop1494262468120.1688.com;https://detail.1688.com/offer/641677527733.html
广州含钙网络科技有限公司;https://shop2c9i43p380742.1688.com;https://detail.1688.com/offer/648577644214.html
玉林市玉州区奇货居百货店;https://shop39607568359t5.1688.com;https://detail.1688.com/offer/645187570918.html
义乌市猎琅电子商务商行;https://shop96502734l9575.1688.com;https://detail.1688.com/offer/647962299683.html
灌云县嗨笑服装厂;https://shiqikuang2012.1688.com;https://detail.1688.com/offer/594550080697.html
广州市黄埔区席策士季贸易经营部;https://shop98987045043m3.1688.com;https://detail.1688.com/offer/643729615354.html
辛集市俊台日杂店;https://shop16025t10w0211.1688.com;https://detail.1688.com/offer/641316411332.html
天台县品尧服饰有限公司;https://yannanwaye.1688.com;https://detail.1688.com/offer/644355656894.html
灌云县沐小初服装厂;https://shop1l67438335868.1688.com;https://detail.1688.com/offer/654752273681.html
湘潭县中路铺镇买的好商行;https://shop865276uo21354.1688.com;https://detail.1688.com/offer/642650173887.html
台州市辰丰袜业有限公司;https://shop178bk58z08460.1688.com;https://detail.1688.com/offer/639570962467.html
广州越秀区霏茸商贸商行;https://shop207ee13f59511.1688.com;https://detail.1688.com/offer/648389360592.html
广州市荔湾区涛盈水族用品厂;https://shop180290104s967.1688.com;https://detail.1688.com/offer/636491338047.html
灌云县夜夜风情服饰厂;https://shop3j63038032622.1688.com;https://detail.1688.com/offer/635441306475.html
天台华优袜业有限公司;https://shop3j1286x224y63.1688.com;https://detail.1688.com/offer/645163328064.html
福州市仓山区诚欣济贸易商行;https://shop30i5270q81w97.1688.com;https://detail.1688.com/offer/643448306174.html
福州市仓山区鑫苑达贸易商行;https://shop015dy213d3437.1688.com;https://detail.1688.com/offer/643744959679.html
广州陆提服装厂;https://shop7f1c0n2867389.1688.com;https://detail.1688.com/offer/645964301302.html
广州丽中贸易商行;https://shop41g43fb129621.1688.com;https://detail.1688.com/offer/650457605321.html
宁乡经济技术开发区速卖空服装商行;https://sumaikong.1688.com;https://detail.1688.com/offer/579223225278.html
义乌市佐柱电子商务商行;https://shop1386f362960k7.1688.com;https://detail.1688.com/offer/654938183706.html
余姚市俊乐日用品厂;https://lyy1314520.1688.com;https://detail.1688.com/offer/637378594744.html
灌云县伊山镇迷离夜色服装加工厂;https://shop1461775819169.1688.com;https://detail.1688.com/offer/627214859869.html
义乌市昆独日用百货商行;https://shop4858745171881.1688.com;https://detail.1688.com/offer/653374434813.html
广州呀呀科技有限公司;https://shop74j64h113k668.1688.com;https://detail.1688.com/offer/641958786794.html
漯河市源汇区良度日杂店;https://shop7p35m5266k194.1688.com;https://detail.1688.com/offer/641456731949.html
灌云县桃色妖妖服装厂;https://gytsyy.1688.com;https://detail.1688.com/offer/639766475565.html
广州市越秀区加林商贸有限公司;https://shop7330003025m85.1688.com;https://detail.1688.com/offer/648438803354.html
十堰艾莉娅服装贸易有限公司;https://shop6i8j0773h7427.1688.com;https://detail.1688.com/offer/648983880220.html
淮南市玉纹商贸有限公司;https://shop32f1710n03m91.1688.com;https://detail.1688.com/offer/642290311277.html
灵山县烟墩镇百川百货商行;https://shop8o88o786755q0.1688.com;https://detail.1688.com/offer/641341753985.html
义乌市隆多服饰有限公司;https://shop49311l6m29l37.1688.com;https://detail.1688.com/offer/640507620253.html
连城县兰桂坊百货店;https://shop162p9b0382201.1688.com;https://detail.1688.com/offer/636943045268.html
灌云县普泰服装厂;https://shop514461y6mm061.1688.com;https://detail.1688.com/offer/655073309655.html
景宁伊柳贸易商行;https://shop093uy12p53803.1688.com;https://detail.1688.com/offer/652628996029.html
灌云县圣曜服装厂;https://shop731t0t54435t5.1688.com;https://detail.1688.com/offer/637270092292.html
义乌市裤冬女袜子厂;https://shop6883pl9337717.1688.com;https://detail.1688.com/offer/652888199220.html
灌云县侍庄乡不眠夜情趣内衣厂;https://bumianye999.1688.com;https://detail.1688.com/offer/644265454046.html
广州依娜服装厂;https://shop93m474zc90954.1688.com;https://detail.1688.com/offer/643703173641.html
台州市昂杉袜业有限公司;https://shop5715p2j8343p6.1688.com;https://detail.1688.com/offer/637125217552.html
天台县亿岱袜业有限公司;https://chenxiaoping168.1688.com;https://detail.1688.com/offer/643443723940.html
新罗区勉绥妍百货商行;https://shop67890jj168v49.1688.com;https://detail.1688.com/offer/643397970520.html
荔城区镇海黄丽娟纺织品商行;https://shop6158oc209c662.1688.com;https://detail.1688.com/offer/644976763641.html
天台红娜宇服饰商行;https://18006589499.1688.com;https://detail.1688.com/offer/639357267782.html
新罗区魔腾服装店;https://shop4y95197y1x605.1688.com;https://detail.1688.com/offer/641576970996.html
广州黄埔区膑梅孙盛贸易商行;https://shop14021f14l61c7.1688.com;https://detail.1688.com/offer/638224209761.html
佛山市南海区健冬柯皮具厂;https://shop72c76398h9041.1688.com;https://detail.1688.com/offer/641793609735.html
灌云县君美服装厂;https://shop1891151m697z9.1688.com;https://detail.1688.com/offer/654236503883.html
莆田市秀屿区东庄山志工艺品店;https://shop45400e4e01689.1688.com;https://detail.1688.com/offer/648299301603.html
广州银雪服饰有限公司;https://shop9ii855d666099.1688.com;https://detail.1688.com/offer/639168927888.html
尤溪县启慧幼网店;https://shop65s393d693939.1688.com;https://detail.1688.com/offer/639469063507.html
佛山市南海区俐詹琨日用品厂;https://shop149302v1v7434.1688.com;https://detail.1688.com/offer/653444814764.html
台州市黄岩博涛日用品商行;https://shop3967013553230.1688.com;https://detail.1688.com/offer/644059982894.html
青白江鹏欧琬希商贸部;https://shop7p22p459187f2.1688.com;https://detail.1688.com/offer/649727833819.html
义乌市雅欣电子商务商行;https://yaxinpifa.1688.com;https://detail.1688.com/offer/535319299314.html
余姚芒易服装厂;https://shop957314c099368.1688.com;https://detail.1688.com/offer/638914999367.html
天台县丽霞袜业经营部;https://lixiawaye.1688.com;https://detail.1688.com/offer/640855436184.html
义乌市泰妙电子商务商行;https://shop34326wg16w542.1688.com;https://detail.1688.com/offer/643455638646.html
天台高个子袜业经营部;https://shop9n2v3733971j6.1688.com;https://detail.1688.com/offer/639908075183.html
广州越秀区雅鹏商贸商行;https://shop08385438r2i23.1688.com;https://detail.1688.com/offer/652531076937.html
灌云县伊山镇万兴服装厂;https://shop1864161g612b7.1688.com;https://detail.1688.com/offer/646881551522.html
广州冠帆其百货店;https://shop220m8a4884h14.1688.com;https://detail.1688.com/offer/654029809027.html
灌云县友财服装厂;https://shop38818835d4gy2.1688.com;https://detail.1688.com/offer/620380886985.html
广州燕飞计贸易有限公司;https://shop438571821w7y6.1688.com;https://detail.1688.com/offer/643487620730.html
五指山捷惠网店;https://caimiqing.1688.com;https://detail.1688.com/offer/643395601381.html
义乌慕蕊服饰有限公司;https://shop1411576817271.1688.com;https://detail.1688.com/offer/643772326573.html
荔城区镇海陈永春服装经营部;https://shop74756g0w6u774.1688.com;https://detail.1688.com/offer/652966303372.html
永定区虑禹儒百货商行;https://shop4q10v06e46864.1688.com;https://detail.1688.com/offer/653061842050.html
广州磊圣耀贸易工作室;https://shop729e425397448.1688.com;https://detail.1688.com/offer/649514152320.html
东阳市唐果服饰有限公司;https://shop72491837k57v3.1688.com;https://detail.1688.com/offer/641291905345.html
深圳市龙岗区嘉恩服饰商行;https://shop7661hr831l482.1688.com;https://detail.1688.com/offer/640981998186.html
鹤山市古劳镇春树商店;https://shop19743n16d29j6.1688.com;https://detail.1688.com/offer/650160775378.html
西咸新区沣东新城梅拉军辉百货店;https://shop9z96056e76896.1688.com;https://detail.1688.com/offer/654491097318.html
宿城区奇柔源百货店;https://shop1l1ww81839446.1688.com;https://detail.1688.com/offer/649954678213.html
佛山市禅城区艺初纺织商行;https://shop88130j433o359.1688.com;https://detail.1688.com/offer/642417149077.html
西咸新区沣东新城伟硒百货店;https://shop67j7v0n841140.1688.com;https://detail.1688.com/offer/654732020886.html
揭阳市揭东区锡场镇雨森服饰商行;https://shop771u981q10304.1688.com;https://detail.1688.com/offer/650343275754.html
宜丰县金凡铭百货店;https://shop04k61t7198848.1688.com;https://detail.1688.com/offer/653803834110.html
宁海县歆盛服装商行;https://shop7262aw44z4623.1688.com;https://detail.1688.com/offer/650698906370.html
莆田市秀屿区埭头生盛珠宝店;https://shop0b75s39818072.1688.com;https://detail.1688.com/offer/652083630286.html
义乌市忻捷电子商务有限公司;https://shop1b43481648386.1688.com;https://detail.1688.com/offer/641293708989.html
景宁振源百货商行;https://shop10508990674t7.1688.com;https://detail.1688.com/offer/641399887450.html
新浦区岗埠农场甜甜爱服装厂;https://tiantaniai913.1688.com;https://detail.1688.com/offer/623389199259.html
义乌市聚豪工艺品有限公司;https://shop195543q507856.1688.com;https://detail.1688.com/offer/650056056093.html
连云港海梦服饰有限公司;https://gchmfs.1688.com;https://detail.1688.com/offer/637945427952.html
义乌市天骐电子商务有限公司;https://shop3n27eq8725256.1688.com;https://detail.1688.com/offer/607166106190.html
浙江娇俏针织有限公司;https://shop880m753yl2898.1688.com;https://detail.1688.com/offer/640123321655.html
江苏宝娜斯针织有限公司;https://jsbonas.1688.com;https://detail.1688.com/offer/635442690233.html
广州越秀区涵尼商贸有限公司;https://shop9h29193328195.1688.com;https://detail.1688.com/offer/652078812312.html
义乌市韩笙服饰有限公司;https://shop1g951963q6010.1688.com;https://detail.1688.com/offer/639434419441.html
上海亿朵工贸有限公司;https://xxinew.1688.com;https://detail.1688.com/offer/617287382064.html
深圳市宝安区诗蒙俪服饰商行;https://shop114018985a1a2.1688.com;https://detail.1688.com/offer/558685898097.html
义乌市倩斯电子商务有限公司;https://shop1491823879921.1688.com;https://detail.1688.com/offer/591838488257.html
灌云县东王集乡林芝服装厂;https://shop1415119793692.1688.com;https://detail.1688.com/offer/587173310706.html
新罗区卢坦百货商行;https://shop5v218163452s2.1688.com;https://detail.1688.com/offer/651075184971.html
浙江宝娜斯袜业有限公司;https://bonasln.1688.com;https://detail.1688.com/offer/634762092965.html
广州汇智倍贸易商行;https://shop27zd787612362.1688.com;https://detail.1688.com/offer/648967053688.html
广州市番禺区沙头街美盛钟表厂;https://shop84037xrg73627.1688.com;https://detail.1688.com/offer/639729091214.html
义乌市宓森电子商务商行;https://shop7470971k25505.1688.com;https://detail.1688.com/offer/653724199093.html
深圳市搏鑫达科技有限公司;https://shop2e8051m056361.1688.com;https://detail.1688.com/offer/651401803777.html
义乌市银萍服饰有限公司;https://ywyinping.1688.com;https://detail.1688.com/offer/637838568626.html
晋江市池店镇秩序鞋帽商行;https://shop53hf035680217.1688.com;https://detail.1688.com/offer/634209884827.html
博爱县彭飞服装服饰店;https://shop802d745c271c3.1688.com;https://detail.1688.com/offer/652250366309.html
中山市港口镇四十五号服装店;https://shop043178u96s591.1688.com;https://detail.1688.com/offer/629223848466.html
漯河市源汇区维匡百货商行;https://shop763i633421iu5.1688.com;https://detail.1688.com/offer/652584408978.html
义乌市伊缕电子商务商行;https://shop1433955699950.1688.com;https://detail.1688.com/offer/593477123276.html
义乌哲锐电子商务有限公司;https://zheruishangwu.1688.com;https://detail.1688.com/offer/624986835943.html
深圳市宝安区盛秋烨贸易商行;https://shop4w9g850u47785.1688.com;https://detail.1688.com/offer/653602363605.html
天台上佳纺织商行;https://shangjiafangzhi.1688.com;https://detail.1688.com/offer/614801349410.html
灌云县侍庄乡晨熙加工厂;https://shop5l46ug2639882.1688.com;https://detail.1688.com/offer/625251520613.html
灌云县美彤服装厂;https://shop230804hh54737.1688.com;https://detail.1688.com/offer/642111714366.html
义乌市猫力针织有限公司;https://molly2828.1688.com;https://detail.1688.com/offer/647138135737.html
浙江兰妲针织科技有限公司;https://laseta.1688.com;https://detail.1688.com/offer/639991170521.html
诸暨匠心针织有限公司;https://jiangxinzhenzhi.1688.com;https://detail.1688.com/offer/653519382740.html
杭州哇积网络科技有限公司;https://shop36271fq83c605.1688.com;https://detail.1688.com/offer/637845503838.html
义乌市迥茉服饰有限公司;https://shop1446828851242.1688.com;https://detail.1688.com/offer/642777943696.html
诸暨市棉辉针织品商行;https://shop1477500541112.1688.com;https://detail.1688.com/offer/653814751195.html
高新技术产业开发区盘彩物资经销处;https://shop4i480i76198x5.1688.com;https://detail.1688.com/offer/654937974492.html
诸暨市亚索针织品网店;https://shop18258539908.1688.com;https://detail.1688.com/offer/654380832746.html
郑州市中原区亿格电子商务经营部;https://shop1465923668581.1688.com;https://detail.1688.com/offer/644298561015.html
义乌市凯玥针织品有限公司;https://shop0b6h833206431.1688.com;https://detail.1688.com/offer/592677271850.html
景宁白帆百货商行;https://shop5j9ma9687u014.1688.com;https://detail.1688.com/offer/634153153441.html
灌云县桃花坞服装厂;https://shop3174x61e1a868.1688.com;https://detail.1688.com/offer/650810336198.html
深圳市禾山科技有限公司;https://shop60j702f434i94.1688.com;https://detail.1688.com/offer/644411310254.html
义乌市长夏电子商务商行;https://shop7l6207859f015.1688.com;https://detail.1688.com/offer/640892226198.html
石家庄召集商贸有限公司;https://zjbhss.1688.com;https://detail.1688.com/offer/642066191451.html
薛城区毅文商贸经营商行;https://yiwensm.1688.com;https://detail.1688.com/offer/644159248480.html
河南泽恩电子商务有限公司;https://shop49336oo2796n4.1688.com;https://detail.1688.com/offer/652529339204.html
佛山市南海区富陈纸制品厂;https://shop9o994650969b3.1688.com;https://detail.1688.com/offer/644195390925.html
无锡琳达织造有限公司;https://shop13u29l9810x38.1688.com;https://detail.1688.com/offer/643759759013.html
义乌市芯勤电子商务商行;https://shop1v700p0045320.1688.com;https://detail.1688.com/offer/645441523375.html
义乌胤辉贸易有限公司;https://shop3860574e67n62.1688.com;https://detail.1688.com/offer/554480112344.html
普宁市池尾正宏百货商行;https://shop0891505l7p866.1688.com;https://detail.1688.com/offer/647474303408.html
汕头市潮阳区铜盂名品汇百货商店;https://mingpinhuibaihuo.1688.com;https://detail.1688.com/offer/602295841018.html
郑州市管城回族区尚洁百货商行;https://shop9q786704uz239.1688.com;https://detail.1688.com/offer/644670016993.html
海丰县绿儿服装商行;https://lverfashion.1688.com;https://detail.1688.com/offer/639422442964.html
杭州泽浠电子商务有限公司;https://shop0182436943460.1688.com;https://detail.1688.com/offer/643539480330.html
义乌市绣潮流服饰有限公司;https://shop43k7570674331.1688.com;https://detail.1688.com/offer/652531168407.html
义乌市宝诗蕾针织花边有限公司;https://baosilei.1688.com;https://detail.1688.com/offer/618990921191.html
义乌市镜花针织有限公司;https://shop1u521g63e9kn9.1688.com;https://detail.1688.com/offer/645766307454.html
义乌市数恩电子商务商行;https://cn71630.1688.com;https://detail.1688.com/offer/614270718225.html
连云港爱如如贸易有限公司;https://shop1467115091599.1688.com;https://detail.1688.com/offer/652559618317.html
义乌市蝶洛针织厂;https://shop1444496182333.1688.com;https://detail.1688.com/offer/646317825783.html
义乌市贝雅轩电子商务商行;https://beiyaxuan.1688.com;https://detail.1688.com/offer/41976465448.html
玉林市玉州区武艳百货店;https://shop885954512b8b5.1688.com;https://detail.1688.com/offer/647713103564.html
灌云县恋人情服装厂;https://shop918no58114594.1688.com;https://detail.1688.com/offer/639687412563.html
廊坊市毛立商贸有限公司;https://shop753c898w117n5.1688.com;https://detail.1688.com/offer/650688067242.html
沛县赛惊日用品店;https://shop79872u66b59z3.1688.com;https://detail.1688.com/offer/644781937702.html
义乌市长歆针织厂;https://shop4407206727b03.1688.com;https://detail.1688.com/offer/641638960548.html
广州海珠区模统服饰商行;https://shop182l16h5766q8.1688.com;https://detail.1688.com/offer/653989421913.html
灌云县炎热服装厂;https://shop1861317962i66.1688.com;https://detail.1688.com/offer/654123713155.html
孙立发;https://shop3087ta572o612.1688.com;https://detail.1688.com/offer/637091380853.html
宿城区萌尼奕百货店;https://shop76j9k2r783433.1688.com;https://detail.1688.com/offer/638914018646.html
余姚市荣南服装店;https://shop51xh614914674.1688.com;https://detail.1688.com/offer/650452154131.html
义乌市宾觅电子商务商行;https://shop50979392i0285.1688.com;https://detail.1688.com/offer/641536374368.html
三河市爱悦之侣商贸有限公司;https://aiyuezhilv.1688.com;https://detail.1688.com/offer/586511275684.html
义乌市慎妤电子商务商行;https://shop896750f4m4f81.1688.com;https://detail.1688.com/offer/650890634508.html
余姚市迈丫服装店;https://shop24d2q7d85r251.1688.com;https://detail.1688.com/offer/647133697852.html
武汉市蔡甸区荣源日用百货商行;https://shop7531780030618.1688.com;https://detail.1688.com/offer/639045995325.html
广州姬杜日用品厂;https://shop566697kv00q26.1688.com;https://detail.1688.com/offer/641745412282.html
广州洁丽会贸易商行;https://shop2dl5464818047.1688.com;https://detail.1688.com/offer/643719331513.html
广州文朗贸易商行;https://shop5276561952843.1688.com;https://detail.1688.com/offer/648763394980.html
普宁市众胜商贸有限公司;https://shop7290y85142232.1688.com;https://detail.1688.com/offer/640467497883.html
天台县酷我袜业批发部;https://shop1382979263712.1688.com;https://detail.1688.com/offer/644371515533.html
东阳市江北黛姿袜厂;https://shop1460652789927.1688.com;https://detail.1688.com/offer/650266135219.html
灌云县东王集乡银芝服装厂;https://gyz2yt.1688.com;https://detail.1688.com/offer/587746522148.html
连云港梦雅服饰有限公司;https://shop80877378j55v1.1688.com;https://detail.1688.com/offer/598823739592.html
天台巴菲兔袜业经营部;https://13634096648.1688.com;https://detail.1688.com/offer/591887293485.html
灌云县伊山镇媚芝兰制衣厂;https://shop7908qe212c788.1688.com;https://detail.1688.com/offer/610907925988.html
东莞市大朗小帮手清洁用品厂;https://shop26129790rl0r4.1688.com;https://detail.1688.com/offer/650162353108.html
郑州清风电子商务有限公司;https://qingfeng1688.1688.com;https://detail.1688.com/offer/595129747699.html
义乌市欧烁贸易有限公司;https://oushuo2021.1688.com;https://detail.1688.com/offer/641374340056.html
义乌市善迪日用百货商行;https://shop62118152u1778.1688.com;https://detail.1688.com/offer/652534385031.html
绍兴市兴逸针织有限公司;https://shop34q0327c73240.1688.com;https://detail.1688.com/offer/654093936646.html
深圳市福田区威尔建材商行;https://shop23j5516950674.1688.com;https://detail.1688.com/offer/648364920144.html
义乌市奥曼服装厂;https://shop1476895328230.1688.com;https://detail.1688.com/offer/642980546221.html
广州迈正凯商贸商行;https://shop7526878i6b561.1688.com;https://detail.1688.com/offer/638235701714.html
灌云县侍庄街道丽翔服装厂;https://lgylinxiangfushi.1688.com;https://detail.1688.com/offer/603694745604.html
肇庆红雨伞服饰有限公司;https://hongyusan.1688.com;https://detail.1688.com/offer/641050934343.html
新罗区卡圣薇百货店;https://shop45f00901a3201.1688.com;https://detail.1688.com/offer/647276095299.html
江西乐开怀实业有限公司;https://jxlekaihuai.1688.com;https://detail.1688.com/offer/567873485206.html
临沂市兰山区名臣商贸店;https://shop632i1816227m3.1688.com;https://detail.1688.com/offer/646122035318.html
连云港丹倍姿贸易有限公司;https://shop62h9380nn2924.1688.com;https://detail.1688.com/offer/640145655149.html
广州南沙区杭静德伐电子商务有限公司;https://shop54467rq541330.1688.com;https://detail.1688.com/offer/639490205505.html
诸暨市雄跃针织有限公司;https://xiongyue.1688.com;https://detail.1688.com/offer/653839183770.html
长安青青艾针织品商行;https://shop20j3294s5e793.1688.com;https://detail.1688.com/offer/639295264955.html
广州天河区户数商贸店;https://shop628196109h313.1688.com;https://detail.1688.com/offer/652455787303.html
灌云县汇鸿服装厂;https://huihongfz.1688.com;https://detail.1688.com/offer/556378222656.html
义乌市金彧贸易有限公司;https://shop1378399983610.1688.com;https://detail.1688.com/offer/649107697859.html
连云港品贤服饰有限公司;https://pxshop.1688.com;https://detail.1688.com/offer/587944228301.html
灌云县圆梦服装厂;https://shop2939937396am2.1688.com;https://detail.1688.com/offer/630670452234.html
牟平区世宁服装经销处;https://ytxhdwy.1688.com;https://detail.1688.com/offer/1229988708.html
东阳市诗丰袜业有限公司;https://shifengcgn.1688.com;https://detail.1688.com/offer/632380993213.html
义乌市谨诺日用百货有限公司;https://shop4348u40i78857.1688.com;https://detail.1688.com/offer/641781364114.html
南平市建阳区李幸容商贸商行;https://shop385935w6179t3.1688.com;https://detail.1688.com/offer/647225495017.html
深圳市劲能酷数码科技有限公司;https://shop28s2090222z60.1688.com;https://detail.1688.com/offer/621598352051.html
南城县勇泰百货商行;https://shop992d05qd15830.1688.com;https://detail.1688.com/offer/652991048303.html
连云港品如衣服装有限公司;https://wulitu.1688.com;https://detail.1688.com/offer/637543436928.html
连云港温纳斯服饰有限公司;https://shop31ee9t9180276.1688.com;https://detail.1688.com/offer/643407279905.html
灌云县伊山镇依美丽服装加工厂;https://shop1482771713789.1688.com;https://detail.1688.com/offer/543910029476.html
灌云县情冉服装厂;https://shop90l585073hs15.1688.com;https://detail.1688.com/offer/653291823889.html
威海经济技术开发区明鹏日用百货网店;https://shop88lt029618091.1688.com;https://detail.1688.com/offer/637895111222.html
宁海县韧桐电子商务商行;https://shop88w96664589j4.1688.com;https://detail.1688.com/offer/647270842240.html
新罗区韬聚良百货店;https://shop44s1619244405.1688.com;https://detail.1688.com/offer/642618061056.html
苏州悦性贸易有限公司;https://shop33115v784q165.1688.com;https://detail.1688.com/offer/635148551410.html
诸暨市优人醉服饰有限公司;https://shop701x42o400036.1688.com;https://detail.1688.com/offer/635714078717.html
深圳市屹然贸易有限公司;https://shop82347kq149721.1688.com;https://detail.1688.com/offer/647642249536.html
浙江海怡电子商务有限公司;https://shop964y52y682441.1688.com;https://detail.1688.com/offer/641562600950.html
佛山市南海区阳汇特服装厂;https://shop2120a681m2025.1688.com;https://detail.1688.com/offer/646568825122.html
连云港盛富贸易有限公司;https://15950765988.1688.com;https://detail.1688.com/offer/592756615623.html
广州市天河区区街科技有限公司;https://shop54922249s5879.1688.com;https://detail.1688.com/offer/651570878961.html
余姚市悦儿日用品经营部;https://shop944146z9k1865.1688.com;https://detail.1688.com/offer/641351676978.html
温州爱迈电子科技有限公司;https://shop56478279951s7.1688.com;https://detail.1688.com/offer/641079869798.html
睢宁县多成服装厂;https://shop4899240727l53.1688.com;https://detail.1688.com/offer/641533312469.html
商丘市梁园区正函日用百货商行;https://shop2u871u15b5o16.1688.com;https://detail.1688.com/offer/641781868273.html
义乌市潮妮服饰有限公司;https://shop226682bo55409.1688.com;https://detail.1688.com/offer/638682605347.html
南城县德悦百货商行;https://shop145472i48qd64.1688.com;https://detail.1688.com/offer/653603325194.html
