义乌市庞克饰品有限公司;https://sll0510.1688.com;https://detail.1688.com/offer/578319393670.html
义乌市琇丽电子商务有限公司;https://shop2u8299j8604j6.1688.com;https://detail.1688.com/offer/613709761057.html
义乌市馨娜饰品有限公司;https://shop36278c19717w5.1688.com;https://detail.1688.com/offer/644688283869.html
项城市王明口荣华皮件厂;https://ronghuashipin88.1688.com;https://detail.1688.com/offer/639737837946.html
深圳市福田区浩添饰品商行;https://shop826c7573864d8.1688.com;https://detail.1688.com/offer/594785437134.html
义乌市光庆饰品有限公司;https://kuazan.1688.com;https://detail.1688.com/offer/630852539532.html
义乌市赛环饰品有限公司;https://ywsaihuan.1688.com;https://detail.1688.com/offer/40873641515.html
义乌市汇义电子商务有限公司;https://shop1147093c71371.1688.com;https://detail.1688.com/offer/606167585115.html
东阳市白云胜印饰品厂;https://shop4ju40882984r4.1688.com;https://detail.1688.com/offer/622722600488.html
义乌市哈图电子商务商行;https://shop1458925493280.1688.com;https://detail.1688.com/offer/626831429283.html
义乌市环铭饰品有限公司;https://shop1464368124609.1688.com;https://detail.1688.com/offer/580982973067.html
义乌市芸禾电子商务有限公司;https://shop2i29808i935i9.1688.com;https://detail.1688.com/offer/641935823574.html
义乌乾琦贸易商行;https://shop9636s572l3261.1688.com;https://detail.1688.com/offer/646731296728.html
义乌市天铭饰品有限公司;https://shop0666x3889x041.1688.com;https://detail.1688.com/offer/644086288510.html
义乌市星旭饰品有限公司;https://shop275jl13443521.1688.com;https://detail.1688.com/offer/645092023884.html
义乌市爱里丝饰品有限公司;https://shop1395680342689.1688.com;https://detail.1688.com/offer/627404694231.html
义乌市烁渠电子商务商行;https://shop1409848851181.1688.com;https://detail.1688.com/offer/628653350021.html
义乌市驰誉贸易有限公司;https://shop27801x30u1751.1688.com;https://detail.1688.com/offer/630118948970.html
义乌市嘉乐饰品商行;https://shop9426s73138684.1688.com;https://detail.1688.com/offer/571073934876.html
南平市建阳区林农昭汉百货店;https://shop93p978l965704.1688.com;https://detail.1688.com/offer/647252485921.html
义乌市弋语电子商务商行;https://yiyu1111.1688.com;https://detail.1688.com/offer/653577243740.html
义乌市云古饰品有限公司;https://shop8020c455c1704.1688.com;https://detail.1688.com/offer/654078653823.html
浦江县慕尚贸易有限公司;https://shop578274098k823.1688.com;https://detail.1688.com/offer/652427782853.html
义乌市玖兰工艺品有限公司;https://xunmingzhao1688.1688.com;https://detail.1688.com/offer/615078393111.html
义乌市满溢饰品有限公司;https://ywmanyi.1688.com;https://detail.1688.com/offer/571930336661.html
义乌市简拉电子商务有限公司;https://jianlajewelry.1688.com;https://detail.1688.com/offer/630357994286.html
义乌市潮趣饰品有限公司;https://shop24s6949329022.1688.com;https://detail.1688.com/offer/654823394754.html
柘荣县周日日用品经营部;https://shop51106a8ee4002.1688.com;https://detail.1688.com/offer/650903762756.html
广州荣高旺贸易有限公司;https://shop52n125a948140.1688.com;https://detail.1688.com/offer/653521435357.html
广州惠琳菲百货有限公司;https://shop1357cg7541094.1688.com;https://detail.1688.com/offer/641020059481.html
义乌市依怆电子商务商行;https://shop2472139535f47.1688.com;https://detail.1688.com/offer/655416523514.html
义乌市咏康电子商务有限公司;https://yongkangdianzi1.1688.com;https://detail.1688.com/offer/654634397797.html
义乌市妙赛电子商务商行;https://shop7594u271272b0.1688.com;https://detail.1688.com/offer/644465757439.html
义乌市冉泽电子商务商行;https://shop815g862762704.1688.com;https://detail.1688.com/offer/654141096577.html
义乌市琏璐贸易有限公司;https://shop814x2x9995c83.1688.com;https://detail.1688.com/offer/605906371921.html
义乌市韩饰界电子科技有限公司;https://shop343b88869jj94.1688.com;https://detail.1688.com/offer/651615420695.html
义乌市赛蒲电子商务有限公司;https://shop746a21293r413.1688.com;https://detail.1688.com/offer/619841223723.html
项城市峰盛皮件饰品厂;https://shop725f9039425o0.1688.com;https://detail.1688.com/offer/641235946532.html
义乌市佰润电子商务商行;https://shop1466010450865.1688.com;https://detail.1688.com/offer/606445385009.html
义乌市大项饰品厂;https://daxiangshipin118.1688.com;https://detail.1688.com/offer/614058818386.html
广州敏与唯皮具制品有限公司;https://shop99v286v7f0791.1688.com;https://detail.1688.com/offer/651237380472.html
义乌市象蝶电子商务商行;https://xiangdie.1688.com;https://detail.1688.com/offer/560164116453.html
义乌市撼宇电子商务商行;https://shop6334u58y18018.1688.com;https://detail.1688.com/offer/655931390776.html
义乌市赢旗电子商务商行;https://shop0c511410451q5.1688.com;https://detail.1688.com/offer/653518606549.html
义乌市福划电子商务商行;https://shop16c3256z93266.1688.com;https://detail.1688.com/offer/644298196737.html
武汉炳坤科技有限公司;https://shop0r6u1653583r8.1688.com;https://detail.1688.com/offer/636730344039.html
义乌市芹锦电子商务商行;https://shop11a9416u7a245.1688.com;https://detail.1688.com/offer/633866375981.html
义乌市灿瑞饰品有限公司;https://shop1430141923232.1688.com;https://detail.1688.com/offer/576447613892.html
义乌市旅益饰品商行;https://lvyi2015.1688.com;https://detail.1688.com/offer/557430581900.html
东阳市佳祥供应链管理有限公司;https://shop1475254119242.1688.com;https://detail.1688.com/offer/565894343684.html
深圳市猎奇电子科技有限公司;https://shop1y6009d0m6475.1688.com;https://detail.1688.com/offer/633149241240.html
义乌市火焱饰品有限公司;https://shop1406307430606.1688.com;https://detail.1688.com/offer/536242050549.html
项城市佳瑞饰品厂;https://jiarui519.1688.com;https://detail.1688.com/offer/644375627254.html
义乌市高跃电子商务商行;https://cngaoyue.1688.com;https://detail.1688.com/offer/593143572358.html
