义乌市妙德电子商务商行;https://shop1354900280794.1688.com;https://detail.1688.com/offer/602617172224.html
义乌市宣颖电子商务有限公司;https://shop90606028po4a4.1688.com;https://detail.1688.com/offer/636156047580.html
义乌市格尚电子商务商行;https://15geshang.1688.com;https://detail.1688.com/offer/604791310080.html
义乌市楚萝电子商务商行;https://shop384x687563562.1688.com;https://detail.1688.com/offer/640701401127.html
江苏炫嘉丝绸家纺有限公司;https://cocoonie.1688.com;https://detail.1688.com/offer/623435538666.html
义乌市王娟香电子商务商行;https://shop8ma915328h889.1688.com;https://detail.1688.com/offer/603792028889.html
义乌市幸宙饰品商行;https://shop2152d91k28248.1688.com;https://detail.1688.com/offer/627102356245.html
义乌市邻果饰品有限公司;https://shop5e541j99908q5.1688.com;https://detail.1688.com/offer/652241694720.html
义乌科凡电子商务商行;https://shop854301399n549.1688.com;https://detail.1688.com/offer/632108639756.html
高新区枫桥富罗深百货商行;https://shop335k825i72h46.1688.com;https://detail.1688.com/offer/654454399179.html
尤溪县启慧幼网店;https://shop65s393d693939.1688.com;https://detail.1688.com/offer/639605260453.html
余江区广度电子商务商行;https://shop0867n0w2z7115.1688.com;https://detail.1688.com/offer/652381782813.html
新罗区化楼百货商行;https://shop579653hx58f03.1688.com;https://detail.1688.com/offer/653829226523.html
余江区阳阳猴电子商务商行;https://shop5x191zg287666.1688.com;https://detail.1688.com/offer/651272892539.html
余江区全我意电子商务商行;https://shop6q2777h7108h1.1688.com;https://detail.1688.com/offer/651149716190.html
茂南区闫轲网络电子商务中心;https://shop9c321a7b02649.1688.com;https://detail.1688.com/offer/652462570540.html
余江区收凤电子商务商行;https://shop694748u6u6021.1688.com;https://detail.1688.com/offer/651636014211.html
丹阳市界牌镇健基石工艺礼品厂;https://shop7gv6085d08d56.1688.com;https://detail.1688.com/offer/656178543162.html
通山县宇谈百货店;https://shop3818438119848.1688.com;https://detail.1688.com/offer/656180743143.html
尤溪县赤眉商行;https://shop61053b6q727d2.1688.com;https://detail.1688.com/offer/641713159530.html
遂昌鲁德日用百货商行;https://shop37957c7g4q908.1688.com;https://detail.1688.com/offer/650441454865.html
铅山县鑫冠电子商务有限公司;https://shop35p6q6p543231.1688.com;https://detail.1688.com/offer/624978843837.html
广州市黄埔区汇胜五金加工店;https://shop057vt36348e00.1688.com;https://detail.1688.com/offer/655705385261.html
永定区束贻桂服装店;https://shop60ui29a735790.1688.com;https://detail.1688.com/offer/651625277136.html
广州奇想科技有限公司;https://shop2582696423uk8.1688.com;https://detail.1688.com/offer/656004042774.html
广信区春顺电子商务经营部;https://shop484o9s5746u78.1688.com;https://detail.1688.com/offer/644244527403.html
义乌市芹锦电子商务商行;https://shop11a9416u7a245.1688.com;https://detail.1688.com/offer/631852434559.html
义乌市霸徒电子商务商行;https://shop11436o35z1679.1688.com;https://detail.1688.com/offer/643977939795.html
义乌市霞劲电子商务商行;https://shop859t20r10b370.1688.com;https://detail.1688.com/offer/652297612015.html
万载县柳速欣日用品商行;https://shop5901ol5247501.1688.com;https://detail.1688.com/offer/646570324196.html
义乌市繁宁电子商务商行;https://shop06u957b971528.1688.com;https://detail.1688.com/offer/653574835460.html
义乌市银盒电子商务有限公司;https://shop9185290zz7714.1688.com;https://detail.1688.com/offer/614335503689.html
徐州华宏茧丝有限公司;https://huahongsilk.1688.com;https://detail.1688.com/offer/641347532016.html
义乌市沃安饰品有限公司;https://woanshipin.1688.com;https://detail.1688.com/offer/555691085747.html
义乌市冰冰饰品有限公司;https://shop7e83146916445.1688.com;https://detail.1688.com/offer/650372634987.html
义乌市三态饰品有限公司;https://santai3333.1688.com;https://detail.1688.com/offer/640622006029.html
漳州开发区藤笑柳百货店;https://shop883x7343k4p44.1688.com;https://detail.1688.com/offer/645840956988.html
义乌市风扬饰品有限公司;https://shop6t6x686237269.1688.com;https://detail.1688.com/offer/650224468683.html
义乌市心喜贸易有限公司;https://yiwuxinxi.1688.com;https://detail.1688.com/offer/654151549798.html
深圳聚得鑫贸易有限公司;https://shop22680443s6h38.1688.com;https://detail.1688.com/offer/650458856796.html
余江区迪天经营部;https://shop651z699s057s3.1688.com;https://detail.1688.com/offer/652830079480.html
余江区洋湾经营部;https://shop7pw8935o27623.1688.com;https://detail.1688.com/offer/652318955291.html
义乌市常彪电子商务商行;https://nirengongyi.1688.com;https://detail.1688.com/offer/522600490820.html
玉林市玉州区尤典百货店;https://shop7g31979585313.1688.com;https://detail.1688.com/offer/646545498597.html
遂昌阳尚贸易商行;https://shop18b4l32942928.1688.com;https://detail.1688.com/offer/645064266193.html
丹阳市界牌镇伦宇常家居用品厂;https://shop30271hh363118.1688.com;https://detail.1688.com/offer/652368376077.html
义乌市韩饰界电子科技有限公司;https://shop343b88869jj94.1688.com;https://detail.1688.com/offer/646820611288.html
永定区伟洪秀网店;https://shop0927z2152q690.1688.com;https://detail.1688.com/offer/639386801131.html
尤溪县哗复网店;https://shop1j71989497159.1688.com;https://detail.1688.com/offer/651415890600.html
余姚市微月电器商行;https://shop51689956u7g80.1688.com;https://detail.1688.com/offer/650989670443.html
余姚市际云电器商行;https://shop6611637p2pw93.1688.com;https://detail.1688.com/offer/649132676126.html
新罗区米蘭街百货店;https://shop9i16074n54898.1688.com;https://detail.1688.com/offer/651997219286.html
高新区枫桥元晶隆服饰商行;https://shop7h6745s244949.1688.com;https://detail.1688.com/offer/653001638504.html
新罗区量东暇百货商行;https://shop50x391074y284.1688.com;https://detail.1688.com/offer/650811441067.html
余江区小蓉芙贸易商行;https://shop1977y77c2v783.1688.com;https://detail.1688.com/offer/652043241120.html
新罗区金舞花百货商行;https://shop27785mu839m94.1688.com;https://detail.1688.com/offer/646693050364.html
广州微虹贸易商行;https://shop947683588a8p4.1688.com;https://detail.1688.com/offer/655550258619.html
南平市建阳区林农赵太百货店;https://shop433618tv458b9.1688.com;https://detail.1688.com/offer/652755638561.html
万载县祥辉日用品经营部;https://shop67180p561pn31.1688.com;https://detail.1688.com/offer/652004664585.html
佛山市禅城区永谦鹏日用品商店;https://shop994066wt50492.1688.com;https://detail.1688.com/offer/631989879634.html
丰泽区免按百货网店;https://shop721t745995a26.1688.com;https://detail.1688.com/offer/653779971698.html
义乌市艾亿饰品有限公司;https://shop3f877577806f6.1688.com;https://detail.1688.com/offer/641596259825.html
广州市黄埔区张书华服装有限公司;https://shop184448477dw71.1688.com;https://detail.1688.com/offer/642837154358.html
苏州西颜子丝绸有限公司;https://shop0798313914l49.1688.com;https://detail.1688.com/offer/654696143248.html
义乌市沫妍贸易有限公司;https://shop4ny40974586i3.1688.com;https://detail.1688.com/offer/639024417101.html
苏州蝶绣丝绸有限公司;https://diexiusilk.1688.com;https://detail.1688.com/offer/617533827517.html
义乌市坞头饰品有限公司;https://shop99e38159c8636.1688.com;https://detail.1688.com/offer/641578956766.html
义乌市鸢语电子商务有限公司;https://shop2hk4791934662.1688.com;https://detail.1688.com/offer/635456933905.html
义乌市京濠电子商务有限公司;https://shop2t61b009167a8.1688.com;https://detail.1688.com/offer/647394956051.html
义乌市艾诺电子商务商行;https://shop67704t30492h4.1688.com;https://detail.1688.com/offer/641632225980.html
义乌市未然饰品有限公司;https://shop906g76413c6g8.1688.com;https://detail.1688.com/offer/653553052610.html
广州市花都区狮岭华挚皮具店;https://shop95052393j4q40.1688.com;https://detail.1688.com/offer/640574694593.html
浦江县呆丸电子商务有限公司;https://daiwan.1688.com;https://detail.1688.com/offer/606608797895.html
新罗区西虾百货商行;https://shop493655174e278.1688.com;https://detail.1688.com/offer/652893299534.html
新罗区城清叶百货商行;https://shop29c21524q71t0.1688.com;https://detail.1688.com/offer/649154101649.html
泉州市拾梦网络科技有限公司;https://shop1i5i83b078877.1688.com;https://detail.1688.com/offer/653287257534.html
台州市黄岩远语日用品商行;https://shop40n09f98888h1.1688.com;https://detail.1688.com/offer/644170348312.html
苏州辑里丝绸有限公司;https://jlsilk.1688.com;https://detail.1688.com/offer/639006893628.html
佛山市南海区伊永百货商行;https://shop5411z22f954w1.1688.com;https://detail.1688.com/offer/647621837308.html
福州市仓山区湾流服装工作室;https://shop531i085h10368.1688.com;https://detail.1688.com/offer/655095484601.html
东莞市虎门百森榕服饰商行;https://shop5061n5v4998m7.1688.com;https://detail.1688.com/offer/655095484638.html
新罗区昂索曙百货店;https://shop537033b6726n5.1688.com;https://detail.1688.com/offer/655989150151.html
新罗区司业韵百货店;https://shop2x896001jx773.1688.com;https://detail.1688.com/offer/655097052435.html
浙江燊耀商贸有限公司;https://shop66036v7328749.1688.com;https://detail.1688.com/offer/651192527283.html
义乌市诺啄电子商务商行;https://shop2r0731i015322.1688.com;https://detail.1688.com/offer/654227719003.html
义乌市振昕贸易有限公司;https://shop3o09500145950.1688.com;https://detail.1688.com/offer/625142175916.html
丰泽区帕蝶百货网店;https://shop835e691o41932.1688.com;https://detail.1688.com/offer/653665746109.html
义乌市晟处日用百货商行;https://shop1s6zs96843715.1688.com;https://detail.1688.com/offer/650273462091.html
高新区枫桥雅施顿服装商行;https://shop6n3502407z352.1688.com;https://detail.1688.com/offer/655962942290.html
成华区景业商贸部;https://shop8284425v92d19.1688.com;https://detail.1688.com/offer/650459890895.html
西安市未央区秋艺映贸易商行;https://shop7z9yx68099489.1688.com;https://detail.1688.com/offer/643392013041.html
新罗区博名百货商行;https://shop73tg137102917.1688.com;https://detail.1688.com/offer/642656208980.html
惠州市惠阳区新圩吉兴门窗店;https://shop596741s7l0062.1688.com;https://detail.1688.com/offer/636189315636.html
义乌市赛航饰品有限公司;https://shop1448902734698.1688.com;https://detail.1688.com/offer/627785393049.html
淮南芸炻商贸有限公司;https://shop2j4b5j3599678.1688.com;https://detail.1688.com/offer/645088051504.html
龚辉仕;https://shop1398790738708.1688.com;https://detail.1688.com/offer/650928423570.html
义乌市盯润电子商务商行;https://shop725777295q018.1688.com;https://detail.1688.com/offer/652518753071.html
海口龙华区朝泰一贸易商行;https://shop69c8s91015542.1688.com;https://detail.1688.com/offer/653435671529.html
乐平市新鑫门窗店;https://shop77x8f7944z135.1688.com;https://detail.1688.com/offer/634082998714.html
深圳市岗雅齐科技有限公司;https://shop38n434f640f14.1688.com;https://detail.1688.com/offer/650350083789.html
五华县横陂镇凌志原商行;https://shop6n427816267y8.1688.com;https://detail.1688.com/offer/643744904533.html
义乌市娇萌电子商务有限公司;https://jewelrydiy.1688.com;https://detail.1688.com/offer/636834902318.html
余江区海余商贸商行;https://shop13y173h8z7791.1688.com;https://detail.1688.com/offer/652461029616.html
义乌市使帆电子商务商行;https://shop68501066tp222.1688.com;https://detail.1688.com/offer/651454548587.html
柘荣县周日日用品经营部;https://shop51106a8ee4002.1688.com;https://detail.1688.com/offer/652731651192.html
义乌市缘浏电子商务商行;https://shop11d6451512v37.1688.com;https://detail.1688.com/offer/653223445352.html
遂昌铃美日用百货商行;https://shop59426s2319i27.1688.com;https://detail.1688.com/offer/644681513799.html
杭州余杭区乔司街道劲多服饰商行;https://shop06949kq9k53t8.1688.com;https://detail.1688.com/offer/654357604153.html
西安市未央区凯吉润贸易商行;https://shop9u21369w56g40.1688.com;https://detail.1688.com/offer/647692599536.html
深圳市宝安区石岩街道万兴百货商行;https://shop34449k30c8068.1688.com;https://detail.1688.com/offer/638392248933.html
武汉市嘉威隆商贸商行;https://shop1i5q1215402j6.1688.com;https://detail.1688.com/offer/654193750099.html
台州市黄岩康码日用品商行;https://shop05m489234m625.1688.com;https://detail.1688.com/offer/645240967872.html
丹阳市界牌镇恒月灵家居用品厂;https://shop80e238s4n3861.1688.com;https://detail.1688.com/offer/655074900643.html
霞浦县妍莫日用品经营部;https://shop76247840s4845.1688.com;https://detail.1688.com/offer/634845735794.html
西安市未央区翔睿映贸易商行;https://shop739s203923s79.1688.com;https://detail.1688.com/offer/646901651692.html
深圳市宝安区沙井街道利利顺百货商行;https://shop767f7824q6825.1688.com;https://detail.1688.com/offer/642127505867.html
商丘市梁园区正函日用百货商行;https://shop2u871u15b5o16.1688.com;https://detail.1688.com/offer/646824858385.html
深圳市宝安区盛鑫鸿百货商行;https://shop0258775719405.1688.com;https://detail.1688.com/offer/638266400872.html
东莞市起点精密机械设备有限公司;https://shop47483t3g41249.1688.com;https://detail.1688.com/offer/641927904365.html
高新区枫桥特俞百货商行;https://shop36kfw322w6194.1688.com;https://detail.1688.com/offer/654451447320.html
东莞市松美饰品有限公司;https://shop1463072677605.1688.com;https://detail.1688.com/offer/642664846213.html
润州区奇之络百货商行;https://shop59744hm1953h0.1688.com;https://detail.1688.com/offer/644143014657.html
深圳市万顺春贸易有限公司;https://shop91844d650l714.1688.com;https://detail.1688.com/offer/641651160327.html
遂昌锐若日用百货商行;https://shop07h83668p2309.1688.com;https://detail.1688.com/offer/643742768414.html
余江区吉百立贸易商行;https://shop6269e61195ee7.1688.com;https://detail.1688.com/offer/651147020241.html
余江区程美腾电子商务商行;https://shop0189qx8473904.1688.com;https://detail.1688.com/offer/651377900124.html
东莞市虎门朗居电子商务经营部;https://shop2l4023r939q28.1688.com;https://detail.1688.com/offer/654648557391.html
广州誉洋贸易有限公司;https://shop9n843o7o95459.1688.com;https://detail.1688.com/offer/655200883320.html
深圳市宝安区生生商贸店;https://shop907wv812061w2.1688.com;https://detail.1688.com/offer/650298185379.html
浦江县优佳咪电子商务有限公司;https://youjiami.1688.com;https://detail.1688.com/offer/594398346680.html
义乌市尼新电子商务商行;https://15nixin.1688.com;https://detail.1688.com/offer/604710571881.html
义乌市樱草电子商务有限公司;https://shop766167f66y231.1688.com;https://detail.1688.com/offer/616887398328.html
新罗区涛丰艺百商行;https://shop1402874b00942.1688.com;https://detail.1688.com/offer/645028984646.html
台州市鼎川工贸有限公司;https://tzdingchuan.1688.com;https://detail.1688.com/offer/640312995754.html
义乌市唐蕊饰品厂;https://shop5z8314u9q5113.1688.com;https://detail.1688.com/offer/614767743363.html
新罗区丽哲百货店;https://shop219k45d35h383.1688.com;https://detail.1688.com/offer/648893143840.html
五华县横陂镇艳秋高商贸部;https://shop853268s9548p2.1688.com;https://detail.1688.com/offer/649051724234.html
尤溪县嘉磊商行;https://shop085389ht545x6.1688.com;https://detail.1688.com/offer/642969381124.html
广丰区杨纪红百货店;https://shop2p27v1m747596.1688.com;https://detail.1688.com/offer/652996281365.html
睢宁县店一元家居店;https://shop3417813z2h8i3.1688.com;https://detail.1688.com/offer/652857507953.html
广州市天河区棠下寅卯贸易商行;https://shop3969058ifc433.1688.com;https://detail.1688.com/offer/649259377438.html
五华县横陂镇珍露香商贸部;https://shop62573rn29u931.1688.com;https://detail.1688.com/offer/649056846658.html
朝阳区雪海商贸行;https://shop802286s37f489.1688.com;https://detail.1688.com/offer/653061374324.html
广州翊善贸易商行;https://shop8149734911299.1688.com;https://detail.1688.com/offer/643611788615.html
义乌市恍波电子商务商行;https://shop2687264ep33x7.1688.com;https://detail.1688.com/offer/654642676348.html
义乌市目振日用百货商行;https://shop03r88u419w225.1688.com;https://detail.1688.com/offer/652341540066.html
义乌市缅开电子商务商行;https://shop72u09w111w326.1688.com;https://detail.1688.com/offer/652026164271.html
连城县巧由觅百货店;https://shop93026080f8581.1688.com;https://detail.1688.com/offer/652625452286.html
吴跃兴;https://shop303r9f972f969.1688.com;https://detail.1688.com/offer/641643869382.html
新沂市王兆英服装店;https://shop5f35772b627o9.1688.com;https://detail.1688.com/offer/651699562714.html
润州区闰之年百货商行;https://shop06786517n7y58.1688.com;https://detail.1688.com/offer/652443997474.html
义乌市翔扉电子商务商行;https://shop4607j8625aq12.1688.com;https://detail.1688.com/offer/650119067824.html
青白江泽佰雅秋商贸部;https://shop15l3p74614259.1688.com;https://detail.1688.com/offer/652999298715.html
尤溪县多金夫商行;https://shop8435282042477.1688.com;https://detail.1688.com/offer/646711815773.html
永定区实极徊百货商行;https://shop246107g281640.1688.com;https://detail.1688.com/offer/649877963159.html
台州市金岩工艺品有限公司;https://shop61cx5i3552333.1688.com;https://detail.1688.com/offer/640932175422.html
柘荣县角村日用品经营部;https://shop12u1790r83y92.1688.com;https://detail.1688.com/offer/646200142604.html
义乌市莘选电子商务有限公司;https://shop4194772ms29k1.1688.com;https://detail.1688.com/offer/651390765856.html
义乌市伊唧饰品有限公司;https://nxspc.1688.com;https://detail.1688.com/offer/584506392950.html
义乌市问道电子商务有限公司;https://shop331a274x2s0s0.1688.com;https://detail.1688.com/offer/642152491409.html
淄博大染坊丝绸集团有限公司;https://daranfanggroup.1688.com;https://detail.1688.com/offer/621521994692.html
义乌市润特饰品有限公司;https://sunfangwei8.1688.com;https://detail.1688.com/offer/643055405110.html
苏州锦蕴纺织科技有限公司;https://shop16545c13t1369.1688.com;https://detail.1688.com/offer/655219623092.html
义乌千芙饰品有限公司;https://shop1404528103758.1688.com;https://detail.1688.com/offer/607880704025.html
佛山市禅城区小耐斯百货店;https://shop8z0512o10q059.1688.com;https://detail.1688.com/offer/636546279565.html
遂昌劳霖日用百货商行;https://shop1824796240291.1688.com;https://detail.1688.com/offer/652519229316.html
佛山市科曼达电子商务有限公司;https://shop5758q60b45658.1688.com;https://detail.1688.com/offer/646605124644.html
宁波百友贸易有限公司;https://bingbing.1688.com;https://detail.1688.com/offer/635623939742.html
高新区枫桥润弘晶服装商行;https://shop30809400874j9.1688.com;https://detail.1688.com/offer/653339184790.html
新罗区锦素美百货店;https://shop9lc77c0053182.1688.com;https://detail.1688.com/offer/655220521219.html
徐州东临纺织有限公司;https://dolidolin.1688.com;https://detail.1688.com/offer/650271145766.html
永定区翘雪密百货店;https://shop1229441740g66.1688.com;https://detail.1688.com/offer/642439745583.html
通山县瑞珀百货店;https://shop521g89u537784.1688.com;https://detail.1688.com/offer/633329939929.html
遂昌格伟贸易商行;https://shop10da961q32014.1688.com;https://detail.1688.com/offer/644342656440.html
兰山区九山百货店;https://shop79y3495647424.1688.com;https://detail.1688.com/offer/644291441390.html
新沂市本之喜家居用品部;https://shop5767188892170.1688.com;https://detail.1688.com/offer/652374168023.html
义乌市颍泽贸易有限公司;https://shop20i63r5338392.1688.com;https://detail.1688.com/offer/616673655931.html
广州哈琳娜饰品厂;https://harrina.1688.com;https://detail.1688.com/offer/640498091423.html
义乌市美泽日用品有限公司;https://mengraosp.1688.com;https://detail.1688.com/offer/655279711069.html
浙江义乌菲蓝贸易有限公司;https://shop601075176fm44.1688.com;https://detail.1688.com/offer/633189408236.html
余江区繁花电子商务商行;https://shop84962j9e59j71.1688.com;https://detail.1688.com/offer/651374360555.html
余江区新明电子商务商行;https://shop08h97t73805s1.1688.com;https://detail.1688.com/offer/652385770425.html
高新区枫桥晶尚敏百货商行;https://shop178467uu26673.1688.com;https://detail.1688.com/offer/655948487107.html
宁海县晶瑜电子商务商行;https://shop0ys110231c149.1688.com;https://detail.1688.com/offer/655425774838.html
嘉尚新（深圳）建材有限公司;https://shop5519540e24783.1688.com;https://detail.1688.com/offer/655833350858.html
新罗区卓芸百货商行;https://shop4ss29262d3756.1688.com;https://detail.1688.com/offer/656135135911.html
义乌市义多广贸易有限公司;https://shop5791w74o41n67.1688.com;https://detail.1688.com/offer/643868138683.html
高新区枫桥凯莱福百货商行;https://shop000te90719426.1688.com;https://detail.1688.com/offer/655197624300.html
义乌市湘捺电子商务商行;https://shop93991424c6965.1688.com;https://detail.1688.com/offer/655962011043.html
义乌市蒲钻电子商务商行;https://shop1358592219982.1688.com;https://detail.1688.com/offer/611044002720.html
杭州余杭区乔司街道宾越五金商行;https://shop8388j836dd270.1688.com;https://detail.1688.com/offer/653630568061.html
佛山市禅城区发鑫顺鞋店;https://shop0900p45712339.1688.com;https://detail.1688.com/offer/639440983688.html
义乌市缀美服装厂;https://zhangle3688.1688.com;https://detail.1688.com/offer/616178775193.html
丹阳市界牌镇时全德五金加工厂;https://shop8278g717tt732.1688.com;https://detail.1688.com/offer/645868503503.html
万载县环旭日用品经营部;https://shop23712143w33p7.1688.com;https://detail.1688.com/offer/650589878629.html
柘荣县庆图日用品经营部;https://shop7963428g6g051.1688.com;https://detail.1688.com/offer/650866499698.html
义乌市亚誉电子商务商行;https://shop960952jz62422.1688.com;https://detail.1688.com/offer/650122381007.html
余江区鑫辉经营部;https://shop7150238aa3556.1688.com;https://detail.1688.com/offer/655572655537.html
柘荣县庆方日用品经营部;https://shop81y8544775452.1688.com;https://detail.1688.com/offer/646956547478.html
山东国蕴蚕丝制品有限公司;https://guoyunsichou.1688.com;https://detail.1688.com/offer/640670707442.html
义乌市沁喆贸易有限公司;https://shop92f625a676183.1688.com;https://detail.1688.com/offer/645579272135.html
鄱阳县能冷松珠宝店;https://shop36203f1006856.1688.com;https://detail.1688.com/offer/649513109341.html
柘荣县角拆日用品经营部;https://shop4m2681e056u23.1688.com;https://detail.1688.com/offer/651429675010.html
万载县倩芬日用品经营部;https://shop16098660k2b66.1688.com;https://detail.1688.com/offer/650795176186.html
汕头市金平区易雷商贸行;https://shop37y888s584026.1688.com;https://detail.1688.com/offer/643441084795.html
柘荣县捷开日用品经营部;https://shop207453n6d6443.1688.com;https://detail.1688.com/offer/645587349082.html
南平市建阳区妲妍妍百货店;https://shop58211c71559f8.1688.com;https://detail.1688.com/offer/645876441929.html
遂昌县赛列日用百货商行;https://shop713ua640u3088.1688.com;https://detail.1688.com/offer/644946044087.html
佛山市蝶恋花饰品有限公司;https://shop29o4804952834.1688.com;https://detail.1688.com/offer/621169771942.html
新罗区智之之百货商行;https://shop0j023455a6103.1688.com;https://detail.1688.com/offer/641565613959.html
平昌县隆泰商贸有限公司;https://shop32966pk9p4481.1688.com;https://detail.1688.com/offer/648944779409.html
永定区仰楚牡百货商行;https://shop7815x68771184.1688.com;https://detail.1688.com/offer/649145069935.html
义乌市赴渊饰品厂;https://shop0a17735g0j476.1688.com;https://detail.1688.com/offer/633937081849.html
义乌市琪艺电子商务有限公司;https://shop1489165776923.1688.com;https://detail.1688.com/offer/654328339422.html
义乌市慕蔻饰品有限公司;https://shop1445878647984.1688.com;https://detail.1688.com/offer/641348250998.html
义乌唯秀饰品有限公司;https://artilady.1688.com;https://detail.1688.com/offer/622242943150.html
上海握泽贸易有限公司;https://shop2236618742mp6.1688.com;https://detail.1688.com/offer/645474775175.html
义乌市礼申饰品有限公司;https://shop1513445y0s840.1688.com;https://detail.1688.com/offer/655704910172.html
苏州市依雯家居服饰有限公司;https://shop0666z99996891.1688.com;https://detail.1688.com/offer/645318683162.html
玉林市玉州区玛咸百货店;https://shop7528806989c35.1688.com;https://detail.1688.com/offer/640807361168.html
东莞市雅艺工艺饰品有限公司;https://yayicy.1688.com;https://detail.1688.com/offer/592504966688.html
台州市黄岩讯妮电子商务商行;https://shop2j92524h8h865.1688.com;https://detail.1688.com/offer/652796657387.html
义乌市卓沐纺织品有限公司;https://shop1410368221294.1688.com;https://detail.1688.com/offer/621716048879.html
余江区小甜贸易商行;https://shop923b75118v3m7.1688.com;https://detail.1688.com/offer/653358092228.html
余江区小顺电子商务商行;https://shop509132032bp21.1688.com;https://detail.1688.com/offer/653134563902.html
义乌市奕菲饰品有限公司;https://yyp4551.1688.com;https://detail.1688.com/offer/1198119101.html
新罗区景瀚聚百货商行;https://shop8v16246630c34.1688.com;https://detail.1688.com/offer/641692948149.html
佛山市南海区科凌驰日用百货商行;https://shop510b31l858724.1688.com;https://detail.1688.com/offer/655530253272.html
义乌市魅斐电子商务商行;https://shop31f24m406i557.1688.com;https://detail.1688.com/offer/652912794172.html
义乌市三方饰品配件商行;https://shop6425k63508669.1688.com;https://detail.1688.com/offer/654112946770.html
义乌市璟行贸易有限公司;https://shop810g325081j07.1688.com;https://detail.1688.com/offer/655524535536.html
义乌市探彩电子商务商行;https://shop6780z19w58655.1688.com;https://detail.1688.com/offer/646904194473.html
金华市薇朵贸易有限公司;https://shop27g9990025426.1688.com;https://detail.1688.com/offer/642893935080.html
金华市金东区芒格电子商务商行;https://shop457a9513f8217.1688.com;https://detail.1688.com/offer/655764770145.html
新罗区敏骁城百货店;https://shop12l6923m18113.1688.com;https://detail.1688.com/offer/642539455873.html
陆川县风尚日用品店;https://shop5r43w12227179.1688.com;https://detail.1688.com/offer/655094040536.html
遂昌沫仟贸易商行;https://shop687d5i6167570.1688.com;https://detail.1688.com/offer/646765963189.html
广州傲柔电子商务有限公司;https://shop94332u66423u0.1688.com;https://detail.1688.com/offer/635007884594.html
丹阳市开发区迪集建百货商行;https://shop4973n75381115.1688.com;https://detail.1688.com/offer/634980409030.html
云霄县敬望鞋帽商行;https://shop92878343u1287.1688.com;https://detail.1688.com/offer/655804238067.html
义乌市翼程电子商务商行;https://yichengdzsw.1688.com;https://detail.1688.com/offer/655907230603.html
义乌市倾城饰品有限公司;https://tonghuali.1688.com;https://detail.1688.com/offer/640219131683.html
城阳区霖昊盛工艺品商行;https://qdlhssp.1688.com;https://detail.1688.com/offer/635329040265.html
义乌市玛丝贸易商行;https://shop6117353f95819.1688.com;https://detail.1688.com/offer/643285896209.html
上饶市安洋饰品有限公司;https://shop7w947cd98z784.1688.com;https://detail.1688.com/offer/647398518344.html
台州市黄岩雷驰日用品商行;https://shop48a747l776l67.1688.com;https://detail.1688.com/offer/645130442674.html
石狮市简峰仁安网络百货商行;https://shop76618x2c16526.1688.com;https://detail.1688.com/offer/652944480763.html
杭州余杭区乔司街道威通百货商行;https://shop28ia999731c26.1688.com;https://detail.1688.com/offer/654269097331.html
磐安沐心贸易有限公司;https://muxinfashion.1688.com;https://detail.1688.com/offer/652844562771.html
义乌市瀚成电子商务有限公司;https://shop1444037569415.1688.com;https://detail.1688.com/offer/648678288027.html
柘荣县角尼日用品经营部;https://shop86f7460976258.1688.com;https://detail.1688.com/offer/646294970553.html
义乌市妙宏饰品有限公司;https://miaohongacc.1688.com;https://detail.1688.com/offer/651808527195.html
义乌市蕾雅饰品有限公司;https://leiyashipin.1688.com;https://detail.1688.com/offer/624694636034.html
义乌市亿莎饰品有限公司;https://shop298z9660ly780.1688.com;https://detail.1688.com/offer/654179020287.html
义乌市圆殊电子商务有限公司;https://shop893l360477954.1688.com;https://detail.1688.com/offer/655034042973.html
义乌市圣熙饰品有限公司;https://shengxi789.1688.com;https://detail.1688.com/offer/645917114699.html
义乌市莱玛电子商务有限公司;https://laimasp.1688.com;https://detail.1688.com/offer/653686496361.html
东阳市江北谱写电子商务商行;https://shop2586v3578y960.1688.com;https://detail.1688.com/offer/631643472189.html
义乌市佑东饰品有限公司;https://shop1447953047790.1688.com;https://detail.1688.com/offer/631734091149.html
台州市黄岩邦磊日用品商行;https://shop5084m71147071.1688.com;https://detail.1688.com/offer/645382327560.html
杭州余杭区乔司街道鑫茂服饰商行;https://shop05c3075o66503.1688.com;https://detail.1688.com/offer/654506449448.html
余江区尔高经营部;https://shop2p31372c02141.1688.com;https://detail.1688.com/offer/654670104228.html
义乌市大畅电子商务商行;https://shop4h4r81s178239.1688.com;https://detail.1688.com/offer/628384131507.html
袁州区风依网络工作室;https://shop0994777k19272.1688.com;https://detail.1688.com/offer/654415353633.html
万载县静省片日用品经营部;https://shop63y47731wy413.1688.com;https://detail.1688.com/offer/650037144298.html
义乌市千姿饰品有限公司;https://qianzic.1688.com;https://detail.1688.com/offer/619313709271.html
云霄县凌妮百货店;https://shop76t9f33342773.1688.com;https://detail.1688.com/offer/646967256169.html
义乌市骍隆电子商务商行;https://shop684n393892646.1688.com;https://detail.1688.com/offer/650434136697.html
义乌市邓安电子商务商行;https://shop643h3875h5736.1688.com;https://detail.1688.com/offer/650364882470.html
深圳市米尤贸易有限公司;https://shop2061454c17197.1688.com;https://detail.1688.com/offer/634288974563.html
万载县宾兴日用品商行;https://shop13504162r9251.1688.com;https://detail.1688.com/offer/651122858129.html
义乌市涧楠百货商行;https://shop3998s92ph1250.1688.com;https://detail.1688.com/offer/653655023821.html
佛山市南海区卿莱尼五金厂;https://shop3q962891e3352.1688.com;https://detail.1688.com/offer/641295385382.html
义乌市姚萱饰品有限公司;https://shop318809u201797.1688.com;https://detail.1688.com/offer/630877529931.html
尤溪县火的鸟商行;https://shop898j665035276.1688.com;https://detail.1688.com/offer/654966292224.html
广州笛安商贸有限公司;https://shop86802208654c9.1688.com;https://detail.1688.com/offer/656230607688.html
临海市敖意电子商务商行;https://shop7739044hi7186.1688.com;https://detail.1688.com/offer/650352322723.html
义乌市蜜舍饰品厂;https://nvshe.1688.com;https://detail.1688.com/offer/604826677151.html
东阳市俊涵饰品有限公司;https://junhansp.1688.com;https://detail.1688.com/offer/630455611236.html
义乌市华娟饰品有限公司;https://huajuanshipin.1688.com;https://detail.1688.com/offer/638037552634.html
上海介和贸易有限公司;https://jhggmm.1688.com;https://detail.1688.com/offer/1225469439.html
义乌市炜翼饰品有限公司;https://shop595965s65u216.1688.com;https://detail.1688.com/offer/651290323531.html
云霄县山府文具店;https://shop0132j9d1875d9.1688.com;https://detail.1688.com/offer/654462810279.html
五华县横陂镇梁庆科技馆;https://shop456a21a531734.1688.com;https://detail.1688.com/offer/650252292027.html
南昌万纳网络科技有限公司;https://wanna2021.1688.com;https://detail.1688.com/offer/640949073946.html
通山县康拍百货店;https://shop7i289w47315i6.1688.com;https://detail.1688.com/offer/634367357919.html
余江区东江湖百货店;https://shop4o20328886m50.1688.com;https://detail.1688.com/offer/655958107650.html
余江区高飞飞电子商务商行;https://shop9765652s93969.1688.com;https://detail.1688.com/offer/655014623281.html
新罗区度锐百货商行;https://shop205q1995q9639.1688.com;https://detail.1688.com/offer/654821935113.html
佛山市南海区桂城檀悦电子商务经营部;https://shop52180gt580670.1688.com;https://detail.1688.com/offer/643586562995.html
义乌市钻博电子商务商行;https://zuanbomvp.1688.com;https://detail.1688.com/offer/636788011774.html
佛山市禅城区鑫驰哈服装厂;https://shop21142586u9v59.1688.com;https://detail.1688.com/offer/649931102766.html
义乌市麟凯贸易商行;https://shop4d00445723k83.1688.com;https://detail.1688.com/offer/645597666442.html
义乌市姣胜饰品配件商行;https://jiaoshengshiping.1688.com;https://detail.1688.com/offer/640171282238.html
义乌市笑妘电子商务商行;https://shop57fd661433252.1688.com;https://detail.1688.com/offer/598539671091.html
义乌麒敏饰品有限公司;https://xssj5225.1688.com;https://detail.1688.com/offer/602457230824.html
义乌市寰羽电子商务商行;https://yiwuhuanyu.1688.com;https://detail.1688.com/offer/616104804141.html
义乌市凤淘电子商务有限公司;https://shop101s196514o12.1688.com;https://detail.1688.com/offer/645728515909.html
义乌市静朵贸易有限公司;https://shop0038a88a6t774.1688.com;https://detail.1688.com/offer/636940323956.html
义乌市之妮电子商务有限公司;https://shop550k4681978z3.1688.com;https://detail.1688.com/offer/647054577392.html
深圳市云尚达贸易有限公司;https://shop206j887j3t035.1688.com;https://detail.1688.com/offer/653808973870.html
袁州区随风网络工作室;https://shop92y25611b4132.1688.com;https://detail.1688.com/offer/655943983356.html
余江区莱翔经营部;https://shop3720055577007.1688.com;https://detail.1688.com/offer/654732224730.html
义乌市制梦电子商务商行;https://shop3386r8x1915w0.1688.com;https://detail.1688.com/offer/655130133758.html
万载县高轴会百货店;https://shop676760p4507v8.1688.com;https://detail.1688.com/offer/655014341443.html
高新区枫桥光迅嘉服装商行;https://shop59n5415506638.1688.com;https://detail.1688.com/offer/655791030158.html
高新区枫桥真诗好百货商行;https://shop4qq3946748836.1688.com;https://detail.1688.com/offer/651326623263.html
丹阳市界牌镇阿之荷家居用品厂;https://shop40865u0074431.1688.com;https://detail.1688.com/offer/649743591305.html
鄱阳县祖子萱服装商行;https://shop16621m993n261.1688.com;https://detail.1688.com/offer/649853470550.html
高新区枫桥顺如祥贸易商行;https://shop0202v1w781q91.1688.com;https://detail.1688.com/offer/654499069341.html
淮南经济技术开发区正乾百货经营部;https://shop824ea26330390.1688.com;https://detail.1688.com/offer/642238869300.html
山南新区双先百货商行;https://shop94n7y56815492.1688.com;https://detail.1688.com/offer/651121414959.html
五华县水寨镇裕航百货商店;https://shop0137844526229.1688.com;https://detail.1688.com/offer/643985803609.html
镇平县景腾玉器店;https://shop88u5752590w06.1688.com;https://detail.1688.com/offer/643917312027.html
宁海莉枝升泰电子商务商行;https://shop012h596a27325.1688.com;https://detail.1688.com/offer/656034823327.html
深圳市晟轩汽配贸易有限公司;https://shop0m3534366y986.1688.com;https://detail.1688.com/offer/635630643342.html
永定区巧立聪网店;https://shop7b291248b3294.1688.com;https://detail.1688.com/offer/650422469098.html
佛山市禅城区通利拓五金贸易商行;https://shop8v05r49092932.1688.com;https://detail.1688.com/offer/630312680104.html
义乌市佑勋电子商务有限公司;https://shop49186j38zg505.1688.com;https://detail.1688.com/offer/614210903033.html
义乌市泽茂进出口有限公司;https://shop4c53003100270.1688.com;https://detail.1688.com/offer/622364812014.html
浦江县萱源饰品厂;https://shop5584406150068.1688.com;https://detail.1688.com/offer/603445701477.html
义乌佐哲贸易有限公司;https://ywzzmy.1688.com;https://detail.1688.com/offer/618548961198.html
义乌市恒月饰品有限公司;https://shop0321593i60vo2.1688.com;https://detail.1688.com/offer/648151356218.html
义乌市仟晔贸易有限公司;https://shop712s235pw0016.1688.com;https://detail.1688.com/offer/650570454048.html
义乌市庆翔饰品有限公司;https://shop3978k55494058.1688.com;https://detail.1688.com/offer/644885566235.html
义乌市臻逸日用百货有限公司;https://shop5833t68y248t5.1688.com;https://detail.1688.com/offer/649360393524.html
柘荣县楷因日用品经营部;https://shop073q1y7j23641.1688.com;https://detail.1688.com/offer/652813775418.html
义乌市海罗饰品有限公司;https://shop8586079h67653.1688.com;https://detail.1688.com/offer/618806440842.html
义乌市凌烨饰品有限公司;https://shop72194p9483125.1688.com;https://detail.1688.com/offer/631292403991.html
鄱阳县淳嘉悦百货店;https://shop0704931664gj6.1688.com;https://detail.1688.com/offer/649038296202.html
玉林市玉州区忆耿智百货店;https://shop34y275p8g8931.1688.com;https://detail.1688.com/offer/651700062559.html
佛山市南海区雨馨莱服饰厂;https://shop5119k640l2418.1688.com;https://detail.1688.com/offer/642480387164.html
陆川县凡宜日用品店;https://shop2198g40200173.1688.com;https://detail.1688.com/offer/651457759582.html
义乌市格蔬电子商务商行;https://shop1p04a03868280.1688.com;https://detail.1688.com/offer/651386615146.html
佛山市南海区雕阐舞家具厂;https://shop1124z7z568334.1688.com;https://detail.1688.com/offer/650240563786.html
兰山区骆骆百货店;https://shop585l627291185.1688.com;https://detail.1688.com/offer/654968154078.html
金华市妍平贸易有限公司;https://shop5v5896n56n596.1688.com;https://detail.1688.com/offer/640890350968.html
义乌市甜夏饰品厂;https://shop624d336688084.1688.com;https://detail.1688.com/offer/649393535634.html
