义乌市欧伊茜电子商务有限公司;https://shop409y2d7010521.1688.com;https://detail.1688.com/offer/571262806239.html
义乌市团铭电子商务有限公司;https://shop1393347193811.1688.com;https://detail.1688.com/offer/564728461489.html
义乌市慈钛贸易有限公司;https://shop1456764769191.1688.com;https://detail.1688.com/offer/606632055117.html
义乌市麦浪电子商务有限公司;https://shop1488269626285.1688.com;https://detail.1688.com/offer/597050381146.html
柘荣县角尼日用品经营部;https://shop86f7460976258.1688.com;https://detail.1688.com/offer/652251472385.html
万载县腹娇等百货店;https://shop9b1415ev39823.1688.com;https://detail.1688.com/offer/654248736180.html
漳州开发区会雯韵百货店;https://shop94337o305z274.1688.com;https://detail.1688.com/offer/655782462413.html
泉州市拾梦网络科技有限公司;https://shop1i5i83b078877.1688.com;https://detail.1688.com/offer/649999507861.html
余江区偌慧经营部;https://shop2158240687t51.1688.com;https://detail.1688.com/offer/652183201004.html
柘荣县楷声日用品经营部;https://shop919sr48055l08.1688.com;https://detail.1688.com/offer/648010349051.html
三门轻司贸易商行;https://shop0510406159194.1688.com;https://detail.1688.com/offer/652408845374.html
柘荣县角词日用品经营部;https://shop1g709u1661548.1688.com;https://detail.1688.com/offer/650992017300.html
万载县升棍阳百货店;https://shop7308x766a6033.1688.com;https://detail.1688.com/offer/655182423771.html
余江区祥朔经营部;https://shop2592786x79717.1688.com;https://detail.1688.com/offer/654582428511.html
余江区福凤经营部;https://shop17g80f0539307.1688.com;https://detail.1688.com/offer/655328091752.html
袁州区婉雅网络工作室;https://shop3i121853i6338.1688.com;https://detail.1688.com/offer/653978848195.html
历城区成旭尧百货商行;https://shop85818x9uo1953.1688.com;https://detail.1688.com/offer/655668519972.html
万载县欧龚启百货商行;https://shop629q8516z4z97.1688.com;https://detail.1688.com/offer/654835793589.html
余江区昂馨经营部;https://shop5673u59084q83.1688.com;https://detail.1688.com/offer/655341465534.html
余江区太浩经营部;https://shop841573u5u5648.1688.com;https://detail.1688.com/offer/655338937993.html
袁州区风依网络工作室;https://shop0994777k19272.1688.com;https://detail.1688.com/offer/656374895981.html
余江区尔高经营部;https://shop2p31372c02141.1688.com;https://detail.1688.com/offer/656093014787.html
余江区圣怡经营部;https://shop9249v91g69808.1688.com;https://detail.1688.com/offer/655715993505.html
余江区晨美经营部;https://shop9j82802u483c2.1688.com;https://detail.1688.com/offer/656113011982.html
义乌市盯润电子商务商行;https://shop725777295q018.1688.com;https://detail.1688.com/offer/653191319265.html
义乌市冀岗电子商务商行;https://shop2634710758b57.1688.com;https://detail.1688.com/offer/653486419408.html
义乌市川兹服饰有限公司;https://ererfushi.1688.com;https://detail.1688.com/offer/565184832512.html
柘荣县角村日用品经营部;https://shop12u1790r83y92.1688.com;https://detail.1688.com/offer/651423610059.html
义乌市念灿饰品有限公司;https://shop1467824892842.1688.com;https://detail.1688.com/offer/557594303599.html
义乌市妙姿饰品有限公司;https://shop1482771688951.1688.com;https://detail.1688.com/offer/559371122862.html
柘荣县角麻日用品经营部;https://shop44108p6756k89.1688.com;https://detail.1688.com/offer/651418186384.html
余江区天朴经营部;https://shop73m4747017445.1688.com;https://detail.1688.com/offer/654821313329.html
万载县宾兴日用品商行;https://shop13504162r9251.1688.com;https://detail.1688.com/offer/649793920134.html
义乌市厚盾电子商务商行;https://shop106434x85n9j8.1688.com;https://detail.1688.com/offer/650659126459.html
南平市建阳区练光纬百货店;https://shop1372um9879169.1688.com;https://detail.1688.com/offer/651563132263.html
柘荣县声果日用品经营部;https://shop42x54k1344396.1688.com;https://detail.1688.com/offer/651413038075.html
义乌市跃视电子商务商行;https://shop40684181w8w28.1688.com;https://detail.1688.com/offer/651910464984.html
柘荣县周日日用品经营部;https://shop51106a8ee4002.1688.com;https://detail.1688.com/offer/650565891395.html
义乌市冉色电子商务商行;https://shop7986t8h334480.1688.com;https://detail.1688.com/offer/650143823495.html
义乌市麦迪饰品有限公司;https://shop98656885453d4.1688.com;https://detail.1688.com/offer/588629684772.html
义乌市政翰花边厂;https://kxnjdhb.1688.com;https://detail.1688.com/offer/531382754108.html
云霄县敬望鞋帽商行;https://shop92878343u1287.1688.com;https://detail.1688.com/offer/654253408904.html
河南优拉国际贸易有限公司;https://shop3vm038o404309.1688.com;https://detail.1688.com/offer/623773716568.html
义乌市诗意电子商务商行;https://shop7z90744048e00.1688.com;https://detail.1688.com/offer/583704830674.html
河南布菲新娘饰品有限公司;https://shop091374746u468.1688.com;https://detail.1688.com/offer/643169914913.html
广州龙仕隆贸易商行;https://shop8042832kv9v92.1688.com;https://detail.1688.com/offer/645838537992.html
通山县芳批百货店;https://shop47pp045s51224.1688.com;https://detail.1688.com/offer/644790582847.html
余江区琦欧经营部;https://shop3235j3w4639h5.1688.com;https://detail.1688.com/offer/654603656518.html
万载县高轴会百货店;https://shop676760p4507v8.1688.com;https://detail.1688.com/offer/654858490969.html
广州市荔湾区山鹏丽饰品配件商行;https://shop3961114t46r40.1688.com;https://detail.1688.com/offer/554208400842.html
义乌市丽源饰品厂;https://shop4h4l539575j76.1688.com;https://detail.1688.com/offer/613699138404.html
广州越秀区欣倪商贸有限公司;https://shop899d3685d3801.1688.com;https://detail.1688.com/offer/649073268844.html
义乌市兰西服饰有限公司;https://jijiangan99.1688.com;https://detail.1688.com/offer/520626650527.html
新罗区卡咖百货商行;https://shop60s249cc9u682.1688.com;https://detail.1688.com/offer/654984045528.html
义乌市昌旭针织有限公司;https://shop1488388149754.1688.com;https://detail.1688.com/offer/598005553648.html
义乌市辉骁电子商务商行;https://shop1414673379187.1688.com;https://detail.1688.com/offer/591543863418.html
袁州区楠烟网络工作室;https://shop653224db6d762.1688.com;https://detail.1688.com/offer/655138442836.html
袁州区从未网络工作室;https://shop17af6434q0333.1688.com;https://detail.1688.com/offer/654910429470.html
余江区贵欣经营部;https://shop17971k1501sv7.1688.com;https://detail.1688.com/offer/655186051182.html
袁州区北梦网络工作室;https://shop9055836aa19o2.1688.com;https://detail.1688.com/offer/654395816154.html
南靖县博科食品商行;https://shop8338201165e55.1688.com;https://detail.1688.com/offer/645101076320.html
万载县根勋日用品商行;https://shop81l2694d98557.1688.com;https://detail.1688.com/offer/649881533258.html
义乌筑京电子商务商行;https://shop2498h775o9929.1688.com;https://detail.1688.com/offer/651848820495.html
新沂市成之维百货店;https://shop7t66t48804494.1688.com;https://detail.1688.com/offer/656032983560.html
新沂市嘉之华服装店;https://shop440nu7c563713.1688.com;https://detail.1688.com/offer/654395680707.html
万载县培骏瑞百货商行;https://shop1839q34261d54.1688.com;https://detail.1688.com/offer/655527365632.html
余江区莉博经营部;https://shop501s5b5380386.1688.com;https://detail.1688.com/offer/655711662551.html
佛山市南海区卿莱尼五金厂;https://shop3q962891e3352.1688.com;https://detail.1688.com/offer/642749690322.html
建德市三都镇阳泰贸易商行;https://shop9714269gf6r26.1688.com;https://detail.1688.com/offer/655073069495.html
义乌市东诗达贸易有限公司;https://shop8r45834vy0572.1688.com;https://detail.1688.com/offer/578841158728.html
义乌市鑫苗电子商务有限公司;https://shop93n2d522758a9.1688.com;https://detail.1688.com/offer/566249192360.html
义乌市轩蔻饰品有限公司;https://wq9518.1688.com;https://detail.1688.com/offer/549124009207.html
