义乌市发邦饰品有限公司;https://ywfbspc.1688.com;https://detail.1688.com/offer/551330688593.html
义乌市熠宸日用品有限公司;https://shop951832223akm1.1688.com;https://detail.1688.com/offer/589382912598.html
吴益挺;https://shop68422946654h7.1688.com;https://detail.1688.com/offer/655281367794.html
义乌市漂洋饰品有限公司;https://pyshp2003666.1688.com;https://detail.1688.com/offer/595301871140.html
义乌市莱玛电子商务有限公司;https://laimasp.1688.com;https://detail.1688.com/offer/593361431169.html
义乌市臻尚饰品有限公司;https://shop172690d64d8y1.1688.com;https://detail.1688.com/offer/650894933134.html
义乌市秀迪饰品厂;https://shop2g588d1300612.1688.com;https://detail.1688.com/offer/645118833060.html
德惠市朝阳乡运凯电子产品商店;https://shop32416365g8y31.1688.com;https://detail.1688.com/offer/644918310433.html
玉林市玉州区宏武百货店;https://shop2653918989606.1688.com;https://detail.1688.com/offer/653546759806.html
义乌市昱凝电子商务商行;https://shop3n765453fy138.1688.com;https://detail.1688.com/offer/617764785426.html
义乌市骍隆电子商务商行;https://shop684n393892646.1688.com;https://detail.1688.com/offer/650277701505.html
新沂市少之海家居用品部;https://shop09l90s9166267.1688.com;https://detail.1688.com/offer/650701466763.html
义乌市将图电子商务商行;https://shop50517608576x7.1688.com;https://detail.1688.com/offer/654970790040.html
义乌市晓潇饰品有限公司;https://shop181e29760f789.1688.com;https://detail.1688.com/offer/624119758421.html
义乌市欣言日用百货有限公司;https://shop9n195s10295a2.1688.com;https://detail.1688.com/offer/631309707030.html
义乌市洁颂日用品厂;https://shop1460048541112.1688.com;https://detail.1688.com/offer/558322426051.html
东阳倍诚日用品有限公司;https://shop73898559n6138.1688.com;https://detail.1688.com/offer/640726576462.html
广州华菲服装厂;https://shop2026042881928.1688.com;https://detail.1688.com/offer/654347066098.html
义乌市檬誉电子商务商行;https://shop861d7742u4788.1688.com;https://detail.1688.com/offer/651895919558.html
义乌市厚盾电子商务商行;https://shop106434x85n9j8.1688.com;https://detail.1688.com/offer/650929065714.html
三明市三元区顺依服装店;https://shop5235rl03l2292.1688.com;https://detail.1688.com/offer/652514667981.html
义乌市郡芷日用品有限公司;https://shop0bl5q611534h9.1688.com;https://detail.1688.com/offer/626757791823.html
金华市优曼饰品有限公司;https://mmmade.1688.com;https://detail.1688.com/offer/644258816045.html
义乌市和壁电子商务商行;https://shop1473785407626.1688.com;https://detail.1688.com/offer/587344593947.html
义乌市嫣婼电子商务商行;https://shop852d540122v04.1688.com;https://detail.1688.com/offer/646390610021.html
余姚市诺文塑料制品厂;https://shop87314141207a7.1688.com;https://detail.1688.com/offer/653870887961.html
义乌市馨懿饰品有限公司;https://huiyaosujiao.1688.com;https://detail.1688.com/offer/550073093365.html
义乌市楼林饰品有限公司;https://loulin3009.1688.com;https://detail.1688.com/offer/621937232733.html
义乌市企冬电子商务商行;https://shop1536079561323.1688.com;https://detail.1688.com/offer/655689647187.html
南平市建阳区皇星百货商行;https://shop7670h548m01h6.1688.com;https://detail.1688.com/offer/654398740975.html
石狮市简峰炫基网络百货商行;https://shop2109589855um8.1688.com;https://detail.1688.com/offer/654885211631.html
义乌市喀则电子商务商行;https://shop4wj723u350159.1688.com;https://detail.1688.com/offer/655205999785.html
连城县老秀竹百货店;https://shop6g740658k4610.1688.com;https://detail.1688.com/offer/654794054415.html
义乌市营咚电子商务商行;https://shop802ddp6330414.1688.com;https://detail.1688.com/offer/654742572495.html
义乌市从庆电子商务商行;https://jiangcongqing.1688.com;https://detail.1688.com/offer/560203598705.html
义乌市恩柔电子商务商行;https://shop1420908068238.1688.com;https://detail.1688.com/offer/594283444274.html
义乌市隽俏饰品有限公司;https://junqiaoshipin.1688.com;https://detail.1688.com/offer/537601196896.html
义乌市缕曼饰品有限公司;https://shop1467220910858.1688.com;https://detail.1688.com/offer/560379831969.html
义乌市朴汇电子商务商行;https://shop90fu30852s437.1688.com;https://detail.1688.com/offer/652330794361.html
龙港市品景贸易商行;https://shop37r9866207766.1688.com;https://detail.1688.com/offer/651561544200.html
石狮市简峰科水网络百货商行;https://shop0j63c1494a970.1688.com;https://detail.1688.com/offer/652449326909.html
石狮市简峰舍楼网络百货商行;https://shop62dt1665017i8.1688.com;https://detail.1688.com/offer/653140559232.html
义乌韩茜饰品有限公司;https://shop8z972191rz142.1688.com;https://detail.1688.com/offer/625820275004.html
义乌市氿乐电子商务商行;https://shop1428511784824.1688.com;https://detail.1688.com/offer/640146254934.html
义乌市光与影电子商务商行;https://shop031728v2g2u85.1688.com;https://detail.1688.com/offer/647437179992.html
义乌市燃蔻饰品有限公司;https://shop1356319501044.1688.com;https://detail.1688.com/offer/540883860212.html
义乌市赞烨电子商务商行;https://shop1439398383973.1688.com;https://detail.1688.com/offer/560434503659.html
漯河市源汇区莫世武吧百货店;https://shop5387dm93112p2.1688.com;https://detail.1688.com/offer/649605182122.html
深圳市宝安区途逸贸易商行;https://shop77348h50i0721.1688.com;https://detail.1688.com/offer/653887309840.html
义乌市缕曼电子商务商行;https://shop1419007346504.1688.com;https://detail.1688.com/offer/560331307177.html
余加勤;https://shop7803s9nn36785.1688.com;https://detail.1688.com/offer/588319999919.html
义乌市炫橙电子商务有限公司;https://xuanchengcheng.1688.com;https://detail.1688.com/offer/606827453152.html
万载县培骏瑞百货商行;https://shop1839q34261d54.1688.com;https://detail.1688.com/offer/655915323119.html
袁州区芮婷网络工作室;https://shop712ff27946c83.1688.com;https://detail.1688.com/offer/654009408245.html
余姚市觅新电子商务商行;https://shop9o390n3973205.1688.com;https://detail.1688.com/offer/654368728319.html
新沂市明曾服装店;https://shop90u473990t367.1688.com;https://detail.1688.com/offer/655469682923.html
万载县起鸢敏百货店;https://shop10e95c5c45273.1688.com;https://detail.1688.com/offer/655050277727.html
余姚建财百货商行;https://shop4715525i8l595.1688.com;https://detail.1688.com/offer/650964120593.html
余江区曼启经营部;https://shop790j92y067896.1688.com;https://detail.1688.com/offer/654462925095.html
南平市建阳区练光纬百货店;https://shop1372um9879169.1688.com;https://detail.1688.com/offer/649841069232.html
柘荣县角半日用品经营部;https://shop34738b87sm401.1688.com;https://detail.1688.com/offer/652565076910.html
余江区琦欧经营部;https://shop3235j3w4639h5.1688.com;https://detail.1688.com/offer/654416905598.html
义乌市温敏电子商务商行;https://shop5658845756640.1688.com;https://detail.1688.com/offer/654156028355.html
漳州开发区尤恒秋建材店;https://shop7d05278m90313.1688.com;https://detail.1688.com/offer/655533767560.html
漳州开发区关雁卉建材店;https://shop1y341835s2166.1688.com;https://detail.1688.com/offer/655462190245.html
义乌市伟雄箱包有限公司;https://weixiongsp.1688.com;https://detail.1688.com/offer/622185422529.html
义乌市亿韩饰品有限公司;https://yihanshipin.1688.com;https://detail.1688.com/offer/560355499423.html
义乌市云筱贸易有限公司;https://shop657y89m139528.1688.com;https://detail.1688.com/offer/600957016550.html
义乌市有赛电子商务有限公司;https://shop1489510776655.1688.com;https://detail.1688.com/offer/625016850390.html
义乌市禄芳电子商务商行;https://lufangshipin.1688.com;https://detail.1688.com/offer/562595539575.html
义乌市乔托电子商务有限公司;https://shop1479228453127.1688.com;https://detail.1688.com/offer/602224792105.html
义乌市坞头饰品有限公司;https://shop99e38159c8636.1688.com;https://detail.1688.com/offer/624232574094.html
义乌市旭辉日用品有限公司;https://shop5070s119n64c2.1688.com;https://detail.1688.com/offer/576458760176.html
义乌市鼎圣日用品有限公司;https://shop48p5953553186.1688.com;https://detail.1688.com/offer/587161625075.html
新沂市龚珍服装店;https://shop558215k00exr2.1688.com;https://detail.1688.com/offer/654952407096.html
鄱阳县迮婷玉五金店;https://shop90y21c4837279.1688.com;https://detail.1688.com/offer/656292083698.html
新沂市罗之璇百货店;https://shop442187s5s51v8.1688.com;https://detail.1688.com/offer/655831682952.html
新沂市捷之文服装店;https://shop71p23541890n0.1688.com;https://detail.1688.com/offer/654381998881.html
新沂市敏之胡家居用品经营部;https://shop4eh7g36094464.1688.com;https://detail.1688.com/offer/655414025093.html
义乌市田绰电子商务商行;https://shop83434528m87y0.1688.com;https://detail.1688.com/offer/649719891433.html
柘荣县庆全日用品经营部;https://shop9kw982k557868.1688.com;https://detail.1688.com/offer/651259188216.html
广州阁艺鑫工艺品商行;https://shop6237n16y32263.1688.com;https://detail.1688.com/offer/619692906784.html
义乌市修婕电子商务商行;https://shop6724b67477210.1688.com;https://detail.1688.com/offer/655722246817.html
义乌市翔扉电子商务商行;https://shop4607j8625aq12.1688.com;https://detail.1688.com/offer/655862410551.html
南平市建阳区林农沃德百货店;https://shop83w7284142161.1688.com;https://detail.1688.com/offer/655352109631.html
新沂市文之杰服装店;https://shop39y5m12000t40.1688.com;https://detail.1688.com/offer/655984894028.html
义乌市婷女饰品有限公司;https://shop1352307595758.1688.com;https://detail.1688.com/offer/567077206767.html
义乌市妍洋饰品有限公司;https://shop10271s8711638.1688.com;https://detail.1688.com/offer/598728786301.html
义乌市雨娇电子商务商行;https://yujiaosp.1688.com;https://detail.1688.com/offer/577679426768.html
义乌市英子饰品商行;https://shop17z077b785152.1688.com;https://detail.1688.com/offer/625029193162.html
义乌市谷粼电子商务商行;https://shop61z5234846421.1688.com;https://detail.1688.com/offer/623632365236.html
义乌市三佳电子商务商行;https://shop622p90j435122.1688.com;https://detail.1688.com/offer/633540699385.html
义乌市雪言贸易有限公司;https://shop8259853g08815.1688.com;https://detail.1688.com/offer/652497365312.html
佛山市南海区汇联森日用品厂;https://shop60x7t6883u526.1688.com;https://detail.1688.com/offer/644834867378.html
广州南沙区翰瑞医疗器械有限公司;https://shop68n75675734m6.1688.com;https://detail.1688.com/offer/640348085826.html
广州哈琳娜饰品厂;https://harrina.1688.com;https://detail.1688.com/offer/653684559351.html
万载县宾兴日用品商行;https://shop13504162r9251.1688.com;https://detail.1688.com/offer/650650830956.html
义乌市胡人饰品有限公司;https://guyueren.1688.com;https://detail.1688.com/offer/565437104156.html
义乌市雨声贸易有限公司;https://yusheng8.1688.com;https://detail.1688.com/offer/640419237727.html
义乌千芙饰品有限公司;https://shop1404528103758.1688.com;https://detail.1688.com/offer/597539499036.html
东阳市希意饰品厂;https://shop9481s116405b8.1688.com;https://detail.1688.com/offer/653916745735.html
义乌市粟叶贸易有限公司;https://shop669b3c44b5117.1688.com;https://detail.1688.com/offer/601189366577.html
义乌市采缕饰品厂;https://cailushipin.1688.com;https://detail.1688.com/offer/543216791913.html
义乌市赛友饰品有限公司;https://shop93245294144k0.1688.com;https://detail.1688.com/offer/624348667364.html
义乌市乱好贸易有限公司;https://shop2190766t77842.1688.com;https://detail.1688.com/offer/652099257016.html
熊志寿;https://xiuxiushipinpifa.1688.com;https://detail.1688.com/offer/560558681663.html
义乌市尚安饰品厂;https://shanganshipin.1688.com;https://detail.1688.com/offer/596994405199.html
义乌市米欣日用品厂;https://yiwumixin.1688.com;https://detail.1688.com/offer/597362051117.html
鄱阳县冀森服装店;https://shop48q1221e2a786.1688.com;https://detail.1688.com/offer/653789614278.html
鄱阳县肇施珠宝店;https://shop44u7018356955.1688.com;https://detail.1688.com/offer/654719781568.html
义乌市亿萌贸易有限公司;https://shop38260955e3h53.1688.com;https://detail.1688.com/offer/642949349838.html
义乌市翔龙饰品有限公司;https://shop00x1800188876.1688.com;https://detail.1688.com/offer/639644943768.html
新罗区希荏网店;https://shop917a52979na96.1688.com;https://detail.1688.com/offer/652388176701.html
广州市黄埔区蔡学钟服装有限公司;https://shop698172e5w6f44.1688.com;https://detail.1688.com/offer/642821398026.html
义乌市芭炫饰品厂;https://shop2035hk424v179.1688.com;https://detail.1688.com/offer/610144242483.html
义乌市利朗日用品商行;https://shop1490289220195.1688.com;https://detail.1688.com/offer/555678443225.html
义乌市澄鸿饰品厂;https://shop510i7f568a642.1688.com;https://detail.1688.com/offer/631360287785.html
义乌市晓琪饰品厂;https://shop5277k99h49k19.1688.com;https://detail.1688.com/offer/612062623652.html
义乌市简兮饰品有限公司;https://shop377z807543vx9.1688.com;https://detail.1688.com/offer/624231836423.html
余江区庭彤经营部;https://shop82j4026731n73.1688.com;https://detail.1688.com/offer/654127915986.html
铅山县青溪鼎圣饰品厂;https://shop637692nw02920.1688.com;https://detail.1688.com/offer/587172485132.html
东阳市白云成宝电子商务商行;https://shop5087v7830v937.1688.com;https://detail.1688.com/offer/607936012356.html
余江区广度电子商务商行;https://shop0867n0w2z7115.1688.com;https://detail.1688.com/offer/653169131305.html
济南高新开发区日欣商贸行;https://shop1045h63w21r11.1688.com;https://detail.1688.com/offer/654336789672.html
义乌市欣妍日用品有限公司;https://shop36761l843i282.1688.com;https://detail.1688.com/offer/589992063159.html
义乌市霆扬贸易有限公司;https://shop3294645374744.1688.com;https://detail.1688.com/offer/638383860372.html
成华区景业商贸部;https://shop8284425v92d19.1688.com;https://detail.1688.com/offer/651053119007.html
南平市建阳区彬星百货商行;https://shop00t8533309h24.1688.com;https://detail.1688.com/offer/650607763560.html
义乌市涵恋饰品有限公司;https://hanlianshipin.1688.com;https://detail.1688.com/offer/601316952666.html
佛山市南海区桂城益昌五金电器商行;https://shop68y64231y6722.1688.com;https://detail.1688.com/offer/626789509103.html
深圳市福田区润发百货商行;https://shop3ol129r218552.1688.com;https://detail.1688.com/offer/628758031256.html
济南市天桥区樟文日用品商行;https://shop597q611o2x866.1688.com;https://detail.1688.com/offer/654033798756.html
义乌市世雄汽车用品有限公司;https://shop9f755e025d909.1688.com;https://detail.1688.com/offer/617255242815.html
义乌市裕霖电子商务有限公司;https://yulinshiping.1688.com;https://detail.1688.com/offer/609695780490.html
义乌市两悦饰品有限公司;https://shop9072180219y22.1688.com;https://detail.1688.com/offer/655461146749.html
佛山广哔哔贸易有限公司;https://shop903hb452382g1.1688.com;https://detail.1688.com/offer/651780236372.html
义乌筠在贸易商行;https://shop452c694845c67.1688.com;https://detail.1688.com/offer/649795535920.html
杭州五坊贸易有限公司;https://shop61x14c942w050.1688.com;https://detail.1688.com/offer/648112360232.html
义乌市明均饰品有限公司;https://shop3gk0764357210.1688.com;https://detail.1688.com/offer/646390114508.html
万载县祥辉日用品经营部;https://shop67180p561pn31.1688.com;https://detail.1688.com/offer/653872332966.html
义乌市伯言电子商务商行;https://shop1468256490202.1688.com;https://detail.1688.com/offer/588783345655.html
柘荣县角拆日用品经营部;https://shop4m2681e056u23.1688.com;https://detail.1688.com/offer/646240935965.html
义乌市美涛化妆用具有限公司;https://ywmeitao.1688.com;https://detail.1688.com/offer/653656785524.html
漯河市源汇区莫世明向百货店;https://shop822f71j118719.1688.com;https://detail.1688.com/offer/649042517524.html
义乌市昕虹饰品有限公司;https://shop9vx1897482474.1688.com;https://detail.1688.com/offer/644149768375.html
杭州丰品汇日用品有限公司;https://shop5223g974n1n32.1688.com;https://detail.1688.com/offer/646068757100.html
佛山市南海区熙之说五金配件厂;https://shop50191131b9797.1688.com;https://detail.1688.com/offer/653590765954.html
玉林市玉州区王廷百货店;https://shop1236zj6o06037.1688.com;https://detail.1688.com/offer/651535683209.html
丰泽区帕蝶百货网店;https://shop835e691o41932.1688.com;https://detail.1688.com/offer/652230965182.html
义乌市伊容饰品有限公司;https://shop1400259555368.1688.com;https://detail.1688.com/offer/653755577922.html
义乌市冰蓓电子商务商行;https://bingbei.1688.com;https://detail.1688.com/offer/613062724686.html
义乌市妙宏饰品有限公司;https://miaohongacc.1688.com;https://detail.1688.com/offer/644511506813.html
义乌市言对电子商务有限公司;https://shop1427993320685.1688.com;https://detail.1688.com/offer/643330285294.html
许昌魏都发秀发饰商行;https://goldenrulehair.1688.com;https://detail.1688.com/offer/641405980743.html
义乌市振昕贸易有限公司;https://shop3o09500145950.1688.com;https://detail.1688.com/offer/626800462223.html
新罗区白迈百货商行;https://shop286is163964f7.1688.com;https://detail.1688.com/offer/642782432159.html
永定区翘雪密百货店;https://shop1229441740g66.1688.com;https://detail.1688.com/offer/642440453496.html
义乌市侣寻电子商务有限公司;https://shop1445619395350.1688.com;https://detail.1688.com/offer/604017092477.html
汉川市珍昕衣品服饰店;https://shop0mf4920f43900.1688.com;https://detail.1688.com/offer/624837039432.html
义乌市义多广贸易有限公司;https://shop5791w74o41n67.1688.com;https://detail.1688.com/offer/620299232222.html
三明市三元区美琼服装店;https://shop6mh241885w190.1688.com;https://detail.1688.com/offer/653024759150.html
义乌市珊奇日用百货商行;https://shop8589k8n654789.1688.com;https://detail.1688.com/offer/654513541123.html
义乌市棉呈电子商务商行;https://shop152n43668a4b7.1688.com;https://detail.1688.com/offer/652771271307.html
漳州开发区岚菀柳网络技术工作室;https://shop827g90798n375.1688.com;https://detail.1688.com/offer/654832246511.html
新沂市龚敏霞服装店;https://shop58690687321i4.1688.com;https://detail.1688.com/offer/654724616691.html
袁州区素玄网络工作室;https://shop117055518i138.1688.com;https://detail.1688.com/offer/654491601079.html
新沂市曾宇家居用品经营部;https://shop3v44376s82030.1688.com;https://detail.1688.com/offer/654689809001.html
新沂市成之维百货店;https://shop7t66t48804494.1688.com;https://detail.1688.com/offer/655257579156.html
袁州区七重网络工作室;https://shop764k3289k11o6.1688.com;https://detail.1688.com/offer/654935894943.html
新沂市联之星服装店;https://shop7502y4416l895.1688.com;https://detail.1688.com/offer/654929934970.html
新沂市佳之慧服装店;https://shop803v372433993.1688.com;https://detail.1688.com/offer/654490017751.html
新沂市浩之华百货店;https://shop7p0109sk59922.1688.com;https://detail.1688.com/offer/655719423413.html
万载县洲稍玲百货商行;https://shop92lx4818t8624.1688.com;https://detail.1688.com/offer/654834433980.html
新沂市龚之珍家居用品经营部;https://shop07030q22332c5.1688.com;https://detail.1688.com/offer/654042933967.html
新沂市林之维百货店;https://shop403j8715994i9.1688.com;https://detail.1688.com/offer/655457355528.html
义乌市美添色电子商务有限公司;https://shop3g466z20449g7.1688.com;https://detail.1688.com/offer/629167930898.html
柘荣县庆网日用品经营部;https://shop455b254065j45.1688.com;https://detail.1688.com/offer/652645809009.html
余江区洪顺经营部;https://shop505568801fp09.1688.com;https://detail.1688.com/offer/653327347580.html
义乌市昌翊电子商务商行;https://shop077539sx54058.1688.com;https://detail.1688.com/offer/652683429001.html
鄱阳县曲鹏服装店;https://shop027t10b324120.1688.com;https://detail.1688.com/offer/649200637533.html
万载县欧龚启百货商行;https://shop629q8516z4z97.1688.com;https://detail.1688.com/offer/655608541277.html
义乌市季慈饰品有限公司;https://shop1464368196529.1688.com;https://detail.1688.com/offer/567209520720.html
义乌市探彩电子商务商行;https://shop6780z19w58655.1688.com;https://detail.1688.com/offer/653326236403.html
义乌市诗灵贸易有限公司;https://shop17628m0l128c0.1688.com;https://detail.1688.com/offer/624294908959.html
东阳市白云顺宝电子商务商行;https://shop6n8738s393886.1688.com;https://detail.1688.com/offer/608561082482.html
义乌市魅之珥贸易有限公司;https://shop39l5770145609.1688.com;https://detail.1688.com/offer/606102023663.html
漳州开发区京青举百货店;https://shop23180gk79a599.1688.com;https://detail.1688.com/offer/647276986394.html
义乌市湛盎电子商务商行;https://shop325e311485358.1688.com;https://detail.1688.com/offer/654397408260.html
鄱阳县庾翰墨五金店;https://shop5936lul071039.1688.com;https://detail.1688.com/offer/655064423962.html
余江区能雨经营部;https://shop08882c350c1c7.1688.com;https://detail.1688.com/offer/654658944205.html
义乌市杰盾饰品厂;https://shop1429808252788.1688.com;https://detail.1688.com/offer/567266880942.html
余江区欢锦经营部;https://shop26q60n60g6736.1688.com;https://detail.1688.com/offer/654914256073.html
深圳市福田区曼星达科技商行;https://shop4l002v41f4705.1688.com;https://detail.1688.com/offer/656092862694.html
华容县露露优选百货商行;https://shop3o293020gm102.1688.com;https://detail.1688.com/offer/655816999665.html
泉州泉港百泰日用百货商行;https://shop714045o0o20r7.1688.com;https://detail.1688.com/offer/637759503667.html
连城县奥创力百货商行;https://shop85iz16e526503.1688.com;https://detail.1688.com/offer/655461242808.html
永定区帷唱赤百货店;https://shop085e76075e8f5.1688.com;https://detail.1688.com/offer/643386250616.html
东莞市宏翔饰品有限公司;https://shop6688el5621534.1688.com;https://detail.1688.com/offer/646372216141.html
广州市海珠区直角贸易商行;https://shop99l1j708j4291.1688.com;https://detail.1688.com/offer/636805887699.html
高新区枫桥志源思百货商行;https://shop27dd484t208v7.1688.com;https://detail.1688.com/offer/651401257353.html
丹阳市开发区宏西河五金加工厂;https://shop5o250g626v620.1688.com;https://detail.1688.com/offer/649886505679.html
广州恺申贸易商行;https://shop8u3686a433715.1688.com;https://detail.1688.com/offer/652279697503.html
深圳市龙华区亦泽庆商贸商行;https://shop055t51412v7r9.1688.com;https://detail.1688.com/offer/652031740239.html
佛山市南海区庆多达靓百货商行;https://shop3792qj8525q56.1688.com;https://detail.1688.com/offer/653212995775.html
丹阳市开发区速申达百货商行;https://shop78703h77h4969.1688.com;https://detail.1688.com/offer/650715916037.html
广州金灿日用品经营部;https://shop5y9203s821550.1688.com;https://detail.1688.com/offer/653031959825.html
龙港市英妙电子商务商行;https://shop8912u07g0g769.1688.com;https://detail.1688.com/offer/654388212604.html
平阳县轩佐百货商行;https://shop52751o7244h61.1688.com;https://detail.1688.com/offer/640661880902.html
睢宁县双世纺织厂;https://shop91u9850n04326.1688.com;https://detail.1688.com/offer/651120249849.html
上海戎浦贸易有限公司;https://shop1414773975373.1688.com;https://detail.1688.com/offer/577063975047.html
玉林市玉州区奇货居百货店;https://shop39607568359t5.1688.com;https://detail.1688.com/offer/652080086969.html
玉林市玉州区承福百货店;https://shop7p32333p06h43.1688.com;https://detail.1688.com/offer/643934189709.html
义乌市雨伊贸易有限公司;https://shop1899x185r63d3.1688.com;https://detail.1688.com/offer/593801651549.html
玉林市玉州区瑞宣日用品店;https://shop2050a2775rk46.1688.com;https://detail.1688.com/offer/643590045573.html
玉林市玉州区金天佛百货店;https://shop605e43j51a219.1688.com;https://detail.1688.com/offer/644920602371.html
深圳市宝安区虹予新贸易商行;https://shop2w3886714r878.1688.com;https://detail.1688.com/offer/651258998579.html
义乌市墨露饰品有限公司;https://moroedress.1688.com;https://detail.1688.com/offer/544069348590.html
宜春市袁州区森碟饰品厂;https://shop1g564594i8062.1688.com;https://detail.1688.com/offer/656198563774.html
义乌市奇阅饰品有限公司;https://qiyueshipin.1688.com;https://detail.1688.com/offer/541970539404.html
义乌市南格贸易有限公司;https://shop053j860ho2435.1688.com;https://detail.1688.com/offer/596110891012.html
义乌市安哲电子商务商行;https://shop1354359731327.1688.com;https://detail.1688.com/offer/1286684171.html
新罗区西虾百货商行;https://shop493655174e278.1688.com;https://detail.1688.com/offer/651859199302.html
兰山区雪良百货商行;https://shop59120g5967116.1688.com;https://detail.1688.com/offer/656333259988.html
陆川县耀发美服饰店;https://shop57574d51q6746.1688.com;https://detail.1688.com/offer/635534275198.html
广州市伊菱服装商行;https://shop376116k429646.1688.com;https://detail.1688.com/offer/656150987821.html
建德市下涯镇氮灯贸易商行;https://shop702a13104b919.1688.com;https://detail.1688.com/offer/651276554604.html
五华县横陂镇梓婷科技馆;https://shop079b198d88503.1688.com;https://detail.1688.com/offer/649724166795.html
苍南县轩呗服装网店;https://shop4111z2z041399.1688.com;https://detail.1688.com/offer/654922648925.html
义乌市滋杏电子商务商行;https://shop6381457u1ul90.1688.com;https://detail.1688.com/offer/652370359448.html
广州星座贸易有限公司;https://shop38555r0885t68.1688.com;https://detail.1688.com/offer/641533773967.html
陆川县献千日用品店;https://shop1x8182n98o616.1688.com;https://detail.1688.com/offer/651301367974.html
新罗区建霖百货商行;https://shop5232179724801.1688.com;https://detail.1688.com/offer/651181553840.html
余江区琴茧贸易商行;https://shop3o30911l39b05.1688.com;https://detail.1688.com/offer/652446405708.html
余江区兴瑟旺电子商务商行;https://shop680bq48773160.1688.com;https://detail.1688.com/offer/652176875605.html
余江区明辉电子商务商行;https://shop55774397n0j02.1688.com;https://detail.1688.com/offer/650206357657.html
义乌市虹贝日用百货商行;https://shop7572lr3924059.1688.com;https://detail.1688.com/offer/653512915886.html
义乌市首菲日用百货商行;https://shop6960y06678007.1688.com;https://detail.1688.com/offer/651918944374.html
历城区粉木少百货商行;https://shop880202l20z394.1688.com;https://detail.1688.com/offer/654970673720.html
义乌市冀岗电子商务商行;https://shop2634710758b57.1688.com;https://detail.1688.com/offer/653182162987.html
柘荣县庆图日用品经营部;https://shop7963428g6g051.1688.com;https://detail.1688.com/offer/652216169258.html
义乌市鹿裕饰品有限公司;https://luyushipin.1688.com;https://detail.1688.com/offer/629066780767.html
义乌市坤驰饰品有限公司;https://shop5617l46521q24.1688.com;https://detail.1688.com/offer/648488780610.html
义乌市妙德电子商务商行;https://shop1354900280794.1688.com;https://detail.1688.com/offer/546395807011.html
阚永新;https://ywxcfc.1688.com;https://detail.1688.com/offer/542940032446.html
义乌市飞韩饰品有限公司;https://feihan.1688.com;https://detail.1688.com/offer/573109651280.html
义乌市少康电子商务有限公司;https://16shaokang.1688.com;https://detail.1688.com/offer/571250285060.html
义乌市寿成电子商务商行;https://shop1403283104955.1688.com;https://detail.1688.com/offer/546195042528.html
遂昌酷典百货商行;https://shop781l29f21q307.1688.com;https://detail.1688.com/offer/654935278228.html
柘荣县角尼日用品经营部;https://shop86f7460976258.1688.com;https://detail.1688.com/offer/652680953129.html
深圳市宝安区永德福贸易商行;https://shop706k3271k48p7.1688.com;https://detail.1688.com/offer/651694294187.html
新罗区越乾网店;https://shop53h572tb22152.1688.com;https://detail.1688.com/offer/655519106381.html
广州市花都区狮岭家家兴百货店;https://shop5462037666900.1688.com;https://detail.1688.com/offer/654238985568.html
余江区茂欣航经营部;https://shop566621y2y3534.1688.com;https://detail.1688.com/offer/655495521936.html
广州市黄埔区陈芳娜服装有限公司;https://shop5751k2613m425.1688.com;https://detail.1688.com/offer/651637834385.html
玉林市玉州区镂波百货店;https://shop0417572hn0955.1688.com;https://detail.1688.com/offer/643989824951.html
徐州风铃草商贸有限公司;https://shop2125641903698.1688.com;https://detail.1688.com/offer/654853126088.html
义乌市莉韩饰品有限公司;https://lihan2019.1688.com;https://detail.1688.com/offer/622768968266.html
温州市鹿城区杉楠百货商行;https://shop8279bt13485t3.1688.com;https://detail.1688.com/offer/649443441999.html
东阳市艾莎饰品有限公司;https://shop73l36v18478s7.1688.com;https://detail.1688.com/offer/634605939884.html
义乌市艾琪饰品有限公司;https://shop1427993513233.1688.com;https://detail.1688.com/offer/616856496819.html
义乌市昇泽贸易有限公司;https://yayilai.1688.com;https://detail.1688.com/offer/594328109694.html
润州区栢之松百货商行;https://shop251i9737b9133.1688.com;https://detail.1688.com/offer/646164867250.html
义乌市迪倩饰品有限公司;https://ywdiqian.1688.com;https://detail.1688.com/offer/577575025328.html
义乌市诺如饰品厂;https://shop1490807416084.1688.com;https://detail.1688.com/offer/630814234105.html
义乌市友厚日用百货商行;https://shop1347358380445.1688.com;https://detail.1688.com/offer/607020058738.html
义乌市真希饰品有限公司;https://shop0021978t69th0.1688.com;https://detail.1688.com/offer/578184189214.html
义乌市鸿歌日用百货商行;https://shop7983r2h48o488.1688.com;https://detail.1688.com/offer/652174342956.html
义乌市潭作电子商务商行;https://shop161445lu32829.1688.com;https://detail.1688.com/offer/652003842301.html
镇平县敬净静雅百货商行;https://shop112r073471388.1688.com;https://detail.1688.com/offer/655369222479.html
义乌市劲戈电子商务商行;https://shop2k58u749658t0.1688.com;https://detail.1688.com/offer/651419813219.html
深圳市万茨能广告有限公司;https://shop495834g2033d6.1688.com;https://detail.1688.com/offer/655321929774.html
义乌市诗弦电子商务有限公司;https://shop870966u8c36b1.1688.com;https://detail.1688.com/offer/617307738460.html
义乌市思恋电子商务商行;https://shop1464368250733.1688.com;https://detail.1688.com/offer/577917080037.html
义乌市茁梓饰品有限公司;https://shop1436374578554.1688.com;https://detail.1688.com/offer/605937076166.html
义乌市婉姿饰品有限公司;https://shop1447087746117.1688.com;https://detail.1688.com/offer/619446408302.html
余江区达祥经营部;https://shop11090a38112a5.1688.com;https://detail.1688.com/offer/652287377948.html
玉林市玉州区武神百货店;https://shop158769764sn89.1688.com;https://detail.1688.com/offer/650150532557.html
广信区春顺电子商务经营部;https://shop484o9s5746u78.1688.com;https://detail.1688.com/offer/644247839393.html
玉林市玉州区荣升百货店;https://shop61264pz9p4294.1688.com;https://detail.1688.com/offer/648140177049.html
义乌市汉登饰品有限公司;https://handeng.1688.com;https://detail.1688.com/offer/563144074142.html
义乌市格尚电子商务商行;https://15geshang.1688.com;https://detail.1688.com/offer/561431448913.html
诸暨市俊泽服饰有限公司;https://shop36p91683059p8.1688.com;https://detail.1688.com/offer/623856864041.html
义乌市淳美饰品有限公司;https://shop885069m16ul75.1688.com;https://detail.1688.com/offer/632141679381.html
义乌市缀凯饰品厂;https://shop1420735080549.1688.com;https://detail.1688.com/offer/625663257078.html
义乌市库瑞电子商务有限公司;https://kr1jpf.1688.com;https://detail.1688.com/offer/573944989067.html
义乌市囡喃电子商务商行;https://shop48061986g28s4.1688.com;https://detail.1688.com/offer/645697518493.html
九江卉然格格电子商务有限公司;https://shop4p1n279347p43.1688.com;https://detail.1688.com/offer/624291149012.html
义乌市寻佳饰品有限公司;https://shop513y210hy4331.1688.com;https://detail.1688.com/offer/651419370611.html
柘荣县周状日用品经营部;https://shop9j04363306988.1688.com;https://detail.1688.com/offer/647139574746.html
余江区菲悠经营部;https://shop85l9l36245631.1688.com;https://detail.1688.com/offer/654435593284.html
杭州梵鹏电子商务有限公司;https://shop93763vh969o29.1688.com;https://detail.1688.com/offer/653255549750.html
新沂市嘉之华服装店;https://shop440nu7c563713.1688.com;https://detail.1688.com/offer/653124754038.html
新罗区卡咖百货商行;https://shop60s249cc9u682.1688.com;https://detail.1688.com/offer/648959583294.html
柘荣县角麻日用品经营部;https://shop44108p6756k89.1688.com;https://detail.1688.com/offer/645849436529.html
义乌市快雪饰品厂;https://shop1412786432157.1688.com;https://detail.1688.com/offer/579126712998.html
义乌市艺真饰品有限公司;https://shop1467046971656.1688.com;https://detail.1688.com/offer/566508869231.html
义乌市真欣电子商务商行;https://shop509491775bd03.1688.com;https://detail.1688.com/offer/578235078211.html
义乌市万昇电子商务有限公司;https://shop5n320b447n869.1688.com;https://detail.1688.com/offer/647767028529.html
义乌市杰魁饰品有限公司;https://shop1457974100786.1688.com;https://detail.1688.com/offer/536469858913.html
义乌市秀尔电子商务商行;https://shop1465405439444.1688.com;https://detail.1688.com/offer/560175899980.html
义乌市摩多贸易有限公司;https://moduomaoyi.1688.com;https://detail.1688.com/offer/630200086291.html
义乌市蒲钻电子商务商行;https://shop1358592219982.1688.com;https://detail.1688.com/offer/566037855448.html
义乌市奕涵贸易有限公司;https://shop92938390tg776.1688.com;https://detail.1688.com/offer/590411429752.html
义乌市希之美饰品有限公司;https://shop5103352cic661.1688.com;https://detail.1688.com/offer/583006100947.html
