义乌市哲泽电子商务有限公司;https://shop1468256467158.1688.com;https://detail.1688.com/offer/599676435142.html
义乌市蜜舍饰品厂;https://nvshe.1688.com;https://detail.1688.com/offer/634524441996.html
金华市金鸣服饰有限公司;https://shop2366jf6i88797.1688.com;https://detail.1688.com/offer/592436997506.html
义乌市惟希贸易有限公司;https://shop56151706ym794.1688.com;https://detail.1688.com/offer/639657452677.html
临沂艾萌饰品有限公司;https://aimengshipin.1688.com;https://detail.1688.com/offer/632318438456.html
义乌市莱玛电子商务有限公司;https://laimasp.1688.com;https://detail.1688.com/offer/641401841261.html
义乌市和鸣饰品有限公司;https://shop36mm85665l864.1688.com;https://detail.1688.com/offer/624358198120.html
义乌市华欣饰品有限公司;https://shop89fu866116620.1688.com;https://detail.1688.com/offer/598358922745.html
义乌佐哲贸易有限公司;https://ywzzmy.1688.com;https://detail.1688.com/offer/626598176718.html
义乌市羿辰饰品厂;https://shophancai.1688.com;https://detail.1688.com/offer/598676409277.html
深圳市宝安区福海靓依都服装厂;https://shop1494607960707.1688.com;https://detail.1688.com/offer/641705829522.html
广州哈琳娜饰品厂;https://harrina.1688.com;https://detail.1688.com/offer/643383377176.html
义乌市则算电子商务商行;https://shop348p751586209.1688.com;https://detail.1688.com/offer/648722604286.html
义乌市恒黛饰品商行;https://shop4397515gi51q2.1688.com;https://detail.1688.com/offer/650779948626.html
东阳市亚美饰品有限公司;https://shop0n85373st2317.1688.com;https://detail.1688.com/offer/624368418011.html
义乌市际恺饰品有限公司;https://shop179p402lg9637.1688.com;https://detail.1688.com/offer/616893291919.html
深圳市米尤贸易有限公司;https://shop2061454c17197.1688.com;https://detail.1688.com/offer/640455098988.html
东阳市白云缤芸饰品店;https://binyunshipin.1688.com;https://detail.1688.com/offer/630346293264.html
义乌市涵恋饰品有限公司;https://hanlianshipin.1688.com;https://detail.1688.com/offer/612531641454.html
义乌市范娱电子商务商行;https://shop8720yz1898z17.1688.com;https://detail.1688.com/offer/649262817276.html
义乌蓝昆贸易有限公司;https://shop5n6o626370p91.1688.com;https://detail.1688.com/offer/649775726917.html
义乌市杰英若飞贸易有限公司;https://shop1464868602056.1688.com;https://detail.1688.com/offer/606811395310.html
睢宁县利圣家居用品厂;https://shop3v060103353x5.1688.com;https://detail.1688.com/offer/650629472649.html
成华区景业商贸部;https://shop8284425v92d19.1688.com;https://detail.1688.com/offer/651215963540.html
余江区阳阳猴电子商务商行;https://shop5x191zg287666.1688.com;https://detail.1688.com/offer/651620173417.html
义乌市依宇电子商务有限公司;https://shop612q3221y5a50.1688.com;https://detail.1688.com/offer/641124440500.html
义乌市惜美饰品厂;https://shop99034029609i3.1688.com;https://detail.1688.com/offer/646032541248.html
东莞市大岭山千汇工艺制品厂;https://szxysp.1688.com;https://detail.1688.com/offer/606894033557.html
铅山县青溪发饰界;https://shop4p0ee78860292.1688.com;https://detail.1688.com/offer/630768290119.html
义乌市霞米电子商务有限公司;https://ywxiami.1688.com;https://detail.1688.com/offer/521235114057.html
义乌市佳旎服饰有限公司;https://shop1466010343960.1688.com;https://detail.1688.com/offer/606870377086.html
义乌市慧逸饰品有限公司;https://huiyii.1688.com;https://detail.1688.com/offer/624885761142.html
义乌市潮炫饰品有限公司;https://shop84o303987q378.1688.com;https://detail.1688.com/offer/608351572246.html
义乌市臻饰电子商务商行;https://yaya68.1688.com;https://detail.1688.com/offer/571784698710.html
五华县横陂镇林开商贸部;https://shop5137vl99d4599.1688.com;https://detail.1688.com/offer/654920578855.html
义乌市义多广贸易有限公司;https://shop5791w74o41n67.1688.com;https://detail.1688.com/offer/623861714127.html
袁州区随风网络工作室;https://shop92y25611b4132.1688.com;https://detail.1688.com/offer/653542819129.html
浦江县笑语针织品厂;https://xiaoyuzhenzhi.1688.com;https://detail.1688.com/offer/577024262645.html
南靖县博科食品商行;https://shop8338201165e55.1688.com;https://detail.1688.com/offer/646191883672.html
东莞市石龙汇茗百货商行;https://shop704515v3v2619.1688.com;https://detail.1688.com/offer/652463340755.html
义乌市魅蝶电子商务商行;https://shop3256ll5922b21.1688.com;https://detail.1688.com/offer/589988736294.html
深圳市福田区曼星达科技商行;https://shop4l002v41f4705.1688.com;https://detail.1688.com/offer/654896552251.html
新沂市捷之文服装店;https://shop71p23541890n0.1688.com;https://detail.1688.com/offer/650757237771.html
南平市建阳区练光纬百货店;https://shop1372um9879169.1688.com;https://detail.1688.com/offer/650598752558.html
新沂市符雨诗家居用品经营部;https://shop44c86335b0j73.1688.com;https://detail.1688.com/offer/653944150876.html
余江区达祥经营部;https://shop11090a38112a5.1688.com;https://detail.1688.com/offer/652875943582.html
临沂市兰山区新拓学文化用品商行;https://shop4e0k2h7637598.1688.com;https://detail.1688.com/offer/567183518538.html
柘荣县角半日用品经营部;https://shop34738b87sm401.1688.com;https://detail.1688.com/offer/650932413100.html
南平市建阳区林农文魏丕百货店;https://shop065acr1838165.1688.com;https://detail.1688.com/offer/646038750196.html
深圳市龙华新区伊百分手工饰品厂;https://storyacc.1688.com;https://detail.1688.com/offer/549454882800.html
武汉千喜旗帜工艺有限公司;https://colorflag.1688.com;https://detail.1688.com/offer/568587701199.html
义乌市精幻电子商务商行;https://shop9679464q2ep71.1688.com;https://detail.1688.com/offer/648690160207.html
余江区钟顺电子商务商行;https://shop6un97618005k6.1688.com;https://detail.1688.com/offer/651401121873.html
义乌市回酷日用百货商行;https://shop0729m954n7425.1688.com;https://detail.1688.com/offer/652259286416.html
义乌市蓝度饰品有限公司;https://shop88x1x874a7807.1688.com;https://detail.1688.com/offer/649822474460.html
义乌双喆针织厂;https://shop255y295mm2519.1688.com;https://detail.1688.com/offer/613813179401.html
义乌市艺灏服饰有限公司;https://shop3103a69221la0.1688.com;https://detail.1688.com/offer/583359386358.html
义乌市布斯进出口有限公司;https://shop81421962oq998.1688.com;https://detail.1688.com/offer/635161136122.html
义乌市奇阅饰品有限公司;https://qiyueshipin.1688.com;https://detail.1688.com/offer/558024162242.html
义乌市熙梦橙贸易有限公司;https://shop671x4180m29o4.1688.com;https://detail.1688.com/offer/624466677013.html
义乌市丰美饰品厂;https://fengmeishipin.1688.com;https://detail.1688.com/offer/652127762766.html
义乌市宝钰饰品有限公司;https://baoyushipin.1688.com;https://detail.1688.com/offer/642372181648.html
义乌市妙德电子商务商行;https://shop1354900280794.1688.com;https://detail.1688.com/offer/613967066918.html
广州蓝升缘贸易商行;https://shop1337331870f33.1688.com;https://detail.1688.com/offer/646468576918.html
义乌市涵秀饰品厂;https://shop1289850a42990.1688.com;https://detail.1688.com/offer/652971115956.html
义乌市美茹佳贸易有限公司;https://shop54253i2kg8905.1688.com;https://detail.1688.com/offer/632465292493.html
丹阳市界牌镇聚时情家居用品厂;https://shop836699w2u75u8.1688.com;https://detail.1688.com/offer/653172164264.html
义乌市觉初服饰有限公司;https://ganqun.1688.com;https://detail.1688.com/offer/604255565162.html
即墨区米米小贝服装厂;https://shop808h499251010.1688.com;https://detail.1688.com/offer/639898038786.html
丹阳市界牌镇奥士图工艺礼品厂;https://shop330u984601y99.1688.com;https://detail.1688.com/offer/652220425846.html
上海度云商贸有限公司;https://duyunshanmao.1688.com;https://detail.1688.com/offer/642001833520.html
义乌市溟全电子商务商行;https://shop21586712m0969.1688.com;https://detail.1688.com/offer/650271600100.html
广州越秀区飞奋商贸商行;https://shop316czy0419040.1688.com;https://detail.1688.com/offer/651680660246.html
嵊州市送炭郎服饰有限公司;https://logoscarf.1688.com;https://detail.1688.com/offer/633522636432.html
枣庄市山亭区德源清洁工具加工厂;https://dyqjgj.1688.com;https://detail.1688.com/offer/572045794970.html
义乌市拾玥围巾商行;https://shiyueweijin.1688.com;https://detail.1688.com/offer/621116338303.html
义乌市雨声贸易有限公司;https://yusheng8.1688.com;https://detail.1688.com/offer/640543273271.html
义乌市清雅饰品有限公司;https://shop78254wqw30198.1688.com;https://detail.1688.com/offer/643430969460.html
玉林市玉州区庭佳百货店;https://shop43081630s1w43.1688.com;https://detail.1688.com/offer/655176121742.html
义乌市星岑服饰有限公司;https://ywsxcfs.1688.com;https://detail.1688.com/offer/631113266685.html
五华县岐岭镇董敏权加工厂;https://shop614w16t012d11.1688.com;https://detail.1688.com/offer/655129316171.html
义乌市酷华饰品厂;https://shop1438707329000.1688.com;https://detail.1688.com/offer/631518535363.html
东阳市艾莎饰品有限公司;https://shop73l36v18478s7.1688.com;https://detail.1688.com/offer/636112706799.html
遂昌素米贸易商行;https://shop9633s28208115.1688.com;https://detail.1688.com/offer/650221989974.html
明光市丰泰贸易商行;https://shop5593139i45138.1688.com;https://detail.1688.com/offer/654648687546.html
义乌市朵威电子商务商行;https://shop9p3217u08l786.1688.com;https://detail.1688.com/offer/655639378065.html
深圳市龙岗区富源达百货商行;https://shop34362761g7k89.1688.com;https://detail.1688.com/offer/630065950890.html
丹阳市开发区迪集建百货商行;https://shop4973n75381115.1688.com;https://detail.1688.com/offer/643480354807.html
漯河市源汇区莫世威春百货店;https://shop8i3a1575973i0.1688.com;https://detail.1688.com/offer/655873899738.html
义乌市港恋工艺品有限公司;https://shop1458579709926.1688.com;https://detail.1688.com/offer/627580418883.html
兰溪市华凯服饰厂;https://shop1418057202941.1688.com;https://detail.1688.com/offer/654715285195.html
义乌市沃康服饰有限公司;https://ywwokang.1688.com;https://detail.1688.com/offer/632130346552.html
义乌市微妙饰品厂;https://shop7ncc118470108.1688.com;https://detail.1688.com/offer/653533226275.html
东阳市顶宏饰品厂;https://shop9h5k7127533h9.1688.com;https://detail.1688.com/offer/627713461224.html
滕州市南沙河场营百货销售部;https://shop88b57p9s40738.1688.com;https://detail.1688.com/offer/654773161307.html
石家庄昌成泰宫灯有限公司;https://shop34780q0075g54.1688.com;https://detail.1688.com/offer/568731474196.html
宿州市埇桥区琦鑫日用百货店;https://shop42894611jk723.1688.com;https://detail.1688.com/offer/634680770262.html
余姚市奇立服装店;https://shop321175a95b001.1688.com;https://detail.1688.com/offer/651214183243.html
广州市天河区棠下连连旺贸易商行;https://lianlianw.1688.com;https://detail.1688.com/offer/644491804374.html
海口龙华区利杰可贸易商行;https://shop430e94y480154.1688.com;https://detail.1688.com/offer/652181580011.html
石狮市简峰瑟兰网络百货商行;https://shop23483956693z9.1688.com;https://detail.1688.com/offer/653254295719.html
万载县可修日用品经营部;https://shop2790120fd69q3.1688.com;https://detail.1688.com/offer/651806186945.html
义乌市颍泽贸易有限公司;https://shop20i63r5338392.1688.com;https://detail.1688.com/offer/614946209890.html
义乌市博悦电子商务有限公司;https://shop521188405x890.1688.com;https://detail.1688.com/offer/651307296585.html
余江区兴来经营部;https://shop41370x9f727z4.1688.com;https://detail.1688.com/offer/655042472640.html
义乌市歌图电子商务商行;https://shop66054uuy04028.1688.com;https://detail.1688.com/offer/655885735662.html
丰泽区鹏收百货网店;https://shop9140bz3430p37.1688.com;https://detail.1688.com/offer/653047330968.html
连城县俪承嗣百货店;https://shop9589592g98965.1688.com;https://detail.1688.com/offer/653714324753.html
义乌市旺晤电子商务商行;https://shop9487262144t20.1688.com;https://detail.1688.com/offer/653169372680.html
义乌市正正服饰有限公司;https://faceegg.1688.com;https://detail.1688.com/offer/612913632360.html
义乌市喀丹电子商务商行;https://shop8703pf679k192.1688.com;https://detail.1688.com/offer/651975700456.html
遂昌钧米衡电子商务商行;https://shop9v31361a71f43.1688.com;https://detail.1688.com/offer/649231048011.html
余江区琪熙经营部;https://shop413c42b242259.1688.com;https://detail.1688.com/offer/655032438447.html
临沂美彤商贸有限公司;https://meitongwanju.1688.com;https://detail.1688.com/offer/649931292001.html
新沂市黄之秋家居用品经营部;https://shop8581sw17060j3.1688.com;https://detail.1688.com/offer/652885353395.html
余江区玉祥冠经营部;https://shop58999447265h8.1688.com;https://detail.1688.com/offer/654506320834.html
义乌市媛尊贸易有限公司;https://shop3jh7321284569.1688.com;https://detail.1688.com/offer/622676819108.html
广州市黄埔区芮武则羿日用品店;https://shop24p3472317e11.1688.com;https://detail.1688.com/offer/654726984165.html
义乌市秉栗电子商务商行;https://shop38247043qq285.1688.com;https://detail.1688.com/offer/655501178027.html
玉林市玉东新区意益日用百货经营部;https://shop27z44ow300633.1688.com;https://detail.1688.com/offer/652598883684.html
义乌市巨欣饰品有限公司;https://juxinsp.1688.com;https://detail.1688.com/offer/589051800386.html
义乌市飞韩饰品有限公司;https://feihan.1688.com;https://detail.1688.com/offer/633216788858.html
义乌市璟行贸易有限公司;https://shop810g325081j07.1688.com;https://detail.1688.com/offer/645179048095.html
漳州开发区淌联服装店;https://shop70791681x3043.1688.com;https://detail.1688.com/offer/654019331103.html
新罗区桐山百货商行;https://shop5842i1zi73869.1688.com;https://detail.1688.com/offer/655392597098.html
深圳市福田区盈大利建筑工程经营部;https://shop4f261c1007e33.1688.com;https://detail.1688.com/offer/655836486423.html
义乌市若琪饰品有限公司;https://shop43656q7ee5895.1688.com;https://detail.1688.com/offer/651495216000.html
余江区汇吉岸贸易商行;https://shop9304242gn1607.1688.com;https://detail.1688.com/offer/653335551747.html
义乌市戴薇贸易有限公司;https://shop26f9701ncj593.1688.com;https://detail.1688.com/offer/642034754416.html
义乌市席席饰品有限公司;https://shop5p28572787731.1688.com;https://detail.1688.com/offer/634737679080.html
义乌市可巧电子商务商行;https://shop1469033339598.1688.com;https://detail.1688.com/offer/535975662969.html
义乌秀格饰品有限公司;https://shop1w2122s50p506.1688.com;https://detail.1688.com/offer/628977856856.html
义乌海生饰品有限公司;https://shop6213044x3p442.1688.com;https://detail.1688.com/offer/628977196136.html
义乌市昕涵饰品有限公司;https://shop249075gr0r667.1688.com;https://detail.1688.com/offer/633844298277.html
义乌市泰涞饰品有限公司;https://shop783094560m844.1688.com;https://detail.1688.com/offer/643806790950.html
兰溪市丽花饰品有限公司;https://lihuashipin.1688.com;https://detail.1688.com/offer/631244681662.html
义乌市隆伊贸易商行;https://shop43c6z53n37225.1688.com;https://detail.1688.com/offer/647383984149.html
义乌市柳蓄电子商务商行;https://shop5me3549234327.1688.com;https://detail.1688.com/offer/654874073079.html
义乌市姚萱饰品有限公司;https://shop318809u201797.1688.com;https://detail.1688.com/offer/628046706613.html
万载县升棍阳百货店;https://shop7308x766a6033.1688.com;https://detail.1688.com/offer/654836353867.html
海口龙华区申业贸易商行;https://shop58119d2936269.1688.com;https://detail.1688.com/offer/652486996761.html
义乌市燕臻电子商务商行;https://shop428x7t476x812.1688.com;https://detail.1688.com/offer/641990596899.html
义乌市棉呈电子商务商行;https://shop152n43668a4b7.1688.com;https://detail.1688.com/offer/654542800959.html
万载县润宏日用品商行;https://shop91803p571y154.1688.com;https://detail.1688.com/offer/648118940797.html
义乌市邓安电子商务商行;https://shop643h3875h5736.1688.com;https://detail.1688.com/offer/650028834552.html
石狮市简峰仁安网络百货商行;https://shop76618x2c16526.1688.com;https://detail.1688.com/offer/651752775911.html
义乌市蕾雅饰品有限公司;https://leiyashipin.1688.com;https://detail.1688.com/offer/615553026269.html
义乌市逸舒贸易有限公司;https://15868952333.1688.com;https://detail.1688.com/offer/621384980434.html
义乌市艾多饰品有限公司;https://aiduo2021.1688.com;https://detail.1688.com/offer/652018060459.html
义乌市潘妮饰品有限公司;https://shop1492102708055.1688.com;https://detail.1688.com/offer/626984458239.html
义乌市籽葵电子商务商行;https://shop0607ig477x794.1688.com;https://detail.1688.com/offer/655459753866.html
南平市建阳区俊星百货商行;https://shop2so35568129v9.1688.com;https://detail.1688.com/offer/655210405147.html
万载县雯达涩日用品经营部;https://shop90n0i90632m75.1688.com;https://detail.1688.com/offer/655513237111.html
南平市建阳区林农皎洁百货店;https://shop19608zv047824.1688.com;https://detail.1688.com/offer/655419073669.html
万载县鱼饿东百货店;https://shop926i611u3i253.1688.com;https://detail.1688.com/offer/655341945812.html
余江区尔高经营部;https://shop2p31372c02141.1688.com;https://detail.1688.com/offer/655487606394.html
鄱阳县迮婷玉五金店;https://shop90y21c4837279.1688.com;https://detail.1688.com/offer/656157395668.html
义乌市蕊柔电子商务商行;https://shop1414773994392.1688.com;https://detail.1688.com/offer/581740813303.html
义乌市昇泽贸易有限公司;https://yayilai.1688.com;https://detail.1688.com/offer/602110755832.html
义乌市雨伊贸易有限公司;https://shop1899x185r63d3.1688.com;https://detail.1688.com/offer/593706394658.html
宿城区揪渊孤斯百货经营部;https://shop54583r8115z70.1688.com;https://detail.1688.com/offer/641379645291.html
吴江经济技术开发区芳之海贸易商行;https://shop128531u1e8776.1688.com;https://detail.1688.com/offer/599709472381.html
义乌市钰媛饰品有限公司;https://shop186512k568978.1688.com;https://detail.1688.com/offer/610552011927.html
通山县瑞珀百货店;https://shop521g89u537784.1688.com;https://detail.1688.com/offer/638718518433.html
南平市建阳区锋星百货商行;https://shop44cc05f302783.1688.com;https://detail.1688.com/offer/656395255543.html
睢宁县缘安家居用品厂;https://shop074523ur04q85.1688.com;https://detail.1688.com/offer/655303005485.html
丰泽区偏漫百货网店;https://shop22y641320u168.1688.com;https://detail.1688.com/offer/654062955315.html
余江区迪普经营部;https://shop046s92900mm12.1688.com;https://detail.1688.com/offer/656395255662.html
义乌市石衲电子商务商行;https://shop7q645ch789830.1688.com;https://detail.1688.com/offer/656451775924.html
袁州区风依网络工作室;https://shop0994777k19272.1688.com;https://detail.1688.com/offer/655191388744.html
义乌市霸徒电子商务商行;https://shop11436o35z1679.1688.com;https://detail.1688.com/offer/650830710098.html
义乌市元狩贸易有限公司;https://shop6r791u7747782.1688.com;https://detail.1688.com/offer/602190368829.html
广州泰洁康贸易商行;https://shop71ey303429494.1688.com;https://detail.1688.com/offer/648443700877.html
义乌市群德服饰厂;https://shop1478536871632.1688.com;https://detail.1688.com/offer/594383057830.html
义乌市梦屿电子商务有限公司;https://lovemengyu.1688.com;https://detail.1688.com/offer/617273613948.html
义乌市阡陌饰品有限公司;https://qianmoshipin.1688.com;https://detail.1688.com/offer/617529474786.html
义乌市杰盾饰品厂;https://shop1429808252788.1688.com;https://detail.1688.com/offer/584397798542.html
石狮市简峰铭悦网络百货商行;https://shop02h77j1661v24.1688.com;https://detail.1688.com/offer/652601426112.html
义乌市季慈饰品有限公司;https://shop1464368196529.1688.com;https://detail.1688.com/offer/584396602899.html
义乌科凡电子商务商行;https://shop854301399n549.1688.com;https://detail.1688.com/offer/655392079149.html
义乌市恩柔电子商务商行;https://shop1420908068238.1688.com;https://detail.1688.com/offer/594285008599.html
义乌市栖瓜饰品有限公司;https://xiguashipin.1688.com;https://detail.1688.com/offer/630498579033.html
柘荣县角村日用品经营部;https://shop12u1790r83y92.1688.com;https://detail.1688.com/offer/650149817149.html
义乌市茵毅电子商务商行;https://shop9157990717066.1688.com;https://detail.1688.com/offer/649735776165.html
义乌市厚盾电子商务商行;https://shop106434x85n9j8.1688.com;https://detail.1688.com/offer/652172826381.html
丰泽区帕蝶百货网店;https://shop835e691o41932.1688.com;https://detail.1688.com/offer/652231041159.html
丰泽区免按百货网店;https://shop721t745995a26.1688.com;https://detail.1688.com/offer/652611362677.html
义乌市峰循电子商务商行;https://shop4i8029e276717.1688.com;https://detail.1688.com/offer/651480136255.html
余江区欣飞经营部;https://shop02182q5g85372.1688.com;https://detail.1688.com/offer/652245019873.html
义乌市鸢语电子商务有限公司;https://shop2hk4791934662.1688.com;https://detail.1688.com/offer/634625641039.html
鄱阳县曲鹏服装店;https://shop027t10b324120.1688.com;https://detail.1688.com/offer/655860639540.html
丰泽区是随百货网店;https://shop72n943964nw75.1688.com;https://detail.1688.com/offer/652743502023.html
东阳市泫雅珠宝饰品有限公司;https://jinxuanya.1688.com;https://detail.1688.com/offer/617275505409.html
石狮市简峰亿展网络百货商行;https://shop5623251u5u2u7.1688.com;https://detail.1688.com/offer/652522614015.html
石狮市简峰世控网络百货商行;https://shop16t64v339n381.1688.com;https://detail.1688.com/offer/652736679831.html
义乌市修婕电子商务商行;https://shop6724b67477210.1688.com;https://detail.1688.com/offer/654148900417.html
义乌市伟美饰品有限公司;https://shop709450064uo15.1688.com;https://detail.1688.com/offer/629443577582.html
义乌市方婳电子商务商行;https://shop63s8017v65v96.1688.com;https://detail.1688.com/offer/654068034710.html
石狮市简峰守望网络百货商行;https://shop8990nh6130t36.1688.com;https://detail.1688.com/offer/651648124058.html
义乌市诗虹饰品有限公司;https://shihong.1688.com;https://detail.1688.com/offer/653910609759.html
义乌市饰喜电子商务有限公司;https://shop3052f944r2i94.1688.com;https://detail.1688.com/offer/652491170816.html
义乌市迷尚贸易有限公司;https://azusky.1688.com;https://detail.1688.com/offer/651165668146.html
义乌市美添色电子商务有限公司;https://shop3g466z20449g7.1688.com;https://detail.1688.com/offer/633833929748.html
义乌千芙饰品有限公司;https://shop1404528103758.1688.com;https://detail.1688.com/offer/578958602315.html
高新区枫桥润弘晶服装商行;https://shop30809400874j9.1688.com;https://detail.1688.com/offer/654052149685.html
仙游县鲤城久中贸易商行;https://shop3w723399336j1.1688.com;https://detail.1688.com/offer/640775907753.html
义乌市今立服饰有限公司;https://shop0j22u6275i474.1688.com;https://detail.1688.com/offer/629766662965.html
义乌市燃蔻饰品有限公司;https://shop1356319501044.1688.com;https://detail.1688.com/offer/577262152981.html
台州市黄岩宇娇电子商务商行;https://shop927a057420349.1688.com;https://detail.1688.com/offer/655118661948.html
长沙市天心区勤雄百货商行;https://shop4544920445388.1688.com;https://detail.1688.com/offer/655781715554.html
新罗区建汇百货商行;https://shop11bb159v11932.1688.com;https://detail.1688.com/offer/650865138286.html
义乌市静足电子商务商行;https://shop334367g1y97y1.1688.com;https://detail.1688.com/offer/652517068787.html
义乌市赞烨电子商务商行;https://shop1439398383973.1688.com;https://detail.1688.com/offer/628976444525.html
义乌市燕媛电子商务商行;https://shop941m7ko314871.1688.com;https://detail.1688.com/offer/654363480033.html
义乌市妆点饰品有限公司;https://zhuangdianacc.1688.com;https://detail.1688.com/offer/619867591676.html
深圳市东捷伟创科技有限公司;https://shop3p4262xx593a1.1688.com;https://detail.1688.com/offer/646221412526.html
五华县棉洋镇惠鑫商行;https://shop3k7046844b584.1688.com;https://detail.1688.com/offer/646983618083.html
余江区茹美经营部;https://shop53o0g3f566157.1688.com;https://detail.1688.com/offer/654970804142.html
遂昌钧梓悦电子商务商行;https://shop0791117168939.1688.com;https://detail.1688.com/offer/655513421706.html
义乌市焕爽电子商务商行;https://jason1998.1688.com;https://detail.1688.com/offer/614083157591.html
宿城区不停歇百货店;https://shop3k2626y8b7829.1688.com;https://detail.1688.com/offer/650330974816.html
义乌市和壁电子商务商行;https://shop1473785407626.1688.com;https://detail.1688.com/offer/565309667750.html
义乌市冷安电子商务商行;https://shop1464368243607.1688.com;https://detail.1688.com/offer/646751233225.html
广州市海珠区年财制衣厂;https://shop4388r663090i0.1688.com;https://detail.1688.com/offer/655506789499.html
玉林市玉州区宏武百货店;https://shop2653918989606.1688.com;https://detail.1688.com/offer/654508582316.html
义乌市栗臻服饰有限公司;https://shop90272582dq059.1688.com;https://detail.1688.com/offer/651811954028.html
义乌市梵米服饰有限公司;https://fanmi1688.1688.com;https://detail.1688.com/offer/649621786602.html
义乌市梵恩饰品有限公司;https://fanen1688.1688.com;https://detail.1688.com/offer/612068048966.html
义乌市缀顺电子商务商行;https://zhuishun9966.1688.com;https://detail.1688.com/offer/601229040479.html
义乌市古奥饰品有限公司;https://shop60e3982ew6650.1688.com;https://detail.1688.com/offer/631669710574.html
柘荣县周日日用品经营部;https://shop51106a8ee4002.1688.com;https://detail.1688.com/offer/652430799864.html
义乌市缕凌电子商务商行;https://ywlvling.1688.com;https://detail.1688.com/offer/558870803179.html
义乌市梦锦服饰厂;https://mjoy2019.1688.com;https://detail.1688.com/offer/600642676756.html
新罗区才缝家百货店;https://shop624910s272845.1688.com;https://detail.1688.com/offer/644757812296.html
义乌市光影饰品有限公司;https://shop770u1e6z64467.1688.com;https://detail.1688.com/offer/653099510899.html
义乌萌尔电子商务商行;https://shop5b287b5825734.1688.com;https://detail.1688.com/offer/627875000527.html
义乌市亚卡服饰有限公司;https://shop09931154yy0v2.1688.com;https://detail.1688.com/offer/643187494730.html
义乌市闻香服饰有限公司;https://wenxiangfushi.1688.com;https://detail.1688.com/offer/589455236766.html
新沂市敏之胡家居用品经营部;https://shop4eh7g36094464.1688.com;https://detail.1688.com/offer/652617849883.html
义乌市双媖电子商务商行;https://shop96k96k99091q8.1688.com;https://detail.1688.com/offer/651905471742.html
新沂市臻华亦服装经营部;https://shop25670w95248z3.1688.com;https://detail.1688.com/offer/649008608958.html
石狮市简峰火灸网络百货商行;https://shop675cc92605230.1688.com;https://detail.1688.com/offer/652624677231.html
嵊州市鑫予服饰有限公司;https://shop4362o86n186w2.1688.com;https://detail.1688.com/offer/607391982824.html
亳州市谯城区丹顺饰品厂;https://1688yiwu.1688.com;https://detail.1688.com/offer/607840448203.html
深圳市南山区唐歆服饰商行;https://chenmeixiong.1688.com;https://detail.1688.com/offer/585829171974.html
义乌市环俏服饰厂;https://ywhq79.1688.com;https://detail.1688.com/offer/565523899083.html
义乌市简明商贸有限公司;https://kouyuansu.1688.com;https://detail.1688.com/offer/552035709486.html
义乌市莉韩饰品有限公司;https://lihan2019.1688.com;https://detail.1688.com/offer/623627955748.html
义乌市民森贸易有限公司;https://shop48sq069601002.1688.com;https://detail.1688.com/offer/629961816485.html
义乌市恩博服装厂;https://enbofuzhuang.1688.com;https://detail.1688.com/offer/539707851321.html
余江区盛菲经营部;https://shop1737814v110o0.1688.com;https://detail.1688.com/offer/654591560412.html
余江区霖雨经营部;https://shop6h4668192ho11.1688.com;https://detail.1688.com/offer/655372809252.html
广州市黄埔区味乐滋蛋糕店;https://shop4b07497117946.1688.com;https://detail.1688.com/offer/656289291641.html
陆川县真棒日用品店;https://shop9747888lkl767.1688.com;https://detail.1688.com/offer/652942857780.html
义乌市温敏电子商务商行;https://shop5658845756640.1688.com;https://detail.1688.com/offer/654523550518.html
义乌市执明电子商务商行;https://shop89053089y7392.1688.com;https://detail.1688.com/offer/644746047237.html
深圳市宝安区万富凯贸易商行;https://shop029j7829k65j2.1688.com;https://detail.1688.com/offer/641020239302.html
玉林市玉州区艳清百货店;https://shop1629x10361936.1688.com;https://detail.1688.com/offer/648003998827.html
玉林市玉州区庭若百货店;https://shop183d580a0a060.1688.com;https://detail.1688.com/offer/641982613124.html
义乌预鉴电子商务有限公司;https://shop18r573997b9j0.1688.com;https://detail.1688.com/offer/623895675120.html
余江区欢怡经营部;https://shop5502063575359.1688.com;https://detail.1688.com/offer/653360756410.html
柘荣县楷豹日用品经营部;https://shop909433314wp50.1688.com;https://detail.1688.com/offer/648596223819.html
义乌市伦婷电子商务商行;https://shop1430042387596.1688.com;https://detail.1688.com/offer/573882427012.html
义乌市绣蒙电子商务商行;https://xiumengjw.1688.com;https://detail.1688.com/offer/557002363378.html
万载县清坤日用品经营部;https://shop96621o2145555.1688.com;https://detail.1688.com/offer/650817814831.html
即墨区飞凯商贸店;https://shop3926794o88436.1688.com;https://detail.1688.com/offer/636846146630.html
义乌市囡喃电子商务商行;https://shop48061986g28s4.1688.com;https://detail.1688.com/offer/645846744902.html
新沂市少之海家居用品部;https://shop09l90s9166267.1688.com;https://detail.1688.com/offer/655459514738.html
余江区福凤经营部;https://shop17g80f0539307.1688.com;https://detail.1688.com/offer/654396692065.html
杭州余杭区乔司街道聚耀百货商行;https://shop29909367g04n6.1688.com;https://detail.1688.com/offer/654820791868.html
新沂市格沃家居用品经营部;https://shop646640152r172.1688.com;https://detail.1688.com/offer/655612286286.html
义乌市厚逸服饰有限公司;https://shop1486387969061.1688.com;https://detail.1688.com/offer/565324280476.html
漳州开发区梵迦萱服装店;https://shop321r4369682c1.1688.com;https://detail.1688.com/offer/656104015620.html
