义乌市潮炫饰品有限公司;https://shop84o303987q378.1688.com;https://detail.1688.com/offer/630215241569.html
义乌市随敏饰品有限公司;https://shop1406652834510.1688.com;https://detail.1688.com/offer/602807869572.html
厦门蓓莱莉服装饰品有限公司;https://shop43224h3409363.1688.com;https://detail.1688.com/offer/581462719137.html
义乌市慧逸饰品有限公司;https://huiyii.1688.com;https://detail.1688.com/offer/649185496436.html
义乌市飞韩饰品有限公司;https://feihan.1688.com;https://detail.1688.com/offer/619374533898.html
义乌市蒲钻电子商务商行;https://shop1358592219982.1688.com;https://detail.1688.com/offer/643244765375.html
义乌市杰佑贸易有限公司;https://shop2091807f24b12.1688.com;https://detail.1688.com/offer/597492408256.html
义乌千芙饰品有限公司;https://shop1404528103758.1688.com;https://detail.1688.com/offer/630210750938.html
义乌市锁佑电子商务商行;https://shop1430220057240.1688.com;https://detail.1688.com/offer/654393810887.html
徐州市巨匠工艺品有限公司;https://jujianggyp.1688.com;https://detail.1688.com/offer/607794035238.html
义乌市集英电子商务商行;https://shop79251n2036397.1688.com;https://detail.1688.com/offer/655210775719.html
义乌市辰璨电子商务商行;https://shop11837481w2706.1688.com;https://detail.1688.com/offer/651192083389.html
义乌市嫣婼电子商务商行;https://shop852d540122v04.1688.com;https://detail.1688.com/offer/649245311428.html
义乌市芭炫饰品厂;https://shop2035hk424v179.1688.com;https://detail.1688.com/offer/604331810111.html
青岛姜艺轩商贸有限公司;https://shop00bc73c213589.1688.com;https://detail.1688.com/offer/641912508686.html
义乌市美添色电子商务有限公司;https://shop3g466z20449g7.1688.com;https://detail.1688.com/offer/629470175071.html
义乌市莉韩饰品有限公司;https://lihan2019.1688.com;https://detail.1688.com/offer/622767180549.html
义乌市朴汇电子商务商行;https://shop90fu30852s437.1688.com;https://detail.1688.com/offer/655501630432.html
余姚建财百货商行;https://shop4715525i8l595.1688.com;https://detail.1688.com/offer/649872720177.html
万载县根勋日用品商行;https://shop81l2694d98557.1688.com;https://detail.1688.com/offer/652470038473.html
广州哈琳娜饰品厂;https://harrina.1688.com;https://detail.1688.com/offer/640297478473.html
义乌市星泰饰品有限公司;https://shop9i878x7270203.1688.com;https://detail.1688.com/offer/637703267321.html
东阳市迪高饰品有限公司;https://digao103286.1688.com;https://detail.1688.com/offer/650112496457.html
南京市江宁区薇阁饰品销售中心;https://shop1433164163388.1688.com;https://detail.1688.com/offer/572982729550.html
广州嘚铭玩具商行;https://shop59682kt3226k7.1688.com;https://detail.1688.com/offer/648682067008.html
景宁亨序百货商行;https://shop4816196210075.1688.com;https://detail.1688.com/offer/651644870324.html
义乌市金桔饰品有限公司;https://shop026b14b301151.1688.com;https://detail.1688.com/offer/631501720928.html
义乌市甜栗饰品厂;https://shop590e89u6190b5.1688.com;https://detail.1688.com/offer/636364219021.html
义乌赛巧饰品有限公司;https://saiqiaojewelry.1688.com;https://detail.1688.com/offer/614450438345.html
青岛久韩贸易有限公司;https://okbashipin.1688.com;https://detail.1688.com/offer/601837954767.html
义乌市弦徐电子商务商行;https://shop0035536ff8491.1688.com;https://detail.1688.com/offer/646819597409.html
义乌市翔扉电子商务商行;https://shop4607j8625aq12.1688.com;https://detail.1688.com/offer/651970440271.html
南平市建阳区林农孔格百货店;https://shop0169r62wo0694.1688.com;https://detail.1688.com/offer/651980460307.html
石狮市简峰云谱网络百货商行;https://shop354xx43697253.1688.com;https://detail.1688.com/offer/651902915783.html
石狮市简峰亿展网络百货商行;https://shop5623251u5u2u7.1688.com;https://detail.1688.com/offer/650819528416.html
柘荣县声果日用品经营部;https://shop42x54k1344396.1688.com;https://detail.1688.com/offer/650073541779.html
新罗区智之之百货商行;https://shop0j023455a6103.1688.com;https://detail.1688.com/offer/652167895697.html
义乌市蜜舍饰品厂;https://nvshe.1688.com;https://detail.1688.com/offer/600432328274.html
义乌薇殿电子商务有限公司;https://shop1708t072t2437.1688.com;https://detail.1688.com/offer/643039001351.html
义乌市格尚电子商务商行;https://15geshang.1688.com;https://detail.1688.com/offer/654176982507.html
南平市建阳区林农皎洁百货店;https://shop19608zv047824.1688.com;https://detail.1688.com/offer/652468090086.html
海口龙华区朝泰一贸易商行;https://shop69c8s91015542.1688.com;https://detail.1688.com/offer/652486356914.html
石狮市简峰理享网络百货商行;https://shop7297v12z50104.1688.com;https://detail.1688.com/offer/651535782271.html
通城眠爻百货店;https://shop3190t7703o546.1688.com;https://detail.1688.com/offer/649408070636.html
石狮市简峰申若网络百货商行;https://shop56481ni5f6027.1688.com;https://detail.1688.com/offer/652758002225.html
南平市建阳区林农汉献百货店;https://shop4ab9473h86105.1688.com;https://detail.1688.com/offer/645479747610.html
义乌市道墨饰品有限公司;https://shop162429nm276e8.1688.com;https://detail.1688.com/offer/652651095732.html
义乌歆我商贸有限公司;https://shop1400806978599.1688.com;https://detail.1688.com/offer/576819943065.html
义乌市涵恋饰品有限公司;https://hanlianshipin.1688.com;https://detail.1688.com/offer/612741978664.html
义乌市凤肖电子商务商行;https://shop7j8186u204606.1688.com;https://detail.1688.com/offer/653384289726.html
义乌市旻珉电子商务商行;https://shop35653i0269911.1688.com;https://detail.1688.com/offer/653920298228.html
义乌市莲渡电子商务商行;https://shop8538o2573e2l9.1688.com;https://detail.1688.com/offer/653997254673.html
连城县奚沛容百货店;https://shop4487cdo925799.1688.com;https://detail.1688.com/offer/654739586150.html
南平市建阳区彬星百货商行;https://shop00t8533309h24.1688.com;https://detail.1688.com/offer/656181283483.html
南平市建阳区皇星百货商行;https://shop7670h548m01h6.1688.com;https://detail.1688.com/offer/655184109139.html
阳江市江城区河马西施饰品厂;https://shop1489889953958.1688.com;https://detail.1688.com/offer/617658682072.html
义乌市庆柯贸易有限公司;https://shop5b6s400z25725.1688.com;https://detail.1688.com/offer/618038355182.html
义乌市宝枫贸易有限公司;https://shop569h0d545d986.1688.com;https://detail.1688.com/offer/606406657817.html
义乌市艾耶斯美容美发用品有限公司;https://shop1569339862sg6.1688.com;https://detail.1688.com/offer/606635074341.html
台州市黄岩尔坚电子商务商行;https://shop4b59x22v29290.1688.com;https://detail.1688.com/offer/654924953702.html
玉林市玉州区卡美百货店;https://shop0678h776984k1.1688.com;https://detail.1688.com/offer/643830916001.html
义乌市尚捷饰品有限公司;https://shop11759725e5h10.1688.com;https://detail.1688.com/offer/577879592576.html
南京花兮百货贸易有限公司;https://shop17230wv141v16.1688.com;https://detail.1688.com/offer/649756849182.html
义乌市滴翠电子商务商行;https://ywdicui.1688.com;https://detail.1688.com/offer/632565055960.html
义乌妙斯电子商务有限公司;https://shop1742883ww4228.1688.com;https://detail.1688.com/offer/651641702709.html
义乌市百萱电子商务商行;https://shop913341y061375.1688.com;https://detail.1688.com/offer/633309428884.html
义乌市梦锦服饰厂;https://mjoy2019.1688.com;https://detail.1688.com/offer/600875225608.html
深圳市宝安区福海靓依都服装厂;https://shop1494607960707.1688.com;https://detail.1688.com/offer/641228793083.html
义乌市今立服饰有限公司;https://shop0j22u6275i474.1688.com;https://detail.1688.com/offer/630184467991.html
义乌市昕涵饰品有限公司;https://shop249075gr0r667.1688.com;https://detail.1688.com/offer/601504572379.html
义乌市羿辰饰品厂;https://shophancai.1688.com;https://detail.1688.com/offer/600883770972.html
润州区柔之韵服装厂;https://shop767584nt209f5.1688.com;https://detail.1688.com/offer/655571901360.html
尤溪县古德拜商行;https://shop658121275xfg6.1688.com;https://detail.1688.com/offer/652101387180.html
广州誉洋贸易有限公司;https://shop9n843o7o95459.1688.com;https://detail.1688.com/offer/651148601581.html
常熟市莫城街道臻华奕服装店;https://shop227294p3553p4.1688.com;https://detail.1688.com/offer/655523750768.html
义乌市绿尔电子商务商行;https://shop2w67803421255.1688.com;https://detail.1688.com/offer/641126008355.html
青岛帕肯商贸有限公司;https://shop2s863120u7338.1688.com;https://detail.1688.com/offer/647881633800.html
义乌市悦示电子商务商行;https://shop8z44128743285.1688.com;https://detail.1688.com/offer/651158416482.html
丹阳市界牌镇奥士图工艺礼品厂;https://shop330u984601y99.1688.com;https://detail.1688.com/offer/652220425846.html
义乌市乔蝶饰品有限公司;https://shop51618b96rr788.1688.com;https://detail.1688.com/offer/633145941669.html
七星关区生奎贸易商行;https://shop43z1z534516r5.1688.com;https://detail.1688.com/offer/642127774604.html
玉林市玉州区沃草日用百货店;https://shop339891649a533.1688.com;https://detail.1688.com/offer/655855762230.html
新罗区楚君网店;https://shop636040927jf86.1688.com;https://detail.1688.com/offer/644209863204.html
义乌市池臣电子商务商行;https://shop64120495p7823.1688.com;https://detail.1688.com/offer/653582510402.html
石狮市简峰铭悦网络百货商行;https://shop02h77j1661v24.1688.com;https://detail.1688.com/offer/650012668414.html
义乌市彩兮电子商务商行;https://shop168w874322960.1688.com;https://detail.1688.com/offer/654962971140.html
义乌市薇凌饰品有限公司;https://shop2834876592r70.1688.com;https://detail.1688.com/offer/654890702690.html
义乌市青妮饰品厂;https://shop675f1f6496530.1688.com;https://detail.1688.com/offer/652888360968.html
义乌市顶雅饰品厂;https://shop8431537evv349.1688.com;https://detail.1688.com/offer/647104049078.html
上海心乘贸易有限公司;https://xinchengmaoyi.1688.com;https://detail.1688.com/offer/610600470841.html
义乌市古奥饰品有限公司;https://shop60e3982ew6650.1688.com;https://detail.1688.com/offer/632889321021.html
义乌市灵萱饰品有限公司;https://shop853026c256158.1688.com;https://detail.1688.com/offer/654272616492.html
义乌市布斯进出口有限公司;https://shop81421962oq998.1688.com;https://detail.1688.com/offer/635067069359.html
高新区枫桥特俞百货商行;https://shop36kfw322w6194.1688.com;https://detail.1688.com/offer/654069898161.html
义乌市贞清电子商务有限公司;https://shop1k3e711730684.1688.com;https://detail.1688.com/offer/619409963709.html
广州市花都区狮岭永彪手袋厂;https://shop659ad186209t9.1688.com;https://detail.1688.com/offer/641545515490.html
义乌市东畔饰品有限公司;https://donpan.1688.com;https://detail.1688.com/offer/626741281729.html
义乌市戴薇贸易有限公司;https://shop26f9701ncj593.1688.com;https://detail.1688.com/offer/650296042569.html
义乌市楠荣电子商务有限公司;https://shop8263885454g39.1688.com;https://detail.1688.com/offer/623594376704.html
丹阳市界牌镇浮之思工艺礼品厂;https://shop3348qg96522m9.1688.com;https://detail.1688.com/offer/655118661340.html
永嘉县发缘塑料加工厂;https://shop03431ym121926.1688.com;https://detail.1688.com/offer/655075975200.html
玉林市玉州区庭佳百货店;https://shop43081630s1w43.1688.com;https://detail.1688.com/offer/651376411758.html
广州市越秀区小雀斑饰品商行;https://shop8149r7727zr09.1688.com;https://detail.1688.com/offer/640602368188.html
玉林市玉州区意喜百货经营部;https://shop950997e2045d6.1688.com;https://detail.1688.com/offer/653288773164.html
义乌市依宇电子商务有限公司;https://shop612q3221y5a50.1688.com;https://detail.1688.com/offer/642043239356.html
江西宸腾日用品有限公司;https://jxct8873788.1688.com;https://detail.1688.com/offer/639197871263.html
义乌市百佩饰品有限公司;https://shop1489424484937.1688.com;https://detail.1688.com/offer/649104761209.html
深圳市龙华新区伊百分手工饰品厂;https://storyacc.1688.com;https://detail.1688.com/offer/558863785433.html
深圳市欣盛饰品有限公司;https://xinshengzhubao.1688.com;https://detail.1688.com/offer/620273022254.html
义乌市梨果电子商务商行;https://shop8240740465797.1688.com;https://detail.1688.com/offer/642884171228.html
义乌市莱玛电子商务有限公司;https://laimasp.1688.com;https://detail.1688.com/offer/654119857674.html
义乌市金萍饰品厂;https://shop1s12806v12876.1688.com;https://detail.1688.com/offer/591444661990.html
义乌市跃枝电子商务商行;https://shop33796i308bc15.1688.com;https://detail.1688.com/offer/635855891260.html
义乌市晗倩饰品有限公司;https://shop080047643n5c6.1688.com;https://detail.1688.com/offer/649760537660.html
义乌市好沄电子商务有限公司;https://shop60n72l3o38125.1688.com;https://detail.1688.com/offer/638735046455.html
遂昌素米贸易商行;https://shop9633s28208115.1688.com;https://detail.1688.com/offer/654832392139.html
义乌市际恺饰品有限公司;https://shop179p402lg9637.1688.com;https://detail.1688.com/offer/630576976911.html
新沂市明之花服装店;https://shop4v353o09l3851.1688.com;https://detail.1688.com/offer/655114017972.html
永定区懵宏姣商行;https://shop09n2221r90a08.1688.com;https://detail.1688.com/offer/654402063735.html
义乌市氿乐电子商务商行;https://shop1428511784824.1688.com;https://detail.1688.com/offer/635116433784.html
漳州开发区梵迦萱服装店;https://shop321r4369682c1.1688.com;https://detail.1688.com/offer/655943543597.html
义乌市企冬电子商务商行;https://shop1536079561323.1688.com;https://detail.1688.com/offer/654146627345.html
余江区琦欧经营部;https://shop3235j3w4639h5.1688.com;https://detail.1688.com/offer/656244115169.html
袁州区梓七网络工作室;https://shop5954125279850.1688.com;https://detail.1688.com/offer/655280670709.html
义乌市芳若饰品有限公司;https://shop812901d041658.1688.com;https://detail.1688.com/offer/620331578601.html
新沂市敏之胡家居用品经营部;https://shop4eh7g36094464.1688.com;https://detail.1688.com/offer/655745739353.html
漳州开发区尤恒秋建材店;https://shop7d05278m90313.1688.com;https://detail.1688.com/offer/655854422507.html
抚州市东乡区巧巧饰品加工厂;https://shop1384361873369.1688.com;https://detail.1688.com/offer/565146440241.html
丹阳市开发区家之乐家居用品厂;https://shop10r3799565tr8.1688.com;https://detail.1688.com/offer/649712495325.html
高新区枫桥润弘晶服装商行;https://shop30809400874j9.1688.com;https://detail.1688.com/offer/653616500854.html
义乌市宸芮包装有限公司;https://shop02922fi637f69.1688.com;https://detail.1688.com/offer/624697932774.html
义乌市佳妃饰品厂;https://yiwujiafei.1688.com;https://detail.1688.com/offer/598708123993.html
义乌市国藩贸易有限公司;https://shop1495731278714.1688.com;https://detail.1688.com/offer/599074010047.html
义乌市和鸣饰品有限公司;https://shop36mm85665l864.1688.com;https://detail.1688.com/offer/625949958419.html
义乌市岚辰饰品有限公司;https://lanchen2018.1688.com;https://detail.1688.com/offer/651815406918.html
义乌市苒汐饰品有限公司;https://shop03288h5w9d806.1688.com;https://detail.1688.com/offer/646031520611.html
义乌市蝶蝶电子商务有限公司;https://diedieshipin.1688.com;https://detail.1688.com/offer/642051607794.html
柘荣县庆图日用品经营部;https://shop7963428g6g051.1688.com;https://detail.1688.com/offer/646754235911.html
义乌市璇涞电子商务商行;https://shop4833v965y1y18.1688.com;https://detail.1688.com/offer/653043613131.html
义乌市微啸电子商务商行;https://shop703t7400b09x4.1688.com;https://detail.1688.com/offer/646533744130.html
义乌市光与影电子商务商行;https://shop031728v2g2u85.1688.com;https://detail.1688.com/offer/643363729610.html
义乌市酷华饰品厂;https://shop1438707329000.1688.com;https://detail.1688.com/offer/649957619569.html
东阳市艾莎饰品有限公司;https://shop73l36v18478s7.1688.com;https://detail.1688.com/offer/651102545738.html
义乌倍兴电子商务有限公司;https://beixing6816.1688.com;https://detail.1688.com/offer/644059931482.html
深圳市海坤方辉建材有限公司;https://shop2q737469009v8.1688.com;https://detail.1688.com/offer/645124485013.html
东阳市白云金颖饰品厂;https://shop357308z087883.1688.com;https://detail.1688.com/offer/639536305145.html
漳州开发区迅雅容百货店;https://shop877l4h9d30537.1688.com;https://detail.1688.com/offer/655638954818.html
瑞安市佳荣织带有限公司;https://shop1400420953322.1688.com;https://detail.1688.com/offer/601359321856.html
义乌市昕虹饰品有限公司;https://shop9vx1897482474.1688.com;https://detail.1688.com/offer/647692251072.html
义乌市湘溆电子商务商行;https://shop934a4e2k46684.1688.com;https://detail.1688.com/offer/600351975025.html
义乌市润特饰品有限公司;https://sunfangwei8.1688.com;https://detail.1688.com/offer/628409772475.html
义乌古诺饰品有限公司;https://shop5q19336299913.1688.com;https://detail.1688.com/offer/596023833752.html
义乌市碧艾电子商务商行;https://beeeai.1688.com;https://detail.1688.com/offer/521642708142.html
义乌市芸蔓日用品厂;https://shop116t094097164.1688.com;https://detail.1688.com/offer/649533403762.html
义乌市蕙蕙饰品有限公司;https://shop783488s343z81.1688.com;https://detail.1688.com/offer/608908794012.html
深圳市星野家居户外有限公司;https://xingyesky.1688.com;https://detail.1688.com/offer/640699757124.html
义乌市壹尚饰品厂;https://shop25702n7c83d89.1688.com;https://detail.1688.com/offer/609792722507.html
义乌市玛姬饰品有限公司;https://majishipin.1688.com;https://detail.1688.com/offer/654404502534.html
义乌市蕾雅饰品有限公司;https://leiyashipin.1688.com;https://detail.1688.com/offer/622044562472.html
义乌市奇阅饰品有限公司;https://qiyueshipin.1688.com;https://detail.1688.com/offer/546103454561.html
东阳市钻宇饰品有限公司;https://zuanyu.1688.com;https://detail.1688.com/offer/644358315159.html
郑州市铁峰电子科技有限公司;https://shop49373817160r3.1688.com;https://detail.1688.com/offer/650771853087.html
东胜区朵拉图羊绒制品销售处;https://shop1410367289666.1688.com;https://detail.1688.com/offer/654933809238.html
永定区萱聚晖百货商行;https://shop4s13i62z13886.1688.com;https://detail.1688.com/offer/635301634324.html
深圳市南山区唐歆服饰商行;https://chenmeixiong.1688.com;https://detail.1688.com/offer/546437105591.html
义乌市咔琳亚饰品有限公司;https://shop905317kl94272.1688.com;https://detail.1688.com/offer/649165713358.html
义乌市摩多贸易有限公司;https://moduomaoyi.1688.com;https://detail.1688.com/offer/644343555730.html
义乌市湘诚服饰有限公司;https://shop13516985864.1688.com;https://detail.1688.com/offer/639738536653.html
义乌市鼎玉日用品有限公司;https://shop4n00853679n14.1688.com;https://detail.1688.com/offer/630523699382.html
深圳市宝安区新安智娴饰品批发商行;https://shop1493398634570.1688.com;https://detail.1688.com/offer/644522863373.html
深圳市悠悦科技有限公司;https://yyshare.1688.com;https://detail.1688.com/offer/654299791056.html
义乌市哲泽电子商务有限公司;https://shop1468256467158.1688.com;https://detail.1688.com/offer/598962083369.html
义乌市丝叙进出口有限公司;https://ywchunman.1688.com;https://detail.1688.com/offer/605130653444.html
明光市瑞正合贸易商行;https://shop6g54269u47223.1688.com;https://detail.1688.com/offer/652405622887.html
深圳市沛源保建材有限公司;https://shop24489o5858iw3.1688.com;https://detail.1688.com/offer/651641138926.html
佛山市禅城区鑫驰哈服装厂;https://shop21142586u9v59.1688.com;https://detail.1688.com/offer/649678086078.html
佛山市南海区惠源茂日用百货商行;https://shop5g93t61e13214.1688.com;https://detail.1688.com/offer/656163811338.html
新沂市符雨诗家居用品经营部;https://shop44c86335b0j73.1688.com;https://detail.1688.com/offer/652577561280.html
万载县宾兴日用品商行;https://shop13504162r9251.1688.com;https://detail.1688.com/offer/651711632193.html
尤溪县星一鸣商行;https://shop4w4439o9s5377.1688.com;https://detail.1688.com/offer/655498021551.html
东阳市白云一铭饰品厂;https://shop6634h06548615.1688.com;https://detail.1688.com/offer/652111755804.html
义乌市锐信饰品厂;https://ruixinshipin.1688.com;https://detail.1688.com/offer/622013373155.html
云霄县杰姜服装店;https://shop0j542959r3u62.1688.com;https://detail.1688.com/offer/652861136511.html
义乌市坞头饰品有限公司;https://shop99e38159c8636.1688.com;https://detail.1688.com/offer/625975227647.html
义乌市闽凡贸易有限公司;https://shop34u44007r2804.1688.com;https://detail.1688.com/offer/653043277448.html
义乌市妍闻服饰有限公司;https://vernascarf.1688.com;https://detail.1688.com/offer/650651444380.html
义乌市库瑞电子商务有限公司;https://kr1jpf.1688.com;https://detail.1688.com/offer/598466911134.html
义乌市晨燕饰品有限公司;https://chengyanyxgs.1688.com;https://detail.1688.com/offer/652267076947.html
深圳市宝安区福永街道纯优日用百货商行;https://shop005660e342rb5.1688.com;https://detail.1688.com/offer/651947754688.html
义乌市宣颖电子商务有限公司;https://shop90606028po4a4.1688.com;https://detail.1688.com/offer/651763376369.html
深圳市卓越工艺礼品有限公司;https://zhuoyuefancy.1688.com;https://detail.1688.com/offer/652920848253.html
景宁联豪日用百货商行;https://shop429402075i110.1688.com;https://detail.1688.com/offer/655845151077.html
义乌市为临贸易有限公司;https://shop1464972164893.1688.com;https://detail.1688.com/offer/533098242662.html
南平市建阳区练光纬百货店;https://shop1372um9879169.1688.com;https://detail.1688.com/offer/651809325633.html
高新区枫桥本界百货商行;https://shop6264kw780w735.1688.com;https://detail.1688.com/offer/654440290569.html
义乌市畅禄电子商务商行;https://shop8029545m62j35.1688.com;https://detail.1688.com/offer/654286766076.html
余江区茜梅经营部;https://shop8571o78t7i111.1688.com;https://detail.1688.com/offer/652809372613.html
霞浦县孙涅日用品经营部;https://shop538v4v134v367.1688.com;https://detail.1688.com/offer/656252211456.html
义乌市殇启电子商务商行;https://shop411g832e421u7.1688.com;https://detail.1688.com/offer/655199238173.html
库汉江;https://kuhanjiang.1688.com;https://detail.1688.com/offer/538661923652.html
