义乌市三态饰品有限公司;https://santai3333.1688.com;https://detail.1688.com/offer/599560060591.html
义乌市奇阅饰品有限公司;https://qiyueshipin.1688.com;https://detail.1688.com/offer/615893120747.html
义乌市逸舒贸易有限公司;https://15868952333.1688.com;https://detail.1688.com/offer/619329661464.html
义乌市冷安电子商务商行;https://shop1464368243607.1688.com;https://detail.1688.com/offer/650224493675.html
义乌市梦锦服饰厂;https://mjoy2019.1688.com;https://detail.1688.com/offer/626898061293.html
义乌市前贵日用品厂;https://shop2642b33325c12.1688.com;https://detail.1688.com/offer/651667441047.html
义乌市修婕电子商务商行;https://shop6724b67477210.1688.com;https://detail.1688.com/offer/654876690758.html
南平市建阳区林农昭汉百货店;https://shop93p978l965704.1688.com;https://detail.1688.com/offer/651533398428.html
万载县荟达片日用品经营部;https://shop78545q33kv865.1688.com;https://detail.1688.com/offer/650132384454.html
万载县环旭日用品经营部;https://shop23712143w33p7.1688.com;https://detail.1688.com/offer/651949819660.html
万载县永耀日用品经营部;https://shop51082038g7529.1688.com;https://detail.1688.com/offer/652113918456.html
义乌市今立服饰有限公司;https://shop0j22u6275i474.1688.com;https://detail.1688.com/offer/629773190220.html
广州嘚铭玩具商行;https://shop59682kt3226k7.1688.com;https://detail.1688.com/offer/655165154319.html
泉州市拾梦网络科技有限公司;https://shop1i5i83b078877.1688.com;https://detail.1688.com/offer/649458798485.html
新罗区卡咖百货商行;https://shop60s249cc9u682.1688.com;https://detail.1688.com/offer/643581078167.html
广州市花都区狮岭家家兴百货店;https://shop5462037666900.1688.com;https://detail.1688.com/offer/654120832315.html
义乌市锡奎电子商务商行;https://shop12t8172030177.1688.com;https://detail.1688.com/offer/652204131753.html
广州市越秀区加备贸易商行;https://shop23762158p9p21.1688.com;https://detail.1688.com/offer/649591121995.html
永定区绛想赏百货店;https://shop33657b94001a8.1688.com;https://detail.1688.com/offer/643902982992.html
永定区禧毕临商行;https://shop05780285x4467.1688.com;https://detail.1688.com/offer/631730050141.html
南平市建阳区俊星百货商行;https://shop2so35568129v9.1688.com;https://detail.1688.com/offer/655144562112.html
余江区圣怡经营部;https://shop9249v91g69808.1688.com;https://detail.1688.com/offer/655213234698.html
余江区尔高经营部;https://shop2p31372c02141.1688.com;https://detail.1688.com/offer/654766525857.html
余江区欢怡经营部;https://shop5502063575359.1688.com;https://detail.1688.com/offer/655747886921.html
袁州区之言网络工作室;https://shop67f1727q97270.1688.com;https://detail.1688.com/offer/653979512217.html
丰泽区偏漫百货网店;https://shop22y641320u168.1688.com;https://detail.1688.com/offer/654867575954.html
义乌市艾蕾亘特饰品厂;https://shop66h557u133484.1688.com;https://detail.1688.com/offer/654968817964.html
义乌乾琦贸易商行;https://shop9636s572l3261.1688.com;https://detail.1688.com/offer/648528038604.html
义乌市昭全日用品厂;https://shop9d091508z9376.1688.com;https://detail.1688.com/offer/654086972617.html
柘荣县角村日用品经营部;https://shop12u1790r83y92.1688.com;https://detail.1688.com/offer/650146097787.html
阳江市江城区河马西施饰品厂;https://shop1489889953958.1688.com;https://detail.1688.com/offer/640874305073.html
广州轩皓饰品有限公司;https://xuanhaosp.1688.com;https://detail.1688.com/offer/556687871714.html
义乌市摩多贸易有限公司;https://moduomaoyi.1688.com;https://detail.1688.com/offer/654942224965.html
义乌市金鸳贸易有限公司;https://shop34k60q6912434.1688.com;https://detail.1688.com/offer/647224618857.html
义乌市弘韵电子商务商行;https://shop9q698q9308170.1688.com;https://detail.1688.com/offer/642775586108.html
南平市建阳区林农文魏丕百货店;https://shop065acr1838165.1688.com;https://detail.1688.com/offer/644729472768.html
柘荣县周状日用品经营部;https://shop9j04363306988.1688.com;https://detail.1688.com/offer/651237457636.html
石狮市简峰得顺网络百货商行;https://shop21084a865n756.1688.com;https://detail.1688.com/offer/651384357903.html
三明市三元区顺依服装店;https://shop5235rl03l2292.1688.com;https://detail.1688.com/offer/651508221059.html
南平市建阳区李幸容商贸商行;https://shop385935w6179t3.1688.com;https://detail.1688.com/offer/646545063420.html
遂昌和兴百货商行;https://shop710187fb64h94.1688.com;https://detail.1688.com/offer/638526770919.html
南平市建阳区妲妍妍百货店;https://shop58211c71559f8.1688.com;https://detail.1688.com/offer/647796439148.html
柘荣县周期日用品经营部;https://shop3730385521h31.1688.com;https://detail.1688.com/offer/649314458015.html
义乌市喀丹电子商务商行;https://shop8703pf679k192.1688.com;https://detail.1688.com/offer/650615189639.html
新罗区智伟百货商行;https://shop19vv575247694.1688.com;https://detail.1688.com/offer/640937698083.html
柘荣县庆高日用品经营部;https://shop769894301l342.1688.com;https://detail.1688.com/offer/650319123807.html
义乌市福划电子商务商行;https://shop16c3256z93266.1688.com;https://detail.1688.com/offer/644948488131.html
万载县根勋日用品商行;https://shop81l2694d98557.1688.com;https://detail.1688.com/offer/652651728392.html
万载县可修日用品经营部;https://shop2790120fd69q3.1688.com;https://detail.1688.com/offer/653523110109.html
袁州区渐离网络工作室;https://shop98l9184874t59.1688.com;https://detail.1688.com/offer/655662413832.html
万载县升棍阳百货店;https://shop7308x766a6033.1688.com;https://detail.1688.com/offer/655660569376.html
漳州开发区会雯韵百货店;https://shop94337o305z274.1688.com;https://detail.1688.com/offer/656433631177.html
袁州区婉雅网络工作室;https://shop3i121853i6338.1688.com;https://detail.1688.com/offer/656432567629.html
袁州区从未网络工作室;https://shop17af6434q0333.1688.com;https://detail.1688.com/offer/655980986834.html
安庆青芒商贸有限公司;https://shop1q87406973466.1688.com;https://detail.1688.com/offer/635187528122.html
义乌市明均饰品有限公司;https://shop3gk0764357210.1688.com;https://detail.1688.com/offer/646737715972.html
义乌市蕊柔电子商务商行;https://shop1414773994392.1688.com;https://detail.1688.com/offer/558567516137.html
浦江县韩之尚电子商务有限公司;https://hanzhishang.1688.com;https://detail.1688.com/offer/624343740709.html
义乌市卓巧电子商务商行;https://shop27w43y665i529.1688.com;https://detail.1688.com/offer/653856102364.html
义乌市华迅饰品加工厂;https://shop8357740lo6w56.1688.com;https://detail.1688.com/offer/625760663483.html
义乌市多禾饰品厂;https://shop0407708p00335.1688.com;https://detail.1688.com/offer/627400496973.html
俞江杰;https://shop1396630750420.1688.com;https://detail.1688.com/offer/561493067983.html
义乌市希图饰品有限公司;https://shop0319r7cz90344.1688.com;https://detail.1688.com/offer/630209846620.html
义乌爱稣进出口有限公司;https://aisuscarves.1688.com;https://detail.1688.com/offer/638004803569.html
广州慧智便利店;https://shop520038n030438.1688.com;https://detail.1688.com/offer/635827094118.html
尤溪县火的鸟商行;https://shop898j665035276.1688.com;https://detail.1688.com/offer/651861121599.html
广州市荔湾区森系网络科技有限公司;https://shop1286q42s27980.1688.com;https://detail.1688.com/offer/641130283288.html
新罗区斯维百货商行;https://shop3h3495n217061.1688.com;https://detail.1688.com/offer/653407579194.html
南平市建阳区可英喆百货店;https://shop262f083593877.1688.com;https://detail.1688.com/offer/650696612552.html
铅山县青溪鼎圣饰品厂;https://shop637692nw02920.1688.com;https://detail.1688.com/offer/645173851226.html
永定区实极徊百货商行;https://shop246107g281640.1688.com;https://detail.1688.com/offer/643317956731.html
义乌市翔扉电子商务商行;https://shop4607j8625aq12.1688.com;https://detail.1688.com/offer/649306080204.html
义乌市跨寄电子商务商行;https://shop94012oe5158o9.1688.com;https://detail.1688.com/offer/649010919486.html
义乌市贝媞服饰厂;https://beiti88.1688.com;https://detail.1688.com/offer/646552828459.html
义乌市久盼服饰有限公司;https://shop0l36443f513f8.1688.com;https://detail.1688.com/offer/644477977459.html
义乌市百萱电子商务商行;https://shop913341y061375.1688.com;https://detail.1688.com/offer/619326065105.html
兰溪市沐夏服饰厂;https://shop1425573923849.1688.com;https://detail.1688.com/offer/648517208860.html
义乌市粟叶贸易有限公司;https://shop669b3c44b5117.1688.com;https://detail.1688.com/offer/621215811628.html
义乌市黑麦服饰有限公司;https://shop1437411397436.1688.com;https://detail.1688.com/offer/648403512350.html
义乌雅新电子商务商行;https://shop44413822u2s40.1688.com;https://detail.1688.com/offer/649552019924.html
南平市建阳区豪星百货商行;https://shop56x2460419f96.1688.com;https://detail.1688.com/offer/655820967512.html
义乌市骍隆电子商务商行;https://shop684n393892646.1688.com;https://detail.1688.com/offer/654914214422.html
义乌市米盒服饰有限公司;https://shop15426j44gl492.1688.com;https://detail.1688.com/offer/655697786440.html
南平市建阳区林农孔格百货店;https://shop0169r62wo0694.1688.com;https://detail.1688.com/offer/652859772843.html
义乌市迎鹏饰品商行;https://ywyingpengsp.1688.com;https://detail.1688.com/offer/558385342866.html
义乌市访琴饰品有限公司;https://shop3j7801079j334.1688.com;https://detail.1688.com/offer/632338377597.html
广州市黄埔区汇胜五金加工店;https://shop057vt36348e00.1688.com;https://detail.1688.com/offer/655182764957.html
东阳市钻宇饰品有限公司;https://zuanyu.1688.com;https://detail.1688.com/offer/577576321761.html
义乌市奢鸣饰品有限公司;https://shop2v711e02814r2.1688.com;https://detail.1688.com/offer/631571808120.html
义乌市侣寻电子商务有限公司;https://shop1445619395350.1688.com;https://detail.1688.com/offer/632990683293.html
义乌市妙德电子商务商行;https://shop1354900280794.1688.com;https://detail.1688.com/offer/626047553152.html
义乌市予画贸易有限公司;https://hancan.1688.com;https://detail.1688.com/offer/617361915262.html
义乌市杰菲电子商务有限公司;https://ywjiefei.1688.com;https://detail.1688.com/offer/652114174797.html
东阳市白云一铭饰品厂;https://shop6634h06548615.1688.com;https://detail.1688.com/offer/652179203288.html
义乌市朗和服饰有限公司;https://dd20050101.1688.com;https://detail.1688.com/offer/565739024221.html
义乌市鑫方贸易有限公司;https://shop41499q9348907.1688.com;https://detail.1688.com/offer/594660708445.html
揭阳市揭东区新亨镇耀维百货店;https://shop500911055m618.1688.com;https://detail.1688.com/offer/650062113373.html
杭州余杭区乔司街道宾越五金商行;https://shop8388j836dd270.1688.com;https://detail.1688.com/offer/654268309265.html
义乌市宣颖电子商务有限公司;https://shop90606028po4a4.1688.com;https://detail.1688.com/offer/643578531791.html
义乌市闻香服饰有限公司;https://wenxiangfushi.1688.com;https://detail.1688.com/offer/650152959769.html
义乌市柯天日用百货商行;https://shop930876rr641r8.1688.com;https://detail.1688.com/offer/646532432959.html
佛山市南海区狂易澜汽车美容中心;https://shop3006l848185z3.1688.com;https://detail.1688.com/offer/645521191237.html
义乌市段洗平电子商务商行;https://shop8f51347078o32.1688.com;https://detail.1688.com/offer/629337938907.html
佛山市南海区超莱尼服装厂;https://shop9o7077366o256.1688.com;https://detail.1688.com/offer/654870764172.html
广州南沙区予敏三网络科技有限公司;https://shop350469in13253.1688.com;https://detail.1688.com/offer/655809774998.html
绍兴柯桥花之恋纺织品有限公司;https://hzlfz2010.1688.com;https://detail.1688.com/offer/637778442703.html
义乌市璇涞电子商务商行;https://shop4833v965y1y18.1688.com;https://detail.1688.com/offer/652605903858.html
义乌市考薛电子商务商行;https://shop86d50o63s2738.1688.com;https://detail.1688.com/offer/652957013221.html
余姚市荣南服装店;https://shop51xh614914674.1688.com;https://detail.1688.com/offer/655702634974.html
义乌市优赛服饰有限公司;https://yousaifushi.1688.com;https://detail.1688.com/offer/579677794125.html
江苏友信冰袋有限公司;https://jsyouxin01.1688.com;https://detail.1688.com/offer/653509522422.html
柘荣县角麻日用品经营部;https://shop44108p6756k89.1688.com;https://detail.1688.com/offer/651746511005.html
袁州区一华网络工作室;https://shop0819290793904.1688.com;https://detail.1688.com/offer/652437892512.html
余江区祥雅经营部;https://shop83444879b4a24.1688.com;https://detail.1688.com/offer/653623419165.html
义乌市港誉贸易商行;https://shop04i74790042s6.1688.com;https://detail.1688.com/offer/650097525180.html
义乌市亚誉电子商务商行;https://shop960952jz62422.1688.com;https://detail.1688.com/offer/650043869808.html
南平市建阳区林农文光汉百货店;https://shop7y48426456r15.1688.com;https://detail.1688.com/offer/653333247884.html
万载县静省片日用品经营部;https://shop63y47731wy413.1688.com;https://detail.1688.com/offer/650577384773.html
义乌市馨懿饰品有限公司;https://huiyaosujiao.1688.com;https://detail.1688.com/offer/601650756093.html
义乌市翊骜广告社;https://asunnyan.1688.com;https://detail.1688.com/offer/619631635760.html
义乌市卓冰日用品厂;https://ab8985.1688.com;https://detail.1688.com/offer/642570050995.html
义乌市锦骁电子商务商行;https://shop75995967i8386.1688.com;https://detail.1688.com/offer/649772992910.html
新沂市明之花服装店;https://shop4v353o09l3851.1688.com;https://detail.1688.com/offer/654575812650.html
漳州开发区顿寒蕾服装店;https://shop193329o96r3r8.1688.com;https://detail.1688.com/offer/655275742959.html
余江区太浩经营部;https://shop841573u5u5648.1688.com;https://detail.1688.com/offer/653978848557.html
万载县培骏瑞百货商行;https://shop1839q34261d54.1688.com;https://detail.1688.com/offer/654376456062.html
袁州区北梦网络工作室;https://shop9055836aa19o2.1688.com;https://detail.1688.com/offer/654086516045.html
余江区琦欧经营部;https://shop3235j3w4639h5.1688.com;https://detail.1688.com/offer/655715578086.html
新沂市捷之文服装店;https://shop71p23541890n0.1688.com;https://detail.1688.com/offer/655084705729.html
漳州开发区尤恒秋建材店;https://shop7d05278m90313.1688.com;https://detail.1688.com/offer/656108931226.html
袁州区梓七网络工作室;https://shop5954125279850.1688.com;https://detail.1688.com/offer/655454563898.html
新沂市嘉之华服装店;https://shop440nu7c563713.1688.com;https://detail.1688.com/offer/655157928800.html
佛山市南海区良霖曦日用品厂;https://shop89170t7930511.1688.com;https://detail.1688.com/offer/652761363941.html
义乌市恩柔电子商务商行;https://shop1420908068238.1688.com;https://detail.1688.com/offer/624215887787.html
义乌市群德服饰厂;https://shop1478536871632.1688.com;https://detail.1688.com/offer/623871063179.html
高新区枫桥豪纳康服装商行;https://shop610261925p672.1688.com;https://detail.1688.com/offer/655923582325.html
张升平;https://duojiaoyan.1688.com;https://detail.1688.com/offer/625676181061.html
义乌市繁宁电子商务商行;https://shop06u957b971528.1688.com;https://detail.1688.com/offer/652172734536.html
新罗区户亮网店;https://shop5k7029k328852.1688.com;https://detail.1688.com/offer/648446898325.html
义乌市挥樊电子商务商行;https://shop874t21z349f81.1688.com;https://detail.1688.com/offer/641575701443.html
义乌市佳泰户外用品有限公司;https://shop863972yg1k153.1688.com;https://detail.1688.com/offer/627047568808.html
义乌市泽菲饰品商行;https://shop1489078442181.1688.com;https://detail.1688.com/offer/620090299872.html
义乌市昇泽贸易有限公司;https://yayilai.1688.com;https://detail.1688.com/offer/643024377515.html
漳州开发区岚菀柳网络技术工作室;https://shop827g90798n375.1688.com;https://detail.1688.com/offer/651462921264.html
遂昌沃泽日用百货商行;https://shop131w3246f9o11.1688.com;https://detail.1688.com/offer/645503267101.html
义乌市芬芬日用品厂;https://shop5929361939ur2.1688.com;https://detail.1688.com/offer/644124120548.html
义乌市鹏姣电子商务商行;https://518yypifa.1688.com;https://detail.1688.com/offer/645031625557.html
义乌市金前服饰有限公司;https://shop3105905e763w3.1688.com;https://detail.1688.com/offer/643521788073.html
义乌市佳旎服饰有限公司;https://shop1466010343960.1688.com;https://detail.1688.com/offer/620631792944.html
义乌市汇友饰品有限公司;https://shop427q0900fp614.1688.com;https://detail.1688.com/offer/595728635266.html
义乌市春蝶饰品厂;https://loveboutique.1688.com;https://detail.1688.com/offer/617364296254.html
义乌市曼康饰品厂;https://ywmkspc.1688.com;https://detail.1688.com/offer/627935623071.html
义乌市昊琦日用品厂;https://yiwuhaoqi.1688.com;https://detail.1688.com/offer/651909884935.html
义乌市龙恩饰品有限公司;https://ywloen.1688.com;https://detail.1688.com/offer/623194596722.html
义乌市丘诺饰品有限公司;https://shop1461170738280.1688.com;https://detail.1688.com/offer/618545252632.html
丰泽区免按百货网店;https://shop721t745995a26.1688.com;https://detail.1688.com/offer/651566908146.html
石狮市简峰瑟兰网络百货商行;https://shop23483956693z9.1688.com;https://detail.1688.com/offer/652908385080.html
石狮市简峰铭悦网络百货商行;https://shop02h77j1661v24.1688.com;https://detail.1688.com/offer/650011676529.html
南平市建阳区林农秦宣百货店;https://shop94371q673k841.1688.com;https://detail.1688.com/offer/652601806124.html
新沂市文之杰服装店;https://shop39y5m12000t40.1688.com;https://detail.1688.com/offer/652965931791.html
万载县宾兴日用品商行;https://shop13504162r9251.1688.com;https://detail.1688.com/offer/652465700577.html
石狮市简峰舍楼网络百货商行;https://shop62dt1665017i8.1688.com;https://detail.1688.com/offer/653769003647.html
丰泽区空劳百货网店;https://shop2838u772148u8.1688.com;https://detail.1688.com/offer/652353345937.html
义乌市依怆电子商务商行;https://shop2472139535f47.1688.com;https://detail.1688.com/offer/654657586091.html
义乌市婉姝饰品厂;https://shop9967k66407683.1688.com;https://detail.1688.com/offer/642479019630.html
柘荣县角尼日用品经营部;https://shop86f7460976258.1688.com;https://detail.1688.com/offer/649658888046.html
柘荣县庆网日用品经营部;https://shop455b254065j45.1688.com;https://detail.1688.com/offer/651944878375.html
义乌市韩饰电子商务有限公司;https://hs0616.1688.com;https://detail.1688.com/offer/642823187506.html
南平市建阳区路皓阳百货店;https://shop6646114675907.1688.com;https://detail.1688.com/offer/645809373565.html
新沂市龚珍服装店;https://shop558215k00exr2.1688.com;https://detail.1688.com/offer/655536563057.html
万载县起鸢敏百货店;https://shop10e95c5c45273.1688.com;https://detail.1688.com/offer/655175321683.html
万载县鱼饿东百货店;https://shop926i611u3i253.1688.com;https://detail.1688.com/offer/655001640917.html
新沂市浩之华百货店;https://shop7p0109sk59922.1688.com;https://detail.1688.com/offer/655478021923.html
新沂市敏之胡家居用品经营部;https://shop4eh7g36094464.1688.com;https://detail.1688.com/offer/654535276836.html
义乌市馨莲饰品有限公司;https://shop75h4615029198.1688.com;https://detail.1688.com/offer/583791161698.html
义乌市顺拓日用品厂;https://shuntuo88.1688.com;https://detail.1688.com/offer/592904149944.html
义乌市霞米电子商务有限公司;https://ywxiami.1688.com;https://detail.1688.com/offer/620264475491.html
义乌市普悦贸易有限公司;https://shop7130j93769907.1688.com;https://detail.1688.com/offer/592470061436.html
义乌市观佑饰品有限公司;https://guanyou0908.1688.com;https://detail.1688.com/offer/650873027927.html
漳州开发区梵迦萱服装店;https://shop321r4369682c1.1688.com;https://detail.1688.com/offer/654814724506.html
义乌市盯润电子商务商行;https://shop725777295q018.1688.com;https://detail.1688.com/offer/650077313051.html
柘荣县庆图日用品经营部;https://shop7963428g6g051.1688.com;https://detail.1688.com/offer/647903891605.html
义乌市乾阜电子商务商行;https://shop4l298119318r7.1688.com;https://detail.1688.com/offer/642771206344.html
义乌奇睿饰品有限公司;https://yiwuqirui.1688.com;https://detail.1688.com/offer/625499187435.html
义乌市阁斋电子商务商行;https://shop1402333300312.1688.com;https://detail.1688.com/offer/625465278481.html
义乌市余嘉饰品有限公司;https://shop7m85091y344m0.1688.com;https://detail.1688.com/offer/640955057295.html
义乌市颍泽贸易有限公司;https://shop20i63r5338392.1688.com;https://detail.1688.com/offer/630332100736.html
鄱阳县曲鹏服装店;https://shop027t10b324120.1688.com;https://detail.1688.com/offer/654651028670.html
柘荣县角词日用品经营部;https://shop1g709u1661548.1688.com;https://detail.1688.com/offer/646216212860.html
义乌市博艺贸易有限公司;https://shop8o146nx198478.1688.com;https://detail.1688.com/offer/646853349666.html
万载县瑶秀日用品商行;https://shop375839e02sf78.1688.com;https://detail.1688.com/offer/654226127514.html
泰安青藤衫贸易有限公司;https://shop3647jw6065v33.1688.com;https://detail.1688.com/offer/642777687362.html
余江区六藕王商贸商行;https://shop037k43665s384.1688.com;https://detail.1688.com/offer/651993632237.html
义乌市睿都服饰有限公司;https://shop8415j05ee2756.1688.com;https://detail.1688.com/offer/618704978756.html
通山县慧珀百货店;https://shop701y17x073999.1688.com;https://detail.1688.com/offer/642279090119.html
义乌市美亚饰品厂;https://myashipin.1688.com;https://detail.1688.com/offer/653917927590.html
义乌市均宽电子商务商行;https://junkuan.1688.com;https://detail.1688.com/offer/642236127804.html
太仓市恒力纺织有限公司;https://shop8n99290156n90.1688.com;https://detail.1688.com/offer/640081186074.html
义乌市制梦电子商务商行;https://shop3386r8x1915w0.1688.com;https://detail.1688.com/offer/655559793222.html
新沂市曾宇家居用品经营部;https://shop3v44376s82030.1688.com;https://detail.1688.com/offer/655214824817.html
新沂市罗之璇百货店;https://shop442187s5s51v8.1688.com;https://detail.1688.com/offer/655609705025.html
余江区翔双经营部;https://shop378241vf32006.1688.com;https://detail.1688.com/offer/656054486697.html
余江区高特经营部;https://shop16g4963085224.1688.com;https://detail.1688.com/offer/654655472518.html
新罗区希荏网店;https://shop917a52979na96.1688.com;https://detail.1688.com/offer/655398462397.html
余江区洋湾经营部;https://shop7pw8935o27623.1688.com;https://detail.1688.com/offer/654423699830.html
义乌市施财电子商务商行;https://shop2996036b81135.1688.com;https://detail.1688.com/offer/650988048918.html
丹阳市界牌镇聚时情家居用品厂;https://shop836699w2u75u8.1688.com;https://detail.1688.com/offer/654348345111.html
余江区翔妙经营部;https://shop94222op117c28.1688.com;https://detail.1688.com/offer/655689778047.html
余江区欣彩经营部;https://shop5611ie4314068.1688.com;https://detail.1688.com/offer/655731014953.html
佛山市南海区熙文和家居贸易商行;https://shop33w2590331170.1688.com;https://detail.1688.com/offer/655428926354.html
义乌市缘浏电子商务商行;https://shop11d6451512v37.1688.com;https://detail.1688.com/offer/650914845902.html
义乌市聪逢贸易商行;https://shop9463l0776xe67.1688.com;https://detail.1688.com/offer/649847977917.html
余江区雅答经营部;https://shop294u6y6233393.1688.com;https://detail.1688.com/offer/653343714256.html
义乌市檬誉电子商务商行;https://shop861d7742u4788.1688.com;https://detail.1688.com/offer/649821819446.html
新罗区录雅昕百货店;https://shop0705g832141y6.1688.com;https://detail.1688.com/offer/644122414372.html
义乌市厚盾电子商务商行;https://shop106434x85n9j8.1688.com;https://detail.1688.com/offer/651268771572.html
义乌市邓安电子商务商行;https://shop643h3875h5736.1688.com;https://detail.1688.com/offer/648756364036.html
义乌市齐殇电子商务商行;https://shop43095u74c0354.1688.com;https://detail.1688.com/offer/652965021234.html
三门孝岩贸易商行;https://shop7gd63772738g9.1688.com;https://detail.1688.com/offer/652792698842.html
广州市奢客贸易有限公司;https://shop0fs46930k2622.1688.com;https://detail.1688.com/offer/639881670720.html
余江区明辉电子商务商行;https://shop55774397n0j02.1688.com;https://detail.1688.com/offer/654011055994.html
余江区苏迪电子商务商行;https://shop45j690f484785.1688.com;https://detail.1688.com/offer/651418213053.html
余江区收凤电子商务商行;https://shop694748u6u6021.1688.com;https://detail.1688.com/offer/653261719904.html
义乌市企冬电子商务商行;https://shop1536079561323.1688.com;https://detail.1688.com/offer/654139319964.html
义乌市三佳电子商务商行;https://shop622p90j435122.1688.com;https://detail.1688.com/offer/632564008808.html
义乌市萧泽电子商务商行;https://shop98540859r6r28.1688.com;https://detail.1688.com/offer/652589554095.html
义乌市漂洋饰品有限公司;https://pyshp2003666.1688.com;https://detail.1688.com/offer/616121496325.html
义乌市蓝系电子商务商行;https://shop9d0888x7405y2.1688.com;https://detail.1688.com/offer/623492288634.html
义乌市美维饰品有限公司;https://shop247832r228825.1688.com;https://detail.1688.com/offer/649286570316.html
义乌市霆扬贸易有限公司;https://shop3294645374744.1688.com;https://detail.1688.com/offer/628528832196.html
微山夏镇祥华百货店;https://shop5297528512411.1688.com;https://detail.1688.com/offer/653234313060.html
徐州市巨匠工艺品有限公司;https://jujianggyp.1688.com;https://detail.1688.com/offer/608055831345.html
南平市建阳区林农赵太百货店;https://shop433618tv458b9.1688.com;https://detail.1688.com/offer/645588226641.html
广州市置物时尚服饰有限公司;https://shop963r36h4h6255.1688.com;https://detail.1688.com/offer/623622769317.html
松阳县礼兴贸易商行;https://shop16655850yo875.1688.com;https://detail.1688.com/offer/643651489985.html
新罗区香怀瑶百货店;https://shop7377792592238.1688.com;https://detail.1688.com/offer/644180631185.html
义乌市冠馨饰品有限公司;https://shop5079st234t111.1688.com;https://detail.1688.com/offer/625397418996.html
义乌市鑫懿饰品有限公司;https://shop7811wt058m434.1688.com;https://detail.1688.com/offer/640768083750.html
佛山市南海区浩帆得皮具厂;https://shop7du7020135l66.1688.com;https://detail.1688.com/offer/640545046969.html
义乌市龙德饰品厂;https://ywlde.1688.com;https://detail.1688.com/offer/570788308081.html
长沙市芙蓉区尚居百货商行;https://shop374784g615u23.1688.com;https://detail.1688.com/offer/652214273252.html
连城县俪承嗣百货店;https://shop9589592g98965.1688.com;https://detail.1688.com/offer/655128675636.html
余江区银樊经营部;https://shop3i72651249435.1688.com;https://detail.1688.com/offer/655330110219.html
义乌市霸徒电子商务商行;https://shop11436o35z1679.1688.com;https://detail.1688.com/offer/644410434541.html
佛山市南海区汇联森日用品厂;https://shop60x7t6883u526.1688.com;https://detail.1688.com/offer/643754052322.html
义乌市荟溪电子商务商行;https://shop2508ia0o23522.1688.com;https://detail.1688.com/offer/655365139525.html
尤溪县多金夫商行;https://shop8435282042477.1688.com;https://detail.1688.com/offer/654345858985.html
新沂市晓之娇服装店;https://shop2w8m3c6940563.1688.com;https://detail.1688.com/offer/655752687165.html
柘荣县庆方日用品经营部;https://shop81y8544775452.1688.com;https://detail.1688.com/offer/650485283655.html
义乌市晓通电子商务有限公司;https://shop3g2o09h083187.1688.com;https://detail.1688.com/offer/625021402167.html
义乌市驰阳日用品厂;https://shop58t3418125887.1688.com;https://detail.1688.com/offer/649672384777.html
义乌市冀岗电子商务商行;https://shop2634710758b57.1688.com;https://detail.1688.com/offer/652397651725.html
柘荣县角半日用品经营部;https://shop34738b87sm401.1688.com;https://detail.1688.com/offer/648278327612.html
义乌市池臣电子商务商行;https://shop64120495p7823.1688.com;https://detail.1688.com/offer/656188047253.html
余江区玉祥冠经营部;https://shop58999447265h8.1688.com;https://detail.1688.com/offer/655290415715.html
义乌市莱玛电子商务有限公司;https://laimasp.1688.com;https://detail.1688.com/offer/613818368502.html
义乌千芙饰品有限公司;https://shop1404528103758.1688.com;https://detail.1688.com/offer/605212572021.html
义乌市夏妮贸易有限公司;https://hairwear.1688.com;https://detail.1688.com/offer/644034583590.html
余江区清旭经营部;https://shop276d61991d901.1688.com;https://detail.1688.com/offer/655872314263.html
新罗区安悦百货商行;https://shop103u279yr5603.1688.com;https://detail.1688.com/offer/654734889413.html
余江区怡庆经营部;https://shop28f57719087l7.1688.com;https://detail.1688.com/offer/655043414199.html
义乌市冉泽电子商务商行;https://shop815g862762704.1688.com;https://detail.1688.com/offer/653914133140.html
义乌市咏康电子商务有限公司;https://yongkangdianzi1.1688.com;https://detail.1688.com/offer/654655311874.html
义乌市布斯进出口有限公司;https://shop81421962oq998.1688.com;https://detail.1688.com/offer/635212176434.html
义乌市蜜舍饰品厂;https://nvshe.1688.com;https://detail.1688.com/offer/634456579421.html
新沂市林之维百货店;https://shop403j8715994i9.1688.com;https://detail.1688.com/offer/653334990136.html
义乌市宋战贸易商行;https://shop25o2g96615218.1688.com;https://detail.1688.com/offer/654301805412.html
义乌市规萨日用品厂;https://shop859672q1n4960.1688.com;https://detail.1688.com/offer/653373931785.html
石狮市简峰理享网络百货商行;https://shop7297v12z50104.1688.com;https://detail.1688.com/offer/652861136225.html
新罗区岛雯百货商行;https://shop95h0800568773.1688.com;https://detail.1688.com/offer/651067049085.html
鄱阳县迮婷玉五金店;https://shop90y21c4837279.1688.com;https://detail.1688.com/offer/652912026127.html
广州市天河区棠下寅卯贸易商行;https://shop3969058ifc433.1688.com;https://detail.1688.com/offer/649330517802.html
宁海旭诺敏帆电子商务商行;https://shop536785a64b363.1688.com;https://detail.1688.com/offer/653285589436.html
余江区度魏电子商务商行;https://shop1652265064xf3.1688.com;https://detail.1688.com/offer/651557150841.html
广州市黄埔区波霸奈贸易商行;https://shop30s2588263h93.1688.com;https://detail.1688.com/offer/642303517931.html
广州勇宾豪贸易有限公司;https://shop3v613026178n5.1688.com;https://detail.1688.com/offer/648873341865.html
义乌市芸果电子商务商行;https://shop0972z547l8301.1688.com;https://detail.1688.com/offer/641212267883.html
