义乌市阑娇贸易有限公司;https://lanjiao.1688.com;https://detail.1688.com/offer/653451924493.html
义乌市随敏饰品有限公司;https://shop1406652834510.1688.com;https://detail.1688.com/offer/42437229697.html
义乌市莱玛电子商务有限公司;https://laimasp.1688.com;https://detail.1688.com/offer/604933412248.html
义乌市仟首电子商务商行;https://shop1948365e79844.1688.com;https://detail.1688.com/offer/635463896801.html
义乌市尚捷饰品有限公司;https://shop11759725e5h10.1688.com;https://detail.1688.com/offer/605437704710.html
广州企德贸易有限公司;https://shop960n5953n6963.1688.com;https://detail.1688.com/offer/656023111097.html
义乌市潮炫饰品有限公司;https://shop84o303987q378.1688.com;https://detail.1688.com/offer/631634403598.html
义乌市蜜舍饰品厂;https://nvshe.1688.com;https://detail.1688.com/offer/596512705181.html
义乌市佑耳贸易商行;https://shop97a622619n872.1688.com;https://detail.1688.com/offer/635827585319.html
义乌市煦馨电子商务商行;https://yiwuxuxin.1688.com;https://detail.1688.com/offer/614259279376.html
漯河市源汇区良度日杂店;https://shop7p35m5266k194.1688.com;https://detail.1688.com/offer/641119610406.html
义乌市柳希贸易有限公司;https://shop8314035d03388.1688.com;https://detail.1688.com/offer/641104256031.html
茂南区联城百货经营部;https://shop43d85i4123786.1688.com;https://detail.1688.com/offer/641795944402.html
合肥市霸桑商贸有限责任公司;https://shop38n9i31r37493.1688.com;https://detail.1688.com/offer/656032571720.html
义乌市卓巧电子商务商行;https://shop27w43y665i529.1688.com;https://detail.1688.com/offer/642279139325.html
柘荣县楷因日用品经营部;https://shop073q1y7j23641.1688.com;https://detail.1688.com/offer/645332213383.html
义乌市执明电子商务商行;https://shop89053089y7392.1688.com;https://detail.1688.com/offer/644840288690.html
义乌市港誉贸易商行;https://shop04i74790042s6.1688.com;https://detail.1688.com/offer/646056058029.html
高新区枫桥通临宏服装商行;https://shop51u71528g4882.1688.com;https://detail.1688.com/offer/655996411936.html
高新区枫桥技林嘉服装商行;https://shop7597648358130.1688.com;https://detail.1688.com/offer/655076196869.html
义乌市尚沁贸易商行;https://shop515883pc19936.1688.com;https://detail.1688.com/offer/646221744353.html
佛山市南海区伊永百货商行;https://shop5411z22f954w1.1688.com;https://detail.1688.com/offer/646772186825.html
义乌市益商赢贸易有限公司;https://shop22152r05175k5.1688.com;https://detail.1688.com/offer/631799999392.html
义乌市鸿歌日用百货商行;https://shop7983r2h48o488.1688.com;https://detail.1688.com/offer/652174342956.html
义乌市魅之珥贸易有限公司;https://shop39l5770145609.1688.com;https://detail.1688.com/offer/617155574036.html
五华县横陂镇珍露香商贸部;https://shop62573rn29u931.1688.com;https://detail.1688.com/offer/649053062925.html
永定区珞茜锋商行;https://shop3165m08u77249.1688.com;https://detail.1688.com/offer/654444248828.html
义乌市巩华饰品厂;https://ghsp01.1688.com;https://detail.1688.com/offer/569167065577.html
义乌市飞韩饰品有限公司;https://feihan.1688.com;https://detail.1688.com/offer/632568347575.html
义乌市美添色电子商务有限公司;https://shop3g466z20449g7.1688.com;https://detail.1688.com/offer/633300252492.html
义乌市悦人阁饰品有限公司;https://shop5r41s19285c70.1688.com;https://detail.1688.com/offer/653740781938.html
义乌市鸢语电子商务有限公司;https://shop2hk4791934662.1688.com;https://detail.1688.com/offer/635517435099.html
义乌市晚秋日用百货有限公司;https://shop3128392518786.1688.com;https://detail.1688.com/offer/599425920558.html
义乌市和壁电子商务商行;https://shop1473785407626.1688.com;https://detail.1688.com/offer/616603068083.html
义乌市羿辰饰品厂;https://shophancai.1688.com;https://detail.1688.com/offer/596836177784.html
义乌市悦示电子商务商行;https://shop8z44128743285.1688.com;https://detail.1688.com/offer/652325303914.html
深圳市宝安区福海靓依都服装厂;https://shop1494607960707.1688.com;https://detail.1688.com/offer/630849705866.html
义乌市青妮饰品厂;https://shop675f1f6496530.1688.com;https://detail.1688.com/offer/653754045528.html
义乌市酷华饰品厂;https://shop1438707329000.1688.com;https://detail.1688.com/offer/601584873517.html
义乌市蕾雅饰品有限公司;https://leiyashipin.1688.com;https://detail.1688.com/offer/615105777326.html
义乌市鑫昊饰品有限公司;https://shop9t12921q15316.1688.com;https://detail.1688.com/offer/655365131962.html
义乌市臻饰电子商务商行;https://yaya68.1688.com;https://detail.1688.com/offer/627715840676.html
义乌千芙饰品有限公司;https://shop1404528103758.1688.com;https://detail.1688.com/offer/607936735044.html
广州市花都区狮岭鑫顶皮具店;https://shop42730698x39k4.1688.com;https://detail.1688.com/offer/640059326449.html
义乌市漫尚饰品厂;https://shop8205141l928h3.1688.com;https://detail.1688.com/offer/600690988143.html
义乌市梵尚饰品厂;https://15fs.1688.com;https://detail.1688.com/offer/576207637438.html
义乌市安零电子商务有限公司;https://shop2co6766237779.1688.com;https://detail.1688.com/offer/628633134036.html
义乌市蒲钻电子商务商行;https://shop1358592219982.1688.com;https://detail.1688.com/offer/618732185861.html
广州市花都区狮岭连有服装店;https://shop08g5e00677125.1688.com;https://detail.1688.com/offer/654359290968.html
义乌市妙德电子商务商行;https://shop1354900280794.1688.com;https://detail.1688.com/offer/613967066918.html
广州市花都区狮岭英城箱包店;https://shop7s774p5103h56.1688.com;https://detail.1688.com/offer/655675167676.html
义乌佐哲贸易有限公司;https://ywzzmy.1688.com;https://detail.1688.com/offer/592683072352.html
义乌市婉美饰品有限公司;https://yiwuwanmei.1688.com;https://detail.1688.com/offer/651259166984.html
义乌市诗音特贸易有限公司;https://shop2300711g86em9.1688.com;https://detail.1688.com/offer/627393516341.html
东阳市艾莎饰品有限公司;https://shop73l36v18478s7.1688.com;https://detail.1688.com/offer/634291234525.html
义乌市欣盈饰品有限公司;https://shop220877m761286.1688.com;https://detail.1688.com/offer/633086048048.html
宿城区莎芯惠百货店;https://shop2632310g65252.1688.com;https://detail.1688.com/offer/655961486300.html
新罗区若人百货商行;https://shop6928o35205740.1688.com;https://detail.1688.com/offer/650118965246.html
南靖县博科食品商行;https://shop8338201165e55.1688.com;https://detail.1688.com/offer/645854798519.html
新沂市彩之影家居用品经营部;https://shop45852u62143e5.1688.com;https://detail.1688.com/offer/654132671888.html
义乌市轲轲饰品厂;https://shop155168o5615d5.1688.com;https://detail.1688.com/offer/614442695812.html
义乌市戴薇贸易有限公司;https://shop26f9701ncj593.1688.com;https://detail.1688.com/offer/643861150605.html
徐州宾康商贸有限公司;https://xuzhoubksm.1688.com;https://detail.1688.com/offer/624389548215.html
余江区盛菲经营部;https://shop1737814v110o0.1688.com;https://detail.1688.com/offer/654589212955.html
余姚市敏怡五金店;https://shop72945hs146867.1688.com;https://detail.1688.com/offer/654969016369.html
广州哈琳娜饰品厂;https://harrina.1688.com;https://detail.1688.com/offer/652925961672.html
临沂艾萌饰品有限公司;https://aimengshipin.1688.com;https://detail.1688.com/offer/632327506074.html
广州市越秀区宏明汽车配件贸易商行;https://shop8q55918473182.1688.com;https://detail.1688.com/offer/646274149547.html
玉林市玉州区进承百货店;https://shop9e3e37i809127.1688.com;https://detail.1688.com/offer/650463794924.html
广州市越秀区小雀斑饰品商行;https://shop8149r7727zr09.1688.com;https://detail.1688.com/offer/641656455055.html
新罗区耀越情百货店;https://shop3m969m7760542.1688.com;https://detail.1688.com/offer/641849691775.html
高新区枫桥仁荣瑞服装商行;https://shop40137269nc591.1688.com;https://detail.1688.com/offer/654913282523.html
义乌市薇凌饰品有限公司;https://shop2834876592r70.1688.com;https://detail.1688.com/offer/654890702690.html
义乌市戴炫饰品有限公司;https://daishangsp.1688.com;https://detail.1688.com/offer/583425798589.html
海丰县可塘镇嘉霖百货商行;https://shop909e333c532e0.1688.com;https://detail.1688.com/offer/652770308138.html
东阳市俊涵饰品有限公司;https://junhansp.1688.com;https://detail.1688.com/offer/628574189199.html
佛山市南海区精宝基日用百货商行;https://shop7010r29659092.1688.com;https://detail.1688.com/offer/650980719918.html
义乌市婧慕饰品有限公司;https://shop085100628ome4.1688.com;https://detail.1688.com/offer/600996188804.html
义乌市厚盾电子商务商行;https://shop106434x85n9j8.1688.com;https://detail.1688.com/offer/649964636579.html
万载县柳速欣日用品商行;https://shop5901ol5247501.1688.com;https://detail.1688.com/offer/652611887702.html
深圳市宝安区美芯日用百货经营部;https://shop00698075pi084.1688.com;https://detail.1688.com/offer/652136973687.html
深圳市宝安区芯琳精品百货贸易商行;https://shop09473z13os376.1688.com;https://detail.1688.com/offer/651710956921.html
义乌市萌玥饰品有限公司;https://shop498138gk35008.1688.com;https://detail.1688.com/offer/641759364305.html
义乌市宋战贸易商行;https://shop25o2g96615218.1688.com;https://detail.1688.com/offer/653991706560.html
深圳市宝安区荣盛日用百货商行;https://shop804u6h499m132.1688.com;https://detail.1688.com/offer/651686144475.html
广州市黄埔区张书华服装有限公司;https://shop184448477dw71.1688.com;https://detail.1688.com/offer/646327297533.html
揭阳空港区砲台镇壹陆花百货商店;https://shop640632683j3g3.1688.com;https://detail.1688.com/offer/654840759415.html
高新区枫桥菲格特服装商行;https://shop80m86x3344778.1688.com;https://detail.1688.com/offer/656180191287.html
丹阳市界牌镇汇得鑫工艺礼品厂;https://shop83p9151086ff4.1688.com;https://detail.1688.com/offer/655283109566.html
义乌市清雅饰品有限公司;https://shop78254wqw30198.1688.com;https://detail.1688.com/offer/643433121121.html
深圳市宝玛饰品有限公司;https://svanhild.1688.com;https://detail.1688.com/offer/616819454472.html
广州市花都区狮岭英众皮具商行;https://shop909g800059446.1688.com;https://detail.1688.com/offer/655401847094.html
尤溪县鸟仁商行;https://shop2899599177970.1688.com;https://detail.1688.com/offer/655854346629.html
平邑县汇优商贸中心;https://shop6802082a3j5j3.1688.com;https://detail.1688.com/offer/648843006412.html
义乌市慧逸饰品有限公司;https://huiyii.1688.com;https://detail.1688.com/offer/604158109043.html
义乌市梵米服饰有限公司;https://fanmi1688.1688.com;https://detail.1688.com/offer/653180039241.html
东阳市希意饰品厂;https://shop9481s116405b8.1688.com;https://detail.1688.com/offer/654879721580.html
义乌市羽晞饰品有限公司;https://shop2038m56i98326.1688.com;https://detail.1688.com/offer/655211431221.html
义乌市壹尚饰品厂;https://shop25702n7c83d89.1688.com;https://detail.1688.com/offer/606895046140.html
义乌市苗昕贸易有限公司;https://shop0u76537q12520.1688.com;https://detail.1688.com/offer/640047216669.html
义乌市腾业电子商务商行;https://shop214xu6602s942.1688.com;https://detail.1688.com/offer/654392791005.html
常熟市莫城街道熙龙阁百货店;https://shop789214c8u5935.1688.com;https://detail.1688.com/offer/655403163299.html
淮南新洛商贸有限公司;https://shop573983p7c23y2.1688.com;https://detail.1688.com/offer/644395545656.html
义乌市甜栗饰品厂;https://shop590e89u6190b5.1688.com;https://detail.1688.com/offer/636364219021.html
义乌市璇涞电子商务商行;https://shop4833v965y1y18.1688.com;https://detail.1688.com/offer/650013850327.html
义乌市跨寄电子商务商行;https://shop94012oe5158o9.1688.com;https://detail.1688.com/offer/650076206663.html
临沂市兰山区甄巧日用品百货经营部;https://shop3s554468u7464.1688.com;https://detail.1688.com/offer/650923851574.html
茂南区闫轲网络电子商务中心;https://shop9c321a7b02649.1688.com;https://detail.1688.com/offer/652596875425.html
广州贯华贸易有限公司;https://shop2o46148i79613.1688.com;https://detail.1688.com/offer/654009408975.html
云霄县凌妮百货店;https://shop76t9f33342773.1688.com;https://detail.1688.com/offer/647902998166.html
杭州梵鹏电子商务有限公司;https://shop93763vh969o29.1688.com;https://detail.1688.com/offer/653050590319.html
义乌市莹意日用百货商行;https://shop9085123sjp718.1688.com;https://detail.1688.com/offer/655109004099.html
义乌市昇泽贸易有限公司;https://yayilai.1688.com;https://detail.1688.com/offer/589813852755.html
义乌市锁佑电子商务商行;https://shop1430220057240.1688.com;https://detail.1688.com/offer/654393810887.html
玉林市玉州区不息专注百货店;https://shop8746577oz14z1.1688.com;https://detail.1688.com/offer/646815812752.html
玉林市玉州区金天佛百货店;https://shop605e43j51a219.1688.com;https://detail.1688.com/offer/644569289307.html
余江区广度电子商务商行;https://shop0867n0w2z7115.1688.com;https://detail.1688.com/offer/652092425575.html
深圳市晟轩汽配贸易有限公司;https://shop0m3534366y986.1688.com;https://detail.1688.com/offer/647977896000.html
义乌市静纺电子商务有限公司;https://jingfang88.1688.com;https://detail.1688.com/offer/654088294431.html
义乌市茜妮饰品厂;https://littlefox.1688.com;https://detail.1688.com/offer/656109823300.html
义乌市通晟电子商务商行;https://qianqian1314168.1688.com;https://detail.1688.com/offer/613875167788.html
义乌市唯寒贸易有限公司;https://shop1r35444000322.1688.com;https://detail.1688.com/offer/629565623615.html
义乌市默笙饰品厂;https://fanshenggongyi.1688.com;https://detail.1688.com/offer/573953415295.html
南京花兮百货贸易有限公司;https://shop17230wv141v16.1688.com;https://detail.1688.com/offer/649474085599.html
金华市凡可贸易有限公司;https://vancoleaccessory.1688.com;https://detail.1688.com/offer/644868347260.html
义乌市沃土电子商务有限公司;https://ywwotu.1688.com;https://detail.1688.com/offer/541900693923.html
义乌市顶珍饰品有限公司;https://dinzhen.1688.com;https://detail.1688.com/offer/643059784839.html
义乌市豪枫电子商务商行;https://shop12l612j077903.1688.com;https://detail.1688.com/offer/620003713938.html
义乌市丽阳电子商务有限公司;https://shop4y1y26021g509.1688.com;https://detail.1688.com/offer/618136036478.html
东阳市奥里饰电子商务商行;https://shop5081002j932v9.1688.com;https://detail.1688.com/offer/642646897842.html
义乌市栖瓜饰品有限公司;https://xiguashipin.1688.com;https://detail.1688.com/offer/629892629323.html
义乌市鸿赢服饰有限公司;https://shop27353fl406c87.1688.com;https://detail.1688.com/offer/619613361020.html
万载县雯达涩日用品经营部;https://shop90n0i90632m75.1688.com;https://detail.1688.com/offer/650548121601.html
义乌市锡奎电子商务商行;https://shop12t8172030177.1688.com;https://detail.1688.com/offer/655331597022.html
义乌市婷女饰品有限公司;https://shop1352307595758.1688.com;https://detail.1688.com/offer/581224936836.html
东阳市亚美饰品有限公司;https://shop0n85373st2317.1688.com;https://detail.1688.com/offer/631350425340.html
义乌市雷杰贸易有限公司;https://leijiemaoyi.1688.com;https://detail.1688.com/offer/643325228336.html
义乌市创美饰品厂;https://ywcmei.1688.com;https://detail.1688.com/offer/613266138146.html
义乌市伊容饰品有限公司;https://shop1400259555368.1688.com;https://detail.1688.com/offer/579144750428.html
义乌市梦锦服饰厂;https://mjoy2019.1688.com;https://detail.1688.com/offer/609751342944.html
义乌市梨果电子商务商行;https://shop8240740465797.1688.com;https://detail.1688.com/offer/625471315355.html
义乌市酷秀饰品厂;https://kuxiushipin.1688.com;https://detail.1688.com/offer/651516011448.html
余江区海余商贸商行;https://shop13y173h8z7791.1688.com;https://detail.1688.com/offer/654151302877.html
杭州余杭区乔司街道奥谊贸易商行;https://shop43x4975252015.1688.com;https://detail.1688.com/offer/655258435805.html
漳州开发区郝佳臣百货店;https://shop3300j34768008.1688.com;https://detail.1688.com/offer/647997879022.html
义乌市雅珞电子商务商行;https://shop840540o6fk361.1688.com;https://detail.1688.com/offer/654494731233.html
义乌市宣颖电子商务有限公司;https://shop90606028po4a4.1688.com;https://detail.1688.com/offer/573499820667.html
义乌市腾卓饰品厂;https://shop1444669210627.1688.com;https://detail.1688.com/offer/579795730109.html
义乌市华娟饰品有限公司;https://huajuanshipin.1688.com;https://detail.1688.com/offer/592584578077.html
嘉兴市南湖区城东永捷电子商务经营部;https://shop1381213023976.1688.com;https://detail.1688.com/offer/636376950381.html
苏州采缘秀丝绸有限公司;https://shop1460468598542.1688.com;https://detail.1688.com/offer/600366414800.html
义乌市莘选电子商务有限公司;https://shop4194772ms29k1.1688.com;https://detail.1688.com/offer/654183152642.html
内蒙古雅古羊绒制品有限责任公司;https://yocosland.1688.com;https://detail.1688.com/offer/649159630265.html
义乌市序一电子商务商行;https://yiwuxuyi.1688.com;https://detail.1688.com/offer/644169511917.html
义乌市之桃针织品厂;https://zhitaoweijin.1688.com;https://detail.1688.com/offer/640544715435.html
义乌市普春服饰有限公司;https://mouchengjun.1688.com;https://detail.1688.com/offer/640055431730.html
尤溪县嘉磊商行;https://shop085389ht545x6.1688.com;https://detail.1688.com/offer/644007954101.html
杭州哈柠商贸有限公司;https://jwhoney.1688.com;https://detail.1688.com/offer/646757264299.html
高新区枫桥柏胜喜百货商行;https://shop3xy2807h29840.1688.com;https://detail.1688.com/offer/655859962310.html
台州市黄岩营尚电子商务商行;https://shop4c2f07735e788.1688.com;https://detail.1688.com/offer/655425402891.html
新北区三井集简服装商行;https://shop7561gg8773146.1688.com;https://detail.1688.com/offer/632349609215.html
义乌市首秀饰品厂;https://juxinsp20080808.1688.com;https://detail.1688.com/offer/651318099276.html
万载县鑫达日用品经营部;https://shop61697r7e97081.1688.com;https://detail.1688.com/offer/653164247247.html
深圳市龙华新区伊百分手工饰品厂;https://storyacc.1688.com;https://detail.1688.com/offer/549841415809.html
涿州市誉瑄优品服装店;https://bjyxyp.1688.com;https://detail.1688.com/offer/652645968207.html
玉林市玉州区庭灵百货店;https://shop0j71b00120138.1688.com;https://detail.1688.com/offer/641981629324.html
余江区荣丰盛电子商务商行;https://shop8p17207150276.1688.com;https://detail.1688.com/offer/655552483658.html
义乌市西檬服饰有限公司;https://shop4m36607w74227.1688.com;https://detail.1688.com/offer/654422088758.html
南平市建阳区林农孔格百货店;https://shop0169r62wo0694.1688.com;https://detail.1688.com/offer/652642931491.html
义乌市亚誉电子商务商行;https://shop960952jz62422.1688.com;https://detail.1688.com/offer/653304281059.html
南平市建阳区林农东松百货店;https://shop60s291b3192s5.1688.com;https://detail.1688.com/offer/653099134764.html
义乌市昌聪电子商务有限公司;https://shop93200qt6d9610.1688.com;https://detail.1688.com/offer/607053705741.html
义乌市泉燃电子商务商行;https://shop1395507141038.1688.com;https://detail.1688.com/offer/651575389429.html
浙江娴慕围巾有限公司;https://zjxmwj.1688.com;https://detail.1688.com/offer/635110164979.html
义乌市迪硕饰品商行;https://shop1425061v49d59.1688.com;https://detail.1688.com/offer/606892065110.html
铅山县瑾俏饰品厂;https://jinqiaoshipin.1688.com;https://detail.1688.com/offer/654582767522.html
义乌市悦俏服饰有限公司;https://shop9469394525xs0.1688.com;https://detail.1688.com/offer/654891594699.html
义乌市三态饰品有限公司;https://santai3333.1688.com;https://detail.1688.com/offer/654561043394.html
内蒙古卓誉羊绒制品有限公司;https://zhuoyucashmere.1688.com;https://detail.1688.com/offer/641754889065.html
义乌市畅萌电子商务商行;https://shop1461138576382.1688.com;https://detail.1688.com/offer/633783639297.html
义乌市心喜贸易有限公司;https://yiwuxinxi.1688.com;https://detail.1688.com/offer/655767615102.html
义乌市银盒电子商务有限公司;https://shop9185290zz7714.1688.com;https://detail.1688.com/offer/631774937327.html
万载县环旭日用品经营部;https://shop23712143w33p7.1688.com;https://detail.1688.com/offer/650179328798.html
万载县宾兴日用品商行;https://shop13504162r9251.1688.com;https://detail.1688.com/offer/651207598960.html
高新区枫桥旭开百货商行;https://shop0a90257l249i7.1688.com;https://detail.1688.com/offer/654648310455.html
柘荣县庆方日用品经营部;https://shop81y8544775452.1688.com;https://detail.1688.com/offer/650339239669.html
柘荣县角麻日用品经营部;https://shop44108p6756k89.1688.com;https://detail.1688.com/offer/652055637948.html
南平市建阳区练光纬百货店;https://shop1372um9879169.1688.com;https://detail.1688.com/offer/648880368010.html
万载县可修日用品经营部;https://shop2790120fd69q3.1688.com;https://detail.1688.com/offer/650738121780.html
义乌市秉栗电子商务商行;https://shop38247043qq285.1688.com;https://detail.1688.com/offer/654847717431.html
万载县瑶秀日用品商行;https://shop375839e02sf78.1688.com;https://detail.1688.com/offer/651457316227.html
柘荣县周状日用品经营部;https://shop9j04363306988.1688.com;https://detail.1688.com/offer/648993311031.html
义乌市贶景电子商务商行;https://shop8307899835mb7.1688.com;https://detail.1688.com/offer/655131065475.html
余江区琦祥经营部;https://shop687x97717x521.1688.com;https://detail.1688.com/offer/655092525647.html
莆田市荔城区禾罗服饰店;https://shop174o52584z680.1688.com;https://detail.1688.com/offer/651376943609.html
海口龙华区利杰可贸易商行;https://shop430e94y480154.1688.com;https://detail.1688.com/offer/652801946544.html
揭阳空港区溪南四季百货商行;https://shop5q619r3337893.1688.com;https://detail.1688.com/offer/649253160649.html
遂昌格伟贸易商行;https://shop10da961q32014.1688.com;https://detail.1688.com/offer/645275442880.html
揭阳市揭东区新亨镇耀维百货店;https://shop500911055m618.1688.com;https://detail.1688.com/offer/648894808662.html
灌云县冠达针织服装厂;https://shop828027693i275.1688.com;https://detail.1688.com/offer/654726481280.html
义乌市贯美饰品有限公司;https://shop0667cy66231e8.1688.com;https://detail.1688.com/offer/641094095873.html
义乌萌尔电子商务商行;https://shop5b287b5825734.1688.com;https://detail.1688.com/offer/646457569407.html
义乌市赛迪电子商务有限公司;https://shop2128883832657.1688.com;https://detail.1688.com/offer/653492927334.html
阚永新;https://ywxcfc.1688.com;https://detail.1688.com/offer/579780786255.html
苏州混沌丝绸文化有限公司;https://hundunsichou.1688.com;https://detail.1688.com/offer/639642469452.html
义乌市凯瑟饰品厂;https://shop2z481f080y305.1688.com;https://detail.1688.com/offer/650704432880.html
义乌市彤灿饰品有限公司;https://tongcanhair.1688.com;https://detail.1688.com/offer/639801950899.html
义乌市茜紫饰品有限公司;https://xizisp.1688.com;https://detail.1688.com/offer/623969404596.html
义乌市圣熙饰品有限公司;https://shengxi789.1688.com;https://detail.1688.com/offer/610065246758.html
丹阳市界牌镇浮古苍工艺礼品厂;https://shop029w0425k2596.1688.com;https://detail.1688.com/offer/649874617786.html
义乌市旻珉电子商务商行;https://shop35653i0269911.1688.com;https://detail.1688.com/offer/653490706717.html
义乌市荣飘针织厂;https://shop1411663324678.1688.com;https://detail.1688.com/offer/578290088374.html
玉林市玉州区沃草日用百货店;https://shop339891649a533.1688.com;https://detail.1688.com/offer/655855762230.html
梁丽群;https://shop73f8862g57984.1688.com;https://detail.1688.com/offer/640206651969.html
袁州区梓七网络工作室;https://shop5954125279850.1688.com;https://detail.1688.com/offer/654910929309.html
深圳市米尤贸易有限公司;https://shop2061454c17197.1688.com;https://detail.1688.com/offer/635768087682.html
新沂市敏之胡家居用品经营部;https://shop4eh7g36094464.1688.com;https://detail.1688.com/offer/655748251193.html
万载县起鸢敏百货店;https://shop10e95c5c45273.1688.com;https://detail.1688.com/offer/655545594818.html
余江区少同电子商务商行;https://shop4lb5793007287.1688.com;https://detail.1688.com/offer/654719193332.html
宁海时辉电子商务商行;https://shop2u896219qy317.1688.com;https://detail.1688.com/offer/649755330267.html
尤溪县水修眀网店;https://shop3l86955595d16.1688.com;https://detail.1688.com/offer/649722803214.html
义乌市涛倩电子商务商行;https://shop07970806ww381.1688.com;https://detail.1688.com/offer/656033850310.html
