义乌市有赛电子商务有限公司;https://shop1489510776655.1688.com;https://detail.1688.com/offer/589432222432.html
义乌市伦婷电子商务商行;https://shop1430042387596.1688.com;https://detail.1688.com/offer/589407898226.html
武义米树电子商务有限公司;https://shop8135h1839c161.1688.com;https://detail.1688.com/offer/644218236047.html
连城县鄞书云百货店;https://shop71381y8063m29.1688.com;https://detail.1688.com/offer/652934188884.html
石狮市简峰世控网络百货商行;https://shop16t64v339n381.1688.com;https://detail.1688.com/offer/653398554875.html
义乌市昌翊电子商务商行;https://shop077539sx54058.1688.com;https://detail.1688.com/offer/651926080740.html
义乌市欧吻电子商务商行;https://shop31808b2q87874.1688.com;https://detail.1688.com/offer/652829664093.html
义乌市米迦贸易有限公司;https://mijiamaoyi.1688.com;https://detail.1688.com/offer/592346312905.html
海州区岗埠农场薇薇安饰品经营部;https://shop28614c1605473.1688.com;https://detail.1688.com/offer/615421830972.html
义乌市尔洵饰品有限公司;https://shop351u315060814.1688.com;https://detail.1688.com/offer/652875084735.html
义乌市温宜饰品有限公司;https://venyjewelry.1688.com;https://detail.1688.com/offer/613719013654.html
义乌市岚琳饰品有限公司;https://shop1967n01469x05.1688.com;https://detail.1688.com/offer/634127167237.html
义乌市麦浪电子商务有限公司;https://shop1488269626285.1688.com;https://detail.1688.com/offer/581776992877.html
新罗区凡索加百货店;https://shop6qf83523232j2.1688.com;https://detail.1688.com/offer/653617920191.html
义乌市丁丽电子商务商行;https://shop28554e50re624.1688.com;https://detail.1688.com/offer/653967208306.html
义乌市港誉贸易商行;https://shop04i74790042s6.1688.com;https://detail.1688.com/offer/652348250852.html
义乌市琛吉电子商务商行;https://shop8581343q8qg54.1688.com;https://detail.1688.com/offer/650952632751.html
景宁盈鑫旺贸易有限公司;https://shop585j346t142v4.1688.com;https://detail.1688.com/offer/652205127519.html
义乌市华趣电子商务有限公司;https://shop284061t172476.1688.com;https://detail.1688.com/offer/652939075396.html
义乌市欧伊茜电子商务有限公司;https://shop409y2d7010521.1688.com;https://detail.1688.com/offer/651185346313.html
义乌市欢欣饰品有限公司;https://1688happy.1688.com;https://detail.1688.com/offer/619724948014.html
南京花兮百货贸易有限公司;https://shop17230wv141v16.1688.com;https://detail.1688.com/offer/643746968728.html
广州鼎满贸易商行;https://shop9r798d9368372.1688.com;https://detail.1688.com/offer/654590060690.html
莱芜赢达商贸有限公司;https://shop3213754355100.1688.com;https://detail.1688.com/offer/613382005151.html
义乌市潮板电子商务商行;https://shop994845zc15f53.1688.com;https://detail.1688.com/offer/653556702222.html
义乌市轩蔻饰品有限公司;https://wq9518.1688.com;https://detail.1688.com/offer/620970614916.html
义乌市妙姿饰品有限公司;https://shop1482771688951.1688.com;https://detail.1688.com/offer/641557363652.html
义乌筑京电子商务商行;https://shop2498h775o9929.1688.com;https://detail.1688.com/offer/652273333651.html
仙游县鲤城春禄工艺品店;https://shop148201b96h074.1688.com;https://detail.1688.com/offer/654858255062.html
义乌市诗意电子商务商行;https://shop7z90744048e00.1688.com;https://detail.1688.com/offer/621189067459.html
义乌市冉色电子商务商行;https://shop7986t8h334480.1688.com;https://detail.1688.com/offer/644550301811.html
义乌市志畅电子商务商行;https://shop21599773v1559.1688.com;https://detail.1688.com/offer/649570236487.html
义乌市团铭电子商务有限公司;https://shop1393347193811.1688.com;https://detail.1688.com/offer/582222097689.html
义乌市或美工艺品厂;https://ywdlsp.1688.com;https://detail.1688.com/offer/564377710115.html
义乌市箫韶饰品有限公司;https://xiaoshao.1688.com;https://detail.1688.com/offer/648282060597.html
云霄县坤寺服装商行;https://shop79973095d3q53.1688.com;https://detail.1688.com/offer/655676535185.html
义乌市兴为饰品厂;https://shop8n1h547101358.1688.com;https://detail.1688.com/offer/595718005642.html
广州创毅信息科技有限公司;https://shop5w3w715334322.1688.com;https://detail.1688.com/offer/650654356977.html
连城县悦慧秀百货店;https://shop12e4473718342.1688.com;https://detail.1688.com/offer/652105346900.html
义乌市翱翔网络科技有限公司;https://shop3111o7832j397.1688.com;https://detail.1688.com/offer/585407366178.html
永定区悬历泽百货商行;https://shop8t60825091gv4.1688.com;https://detail.1688.com/offer/651893183285.html
深圳市宝安区力景商行;https://shop53j6714627084.1688.com;https://detail.1688.com/offer/650801187070.html
义乌市阳纽电子商务商行;https://shop0695b59k07586.1688.com;https://detail.1688.com/offer/655581143352.html
义乌市酷戴饰品有限公司;https://kudaishipin.1688.com;https://detail.1688.com/offer/563346160230.html
义乌市一诚饰品有限公司;https://shop5902912038p84.1688.com;https://detail.1688.com/offer/563347292098.html
永定区虑极实百货商行;https://shop2865i157y28l9.1688.com;https://detail.1688.com/offer/643610525380.html
义乌海生饰品有限公司;https://shop6213044x3p442.1688.com;https://detail.1688.com/offer/653026038036.html
平阳县翠翠工艺品厂;https://shop1a74979h70117.1688.com;https://detail.1688.com/offer/614789742988.html
河南布菲新娘饰品有限公司;https://shop091374746u468.1688.com;https://detail.1688.com/offer/640452556694.html
河南优拉国际贸易有限公司;https://shop3vm038o404309.1688.com;https://detail.1688.com/offer/620634635341.html
义乌市心韵饰品有限公司;https://xinyun168.1688.com;https://detail.1688.com/offer/619409595097.html
广州醉春城贸易有限公司;https://shop22d052v0v3324.1688.com;https://detail.1688.com/offer/634606628183.html
石狮市简峰云谱网络百货商行;https://shop354xx43697253.1688.com;https://detail.1688.com/offer/651754923551.html
义乌繁灏贸易有限公司;https://shop1456851393523.1688.com;https://detail.1688.com/offer/585236674305.html
义乌市韵萌饰品有限公司;https://shop6k3930763j435.1688.com;https://detail.1688.com/offer/652134279071.html
贵溪市宇辰饰品加工厂店;https://yuchenship.1688.com;https://detail.1688.com/offer/628607974000.html
义乌市君皓饰品厂;https://yhmy168.1688.com;https://detail.1688.com/offer/520831764341.html
义乌市展祥饰品有限公司;https://shop4334373547g20.1688.com;https://detail.1688.com/offer/652828368085.html
新罗区楷丽集百货商行;https://shop2v87k16839348.1688.com;https://detail.1688.com/offer/655171042814.html
瑞安市幸福工艺礼品有限公司;https://shop1362504134122.1688.com;https://detail.1688.com/offer/614537725417.html
武汉市蔡甸区蔡婧升日用品经营部;https://shop78197734a9370.1688.com;https://detail.1688.com/offer/644625107037.html
海宁龙威电子商务有限公司;https://shop1418783959592.1688.com;https://detail.1688.com/offer/542054649862.html
义乌市兹瓣贸易商行;https://shop4764e003q31d4.1688.com;https://detail.1688.com/offer/655562587704.html
广州越秀区飞倪商贸有限公司;https://shop0g14268i23332.1688.com;https://detail.1688.com/offer/648169299349.html
深圳市环烨艾建材贸易有限公司;https://shop5406743f2u701.1688.com;https://detail.1688.com/offer/639484357647.html
深圳市福田区展宏锐建材贸易商行;https://shop4z56vm5175694.1688.com;https://detail.1688.com/offer/655805179140.html
田家庵区余韵百货商商行;https://shop08d0999h28023.1688.com;https://detail.1688.com/offer/646361512611.html
义乌市夕六电子商务商行;https://shop522435u1k4w12.1688.com;https://detail.1688.com/offer/655464637153.html
义乌市赫拉进出口有限公司;https://ywhera.1688.com;https://detail.1688.com/offer/642497890680.html
温州市高博服装有限公司;https://goodmorningkid.1688.com;https://detail.1688.com/offer/551362600892.html
义乌市艾媞茵饰品有限公司;https://addilyn.1688.com;https://detail.1688.com/offer/593895551208.html
义乌市黛娜工艺品有限公司;https://dinahchina.1688.com;https://detail.1688.com/offer/581132286490.html
天津花隅仿真花有限公司;https://shop345e06z003989.1688.com;https://detail.1688.com/offer/641678266929.html
德州经济技术开发区秀秀饰品店;https://shop80815532a6a08.1688.com;https://detail.1688.com/offer/611999337403.html
河北珍惜服饰有限公司;https://shop1464886796612.1688.com;https://detail.1688.com/offer/578862990265.html
北塘区缘之恒饰品商行;https://shop1384448209244.1688.com;https://detail.1688.com/offer/581973745689.html
金华市金东区黑岩服饰厂;https://movo871119.1688.com;https://detail.1688.com/offer/40560415196.html
菏泽大手牵小手服饰有限公司;https://shop7n3715q9x9919.1688.com;https://detail.1688.com/offer/607874523882.html
义乌市瑜逐电子商务商行;https://shop13cr96536c317.1688.com;https://detail.1688.com/offer/652514203039.html
丽水景宁珑盛贸易有限公司;https://shop531434h732848.1688.com;https://detail.1688.com/offer/643072391047.html
湖州织里岩力兰童装商行;https://mengshuiyiwei.1688.com;https://detail.1688.com/offer/569672943598.html
邵东县大禾塘爱依酷服饰店;https://eku888.1688.com;https://detail.1688.com/offer/654763907580.html
义乌潘翎电子商务商行;https://shop32536s8j86947.1688.com;https://detail.1688.com/offer/655301046736.html
余江区宁尼电子商务商行;https://shop97909144230y0.1688.com;https://detail.1688.com/offer/655266043635.html
六安钱娴服饰有限公司;https://shop10882397336r8.1688.com;https://detail.1688.com/offer/625217567056.html
商城县腾祥家居用品商行;https://shop60404r2674i52.1688.com;https://detail.1688.com/offer/656261023873.html
丹阳市界牌镇仁赛恒五金加工厂;https://shop333661sv43d11.1688.com;https://detail.1688.com/offer/655226256956.html
润州区摘之福服装厂;https://shop11r39n03689i7.1688.com;https://detail.1688.com/offer/656051498887.html
佛山市南海区茂致盈日用品厂;https://shop329266a8e98x3.1688.com;https://detail.1688.com/offer/650366906204.html
云霄县廖凰服装店;https://shop519p9p3033a90.1688.com;https://detail.1688.com/offer/654802557656.html
义乌市修檬电子商务商行;https://shop02497618mj587.1688.com;https://detail.1688.com/offer/648791616272.html
五华县岐岭镇燕芳芳商行;https://shop7639r9rr77136.1688.com;https://detail.1688.com/offer/655297477126.html
义乌市三荷饰品有限公司;https://ywjialanflower.1688.com;https://detail.1688.com/offer/595248996366.html
深圳市龙岗区兴博服装辅料商行;https://shop36201r1358000.1688.com;https://detail.1688.com/offer/592729482426.html
广州市曼弘嘉贸易商行;https://shop650003911jh97.1688.com;https://detail.1688.com/offer/631224860601.html
五华县横陂镇石君商贸部;https://shop444dw47w80417.1688.com;https://detail.1688.com/offer/649885436046.html
丹阳市开发区连岛百货店;https://shop4661006716774.1688.com;https://detail.1688.com/offer/647489025677.html
义乌市诗路贸易有限公司;https://shop2752p07679he7.1688.com;https://detail.1688.com/offer/609775545478.html
广州市黄埔区众拓机械加工部;https://shop3i55032y93495.1688.com;https://detail.1688.com/offer/648892971473.html
义乌市信保进出口有限公司;https://cnalibaba.1688.com;https://detail.1688.com/offer/638643640276.html
深圳市龙岗区未闻花名仿真植物批发部;https://shop85pt1h6196947.1688.com;https://detail.1688.com/offer/641417084490.html
景宁亨序百货商行;https://shop4816196210075.1688.com;https://detail.1688.com/offer/643781400279.html
义乌市摩多贸易有限公司;https://moduomaoyi.1688.com;https://detail.1688.com/offer/635217596831.html
新会区怡韵婚庆用品商行;https://shop189qg44250i25.1688.com;https://detail.1688.com/offer/619700989765.html
义乌市瑶儿饰品商行;https://shop2xc7443420f43.1688.com;https://detail.1688.com/offer/652110833183.html
五华县横陂镇华伊科技馆;https://shop52698935mh763.1688.com;https://detail.1688.com/offer/651649877253.html
五华县岐岭镇满秋加工厂;https://shop11207o530s775.1688.com;https://detail.1688.com/offer/652322777594.html
义乌市摩蝶饰品有限公司;https://shop854029k748068.1688.com;https://detail.1688.com/offer/652236934756.html
永定区杳琐欣网店;https://shop67971zb3817a8.1688.com;https://detail.1688.com/offer/650345066118.html
广州好视界眼镜有限公司;https://shop02379r180r393.1688.com;https://detail.1688.com/offer/654546447706.html
义乌市璟恩电子商务商行;https://shop284851348x519.1688.com;https://detail.1688.com/offer/599978213879.html
义乌市帕克工艺品有限公司;https://shop37l8on7540120.1688.com;https://detail.1688.com/offer/650554391585.html
潮州市枫溪区汇建诚工艺品制作厂;https://huijianchenggyp.1688.com;https://detail.1688.com/offer/555577281737.html
广州市美珊百货商行;https://shop7w99v93683940.1688.com;https://detail.1688.com/offer/650894008645.html
睢宁县维欧家居用品厂;https://shop84k5239012k23.1688.com;https://detail.1688.com/offer/650233543334.html
宜丰县金逸铭百货店;https://shop40593855353q6.1688.com;https://detail.1688.com/offer/655047323908.html
义乌市焕慷电子商务商行;https://shop245r9836269r6.1688.com;https://detail.1688.com/offer/651492936611.html
广州枰坪贸易商行;https://shop5t1r277881x50.1688.com;https://detail.1688.com/offer/655525821337.html
义乌市春夏饰品厂;https://shop33k68kc091803.1688.com;https://detail.1688.com/offer/655072356158.html
五华县横陂镇兰清电子商务部;https://shop76515976a2p12.1688.com;https://detail.1688.com/offer/649561260472.html
义乌市毅幕电子商务商行;https://shop44e25963nn203.1688.com;https://detail.1688.com/offer/650350368122.html
义乌市前贵日用品厂;https://shop2642b33325c12.1688.com;https://detail.1688.com/offer/651455684600.html
义乌市泰芸电子商务商行;https://shop0273588br5141.1688.com;https://detail.1688.com/offer/654799428596.html
