义乌市烨贝饰品有限公司;https://yebeishipin.1688.com;https://detail.1688.com/offer/605646079056.html
浦江县韩之尚电子商务有限公司;https://hanzhishang.1688.com;https://detail.1688.com/offer/579324015434.html
义乌市禹哥电子商务商行;https://yiwuyugeshipin.1688.com;https://detail.1688.com/offer/638478311068.html
义乌市咏歌电子商务商行;https://tingfengyu.1688.com;https://detail.1688.com/offer/573989744749.html
义乌市瑞列电子商务有限公司;https://baidu12.1688.com;https://detail.1688.com/offer/653492952150.html
义乌市阑娇贸易有限公司;https://lanjiao.1688.com;https://detail.1688.com/offer/640032786379.html
义乌市离癸电子商务商行;https://shop83l5v343i1552.1688.com;https://detail.1688.com/offer/648642955602.html
合肥泡普乐电子商务有限公司;https://yiwupaopule.1688.com;https://detail.1688.com/offer/639625473738.html
义乌市赛蒲电子商务有限公司;https://shop746a21293r413.1688.com;https://detail.1688.com/offer/602753706219.html
义乌市妙奇饰品有限公司;https://shop1495711727016.1688.com;https://detail.1688.com/offer/588636952833.html
浦江县韩茹电子商务商行;https://shop44585e925v9e6.1688.com;https://detail.1688.com/offer/627149527701.html
义乌市和冉贸易有限公司;https://heranjewelry.1688.com;https://detail.1688.com/offer/650452385260.html
黄山市洛湘饰品有限公司;https://shop60t6688p40282.1688.com;https://detail.1688.com/offer/653069109243.html
义乌市铭嘟电子商务有限公司;https://lihebosp.1688.com;https://detail.1688.com/offer/597290117254.html
义乌市颜瑟电子商务有限公司;https://shop7393824641303.1688.com;https://detail.1688.com/offer/650805731259.html
浦江县皓越锁业有限公司;https://asswtb.1688.com;https://detail.1688.com/offer/599217545743.html
义乌市拓稠电子商务商行;https://albb168.1688.com;https://detail.1688.com/offer/654690935208.html
义乌市岚秀电子商务商行;https://shop1466010339509.1688.com;https://detail.1688.com/offer/649867996352.html
义乌市永盈电子商务有限公司;https://shop6536565675030.1688.com;https://detail.1688.com/offer/653276956472.html
义乌市摩多贸易有限公司;https://moduomaoyi.1688.com;https://detail.1688.com/offer/580490815691.html
义乌市妙赛电子商务商行;https://shop7594u271272b0.1688.com;https://detail.1688.com/offer/641330153526.html
义乌市雅金饰品厂;https://shop7a505351s74f4.1688.com;https://detail.1688.com/offer/629912965279.html
义乌市闻舞商贸有限公司;https://wenushoushi.1688.com;https://detail.1688.com/offer/653120056133.html
晋江市利义生合电子商务有限公司;https://shop0115gg0119046.1688.com;https://detail.1688.com/offer/631898061608.html
南平市建阳区林农孔格百货店;https://shop0169r62wo0694.1688.com;https://detail.1688.com/offer/655923282939.html
义乌市欧喆饰品厂;https://ouzhesp.1688.com;https://detail.1688.com/offer/654673255511.html
东莞市松龙五金制品有限公司;https://xiaozhang1.1688.com;https://detail.1688.com/offer/624217882834.html
义乌市维蒙饰品有限公司;https://shop1491214756491.1688.com;https://detail.1688.com/offer/598816606336.html
义乌市端搜电子商务有限公司;https://ywxsbpf.1688.com;https://detail.1688.com/offer/645002528851.html
义乌市一恋饰品有限公司;https://yilian1.1688.com;https://detail.1688.com/offer/654691935111.html
福州市台江区尚姿工艺品店;https://shop536c811873613.1688.com;https://detail.1688.com/offer/653540688636.html
龙港市凤洲日用品店;https://shop24d926056q817.1688.com;https://detail.1688.com/offer/655718370588.html
义乌市晟处日用百货商行;https://shop1s6zs96843715.1688.com;https://detail.1688.com/offer/649968232678.html
晋江市池店镇秩序鞋帽商行;https://shop53hf035680217.1688.com;https://detail.1688.com/offer/635192379147.html
武义米树电子商务有限公司;https://shop8135h1839c161.1688.com;https://detail.1688.com/offer/649781618165.html
揭阳市揭东区新亨镇一好饰品商行;https://shop712475f750170.1688.com;https://detail.1688.com/offer/644587449429.html
义乌市淋顿饰品有限公司;https://shop4135z73526w05.1688.com;https://detail.1688.com/offer/582842629983.html
义乌市高途电子商务商行;https://gaotu809088915.1688.com;https://detail.1688.com/offer/588552742071.html
义乌市梁清电子商务商行;https://liangqing1818.1688.com;https://detail.1688.com/offer/618297034763.html
义乌市可仁饰品有限公司;https://hyssmy.1688.com;https://detail.1688.com/offer/541667978352.html
义乌市双钗电子商务有限公司;https://shop710j034796ay3.1688.com;https://detail.1688.com/offer/643105791482.html
义乌市黛仁饰品有限公司;https://shop1398877022652.1688.com;https://detail.1688.com/offer/579800705068.html
义乌市虾皮饰品商行;https://shop458069zb996z5.1688.com;https://detail.1688.com/offer/651895839331.html
义乌市跃龙电子商务有限公司;https://shop43b66803904v3.1688.com;https://detail.1688.com/offer/640714882974.html
义乌阿魏电子商务有限公司;https://shop15407219074z6.1688.com;https://detail.1688.com/offer/622173108733.html
义乌市品言贸易有限公司;https://shop2u216l7788p30.1688.com;https://detail.1688.com/offer/642378124492.html
义乌市牛犇进出口有限公司;https://niuben.1688.com;https://detail.1688.com/offer/634529405718.html
东阳市白云忠信饰品厂;https://shop843160617ae57.1688.com;https://detail.1688.com/offer/636300523566.html
义乌市辉宏饰品商行;https://shop9698360uj4d50.1688.com;https://detail.1688.com/offer/650006951928.html
义乌市宸盈商贸有限公司;https://shop37114594u7z65.1688.com;https://detail.1688.com/offer/630911962120.html
义乌市宜达饰品有限公司;https://youpinyida.1688.com;https://detail.1688.com/offer/583374210958.html
义乌市毅幕电子商务商行;https://shop44e25963nn203.1688.com;https://detail.1688.com/offer/652286526325.html
义乌市依垚电子商务商行;https://yiyao2016.1688.com;https://detail.1688.com/offer/629960849976.html
广州辛飞商贸部;https://shop5213380k85545.1688.com;https://detail.1688.com/offer/653864263924.html
河南胡道商贸有限公司;https://shop182133947n789.1688.com;https://detail.1688.com/offer/641661517886.html
博爱县苏小娟日用百货网店;https://shop45416208j5915.1688.com;https://detail.1688.com/offer/651697346168.html
博爱县港港日用百货网店;https://shop89r21419034r6.1688.com;https://detail.1688.com/offer/652067259494.html
博爱县柯文日用百货网店;https://shop33o5801v34407.1688.com;https://detail.1688.com/offer/650984648489.html
义乌市简拉电子商务有限公司;https://jianlajewelry.1688.com;https://detail.1688.com/offer/596966121531.html
义乌市象蝶电子商务商行;https://xiangdie.1688.com;https://detail.1688.com/offer/581701644410.html
台州市黄岩洁凌电子商务商行;https://shop5826s60003250.1688.com;https://detail.1688.com/offer/655847887819.html
义乌市晴岛电子商务有限公司;https://shop54q21m3166469.1688.com;https://detail.1688.com/offer/651537674498.html
义乌市律心电子商务商行;https://shop1463503804633.1688.com;https://detail.1688.com/offer/645344495630.html
王忠信;https://xiuxiu11142012.1688.com;https://detail.1688.com/offer/638824382364.html
云霄县影公鞋帽商行;https://shop14530612748b1.1688.com;https://detail.1688.com/offer/651866769367.html
义乌市君多采电子商务有限公司;https://shop108898d4h7t74.1688.com;https://detail.1688.com/offer/650706167357.html
汕头市金平区易雷商贸行;https://shop37y888s584026.1688.com;https://detail.1688.com/offer/643153870671.html
义乌市家民贸易有限公司;https://shop1472452130381.1688.com;https://detail.1688.com/offer/647127890187.html
深圳市嘉亦鑫科技有限公司;https://shop59sn332628597.1688.com;https://detail.1688.com/offer/640898744083.html
义乌市缪施电子商务商行;https://shop633547h065312.1688.com;https://detail.1688.com/offer/628747323204.html
义乌市蓦然电子商务商行;https://shop4p24079984497.1688.com;https://detail.1688.com/offer/644851485391.html
义乌市旭爵电子商务有限公司;https://shop1415896901343.1688.com;https://detail.1688.com/offer/573841050542.html
义乌市千珺饰品有限公司;https://520qjsp.1688.com;https://detail.1688.com/offer/592668011169.html
义乌市韩饰界电子科技有限公司;https://shop343b88869jj94.1688.com;https://detail.1688.com/offer/587861954029.html
义乌市苏仁饰品有限公司;https://shop1436374539057.1688.com;https://detail.1688.com/offer/579192510044.html
义乌市仔润电子商务有限公司;https://shop80d67q47640n3.1688.com;https://detail.1688.com/offer/632079544208.html
义乌市南慧电子商务商行;https://mingruishipin.1688.com;https://detail.1688.com/offer/598575006063.html
义乌市驻龙电子商务有限公司;https://ywps925.1688.com;https://detail.1688.com/offer/582369653302.html
义乌市天青电子商务有限公司;https://shop13797873343m1.1688.com;https://detail.1688.com/offer/632426497209.html
义乌市沁喆贸易有限公司;https://shop92f625a676183.1688.com;https://detail.1688.com/offer/646680127193.html
长沙江润商贸有限公司;https://emeiali.1688.com;https://detail.1688.com/offer/651754589011.html
义乌市义佳饰品厂;https://shop6y20345843500.1688.com;https://detail.1688.com/offer/650051932921.html
义乌市志博进出口有限公司;https://shop1431967834272.1688.com;https://detail.1688.com/offer/597795985842.html
博爱县韦镪日用百货网店;https://shop8395m6734p1s7.1688.com;https://detail.1688.com/offer/650894208107.html
义乌市蓉尚电子商务有限公司;https://shop9366twf684339.1688.com;https://detail.1688.com/offer/634903602940.html
义乌市滨洋贸易有限公司;https://shop1098426z91gc6.1688.com;https://detail.1688.com/offer/626365292216.html
义乌市睿岑电子商务有限公司;https://shop7h94721h899m1.1688.com;https://detail.1688.com/offer/589590402600.html
浦江县慕尚贸易有限公司;https://shop578274098k823.1688.com;https://detail.1688.com/offer/634327553876.html
义乌市晓茵电子商务商行;https://shop1373993624078.1688.com;https://detail.1688.com/offer/652565409838.html
义乌市歆阳电子商务有限公司;https://shop1f394g82173f3.1688.com;https://detail.1688.com/offer/650713282184.html
博爱县达令服装店;https://shop20s640479at40.1688.com;https://detail.1688.com/offer/649804874113.html
博爱县肥仔日用品网店;https://shop98q3702970653.1688.com;https://detail.1688.com/offer/649239129559.html
博爱县锴锴服饰网店;https://shop0210220158f88.1688.com;https://detail.1688.com/offer/649921486940.html
郑州市管城回族区芙琳服装店;https://shop40c485yp79811.1688.com;https://detail.1688.com/offer/646476732817.html
博爱县趁意日用百货网店;https://shop935775eh1h064.1688.com;https://detail.1688.com/offer/651326789454.html
博爱县娄花日用百货网店;https://shop04921w4467021.1688.com;https://detail.1688.com/offer/652673851851.html
义乌市鹏翱贸易有限公司;https://shop140t4vq644868.1688.com;https://detail.1688.com/offer/597461857704.html
深圳市龙岗区莹曼不锈钢五金制品商行;https://yingman1688.1688.com;https://detail.1688.com/offer/624281852046.html
义乌市楠博电子商务商行;https://shop1410539936050.1688.com;https://detail.1688.com/offer/613442536579.html
义乌市凌歌电子商务商行;https://linggeshiping.1688.com;https://detail.1688.com/offer/573916172129.html
义乌市糖恋电子商务商行;https://shop1479142358890.1688.com;https://detail.1688.com/offer/574228438721.html
义乌市远为网络科技有限公司;https://shop1904370a8a769.1688.com;https://detail.1688.com/offer/642360268021.html
义乌市韩萸饰品有限公司;https://hanyushipin.1688.com;https://detail.1688.com/offer/601205659211.html
义乌市奈珠饰品厂;https://naizhushipin.1688.com;https://detail.1688.com/offer/626127744765.html
义乌市梓棠饰品有限公司;https://520zitang.1688.com;https://detail.1688.com/offer/590654723797.html
义乌市威扬饰品有限公司;https://weiyangsp.1688.com;https://detail.1688.com/offer/599874052027.html
义乌子拓电子商务商行;https://shop260450y6929z3.1688.com;https://detail.1688.com/offer/630492585557.html
义乌市畅萌电子商务商行;https://shop1461138576382.1688.com;https://detail.1688.com/offer/600875145746.html
义乌市傲凡网络科技有限公司;https://shop1481043643912.1688.com;https://detail.1688.com/offer/637188157250.html
博爱县美美魏日用百货网店;https://shop48536ien51647.1688.com;https://detail.1688.com/offer/646673317802.html
义乌市梦宇饰品有限公司;https://shop61870q0284p88.1688.com;https://detail.1688.com/offer/640371862538.html
义乌市璇涞电子商务商行;https://shop4833v965y1y18.1688.com;https://detail.1688.com/offer/655796834247.html
义乌市程嗣电子商务商行;https://shop555386b8668d7.1688.com;https://detail.1688.com/offer/654803418502.html
海丰县梅陇赛尔美首饰厂;https://sellme.1688.com;https://detail.1688.com/offer/641942903291.html
义乌市蒲荷饰品商行;https://shop2y781y6700078.1688.com;https://detail.1688.com/offer/649568848510.html
九江千贝科技有限公司;https://shop20x2450d96690.1688.com;https://detail.1688.com/offer/614247975112.html
义乌市赫比赫拉饰品有限公司;https://shop599l6w00750j8.1688.com;https://detail.1688.com/offer/570391085612.html
义乌市钻拉电子商务商行;https://ywmaina.1688.com;https://detail.1688.com/offer/561764880512.html
义乌市夏黄电子商务商行;https://shop1399654949275.1688.com;https://detail.1688.com/offer/562001227600.html
义乌市蓝冠饰品有限公司;https://languanjewelry.1688.com;https://detail.1688.com/offer/649496336377.html
义乌市以为饰品有限公司;https://shop53zr381480754.1688.com;https://detail.1688.com/offer/641841330190.html
义乌市繁鼎电子商务商行;https://shop9293005878o82.1688.com;https://detail.1688.com/offer/650467779990.html
义乌市铭菲饰品有限公司;https://shop9g7723b437x19.1688.com;https://detail.1688.com/offer/562786320795.html
义乌市惜郁电子商务有限公司;https://shop1429289450420.1688.com;https://detail.1688.com/offer/571363291357.html
博爱县燕高高日用百货网店;https://shop8888i47y2p427.1688.com;https://detail.1688.com/offer/652946792783.html
义乌市莲渡电子商务商行;https://shop8538o2573e2l9.1688.com;https://detail.1688.com/offer/654579629631.html
义乌市饰婕电子商务有限公司;https://sheegior.1688.com;https://detail.1688.com/offer/641562844347.html
余姚市比菲饰品厂;https://bifeijewelry.1688.com;https://detail.1688.com/offer/646903250817.html
浙江省义乌市康莉饰品有限公司;https://canlynjewelry.1688.com;https://detail.1688.com/offer/644829495265.html
深圳市罗湖区子鑫首饰厂;https://shop249w42762wg76.1688.com;https://detail.1688.com/offer/641742698838.html
广州市万胜首饰厂;https://wanshengshoushi.1688.com;https://detail.1688.com/offer/656019435297.html
义乌市凯庆饰品厂;https://yiwukaiqing.1688.com;https://detail.1688.com/offer/578869957416.html
义乌市璐儿电子商务商行;https://shop1461775831606.1688.com;https://detail.1688.com/offer/563937063808.html
义乌市烨茂饰品有限公司;https://yesmao.1688.com;https://detail.1688.com/offer/639367010700.html
义乌市震航电子商务商行;https://shop5s286h1r67736.1688.com;https://detail.1688.com/offer/562540190908.html
义乌市拓娱饰品有限公司;https://shop9c78323732008.1688.com;https://detail.1688.com/offer/644023638278.html
永定区比孰秦百货店;https://shop1h18o08h376s7.1688.com;https://detail.1688.com/offer/642999704467.html
义乌市豪彪饰品有限公司;https://haobiaoshiping.1688.com;https://detail.1688.com/offer/652085483308.html
义乌市戈凡电子商务有限公司;https://shop54569i00s6795.1688.com;https://detail.1688.com/offer/652851359876.html
义乌市倍强电子商务有限公司;https://bqjewelry.1688.com;https://detail.1688.com/offer/536187531719.html
义乌玖丹贸易有限公司;https://shop1466045990085.1688.com;https://detail.1688.com/offer/575074112938.html
义乌市靓颖饰品商行;https://shop8864397358036.1688.com;https://detail.1688.com/offer/650720878934.html
义乌市朵涵饰品有限公司;https://shop1466702139500.1688.com;https://detail.1688.com/offer/637207707891.html
义乌市思硕电子商务有限公司;https://shop7b03171685962.1688.com;https://detail.1688.com/offer/639010936483.html
