义乌市宸嘟电子商务商行;https://shop1372265623632.1688.com;https://detail.1688.com/offer/620796990586.html
义乌市卓美饰品有限公司;https://shop1322298104b15.1688.com;https://detail.1688.com/offer/618560112129.html
浦江旭洋商贸有限公司;https://shop1194h2k409950.1688.com;https://detail.1688.com/offer/639706056931.html
连城县广丰萱日用品商行;https://shop83g9g37660b49.1688.com;https://detail.1688.com/offer/646468872673.html
义乌市森湖饰品有限公司;https://shop2te117438p075.1688.com;https://detail.1688.com/offer/627652092007.html
西咸新区空港新城柠香里百货店;https://shop19cy8065a7226.1688.com;https://detail.1688.com/offer/647328166681.html
义乌市艾蕾亘特饰品厂;https://shop66h557u133484.1688.com;https://detail.1688.com/offer/654086897050.html
广州优品库实业有限公司;https://shop97204104p6985.1688.com;https://detail.1688.com/offer/637255878094.html
深圳市金小马家居有限公司;https://shop298o635381b20.1688.com;https://detail.1688.com/offer/652626753337.html
深圳市宝安区歆栎贸易商行;https://shop0j7j9927k0160.1688.com;https://detail.1688.com/offer/652702297027.html
永定区荷凤暖网店;https://shop24n5821ey4507.1688.com;https://detail.1688.com/offer/651438291826.html
义乌市王光电子商务商行;https://shop1468515374047.1688.com;https://detail.1688.com/offer/564868864403.html
义乌市隆驰顺电子商务商行;https://shop059s315b07555.1688.com;https://detail.1688.com/offer/651894906014.html
万载县清坤日用品经营部;https://shop96621o2145555.1688.com;https://detail.1688.com/offer/650156013678.html
万载县环旭日用品经营部;https://shop23712143w33p7.1688.com;https://detail.1688.com/offer/650591062475.html
柘荣县庆全日用品经营部;https://shop9kw982k557868.1688.com;https://detail.1688.com/offer/646038558918.html
南靖县铭南百货店;https://shop5p20345625108.1688.com;https://detail.1688.com/offer/653989382533.html
三门轻司贸易商行;https://shop0510406159194.1688.com;https://detail.1688.com/offer/652313281370.html
龙港市卡菲电子商务商行;https://shop47p98698b2891.1688.com;https://detail.1688.com/offer/651704420035.html
柘荣县角拆日用品经营部;https://shop4m2681e056u23.1688.com;https://detail.1688.com/offer/647959339232.html
柘荣县庆网日用品经营部;https://shop455b254065j45.1688.com;https://detail.1688.com/offer/650411363209.html
三门蓝潭贸易商行;https://shop7184563q357b0.1688.com;https://detail.1688.com/offer/652507526711.html
佛山市绮侯艺建材有限公司;https://shop739784483g2q7.1688.com;https://detail.1688.com/offer/640788223108.html
柘荣县角词日用品经营部;https://shop1g709u1661548.1688.com;https://detail.1688.com/offer/650265780284.html
柘荣县楷豹日用品经营部;https://shop909433314wp50.1688.com;https://detail.1688.com/offer/646965293331.html
佛山市南海区顺汇凤建材有限责任公司;https://shop81774o9214v26.1688.com;https://detail.1688.com/offer/639883715546.html
柘荣县角半日用品经营部;https://shop34738b87sm401.1688.com;https://detail.1688.com/offer/652287189315.html
义乌市骍隆电子商务商行;https://shop684n393892646.1688.com;https://detail.1688.com/offer/647308410430.html
鄱阳县肇施珠宝店;https://shop44u7018356955.1688.com;https://detail.1688.com/offer/654833442345.html
广州浚和商贸商行;https://shop3q329o7n66154.1688.com;https://detail.1688.com/offer/654646904732.html
龙港市维顾电子商务商行;https://shop6i98q16831200.1688.com;https://detail.1688.com/offer/655630011088.html
余江区能雨经营部;https://shop08882c350c1c7.1688.com;https://detail.1688.com/offer/655407718426.html
余江区高特经营部;https://shop16g4963085224.1688.com;https://detail.1688.com/offer/654482118581.html
广州华桂园商贸店;https://shop9b4828i208w31.1688.com;https://detail.1688.com/offer/653993253515.html
广州香翔商贸商行;https://shop5594149135z60.1688.com;https://detail.1688.com/offer/654028945154.html
义乌市昌翊电子商务商行;https://shop077539sx54058.1688.com;https://detail.1688.com/offer/653363856723.html
义乌市森噫电子商务商行;https://shop913256b258783.1688.com;https://detail.1688.com/offer/652832668628.html
义乌市宋战贸易商行;https://shop25o2g96615218.1688.com;https://detail.1688.com/offer/655416431462.html
万载县溪消片日用品经营部;https://shop69971i4i115m2.1688.com;https://detail.1688.com/offer/653057524318.html
余江区康胜经营部;https://shop681h002973747.1688.com;https://detail.1688.com/offer/654159865654.html
义乌市芽大电子商务商行;https://shop28122911141e7.1688.com;https://detail.1688.com/offer/642368480562.html
义乌市荟溪电子商务商行;https://shop2508ia0o23522.1688.com;https://detail.1688.com/offer/656206655384.html
义乌市萨启电子商务商行;https://shop2j6214nn92999.1688.com;https://detail.1688.com/offer/654311047784.html
万载县静省片日用品经营部;https://shop63y47731wy413.1688.com;https://detail.1688.com/offer/654078479974.html
义乌市昕越饰品有限公司;https://shop76h27843247d7.1688.com;https://detail.1688.com/offer/575790447891.html
义乌市蒲钻电子商务商行;https://shop1358592219982.1688.com;https://detail.1688.com/offer/588639048800.html
义乌市璐妍饰品有限公司;https://shop5u860505w1188.1688.com;https://detail.1688.com/offer/631684956763.html
义乌市暖铭电子商务有限公司;https://shop87n311x537n24.1688.com;https://detail.1688.com/offer/610299620113.html
临沂鑫博电子商务商行;https://shop19612v95w9003.1688.com;https://detail.1688.com/offer/644171238210.html
义乌市露思饰品有限公司;https://shop1q67r88329801.1688.com;https://detail.1688.com/offer/628967129433.html
义乌市走走饰品有限公司;https://shop3h321754i07i5.1688.com;https://detail.1688.com/offer/629185845682.html
义乌市桑达贸易有限公司;https://shop33371097l7102.1688.com;https://detail.1688.com/offer/641596310107.html
通山县康染百货店;https://shop1433g727r6v13.1688.com;https://detail.1688.com/offer/640481749725.html
义乌市浩桀电子商务有限公司;https://shop01p2x34752281.1688.com;https://detail.1688.com/offer/586422651968.html
永嘉县发缘塑料加工厂;https://shop03431ym121926.1688.com;https://detail.1688.com/offer/647503542876.html
新罗区巧寻巧百货店;https://shop37916j8038439.1688.com;https://detail.1688.com/offer/643605817448.html
东莞市常平雪服女装店;https://shop3g89136e987r3.1688.com;https://detail.1688.com/offer/642329116025.html
义乌市沐颜饰品有限公司;https://shop69w877q271q95.1688.com;https://detail.1688.com/offer/629645344267.html
义乌市百萱电子商务商行;https://shop913341y061375.1688.com;https://detail.1688.com/offer/620961323710.html
余江区广度电子商务商行;https://shop0867n0w2z7115.1688.com;https://detail.1688.com/offer/651406622687.html
陆川县融全日用品店;https://shop86272846y8s26.1688.com;https://detail.1688.com/offer/653900686037.html
义乌市浩瑞饰品有限公司;https://shop1435078552829.1688.com;https://detail.1688.com/offer/632373173588.html
义乌市思顺电子商务有限公司;https://sishunec.1688.com;https://detail.1688.com/offer/585406205295.html
义乌市茜月饰品有限公司;https://shop28589m9442c29.1688.com;https://detail.1688.com/offer/639302557418.html
义乌市汐晴饰品商行;https://shop3574727460449.1688.com;https://detail.1688.com/offer/655071457875.html
义乌市果优饰品有限公司;https://shop8834908660966.1688.com;https://detail.1688.com/offer/651012633403.html
义乌市安嘉饰品厂;https://ajsp888.1688.com;https://detail.1688.com/offer/580928260308.html
义乌市京翌电子商务有限公司;https://shop8032074906320.1688.com;https://detail.1688.com/offer/608665973217.html
义乌市真希饰品有限公司;https://shop0021978t69th0.1688.com;https://detail.1688.com/offer/579492750727.html
义乌衾美贸易有限公司;https://shop314e50c7sl216.1688.com;https://detail.1688.com/offer/646147177171.html
义乌市信帝贸易有限公司;https://shop38n764141lh55.1688.com;https://detail.1688.com/offer/653424865526.html
义乌市乔嘉贸易有限公司;https://shop31e9c34074k58.1688.com;https://detail.1688.com/offer/644505468341.html
玉林市玉州区荣来百货店;https://shop00bu139142b82.1688.com;https://detail.1688.com/offer/651089422140.html
义乌市智型电子商务商行;https://shop6946k07264578.1688.com;https://detail.1688.com/offer/656037235971.html
永定区虑极实百货商行;https://shop2865i157y28l9.1688.com;https://detail.1688.com/offer/651522766274.html
义乌市元碟日用百货商行;https://shop450d7141ft697.1688.com;https://detail.1688.com/offer/654156189705.html
铁岭县椿雅百货商行;https://shop0504244897205.1688.com;https://detail.1688.com/offer/654184101477.html
深圳小巨象科技有限公司;https://shop62p8607u38510.1688.com;https://detail.1688.com/offer/639816607171.html
佛山市南海区悦诺悦贸易商行;https://shop19869c647c075.1688.com;https://detail.1688.com/offer/654786671448.html
义乌市南峪饰品有限公司;https://shop3605z36m58534.1688.com;https://detail.1688.com/offer/648003756582.html
义乌市兜妮饰品厂;https://shop4f36d6368n011.1688.com;https://detail.1688.com/offer/645052392974.html
义乌市绣慈电子商务商行;https://shop68l45l7966727.1688.com;https://detail.1688.com/offer/644489532548.html
义乌市贝冬电子商务商行;https://shop87693p20go283.1688.com;https://detail.1688.com/offer/642688033143.html
汕头市澄海区华迪锋玩具厂;https://hdftoy.1688.com;https://detail.1688.com/offer/641032332170.html
义乌市联纺电子商务有限公司;https://ywunitex.1688.com;https://detail.1688.com/offer/588628067985.html
永定区懵宏姣商行;https://shop09n2221r90a08.1688.com;https://detail.1688.com/offer/638617862238.html
义乌市奕涵贸易有限公司;https://shop92938390tg776.1688.com;https://detail.1688.com/offer/612651724516.html
福州市晋安区王庄叶兴宇电子产品商行;https://shop991r4058793r4.1688.com;https://detail.1688.com/offer/651529048956.html
广州越秀区飞宁商贸有限公司;https://shop0w509720886q7.1688.com;https://detail.1688.com/offer/650669187461.html
广州泊安家居用品有限公司;https://shop833d96ah64533.1688.com;https://detail.1688.com/offer/642778786612.html
义乌市为临贸易有限公司;https://shop1464972164893.1688.com;https://detail.1688.com/offer/566299290659.html
永定区舒逸友网店;https://shop251lfk5756233.1688.com;https://detail.1688.com/offer/640375066976.html
乐平市新鑫门窗店;https://shop77x8f7944z135.1688.com;https://detail.1688.com/offer/633843343771.html
佛山市南海区即系百货店;https://shop8p1268y406412.1688.com;https://detail.1688.com/offer/655858734365.html
义乌市三卓贸易有限公司;https://999play.1688.com;https://detail.1688.com/offer/593632413164.html
永定区飘朝瑶网店;https://shop60666529f4971.1688.com;https://detail.1688.com/offer/646346670520.html
新罗区零档百货商行;https://shop1l060595k6326.1688.com;https://detail.1688.com/offer/654800518814.html
义乌市将格电子商务商行;https://shop3m1i1068764w8.1688.com;https://detail.1688.com/offer/648069330419.html
义乌市执明电子商务商行;https://shop89053089y7392.1688.com;https://detail.1688.com/offer/644024758764.html
淮南芸仑商贸有限公司;https://shop5624409527994.1688.com;https://detail.1688.com/offer/639100449546.html
义乌市据定电子商务商行;https://shop21p64525dd513.1688.com;https://detail.1688.com/offer/654284523271.html
兴城市港亿贸易商行;https://shop21ywc61746328.1688.com;https://detail.1688.com/offer/640105640187.html
西安市碑林区科刘百货店;https://shop433s96170d909.1688.com;https://detail.1688.com/offer/644240412910.html
朝阳区闫何商贸行;https://shop21p5622c75538.1688.com;https://detail.1688.com/offer/652674214789.html
义乌市蕊朵饰品有限公司;https://raindocn.1688.com;https://detail.1688.com/offer/578833452469.html
深圳市驰锐达商贸有限公司;https://shop839na3u574192.1688.com;https://detail.1688.com/offer/624968750435.html
铜山区科扬百货店;https://shop00968578k9822.1688.com;https://detail.1688.com/offer/653948984689.html
兴城市飞旋贸易商行;https://shop44676903598b8.1688.com;https://detail.1688.com/offer/638870414075.html
永定区郡傅阑网店;https://shop29e567k552963.1688.com;https://detail.1688.com/offer/645905541979.html
云霄县让支服装店;https://shop8417t6729ae24.1688.com;https://detail.1688.com/offer/650595936249.html
余江区天朴经营部;https://shop73m4747017445.1688.com;https://detail.1688.com/offer/655164499915.html
新罗区耀尚蔚百货商行;https://shop0r299532z53a4.1688.com;https://detail.1688.com/offer/641313402462.html
兴城市欣然日用品商行;https://shop1f246712gb671.1688.com;https://detail.1688.com/offer/630667632179.html
广州勇堂批发商行;https://shop06447661j8099.1688.com;https://detail.1688.com/offer/651636816467.html
深圳市宝安区沙井街道利利记百货商行;https://shop5147qd8533775.1688.com;https://detail.1688.com/offer/646866933281.html
义乌市沈正电子商务商行;https://shop0877028435800.1688.com;https://detail.1688.com/offer/654467840701.html
左岸财务（深圳）有限公司;https://shop00k532204of75.1688.com;https://detail.1688.com/offer/644072544425.html
新罗区捞曾百货商行;https://shop702191v9o5f34.1688.com;https://detail.1688.com/offer/644451283771.html
桐乡市梧桐牧鑫百货商行;https://shop908u04u105268.1688.com;https://detail.1688.com/offer/652570004036.html
深圳市龙华区星轩创意百货商行;https://shop080622mm94116.1688.com;https://detail.1688.com/offer/652239888545.html
深圳市京美灵琅贸易有限公司;https://shop519bo86550391.1688.com;https://detail.1688.com/offer/631500247997.html
余姚林泊文化用品经营部;https://shop61a4u34948576.1688.com;https://detail.1688.com/offer/650212516026.html
广州枰坪贸易商行;https://shop5t1r277881x50.1688.com;https://detail.1688.com/offer/653915529564.html
广州白凌通网络科技工作室;https://shop959439g048l23.1688.com;https://detail.1688.com/offer/627729457931.html
深圳市龙岗区爱酱手撕鸡小食店;https://shop1v1343h1749f6.1688.com;https://detail.1688.com/offer/631492917022.html
义乌市壹亿日用品商行;https://million8899.1688.com;https://detail.1688.com/offer/640831537373.html
揭阳市揭东区新亨镇西娅百货商行;https://shop6l99924a453c0.1688.com;https://detail.1688.com/offer/644523651970.html
丹阳市开发区宏西河五金加工厂;https://shop5o250g626v620.1688.com;https://detail.1688.com/offer/641328901277.html
天门市锋婷日用品百货店;https://shop5414a32000522.1688.com;https://detail.1688.com/offer/636187193953.html
兴城市悠悦日用品商行;https://shop26589n8z87439.1688.com;https://detail.1688.com/offer/629681122643.html
临沂市兰山区博尔迪百货销售中心;https://shop009186278d613.1688.com;https://detail.1688.com/offer/651419180130.html
政和县俊锋贸易商行;https://shop51uj0202747g0.1688.com;https://detail.1688.com/offer/644549095268.html
抚州市东乡区俊健饰品厂;https://dongtaispc.1688.com;https://detail.1688.com/offer/568529222413.html
揭阳市揭东区新亨镇文玲娜百货商行;https://shop2874op6795224.1688.com;https://detail.1688.com/offer/651473813252.html
深圳市宝安区松岗街道万顺装饰设计部;https://shop566609720gga4.1688.com;https://detail.1688.com/offer/642740383802.html
深圳市罗湖区雅恒穗祥百货商行;https://shop8202p40328rv9.1688.com;https://detail.1688.com/offer/637115219164.html
义乌市思魅其电子商务有限公司;https://shop0244q7832vv31.1688.com;https://detail.1688.com/offer/610522785932.html
广州金耀广告有限公司;https://shop41638309911t6.1688.com;https://detail.1688.com/offer/654669429638.html
磐安县爱诺德饰品厂;https://shop3047m98484898.1688.com;https://detail.1688.com/offer/614145208326.html
广州唯依日用品厂;https://shop842429r765q91.1688.com;https://detail.1688.com/offer/654056328854.html
深圳市万顺春贸易有限公司;https://shop91844d650l714.1688.com;https://detail.1688.com/offer/643608176842.html
西安市未央区怡彤贸易商行;https://shop377797i23g026.1688.com;https://detail.1688.com/offer/646378052286.html
深圳市陈玉茹大药房有限公司;https://shop73989i2515th8.1688.com;https://detail.1688.com/offer/641752029884.html
义乌市陈骆建电子商务有限公司;https://chenluojian.1688.com;https://detail.1688.com/offer/582567332172.html
余少林;https://shop1366825473127.1688.com;https://detail.1688.com/offer/1280675343.html
义乌市钧涵饰品有限公司;https://jaxujj.1688.com;https://detail.1688.com/offer/580093781872.html
宁波盈贝多进出口有限公司;https://shop4d334p1504q74.1688.com;https://detail.1688.com/offer/591530994504.html
义乌市咔萌饰品有限公司;https://kamoushipin.1688.com;https://detail.1688.com/offer/623486128302.html
义乌市从庆电子商务商行;https://jiangcongqing.1688.com;https://detail.1688.com/offer/591286139281.html
义乌市炫朵饰品有限公司;https://shop5632i69k31k42.1688.com;https://detail.1688.com/offer/636224215278.html
义乌市雅悦电子商务有限公司;https://shop91c8521125297.1688.com;https://detail.1688.com/offer/579424663934.html
广州柏俊科技有限公司;https://shop70953v530k633.1688.com;https://detail.1688.com/offer/646444310759.html
建德市下涯镇乏棍贸易商行;https://shop97nf45840a929.1688.com;https://detail.1688.com/offer/629485346590.html
润州区月之润百货商行;https://shop084q60847xj60.1688.com;https://detail.1688.com/offer/633844475598.html
鄱阳县庾翰墨五金店;https://shop5936lul071039.1688.com;https://detail.1688.com/offer/654018447917.html
余江区洪顺经营部;https://shop505568801fp09.1688.com;https://detail.1688.com/offer/653059477461.html
义乌市施氏头花厂;https://shop63753700z09z1.1688.com;https://detail.1688.com/offer/583906038963.html
鄱阳县曲鹏服装店;https://shop027t10b324120.1688.com;https://detail.1688.com/offer/649804417094.html
广州市黄埔区张书华服装有限公司;https://shop184448477dw71.1688.com;https://detail.1688.com/offer/641236092101.html
义乌市喀则电子商务商行;https://shop4wj723u350159.1688.com;https://detail.1688.com/offer/646734327265.html
优佳秀电子商务（深圳）有限公司;https://shop9621860x0px51.1688.com;https://detail.1688.com/offer/648809412228.html
义乌市润姿饰品配件有限公司;https://shop6340ks9684n35.1688.com;https://detail.1688.com/offer/617999554887.html
广州骅旎商贸商行;https://shop54d7ax7520210.1688.com;https://detail.1688.com/offer/648629113290.html
深圳市龙岗区夏晨贸易商行;https://shop512i681615818.1688.com;https://detail.1688.com/offer/650294018720.html
义乌市后紫电子商务商行;https://shop2108sh79x9601.1688.com;https://detail.1688.com/offer/648709249283.html
新罗区卡咖百货商行;https://shop60s249cc9u682.1688.com;https://detail.1688.com/offer/648335684235.html
义乌市玛丝贸易商行;https://shop6117353f95819.1688.com;https://detail.1688.com/offer/645609197384.html
义乌市驰阳日用品厂;https://shop58t3418125887.1688.com;https://detail.1688.com/offer/652197242893.html
兰山区岚栩商贸商行;https://shop3433735j40k52.1688.com;https://detail.1688.com/offer/653346739683.html
义乌市圣妃电子商务商行;https://shop469230f13h198.1688.com;https://detail.1688.com/offer/588707814327.html
烟台心源百货商贸有限公司;https://shop1579r29266028.1688.com;https://detail.1688.com/offer/640902091036.html
通城眠爻百货店;https://shop3190t7703o546.1688.com;https://detail.1688.com/offer/649770839869.html
义乌市童颜饰品有限公司;https://shop364f07264rr88.1688.com;https://detail.1688.com/offer/628540718405.html
义乌市海毅饰品有限公司;https://haiyishipin.1688.com;https://detail.1688.com/offer/650653627105.html
义乌薇殿电子商务有限公司;https://shop1708t072t2437.1688.com;https://detail.1688.com/offer/569148930194.html
义乌市语百饰品有限公司;https://shop1467652150677.1688.com;https://detail.1688.com/offer/574823481999.html
义乌市星然饰品厂;https://shop6q4368h38k485.1688.com;https://detail.1688.com/offer/645075772504.html
义乌市爱妮饰品厂;https://shop822760185s6s8.1688.com;https://detail.1688.com/offer/633713036486.html
玉林市玉州区庭泰百货店;https://shop596c5i19c1219.1688.com;https://detail.1688.com/offer/635447860746.html
杭州梵鹏电子商务有限公司;https://shop93763vh969o29.1688.com;https://detail.1688.com/offer/652410199657.html
义乌市星蓝饰品有限公司;https://xlsp2018.1688.com;https://detail.1688.com/offer/601859230402.html
义乌市桃桃饰品有限公司;https://shop263311980zi15.1688.com;https://detail.1688.com/offer/650228449783.html
义乌市妙德电子商务商行;https://shop1354900280794.1688.com;https://detail.1688.com/offer/591956259035.html
长沙市开福区赞盛百货贸易店;https://shop2528507v06756.1688.com;https://detail.1688.com/offer/656211951589.html
义乌市沄汐饰品有限公司;https://shop122qf86576a12.1688.com;https://detail.1688.com/offer/591589300881.html
上海胤瞰国际贸易有限公司;https://shop84190522oc3h6.1688.com;https://detail.1688.com/offer/651821585648.html
罗庄区运朋副食品销售店;https://shop94r7976071013.1688.com;https://detail.1688.com/offer/651789875389.html
义乌市含家电子商务商行;https://shop14492092z1034.1688.com;https://detail.1688.com/offer/590404001303.html
义乌市茹雅日用百货商行;https://shop81113o50e0431.1688.com;https://detail.1688.com/offer/639789927250.html
义乌市倾温电子商务商行;https://shop40v03y7971924.1688.com;https://detail.1688.com/offer/641126786768.html
佛山市南海区卿理家居贸易商行;https://shop4l7e545158091.1688.com;https://detail.1688.com/offer/633182955846.html
佛山市南海区卿和家居贸易商行;https://shop0cy3818986177.1688.com;https://detail.1688.com/offer/628977767261.html
义乌市钦轼日用百货商行;https://shop016z70i639289.1688.com;https://detail.1688.com/offer/650398514816.html
义乌市瑞伊饰品商行;https://ruiyishipin.1688.com;https://detail.1688.com/offer/596336226428.html
浙江义乌菲蓝贸易有限公司;https://shop601075176fm44.1688.com;https://detail.1688.com/offer/615451252907.html
义乌市佳购日用百货商行;https://shop5583e2x026p15.1688.com;https://detail.1688.com/offer/642812178423.html
长沙市开福区铭贸百货经营部;https://shop151796888z158.1688.com;https://detail.1688.com/offer/656142295508.html
余姚市洸淋贸易经营部;https://shop5489zz4663218.1688.com;https://detail.1688.com/offer/651165483099.html
广州浩宇昂商贸店;https://shop2l7n620066d89.1688.com;https://detail.1688.com/offer/642192634996.html
合肥经济技术开发区铿候商贸经营部;https://shop3j5z299x94850.1688.com;https://detail.1688.com/offer/644792970045.html
佛山市南海区熙文和家居贸易商行;https://shop33w2590331170.1688.com;https://detail.1688.com/offer/651395197752.html
义乌市吉佳贸易有限公司;https://shop5592292722767.1688.com;https://detail.1688.com/offer/613874036981.html
义乌市翌阳饰品厂;https://yiwuyiyang.1688.com;https://detail.1688.com/offer/591794566674.html
义乌市漫尚饰品厂;https://shop8205141l928h3.1688.com;https://detail.1688.com/offer/594877378250.html
义乌市安零电子商务有限公司;https://shop2co6766237779.1688.com;https://detail.1688.com/offer/622379065164.html
凌在刚;https://shop1467825008890.1688.com;https://detail.1688.com/offer/637827767416.html
义乌市璐妮饰品有限公司;https://lunisp.1688.com;https://detail.1688.com/offer/606591517732.html
义乌市欧尚日用品有限公司;https://unionskyyw.1688.com;https://detail.1688.com/offer/589577063518.html
义乌市萌玥饰品有限公司;https://shop498138gk35008.1688.com;https://detail.1688.com/offer/642833611475.html
龙港市朝阁服装厂;https://shop56ss79750e646.1688.com;https://detail.1688.com/offer/655761094132.html
东莞市哈乌凉商贸有限公司;https://shop56y77m3789835.1688.com;https://detail.1688.com/offer/639654239629.html
新罗区蓝鸿业百货商行;https://shop306430500d169.1688.com;https://detail.1688.com/offer/645693802268.html
睢宁县荣优玩具厂;https://shop032js37q22088.1688.com;https://detail.1688.com/offer/656131667223.html
鄱阳县迮婷玉五金店;https://shop90y21c4837279.1688.com;https://detail.1688.com/offer/651784731582.html
义乌市厚盾电子商务商行;https://shop106434x85n9j8.1688.com;https://detail.1688.com/offer/650133517194.html
深圳市宝安区途栎贸易商行;https://shop715629979y9y9.1688.com;https://detail.1688.com/offer/656044310491.html
沛县建岱百货商行;https://shop24640692726s0.1688.com;https://detail.1688.com/offer/644240175042.html
陆川县冬天百货店;https://shop4920257896a81.1688.com;https://detail.1688.com/offer/635439747123.html
深圳市炜杉实业有限公司;https://shop73548uu4u1155.1688.com;https://detail.1688.com/offer/639759688662.html
丹阳市开发区华欣森百货商行;https://shop9i4773310g371.1688.com;https://detail.1688.com/offer/645091763538.html
广州市天河区龙洞裕盛服装辅料加工店;https://shop2220yq04866q5.1688.com;https://detail.1688.com/offer/635510569081.html
广州珑热家具有限公司;https://shop10964208z0z03.1688.com;https://detail.1688.com/offer/639665996631.html
安徽佐缔电子商务有限公司;https://shop7100o557j3w25.1688.com;https://detail.1688.com/offer/651013155977.html
义乌市彩妍饰品有限公司;https://shop2531i5v0226c8.1688.com;https://detail.1688.com/offer/647336558187.html
