义乌市巴月电子商务有限公司;https://shop1398445175627.1688.com;https://detail.1688.com/offer/633976218148.html
青岛来饰缘商贸有限公司;https://lsy15694416333.1688.com;https://detail.1688.com/offer/625294398355.html
义乌市思齐饰品有限公司;https://shop32w391x5554y8.1688.com;https://detail.1688.com/offer/631159363226.html
义乌市朱诺电子商务商行;https://shop631g419089009.1688.com;https://detail.1688.com/offer/615159512888.html
义乌市精巧饰品厂;https://shop0a2e620173w17.1688.com;https://detail.1688.com/offer/651973630255.html
义乌市星闪饰品厂;https://shop1394902422369.1688.com;https://detail.1688.com/offer/613858212256.html
义乌市宝钰饰品有限公司;https://baoyushipin.1688.com;https://detail.1688.com/offer/604025072188.html
义乌市卓臻饰品有限公司;https://shop1495817614054.1688.com;https://detail.1688.com/offer/601983408160.html
义乌市丰美饰品厂;https://fengmeishipin.1688.com;https://detail.1688.com/offer/603757944008.html
广州逢高商贸有限公司;https://shop465039l947l59.1688.com;https://detail.1688.com/offer/639687489468.html
义乌市璟瑄饰品有限公司;https://aachoke.1688.com;https://detail.1688.com/offer/604627708711.html
义乌市辉赫饰品有限公司;https://shop7787909gr10v6.1688.com;https://detail.1688.com/offer/604699229331.html
义乌市娇蕊饰品有限公司;https://shop1406220643904.1688.com;https://detail.1688.com/offer/610733154291.html
青岛福珠工贸有限公司;https://shop21079687i5i98.1688.com;https://detail.1688.com/offer/626860202688.html
义乌市途轩电子商务商行;https://shop7121134j2p051.1688.com;https://detail.1688.com/offer/628835976494.html
义乌市炫儿饰品商行;https://shop82099p92p7709.1688.com;https://detail.1688.com/offer/647735593065.html
广州阁艺鑫工艺品商行;https://shop6237n16y32263.1688.com;https://detail.1688.com/offer/619030173245.html
义乌市微豪饰品有限公司;https://1462722057.1688.com;https://detail.1688.com/offer/627955911048.html
义乌市艾莉饰品有限公司;https://ailishipin.1688.com;https://detail.1688.com/offer/645089271471.html
玉林市玉州区余福百货店;https://shop10n37c462v359.1688.com;https://detail.1688.com/offer/648687391407.html
青岛韩度工贸有限公司;https://shop25232y160u175.1688.com;https://detail.1688.com/offer/629719428034.html
深圳市环烨艾建材贸易有限公司;https://shop5406743f2u701.1688.com;https://detail.1688.com/offer/645071673789.html
杨新梅;https://huidashipin.1688.com;https://detail.1688.com/offer/627540449181.html
义乌市阑娇贸易有限公司;https://lanjiao.1688.com;https://detail.1688.com/offer/631870482158.html
义乌市艺兴饰品有限公司;https://shop2l5921r679328.1688.com;https://detail.1688.com/offer/638745859440.html
义乌市正仓饰品有限公司;https://shop1406653362116.1688.com;https://detail.1688.com/offer/605991540667.html
义乌市木木饰品有限公司;https://shop1k71501149q92.1688.com;https://detail.1688.com/offer/618701098308.html
玉林市玉州区左塘百货店;https://shop4n19n07e29580.1688.com;https://detail.1688.com/offer/650378380960.html
义乌市李维军饰品商行;https://liweijun.1688.com;https://detail.1688.com/offer/616075072051.html
东阳市米高饰品有限公司;https://shop0218709914ck0.1688.com;https://detail.1688.com/offer/604222213968.html
义乌市勤力日用品厂;https://shop613ks97154799.1688.com;https://detail.1688.com/offer/649760090889.html
义乌市善涛电子商务有限公司;https://shop6ib593668h358.1688.com;https://detail.1688.com/offer/618438968849.html
义乌市馥甄电子商务商行;https://shop598d82508x001.1688.com;https://detail.1688.com/offer/653415475625.html
义乌市好达饰品商行;https://shop4q63320lg3317.1688.com;https://detail.1688.com/offer/629715544081.html
义乌市翔笙饰品有限公司;https://shop935ud38189u04.1688.com;https://detail.1688.com/offer/628928785264.html
新罗区橙辞晖百货商行;https://shop939qsy14785p3.1688.com;https://detail.1688.com/offer/643346399091.html
福州恋轩饰品有限公司;https://shop390921f1o2079.1688.com;https://detail.1688.com/offer/630185561083.html
浙江千浔饰品有限公司;https://qianxunshipin.1688.com;https://detail.1688.com/offer/626129413390.html
义乌市梦魅饰品有限公司;https://shop89o80611n3545.1688.com;https://detail.1688.com/offer/643225940123.html
义乌市乐芸饰品厂;https://leyunshipin.1688.com;https://detail.1688.com/offer/649383779437.html
深圳市伊资美珠宝首饰有限公司;https://shop5346z24066320.1688.com;https://detail.1688.com/offer/652900901059.html
义乌市艾彼诺饰品有限公司;https://maoyuee.1688.com;https://detail.1688.com/offer/634401542773.html
海丰县银万饰珠宝有限公司;https://shop047187252d9o6.1688.com;https://detail.1688.com/offer/650854749970.html
深圳市展创鸿贸易有限公司;https://shop784394a485n05.1688.com;https://detail.1688.com/offer/653405331380.html
深圳市宝安区馨玥贸易商行;https://shop2566h63035967.1688.com;https://detail.1688.com/offer/652363372449.html
义乌市雨薇饰品有限公司;https://yuweishipin.1688.com;https://detail.1688.com/offer/631581874367.html
义乌市青辰饰品有限公司;https://shop0x84c485282z9.1688.com;https://detail.1688.com/offer/644963037846.html
义乌市温软饰品有限公司;https://shop0k1439e5967j6.1688.com;https://detail.1688.com/offer/628962181890.html
东阳市云阔电子商务商行;https://yunkuo2020.1688.com;https://detail.1688.com/offer/639439711193.html
青岛优饰云淘工贸有限公司;https://ysyt666.1688.com;https://detail.1688.com/offer/627129580056.html
义乌市秋醉电子商务商行;https://daisunx.1688.com;https://detail.1688.com/offer/605935736434.html
新罗区阙夕芸百货商行;https://shop40o21o450j762.1688.com;https://detail.1688.com/offer/640346339582.html
义乌市百佩饰品有限公司;https://shop1489424484937.1688.com;https://detail.1688.com/offer/606171333952.html
义乌市花奢电子商务商行;https://shop3107u66051661.1688.com;https://detail.1688.com/offer/610600380955.html
义乌市品钰饰品有限公司;https://shop2022e77q72n29.1688.com;https://detail.1688.com/offer/639913008350.html
义乌市息侠电子商务有限公司;https://shop28876503pa868.1688.com;https://detail.1688.com/offer/644935444156.html
幼儿乐教育文化（中山市）有限公司;https://shop5971ylm869366.1688.com;https://detail.1688.com/offer/653466175046.html
深圳市晶美特贸易有限公司;https://shop766xy559x2018.1688.com;https://detail.1688.com/offer/653538879955.html
深圳市金小马家居有限公司;https://shop298o635381b20.1688.com;https://detail.1688.com/offer/652174544997.html
义乌市绚丽饰品有限公司;https://shop5350l1451f778.1688.com;https://detail.1688.com/offer/623907382555.html
义乌市雅度贸易有限公司;https://shop0r36634r63870.1688.com;https://detail.1688.com/offer/621558558205.html
义乌市黎歌饰品有限公司;https://shop6a531965t0199.1688.com;https://detail.1688.com/offer/622159514685.html
深圳市恒丰五金制品有限公司;https://shop2347070s72229.1688.com;https://detail.1688.com/offer/640408301951.html
云霄县凌妮百货店;https://shop76t9f33342773.1688.com;https://detail.1688.com/offer/648258511519.html
义乌市昌狮电子商务有限公司;https://shop24852761t8fn0.1688.com;https://detail.1688.com/offer/647157103617.html
义乌市韩范电子商务有限公司;https://shop677nc3330g836.1688.com;https://detail.1688.com/offer/634519063293.html
青县宗胤木器加工厂;https://zongyinmuqi.1688.com;https://detail.1688.com/offer/554989031088.html
海丰县梅陇恒源首饰厂;https://hyss925.1688.com;https://detail.1688.com/offer/608386926925.html
义乌紫萱饰品有限公司;https://zixuanshipin.1688.com;https://detail.1688.com/offer/633396836913.html
义乌市涵熙饰品有限公司;https://shop1b618i28105z6.1688.com;https://detail.1688.com/offer/637595961810.html
义乌市锦贤饰品厂;https://shop64d043767j3p1.1688.com;https://detail.1688.com/offer/641842560810.html
深圳市龙华区雍程珠宝首饰厂;https://shop1466788408870.1688.com;https://detail.1688.com/offer/637926919704.html
汕头市如业商贸有限公司;https://ruyeshangmao.1688.com;https://detail.1688.com/offer/628458209446.html
海丰县仪特珠宝首饰加工厂;https://shop11r5l48y10121.1688.com;https://detail.1688.com/offer/637616882203.html
义乌市凯亚饰品有限公司;https://kaiya598.1688.com;https://detail.1688.com/offer/636917179724.html
义乌市韩莎电子商务有限公司;https://hansha.1688.com;https://detail.1688.com/offer/643999376180.html
义乌市锦添饰品有限公司;https://shop0f5b18n231412.1688.com;https://detail.1688.com/offer/642226565194.html
义乌市赟祯贸易有限公司;https://shop82317i8t31810.1688.com;https://detail.1688.com/offer/621536193492.html
义乌市三乐饰品有限公司;https://sanleshipin.1688.com;https://detail.1688.com/offer/624408887385.html
义乌市珞曼珠宝有限公司;https://shop57824e0387ui6.1688.com;https://detail.1688.com/offer/644003356745.html
深圳市宝安区途栎贸易商行;https://shop715629979y9y9.1688.com;https://detail.1688.com/offer/656293811744.html
义乌科凡电子商务商行;https://shop854301399n549.1688.com;https://detail.1688.com/offer/655405033728.html
上海静美贸易有限公司;https://shop3237888x3x488.1688.com;https://detail.1688.com/offer/620959777350.html
海丰县东亚银堡珠宝首饰有限公司;https://shop4897878a396y3.1688.com;https://detail.1688.com/offer/637968884250.html
永定区杞颇亮商行;https://shop987930070f8v5.1688.com;https://detail.1688.com/offer/653722468209.html
海丰县奈资御珠宝有限公司;https://shop0118861623481.1688.com;https://detail.1688.com/offer/641770111569.html
金华市金东区擎义工艺品厂;https://shop5681827105402.1688.com;https://detail.1688.com/offer/655958659708.html
义乌市迪奢饰品有限公司;https://yiwubinxiang888.1688.com;https://detail.1688.com/offer/645938162826.html
广州立雪电子商务有限公司;https://shop1460798855880.1688.com;https://detail.1688.com/offer/550382831318.html
义乌市蝶蝶电子商务有限公司;https://diedieshipin.1688.com;https://detail.1688.com/offer/631717350965.html
义乌市曲洛饰品有限公司;https://shop58257l19512l1.1688.com;https://detail.1688.com/offer/623229845397.html
漯河市郾城区洋刘小百货店;https://yangyangyang5.1688.com;https://detail.1688.com/offer/643246582503.html
义乌市洛神饰品有限公司;https://luoshenacc.1688.com;https://detail.1688.com/offer/643465160818.html
义乌市三楠电子商务有限公司;https://sannan2018.1688.com;https://detail.1688.com/offer/598185693826.html
莆田工艺美术城庆兴珠宝行;https://gemscz.1688.com;https://detail.1688.com/offer/627722317606.html
义乌市彩兮电子商务商行;https://shop168w874322960.1688.com;https://detail.1688.com/offer/628695060276.html
义乌市莱秀饰品厂;https://shop26s0l717233i5.1688.com;https://detail.1688.com/offer/620439986061.html
义乌市佰莉电子商务商行;https://bailishoushi.1688.com;https://detail.1688.com/offer/615596522566.html
济宁市翰业机械设备有限公司;https://hanye6688.1688.com;https://detail.1688.com/offer/629539692706.html
义乌市晶棽电子商务商行;https://shop75327t6962ft3.1688.com;https://detail.1688.com/offer/651321443973.html
浦江县恒叶电子商务商行;https://shop1447750653429.1688.com;https://detail.1688.com/offer/615529840850.html
义乌市夏唐家居用品厂;https://shop8886884661393.1688.com;https://detail.1688.com/offer/653043280603.html
义乌市喀丹电子商务商行;https://shop8703pf679k192.1688.com;https://detail.1688.com/offer/650171874708.html
义乌市群森工艺品有限公司;https://ywqsgyp.1688.com;https://detail.1688.com/offer/40753065762.html
义乌市雄基电子商务有限公司;https://shop6m82h972h4941.1688.com;https://detail.1688.com/offer/621104029852.html
义乌市戴拉饰品有限公司;https://pinpaigs.1688.com;https://detail.1688.com/offer/624597702209.html
义乌市织灵饰品有限公司;https://zhilingacc.1688.com;https://detail.1688.com/offer/620968164792.html
义乌市婉钰饰品有限公司;https://shop19317104992y5.1688.com;https://detail.1688.com/offer/634300162708.html
扬州市汇能光伏科技有限公司;https://taiyangnengdeng8.1688.com;https://detail.1688.com/offer/588059778095.html
海丰县梅陇润艺兴首饰厂;https://shop9h28w58322259.1688.com;https://detail.1688.com/offer/641744713793.html
义乌市宁晟饰品有限公司;https://ncc2887.1688.com;https://detail.1688.com/offer/620428644974.html
义乌胧月饰品有限公司;https://shop82t87456d5h43.1688.com;https://detail.1688.com/offer/633202579812.html
义乌市樱淇电子商务有限公司;https://shop8386j9uj60543.1688.com;https://detail.1688.com/offer/621172686768.html
深圳爱慕尼饰品有限公司;https://aimuni789.1688.com;https://detail.1688.com/offer/551771294692.html
义乌市路龙贸易有限公司;https://lulongshipin.1688.com;https://detail.1688.com/offer/613870508003.html
深圳市罗湖区喜悦福珠宝商行;https://shop55y96952j6z28.1688.com;https://detail.1688.com/offer/637834203596.html
义乌市豆颖电子商务商行;https://shop5l116q1k91204.1688.com;https://detail.1688.com/offer/640834990235.html
深圳市金玫瑰饰品有限公司;https://shop1392915239990.1688.com;https://detail.1688.com/offer/620830771798.html
义乌小亚电子商务商行;https://shop0821f193b57c3.1688.com;https://detail.1688.com/offer/626605136018.html
义乌市荡卡电子商务有限公司;https://shop1403283189388.1688.com;https://detail.1688.com/offer/641299860442.html
义乌市宝嘉电子商务商行;https://shop6990i6160z228.1688.com;https://detail.1688.com/offer/625096986051.html
义乌市子颖饰品有限公司;https://shop18f1199737140.1688.com;https://detail.1688.com/offer/642353099926.html
义乌市梵耀饰品有限公司;https://fanyao.1688.com;https://detail.1688.com/offer/625984814345.html
仙游县鲤城莹尚工艺品店;https://shop590542i7s7533.1688.com;https://detail.1688.com/offer/642948888226.html
浦江县韩之尚电子商务有限公司;https://hanzhishang.1688.com;https://detail.1688.com/offer/630614978803.html
义乌市腾层电子商务有限公司;https://tengceng.1688.com;https://detail.1688.com/offer/620730055504.html
义乌市丽姝贸易有限公司;https://shop6230282310tt3.1688.com;https://detail.1688.com/offer/642527424730.html
义乌市鑫懿饰品有限公司;https://shop7811wt058m434.1688.com;https://detail.1688.com/offer/643792390983.html
义乌市朗珀饰品有限公司;https://langposp.1688.com;https://detail.1688.com/offer/627424087601.html
义乌市蒲彤电子商务商行;https://shop1476702898645.1688.com;https://detail.1688.com/offer/643339722227.html
义乌市帜梦电子商务有限公司;https://shop47284153427q9.1688.com;https://detail.1688.com/offer/630444252248.html
东莞市乾锦电子科技有限公司;https://shop1ep1r30546713.1688.com;https://detail.1688.com/offer/646904194650.html
义乌市罩罩电子商务商行;https://shop2r668428z66m1.1688.com;https://detail.1688.com/offer/650657826410.html
深圳市青尔科技有限公司;https://shop4f15f44617182.1688.com;https://detail.1688.com/offer/644840150418.html
义乌市琪誉电子商务商行;https://shop493k2go042006.1688.com;https://detail.1688.com/offer/644573095183.html
义乌市俊丽贸易有限公司;https://shop3n77c90055c22.1688.com;https://detail.1688.com/offer/625032155411.html
义乌市腾义饰品有限公司;https://tengyishipin.1688.com;https://detail.1688.com/offer/621111935103.html
深圳市宇海晟饰品有限公司;https://shop3t6e213394210.1688.com;https://detail.1688.com/offer/649729079687.html
莆田市秀屿区东庄坡建服装商行;https://shop76w766979qw15.1688.com;https://detail.1688.com/offer/652241833786.html
义乌市荣诺饰品有限公司;https://shop30b32432038g2.1688.com;https://detail.1688.com/offer/651490457755.html
义乌市祎亭电子商务有限公司;https://shop3c81657159450.1688.com;https://detail.1688.com/offer/656129307108.html
义乌市桃鸢电子商务商行;https://shop10e9759873233.1688.com;https://detail.1688.com/offer/649749995681.html
深圳市龙岗区欧麦卡饰品商贸行;https://shop1453394341514.1688.com;https://detail.1688.com/offer/650021727284.html
义乌市饰缘贸易有限公司;https://shop45575v01d9941.1688.com;https://detail.1688.com/offer/624020906480.html
深圳市小霖时尚珠宝有限公司;https://shop8i83i96000p52.1688.com;https://detail.1688.com/offer/645690101617.html
海丰县附城艺昇首饰厂;https://yishenshipin.1688.com;https://detail.1688.com/offer/654101925276.html
义乌市艾珊饰品有限公司;https://shop30vj5j2288935.1688.com;https://detail.1688.com/offer/643489012935.html
义乌市利丹饰品有限公司;https://shop1427388201420.1688.com;https://detail.1688.com/offer/620771242395.html
义乌市巨耀电子商务有限公司;https://yong876565.1688.com;https://detail.1688.com/offer/619819607519.html
义乌市丽轶科技有限公司;https://shop1029z8d6n1434.1688.com;https://detail.1688.com/offer/627249089209.html
义乌市前锦饰品有限公司;https://shop8232393e461e2.1688.com;https://detail.1688.com/offer/645581371687.html
义乌市荣燕贸易有限公司;https://shop73p54i6686016.1688.com;https://detail.1688.com/offer/635064853330.html
义乌市黎朵电子商务商行;https://shop1456245670775.1688.com;https://detail.1688.com/offer/619821583013.html
广州市馨雯怡贸易商行;https://shop4511x9460q820.1688.com;https://detail.1688.com/offer/651389966045.html
义乌市安儒电子商务有限公司;https://shop8542488d693d8.1688.com;https://detail.1688.com/offer/644139083669.html
广州袁大然电子商行;https://shop6k70q9017a611.1688.com;https://detail.1688.com/offer/654773134481.html
义乌市侣谦电子商务商行;https://shop1454086143595.1688.com;https://detail.1688.com/offer/621041195002.html
义乌市柏岳电子商务有限公司;https://shop608m629791152.1688.com;https://detail.1688.com/offer/650284653697.html
新罗区魔法屋百货店;https://shop5581506tvt014.1688.com;https://detail.1688.com/offer/651652810522.html
义乌市煌锦商贸有限公司;https://shop142b5560686p6.1688.com;https://detail.1688.com/offer/649737970717.html
东莞市珐拉饰品有限公司;https://shop00s7f94612811.1688.com;https://detail.1688.com/offer/634700026043.html
宁德市蕉城区七都献道杰日用品店;https://shop092p913366157.1688.com;https://detail.1688.com/offer/654608972489.html
温州市鹿城区阁莘贸易商行;https://shop93302132q3os0.1688.com;https://detail.1688.com/offer/655268005079.html
义乌市侘寂饰品有限公司;https://shop8zy3994066y22.1688.com;https://detail.1688.com/offer/641389318373.html
义乌市楚昀电子商务有限公司;https://shop70n2246619138.1688.com;https://detail.1688.com/offer/643654815467.html
广州市克拉拉复古饰品商行;https://shop16952709b0981.1688.com;https://detail.1688.com/offer/654704398046.html
义乌市明伟饰品有限公司;https://shop37d1w333h0257.1688.com;https://detail.1688.com/offer/653938724006.html
义乌市怡璇贸易有限公司;https://shop1473z360r2581.1688.com;https://detail.1688.com/offer/607541787762.html
义乌市依瑞饰品厂;https://yiruishipin.1688.com;https://detail.1688.com/offer/639865744546.html
东莞市莱欧缇饰品有限公司;https://shop4494ez7w1p473.1688.com;https://detail.1688.com/offer/627344573540.html
广州与瑜原创轻奢饰品商行;https://yuyustudio.1688.com;https://detail.1688.com/offer/622261626817.html
义乌市宏优贸易有限公司;https://shop1477413799504.1688.com;https://detail.1688.com/offer/602809983249.html
义乌市美宸饰品有限公司;https://shop2i52kz9661333.1688.com;https://detail.1688.com/offer/627836428959.html
东莞市汉泽斯科技有限公司;https://hanzisi1314.1688.com;https://detail.1688.com/offer/650056435092.html
镇江市润州区鑫缘珠宝店;https://zuanjie520.1688.com;https://detail.1688.com/offer/608326404216.html
义乌市珞芙梦饰品有限公司;https://welead.1688.com;https://detail.1688.com/offer/632771357543.html
义乌市莓拉饰品有限公司;https://shop849s375u55378.1688.com;https://detail.1688.com/offer/656018851504.html
深圳市摩天轮饰品有限公司;https://shop1426490825222.1688.com;https://detail.1688.com/offer/649293661841.html
义乌市诺拉饰品有限公司;https://shop6651528821wi5.1688.com;https://detail.1688.com/offer/652943307042.html
义乌市柏宇饰品有限公司;https://shop3h838b30879w9.1688.com;https://detail.1688.com/offer/639660956756.html
深圳市多米巴电子商务有限公司;https://shop99w4h2u486382.1688.com;https://detail.1688.com/offer/634848750181.html
义乌市雅婵饰品有限公司;https://youyouguosp.1688.com;https://detail.1688.com/offer/644382505877.html
义乌市楚刚电子商务商行;https://shop1404492987036.1688.com;https://detail.1688.com/offer/640026757846.html
义乌市紫槐贸易有限公司;https://shop1431622660852.1688.com;https://detail.1688.com/offer/619821043245.html
义乌市鼎程贸易有限公司;https://janeman.1688.com;https://detail.1688.com/offer/625146312204.html
义乌市隆台饰品有限公司;https://youpinleshipin.1688.com;https://detail.1688.com/offer/644918343306.html
义乌市千品贸易有限公司;https://shop1461085082873.1688.com;https://detail.1688.com/offer/625012895697.html
兰山区骆骆百货店;https://shop585l627291185.1688.com;https://detail.1688.com/offer/654436749233.html
义乌市丹序电子商务商行;https://shop30b90x6250910.1688.com;https://detail.1688.com/offer/653804555409.html
义乌市起风了饰品有限公司;https://shop64ym8480r1911.1688.com;https://detail.1688.com/offer/655293147660.html
义乌甜饰电子商务商行;https://shop5635j252639o9.1688.com;https://detail.1688.com/offer/642656613140.html
浦江县慕尚贸易有限公司;https://shop578274098k823.1688.com;https://detail.1688.com/offer/639022177141.html
青岛诚琪睿商贸有限公司;https://chengqirui.1688.com;https://detail.1688.com/offer/643238365981.html
延平区鑫协百货店;https://shop685a150160562.1688.com;https://detail.1688.com/offer/650333206785.html
沈阳市葭琂网络科技有限责任公司;https://jiayanshipin.1688.com;https://detail.1688.com/offer/651534129450.html
义乌市哦妮饰品有限公司;https://oniacc.1688.com;https://detail.1688.com/offer/642009942359.html
义乌市征世电子商务商行;https://jiaduo.1688.com;https://detail.1688.com/offer/643539874686.html
义乌市禹希饰品有限公司;https://shop0174416a738z3.1688.com;https://detail.1688.com/offer/651988393354.html
义乌市艳东饰品配件商行;https://shop8380914696hu7.1688.com;https://detail.1688.com/offer/640029657713.html
青岛莫小可饰品有限公司;https://moxiaoke.1688.com;https://detail.1688.com/offer/644648629383.html
海丰县梅陇咔诗特首饰厂;https://kst925.1688.com;https://detail.1688.com/offer/599009836845.html
青岛福韵文化创意有限公司;https://qingdaofuyun.1688.com;https://detail.1688.com/offer/653173723746.html
义乌市淋顿饰品有限公司;https://shop4135z73526w05.1688.com;https://detail.1688.com/offer/642908300638.html
青岛多米加工贸有限公司;https://duomijiajewelry.1688.com;https://detail.1688.com/offer/632852134062.html
义乌市郡恺贸易有限公司;https://junkaimaoyi.1688.com;https://detail.1688.com/offer/653158883165.html
义乌市瑞趋电子商务有限公司;https://shop677nf85960198.1688.com;https://detail.1688.com/offer/644659866094.html
义乌市南瓜饰品有限公司;https://nanguashipin.1688.com;https://detail.1688.com/offer/654383794831.html
义乌市梦夏饰品有限公司;https://shop88336535103m9.1688.com;https://detail.1688.com/offer/644371487152.html
义乌一萌电子商务有限公司;https://shop091686403f277.1688.com;https://detail.1688.com/offer/640788684211.html
青岛欧伊尼珠宝有限公司;https://ouyini.1688.com;https://detail.1688.com/offer/643221697510.html
东莞市谜丽饰品有限公司;https://shop013d14657h638.1688.com;https://detail.1688.com/offer/649655234560.html
东莞鲸工异彩首饰有限公司;https://whalewaves.1688.com;https://detail.1688.com/offer/646486714524.html
义乌市利朗工艺品有限公司;https://shop6860y0x83u347.1688.com;https://detail.1688.com/offer/654291189885.html
义乌市靖锡电子商务商行;https://shop5q8x644849969.1688.com;https://detail.1688.com/offer/639364196628.html
义乌市伊柔饰品有限公司;https://shop49439e72186r4.1688.com;https://detail.1688.com/offer/646768977773.html
义乌市金蒙电子商务有限公司;https://shop6907i024g4422.1688.com;https://detail.1688.com/offer/647657799474.html
义乌市蓝莲饰品厂;https://shop1398186065813.1688.com;https://detail.1688.com/offer/626142867802.html
义乌市晓茵电子商务商行;https://shop1373993624078.1688.com;https://detail.1688.com/offer/635549934472.html
连城县礼钲深百货店;https://shop3579597y3j687.1688.com;https://detail.1688.com/offer/650825748940.html
深圳罗湖区莹宝首饰厂;https://shop0h9661zx55000.1688.com;https://detail.1688.com/offer/643677580112.html
青岛达利克饰品有限公司;https://shop0505373737u01.1688.com;https://detail.1688.com/offer/630306013854.html
沛县万矿百货店;https://shop2015s71140597.1688.com;https://detail.1688.com/offer/653362528132.html
广州市晟得贸易有限公司;https://shop80m1677674387.1688.com;https://detail.1688.com/offer/655208402673.html
惠州市比利牛斯科技有限公司;https://pyrenees.1688.com;https://detail.1688.com/offer/569501347480.html
海丰县梅陇千贝首饰厂;https://qianbei925.1688.com;https://detail.1688.com/offer/645786597441.html
博罗县石湾镇永盛杰电子厂;https://yongjieerji.1688.com;https://detail.1688.com/offer/590480316665.html
义乌市务本饰品有限公司;https://wubenjewellry.1688.com;https://detail.1688.com/offer/633653416395.html
青岛黛美舒饰品有限公司;https://shop2069733h76125.1688.com;https://detail.1688.com/offer/653327632642.html
义乌市几何饰品有限公司;https://shop1768n8r37s7u7.1688.com;https://detail.1688.com/offer/654451325927.html
义乌市司葛电子商务商行;https://shop495m518270i84.1688.com;https://detail.1688.com/offer/642662356150.html
义乌市杰鼎饰品有限公司;https://ywjdjewelry.1688.com;https://detail.1688.com/offer/649649532734.html
嵊州市异彩轻奢饰品有限公司;https://shop812q1784003r6.1688.com;https://detail.1688.com/offer/634723022718.html
青岛范黛西商贸有限公司;https://qdfandaixi.1688.com;https://detail.1688.com/offer/649131180380.html
广州葫芦娃科技有限公司;https://shop457u011332609.1688.com;https://detail.1688.com/offer/566737960539.html
义乌市舒饰电子商务有限公司;https://shop9091y0p721108.1688.com;https://detail.1688.com/offer/632250964040.html
青岛美拉珠宝有限公司;https://shop23f587r680768.1688.com;https://detail.1688.com/offer/628999015252.html
东海县牛山梦峥水晶商行;https://shop1404406741561.1688.com;https://detail.1688.com/offer/649824226934.html
甜亮控股有限公司;https://tianliang.1688.com;https://detail.1688.com/offer/626420844005.html
义乌市璐鑫饰品有限公司;https://luxinshipin666.1688.com;https://detail.1688.com/offer/622703674033.html
海丰县梅陇潮小白首饰厂;https://shop27702fo340467.1688.com;https://detail.1688.com/offer/651325452870.html
通山县笑体百货店;https://shop22q51j50972c9.1688.com;https://detail.1688.com/offer/632542989935.html
义乌市凯庆饰品厂;https://yiwukaiqing.1688.com;https://detail.1688.com/offer/588078862014.html
义乌市朵涵饰品有限公司;https://shop1466702139500.1688.com;https://detail.1688.com/offer/636649524052.html
义乌市心羽饰品有限公司;https://shop141077c542gi5.1688.com;https://detail.1688.com/offer/651363081471.html
义乌奥环商贸有限公司;https://shop1476264544990.1688.com;https://detail.1688.com/offer/629036263283.html
金华李李王艺术设计有限公司;https://liliwang.1688.com;https://detail.1688.com/offer/620160579859.html
深圳飞鑫智能股份有限公司;https://shop763v040568149.1688.com;https://detail.1688.com/offer/626419310469.html
深圳市宝安区途逸贸易商行;https://shop77348h50i0721.1688.com;https://detail.1688.com/offer/654343620164.html
诸暨市慕灵珠宝有限公司;https://shop674733u05o972.1688.com;https://detail.1688.com/offer/650898941370.html
台江区继伟便利店;https://shop818g7c875l969.1688.com;https://detail.1688.com/offer/639162964720.html
义乌市栾俏电子商务商行;https://shop5j0996284p087.1688.com;https://detail.1688.com/offer/637371820625.html
义乌市杰果电子商务商行;https://shop6014z34078747.1688.com;https://detail.1688.com/offer/643929811527.html
义乌市那冬贸易有限公司;https://shop038278427l283.1688.com;https://detail.1688.com/offer/619027141451.html
义乌市朵丽饰品有限公司;https://duolishipin.1688.com;https://detail.1688.com/offer/643918715730.html
青岛美琳工艺品有限公司;https://meilingongyipin.1688.com;https://detail.1688.com/offer/654403818259.html
义乌市颐翎电子商务商行;https://yilingshipin.1688.com;https://detail.1688.com/offer/634816419591.html
义乌市媚影饰品有限公司;https://shop3481668916t23.1688.com;https://detail.1688.com/offer/634407584082.html
广州创艺服饰有限公司;https://shop81y402s82i524.1688.com;https://detail.1688.com/offer/652092195070.html
海丰县梅陇镇简度首饰厂;https://jiandushoushi.1688.com;https://detail.1688.com/offer/640647944339.html
深圳市宝安区鲸奇首饰厂;https://jingqishoushi.1688.com;https://detail.1688.com/offer/625911840392.html
宿州偌彤电子商务有限公司;https://shop3g59l65m83096.1688.com;https://detail.1688.com/offer/651540257947.html
义乌市积瑞饰品厂;https://shop3c4110j755055.1688.com;https://detail.1688.com/offer/625641937749.html
佛山市南海区达菲琪服饰厂;https://shop32w69y5514399.1688.com;https://detail.1688.com/offer/655930947658.html
涿州市誉瑄优品服装店;https://bjyxyp.1688.com;https://detail.1688.com/offer/613579539948.html
衡水市品乐电子商务有限公司;https://shop44u1692h90x06.1688.com;https://detail.1688.com/offer/653784830367.html
连城县瑶束雪百货店;https://shop9n33702r612w8.1688.com;https://detail.1688.com/offer/654589425707.html
南平市建阳区达雁旋电子商务商行;https://shop2775459281827.1688.com;https://detail.1688.com/offer/649285576465.html
丹阳市界牌镇恒月灵家居用品厂;https://shop80e238s4n3861.1688.com;https://detail.1688.com/offer/647727333131.html
诸暨市易承珍珠养殖有限公司;https://shop1394125164755.1688.com;https://detail.1688.com/offer/559656688215.html
义乌市聪蝶饰品有限公司;https://yinshi2016.1688.com;https://detail.1688.com/offer/599918820155.html
新罗区师灵百货商行;https://shop71q08q20e0909.1688.com;https://detail.1688.com/offer/647580495472.html
青岛青城莱工艺品有限公司;https://qingchenglai.1688.com;https://detail.1688.com/offer/588184241482.html
新罗区浚浚百货商行;https://shop66570666664k8.1688.com;https://detail.1688.com/offer/647425903512.html
义乌市诺璨饰品厂;https://nuocansp.1688.com;https://detail.1688.com/offer/655107446479.html
广州优品库实业有限公司;https://shop97204104p6985.1688.com;https://detail.1688.com/offer/644088457501.html
义乌市钻拉电子商务商行;https://ywmaina.1688.com;https://detail.1688.com/offer/652173172725.html
惠州市荣美帽业有限公司;https://rongmeimaoyei.1688.com;https://detail.1688.com/offer/651943122496.html
义乌米莫制帽厂;https://mimohat.1688.com;https://detail.1688.com/offer/637825696079.html
义乌市小耳朵饰品有限公司;https://shop2927z98567u32.1688.com;https://detail.1688.com/offer/630296518802.html
崇阳县亚撒百货店;https://shop40958061933z4.1688.com;https://detail.1688.com/offer/645261623486.html
温岭市紫伊鞋帽厂;https://zyxmc168.1688.com;https://detail.1688.com/offer/652853770353.html
义乌市兮慕电子商务商行;https://shop1962q37276286.1688.com;https://detail.1688.com/offer/652114398102.html
五华县横陂镇银珊商贸部;https://shop21h19174u1207.1688.com;https://detail.1688.com/offer/649829342607.html
新罗区虹浮百货商行;https://shop4148140a4a422.1688.com;https://detail.1688.com/offer/647408689382.html
南平市建阳区宛浩然百货店;https://shop0799356797yr2.1688.com;https://detail.1688.com/offer/649038736293.html
新罗区嘉了陵百货商行;https://shop32c8p15647p56.1688.com;https://detail.1688.com/offer/649994788480.html
义乌市玫跃饰品厂;https://99mysp.1688.com;https://detail.1688.com/offer/654968406075.html
义乌市拉茨电子商务商行;https://shop6h615545w2026.1688.com;https://detail.1688.com/offer/653498975968.html
义乌市韩舞电子商务有限公司;https://shop1467049299292.1688.com;https://detail.1688.com/offer/536595289534.html
广州敖悦贸易有限公司;https://shop45185okq85255.1688.com;https://detail.1688.com/offer/631436057771.html
深圳市沛源保建材有限公司;https://shop24489o5858iw3.1688.com;https://detail.1688.com/offer/650865780559.html
佛山市禅城区润和尊百货店;https://shop3668e96jm0780.1688.com;https://detail.1688.com/offer/655968166428.html
衡水创代商贸有限公司;https://shop7e27327717916.1688.com;https://detail.1688.com/offer/653011164663.html
丹阳市开发区全冠百货商行;https://shop9205p512u8818.1688.com;https://detail.1688.com/offer/651217211550.html
义乌市米盒服饰有限公司;https://shop15426j44gl492.1688.com;https://detail.1688.com/offer/651821125321.html
青岛奂采饰品有限公司;https://huancaishipin.1688.com;https://detail.1688.com/offer/644976450180.html
广州市白云区新市吴兰兰制衣厂;https://shop4o5d263760155.1688.com;https://detail.1688.com/offer/638778858660.html
连城县老秀竹百货店;https://shop6g740658k4610.1688.com;https://detail.1688.com/offer/653605357625.html
海丰县梅陇佳丰珠宝首饰厂;https://shop6f47h13f48563.1688.com;https://detail.1688.com/offer/650420198005.html
海丰县梅陇镇蚂蚁首饰厂;https://shop6c8246d95q446.1688.com;https://detail.1688.com/offer/651518634398.html
海丰县梅陇大森林首饰厂;https://shop983pb766i8036.1688.com;https://detail.1688.com/offer/650336864669.html
中山市爱洛奇珠宝饰品有限公司;https://arochsilver.1688.com;https://detail.1688.com/offer/645155587624.html
东莞市百川饰品有限公司;https://shop16s265fg83754.1688.com;https://detail.1688.com/offer/651168253745.html
义乌市晴雯饰品有限公司;https://shop1357753428547.1688.com;https://detail.1688.com/offer/615187552480.html
广州市越秀区加闵贸易商行;https://shop7zb4k09017292.1688.com;https://detail.1688.com/offer/652102050956.html
武汉市蔡甸区荣源日用百货商行;https://shop7531780030618.1688.com;https://detail.1688.com/offer/637885676345.html
海丰县梅陇镇铭饰首饰厂;https://shop798q731639053.1688.com;https://detail.1688.com/offer/641540479573.html
海丰县梅陇镇曼蒂妮首饰厂;https://shop75p201808p7b1.1688.com;https://detail.1688.com/offer/643044869724.html
广州创火贸易商行;https://shop4879d3y9q2021.1688.com;https://detail.1688.com/offer/649837899542.html
义乌市管计电子商务商行;https://shop7147449547u99.1688.com;https://detail.1688.com/offer/639226408368.html
义乌市宥麟电子商务有限公司;https://shop81q5p742k7990.1688.com;https://detail.1688.com/offer/655364277939.html
深圳市曼忆珠宝有限公司;https://shop54is027939158.1688.com;https://detail.1688.com/offer/632081510596.html
荷塘区郡郡百货商行;https://shop011j78oo82229.1688.com;https://detail.1688.com/offer/638917974334.html
义乌兮兮贸易有限公司;https://shop1373527232677.1688.com;https://detail.1688.com/offer/554195873752.html
漯河市郾城区载淼百货销售店;https://shop08123s15i0624.1688.com;https://detail.1688.com/offer/656156055959.html
义乌市焕彩饰品有限公司;https://shop8305rg8c10104.1688.com;https://detail.1688.com/offer/610059315544.html
义乌市天米饰品有限公司;https://teemisp.1688.com;https://detail.1688.com/offer/653712132719.html
义乌市晴添电子商务商行;https://shop329mv53475429.1688.com;https://detail.1688.com/offer/620990787217.html
义乌柒商电子商务有限公司;https://shop31305ytq88275.1688.com;https://detail.1688.com/offer/616325204971.html
义乌市锦汐饰品有限公司;https://shop36m49516j79k7.1688.com;https://detail.1688.com/offer/617123311941.html
义乌市鸢歌电子商务有限责任公司;https://shop4s73t42552198.1688.com;https://detail.1688.com/offer/633988967698.html
义乌市添蝶电子商务商行;https://shop421362i8l9216.1688.com;https://detail.1688.com/offer/651483632664.html
义乌市乐行饰品有限公司;https://ixing666.1688.com;https://detail.1688.com/offer/646577099927.html
义乌市尚姿饰品厂;https://shop221916380ho17.1688.com;https://detail.1688.com/offer/619498489036.html
义乌市腾妍贸易有限公司;https://shop5s33z06059z84.1688.com;https://detail.1688.com/offer/654000121284.html
义乌市迷尚贸易有限公司;https://azusky.1688.com;https://detail.1688.com/offer/606078887730.html
义乌市思登电子商务有限公司;https://shop1383756897267.1688.com;https://detail.1688.com/offer/615829186177.html
义乌市复禄饰品有限公司;https://shop1495558448629.1688.com;https://detail.1688.com/offer/641305713389.html
义乌市奕冉饰品有限公司;https://yiranyw.1688.com;https://detail.1688.com/offer/607489857574.html
义乌市富图饰品厂;https://shop4011iu4684340.1688.com;https://detail.1688.com/offer/643072772690.html
义乌市诗韵饰品厂;https://manyun.1688.com;https://detail.1688.com/offer/632682442153.html
九江卉然格格电子商务有限公司;https://shop4p1n279347p43.1688.com;https://detail.1688.com/offer/625467396049.html
义乌市寻佳饰品有限公司;https://shop513y210hy4331.1688.com;https://detail.1688.com/offer/651421386012.html
诸暨市俊泽服饰有限公司;https://shop36p91683059p8.1688.com;https://detail.1688.com/offer/613471683677.html
杨永;https://shop42f99x8199g06.1688.com;https://detail.1688.com/offer/641075680901.html
义乌市芊橙饰品有限公司;https://shop681wb08u89915.1688.com;https://detail.1688.com/offer/640835409318.html
义乌市淳美饰品有限公司;https://shop885069m16ul75.1688.com;https://detail.1688.com/offer/631820734237.html
义乌市简迪电子商务有限公司;https://shop35797005482y8.1688.com;https://detail.1688.com/offer/631293057664.html
义乌市雨航饰品有限公司;https://shop3688z05582p86.1688.com;https://detail.1688.com/offer/629257757547.html
广州南沙区行假犯嘀电子商务有限公司;https://shop814261173lp91.1688.com;https://detail.1688.com/offer/642110829291.html
深圳市宝安区虹予新贸易商行;https://shop0016e9429o8q0.1688.com;https://detail.1688.com/offer/644200120483.html
田全德;https://ku8shop.1688.com;https://detail.1688.com/offer/618172006255.html
玉林市玉州区碧玲百货经营部;https://shop5589w657715q8.1688.com;https://detail.1688.com/offer/648770888544.html
义乌紫睿饰品厂;https://shop711287e06o441.1688.com;https://detail.1688.com/offer/642650229435.html
义乌市伶艺饰品有限公司;https://1688lingyi.1688.com;https://detail.1688.com/offer/609855002416.html
义乌市桑冉电子商务有限公司;https://shop60156p72p92c4.1688.com;https://detail.1688.com/offer/651443514409.html
义乌市迷炫电子商务有限公司;https://8001688.1688.com;https://detail.1688.com/offer/605823520860.html
金华市弘革贸易有限公司;https://shop76dvr76406s82.1688.com;https://detail.1688.com/offer/634902449778.html
义乌市春夏饰品厂;https://shop01481x9i781i6.1688.com;https://detail.1688.com/offer/620691252621.html
义乌市饰铺电子商务商行;https://duoyue666.1688.com;https://detail.1688.com/offer/654356156445.html
义乌市妙铭贸易有限公司;https://miaomingmaoyi.1688.com;https://detail.1688.com/offer/607743016106.html
义乌市宏烨电子商务商行;https://shop8zo437q983087.1688.com;https://detail.1688.com/offer/646119419841.html
义乌市登云电子商务商行;https://shop1416909575779.1688.com;https://detail.1688.com/offer/644534594250.html
义乌市叁玥电子商务有限公司;https://shop7980tu2142248.1688.com;https://detail.1688.com/offer/617186241488.html
义乌市欧蒂饰品有限公司;https://shop78604136a8h61.1688.com;https://detail.1688.com/offer/630582227925.html
金华市金东区唐洪电子商务商行;https://qq1990974.1688.com;https://detail.1688.com/offer/641420632081.html
青岛艾尼尼工艺品有限公司;https://ainini.1688.com;https://detail.1688.com/offer/634195222612.html
义乌市周一饰品有限公司;https://shop282090648q3h3.1688.com;https://detail.1688.com/offer/642606312368.html
东阳市江妮饰品有限公司;https://shop35e2694631529.1688.com;https://detail.1688.com/offer/623688580800.html
义乌市彦妤贸易有限公司;https://yanyushipin.1688.com;https://detail.1688.com/offer/607291041384.html
城阳区美凤昌工艺品加工厂;https://meifengchang.1688.com;https://detail.1688.com/offer/633664685154.html
润州区美余莲服装厂;https://shop314224c8d5386.1688.com;https://detail.1688.com/offer/638139008214.html
深圳市艾普义科技有限公司;https://tokqiy.1688.com;https://detail.1688.com/offer/655742382683.html
义乌市纵美饰品有限公司;https://shop184770u999034.1688.com;https://detail.1688.com/offer/627740856207.html
金华市金东区莎妮饰品厂;https://ywshani.1688.com;https://detail.1688.com/offer/576558819297.html
青岛天泰尚品商贸有限公司;https://tiantaishipin.1688.com;https://detail.1688.com/offer/622434741725.html
义乌市圆沁贸易有限公司;https://yiwushani.1688.com;https://detail.1688.com/offer/576385142381.html
义乌市町艺贸易有限公司;https://shop28471615lm727.1688.com;https://detail.1688.com/offer/637696423529.html
义乌市优星饰品厂;https://shop719477633u222.1688.com;https://detail.1688.com/offer/621427347228.html
义乌市菟丝子电子商务有限公司;https://shop844nft6104737.1688.com;https://detail.1688.com/offer/652336790880.html
义乌市吻靠日用百货商行;https://shop722d216052706.1688.com;https://detail.1688.com/offer/652479586602.html
义乌蓝昆贸易有限公司;https://shop5n6o626370p91.1688.com;https://detail.1688.com/offer/651044962270.html
义乌市辉约贸易有限公司;https://shop60175m8949r35.1688.com;https://detail.1688.com/offer/627651445105.html
浙江翊零电子商务有限公司;https://shop0589302n6f149.1688.com;https://detail.1688.com/offer/643138712949.html
浙江艺浔饰品有限公司;https://shop048v280579p03.1688.com;https://detail.1688.com/offer/626113072518.html
浙江今慕饰品有限公司;https://shop64a7059992mt9.1688.com;https://detail.1688.com/offer/640727896057.html
义乌市七奈饰品有限公司;https://shop51h2t06w92897.1688.com;https://detail.1688.com/offer/641414640769.html
义乌市册度电子商务商行;https://cedudesign.1688.com;https://detail.1688.com/offer/625635251322.html
义乌致康贸易有限公司;https://ywzkone.1688.com;https://detail.1688.com/offer/643056331517.html
广州市越秀区汇潞商贸有限公司;https://shop91e60038a27e7.1688.com;https://detail.1688.com/offer/654270640960.html
义乌市茗月饰品厂;https://shop07ppw75871293.1688.com;https://detail.1688.com/offer/634393929287.html
铅山县易万饰品厂;https://shop20a496894w794.1688.com;https://detail.1688.com/offer/641257052525.html
义乌市灵灿饰品厂;https://shop22491456q2915.1688.com;https://detail.1688.com/offer/625279659310.html
义乌市典协电子商务商行;https://shop80o61i7890677.1688.com;https://detail.1688.com/offer/628390410948.html
分宜东曼贸易有限公司;https://shop8585t956q07q4.1688.com;https://detail.1688.com/offer/652447349105.html
莆田市城厢区小饰界珠宝店;https://shop78733688pzc42.1688.com;https://detail.1688.com/offer/652959709331.html
广信区易妆饰品商行;https://shop209057502v358.1688.com;https://detail.1688.com/offer/646992338347.html
义乌市嘉朵饰品有限公司;https://shop233980jv4l699.1688.com;https://detail.1688.com/offer/649913125088.html
义乌威益商贸有限公司;https://shop962670z110313.1688.com;https://detail.1688.com/offer/630335205789.html
新罗区努努百货商行;https://shop672215u311n64.1688.com;https://detail.1688.com/offer/644512694055.html
广州始正贸易有限公司;https://shop62917v763g4u8.1688.com;https://detail.1688.com/offer/655679479466.html
明光市祥源贸易商行;https://shop3821t676447m1.1688.com;https://detail.1688.com/offer/650069900544.html
义乌市坚桓饰品配件厂;https://shop1438793678355.1688.com;https://detail.1688.com/offer/613346912846.html
义乌市黔安电子商务商行;https://fuliqianan.1688.com;https://detail.1688.com/offer/616853630118.html
义乌市玲平电子商务商行;https://shop358o8040i1u10.1688.com;https://detail.1688.com/offer/649982483948.html
五华县横陂镇艳秋高商贸部;https://shop853268s9548p2.1688.com;https://detail.1688.com/offer/649492489652.html
五华县横陂镇静芯商贸部;https://shop008565a74zj23.1688.com;https://detail.1688.com/offer/649789883739.html
五华县横陂镇珍露香商贸部;https://shop62573rn29u931.1688.com;https://detail.1688.com/offer/648287440726.html
义乌市乔琳电子商务有限公司;https://shop99b1240709226.1688.com;https://detail.1688.com/offer/623676610226.html
宁海县程辉贸易有限公司;https://shop3c6869o105098.1688.com;https://detail.1688.com/offer/651374206729.html
义乌市朵云饰品有限公司;https://duoyunsp.1688.com;https://detail.1688.com/offer/650502506460.html
九江千贝科技有限公司;https://shop20x2450d96690.1688.com;https://detail.1688.com/offer/608041919561.html
义乌市沃缇贸易有限公司;https://shop1488561240041.1688.com;https://detail.1688.com/offer/613552489256.html
义乌市桂莲贸易有限公司;https://shop5l0r17y055229.1688.com;https://detail.1688.com/offer/655409602046.html
深圳市致品灯饰有限公司;https://shop0877988189037.1688.com;https://detail.1688.com/offer/653589598569.html
永定区虑禹儒百货商行;https://shop4q10v06e46864.1688.com;https://detail.1688.com/offer/648280616930.html
义乌市星儿饰品商行;https://shop25qf702874706.1688.com;https://detail.1688.com/offer/629624757718.html
东莞市众兴五金饰品有限公司;https://dgzx13662719912.1688.com;https://detail.1688.com/offer/616593579814.html
义乌市芷玥饰品有限公司;https://shop5347179i999i7.1688.com;https://detail.1688.com/offer/633878688535.html
即墨市美饰家家商行;https://shop1443459323612.1688.com;https://detail.1688.com/offer/654688743674.html
广州孚拓新材料有限公司;https://fotalgz08.1688.com;https://detail.1688.com/offer/577170208661.html
青岛奥瑞晟商贸有限公司;https://shop82404r395r644.1688.com;https://detail.1688.com/offer/639992603776.html
丹阳市开发区斯博辰五金厂;https://shop6e76950074y79.1688.com;https://detail.1688.com/offer/650227664397.html
兰山区泽欣电子商务店;https://shop95r95253s3499.1688.com;https://detail.1688.com/offer/641316594070.html
上海妍艺饰品有限公司;https://shshoushi.1688.com;https://detail.1688.com/offer/634236360656.html
阳江市江城区力轩工贸有限公司;https://yjlixuan.1688.com;https://detail.1688.com/offer/581326566908.html
广州市荔湾区苏娜工艺品商行;https://shop531637ja059s0.1688.com;https://detail.1688.com/offer/563285633984.html
深圳市宝安区松岗晨之妍饰品商行;https://chenziyan.1688.com;https://detail.1688.com/offer/589949810356.html
义乌市安零电子商务有限公司;https://shop2co6766237779.1688.com;https://detail.1688.com/offer/633008863817.html
广州兰瑞莎珠宝首饰有限公司;https://shop44785k8476a63.1688.com;https://detail.1688.com/offer/625484628622.html
鼎湖区富兴隆商行;https://shop1351184672863.1688.com;https://detail.1688.com/offer/601458688578.html
广州市荔湾区晨宏饰品行;https://chenhongshipin.1688.com;https://detail.1688.com/offer/643721189839.html
丹阳市开发区齐丰亮百货商行;https://shop9657797xe2174.1688.com;https://detail.1688.com/offer/655636905074.html
义乌市耳语电子商务有限公司;https://shop188g966c37164.1688.com;https://detail.1688.com/offer/652115065693.html
青岛友宝源工艺品有限公司;https://youbaoyuan8.1688.com;https://detail.1688.com/offer/618365608804.html
义乌市韩誉饰品厂;https://shop7371934735q84.1688.com;https://detail.1688.com/offer/621621106601.html
义乌市落凝电子商务商行;https://shop98d155r5d0381.1688.com;https://detail.1688.com/offer/639817776235.html
浦江梵楚希贸易有限公司;https://fcxsppj.1688.com;https://detail.1688.com/offer/630598227918.html
深圳市宝安区纤冠美甲商行;https://shop1449594253958.1688.com;https://detail.1688.com/offer/529726518239.html
义乌市美丫饰品有限公司;https://yiwumeiyashipin.1688.com;https://detail.1688.com/offer/613243175363.html
义乌市米雅饰品有限公司;https://boleshipin.1688.com;https://detail.1688.com/offer/631869211515.html
义乌市汉琛电子商务商行;https://shop3r295667t9r70.1688.com;https://detail.1688.com/offer/645800553371.html
海丰县银晶珠宝首饰商行;https://shop1402505805137.1688.com;https://detail.1688.com/offer/548917748836.html
龙游聚美电子商务有限公司;https://jumeisp.1688.com;https://detail.1688.com/offer/625194021648.html
龙港市悦黎电子商务商行;https://shop358217o424427.1688.com;https://detail.1688.com/offer/652083231409.html
义乌市众兴饰品配件有限公司;https://gdzhongxing.1688.com;https://detail.1688.com/offer/42814604003.html
漳州开发区阁其每服装店;https://shop98o7w56992452.1688.com;https://detail.1688.com/offer/653339479004.html
广州市天河区尔承网络科技有限公司;https://shop3130p0f63g121.1688.com;https://detail.1688.com/offer/655186523772.html
永定区棕余兰网店;https://shop549h7i89a2929.1688.com;https://detail.1688.com/offer/636670223249.html
义乌市硕勋电子商务有限公司;https://soxu1688.1688.com;https://detail.1688.com/offer/558725421412.html
广州市白云区三元里豪振美甲用品店;https://yihai987321.1688.com;https://detail.1688.com/offer/44843282568.html
义乌市圆亿饰品配件商行;https://shop6598413763v79.1688.com;https://detail.1688.com/offer/643700288286.html
宁波市美帝诗珠宝饰品有限公司;https://shop1398655249387.1688.com;https://detail.1688.com/offer/44792447584.html
广州市可媚儿美甲用品商行;https://shop71p2r8r483874.1688.com;https://detail.1688.com/offer/643430429235.html
深圳市宝安区新势力首饰厂;https://xsl1688.1688.com;https://detail.1688.com/offer/641510937258.html
义乌市菠萝饰品有限公司;https://shop8z9z351216314.1688.com;https://detail.1688.com/offer/643116249063.html
义乌市锦莱饰品有限公司;https://shop7562383685425.1688.com;https://detail.1688.com/offer/630912628858.html
义乌市紫菲饰品配件有限公司;https://zifeishipin.1688.com;https://detail.1688.com/offer/631550771330.html
义乌市新境饰品厂;https://shop73222z4499159.1688.com;https://detail.1688.com/offer/649394073925.html
深圳市业轩科技有限公司;https://yexuankeji.1688.com;https://detail.1688.com/offer/624484049107.html
深圳市诺凯琪实业有限公司;https://shop20214954i5138.1688.com;https://detail.1688.com/offer/653355207733.html
义乌市麓蔓电子商务有限公司;https://luman0327.1688.com;https://detail.1688.com/offer/641824634525.html
宁海县富丽美甲用品厂;https://qq994176872.1688.com;https://detail.1688.com/offer/639707726391.html
义乌市奕合贸易有限公司;https://shop07312zu810057.1688.com;https://detail.1688.com/offer/610013866555.html
温江区雨滴成诗商贸部;https://shop00992115w8w49.1688.com;https://detail.1688.com/offer/649484682349.html
广州市爱诗美美甲用品有限公司;https://asmeishop.1688.com;https://detail.1688.com/offer/601471214843.html
广州红诺贸易有限公司;https://qq1498753.1688.com;https://detail.1688.com/offer/1276866304.html
上海灵茹商贸有限公司;https://shop1y74qa0091804.1688.com;https://detail.1688.com/offer/589317817197.html
海丰县石全银美饰品店;https://diy88889999.1688.com;https://detail.1688.com/offer/618144987853.html
义乌市卡妞工艺品有限公司;https://kaniunailart.1688.com;https://detail.1688.com/offer/577650811484.html
义乌市英亿电子商务商行;https://shop6784769942xc5.1688.com;https://detail.1688.com/offer/630673460216.html
深圳市龙岗区心动饰品批发商行;https://shop5705w100w6766.1688.com;https://detail.1688.com/offer/647305262070.html
广州市黛果商贸商行;https://daiguoshop.1688.com;https://detail.1688.com/offer/619569277197.html
荣智;https://ywrongzhi.1688.com;https://detail.1688.com/offer/627227663823.html
义乌市艺真饰品有限公司;https://shop1467046971656.1688.com;https://detail.1688.com/offer/617360936716.html
义乌市真欣电子商务商行;https://shop509491775bd03.1688.com;https://detail.1688.com/offer/620436010450.html
义乌市趣觅电子商务商行;https://shop3909712a65r74.1688.com;https://detail.1688.com/offer/650557029061.html
义乌市锦颜电子商务商行;https://shop509s9634b6779.1688.com;https://detail.1688.com/offer/619413506227.html
义乌市七乐饰品厂;https://shop2095l84630p57.1688.com;https://detail.1688.com/offer/646746981926.html
乐清市柳市路易仕五金厂;https://shop0564b9182bc45.1688.com;https://detail.1688.com/offer/587930946385.html
泰安青藤衫贸易有限公司;https://shop3647jw6065v33.1688.com;https://detail.1688.com/offer/641337004580.html
深圳市宝安区铭丽贸易商行;https://shop43538s2s7s575.1688.com;https://detail.1688.com/offer/570916834457.html
东莞市福松五金制品有限公司;https://folsom.1688.com;https://detail.1688.com/offer/642409448191.html
新罗区小良家百货商行;https://shop7515855b86603.1688.com;https://detail.1688.com/offer/642547990224.html
广州奈茜美甲用品商行;https://shop876j9n541j391.1688.com;https://detail.1688.com/offer/654289843065.html
