东阳市明杨饰品有限公司;https://mingyangshipin.1688.com;https://detail.1688.com/offer/564341397649.html
东莞市初夏服饰有限公司;https://shop53814x8r33444.1688.com;https://detail.1688.com/offer/596849737788.html
义乌市芳若饰品有限公司;https://shop812901d041658.1688.com;https://detail.1688.com/offer/617128429026.html
万载县宾兴日用品商行;https://shop13504162r9251.1688.com;https://detail.1688.com/offer/652657910045.html
义乌市漱也电子商务商行;https://shop75050556z99w6.1688.com;https://detail.1688.com/offer/653124490427.html
余江区翔穆经营部;https://shop36925180hf668.1688.com;https://detail.1688.com/offer/655162657098.html
万载县溪消片日用品经营部;https://shop69971i4i115m2.1688.com;https://detail.1688.com/offer/655030817750.html
义乌市娇黠电子商务商行;https://shop0920366369vn1.1688.com;https://detail.1688.com/offer/655403095866.html
南平市建阳区俊星百货商行;https://shop2so35568129v9.1688.com;https://detail.1688.com/offer/656067638982.html
合肥市霸桑商贸有限责任公司;https://shop38n9i31r37493.1688.com;https://detail.1688.com/offer/655263545375.html
义乌市千瑞饰品厂;https://shop19213699ssi09.1688.com;https://detail.1688.com/offer/606645588304.html
余江区广度电子商务商行;https://shop0867n0w2z7115.1688.com;https://detail.1688.com/offer/653312579522.html
义乌市蜡节电子商务商行;https://shop882dw25778g75.1688.com;https://detail.1688.com/offer/656178627170.html
新罗区嘉了陵百货商行;https://shop32c8p15647p56.1688.com;https://detail.1688.com/offer/651066891004.html
义乌市蒂娅电子商务有限公司;https://5968868.1688.com;https://detail.1688.com/offer/610097555108.html
永定区翘雪密百货店;https://shop1229441740g66.1688.com;https://detail.1688.com/offer/642057880874.html
义乌市明奖电子商务商行;https://shop45u2u6002j942.1688.com;https://detail.1688.com/offer/640410007781.html
五华县横陂镇月平科技馆;https://shop3v20349039t77.1688.com;https://detail.1688.com/offer/652309431878.html
新罗区佐遥广百货商行;https://shop2u139q93781q8.1688.com;https://detail.1688.com/offer/642069194742.html
永定区火忠箕网店;https://shop4m63158r02221.1688.com;https://detail.1688.com/offer/649758820135.html
永定区旷高徘商行;https://shop89p20f8892j89.1688.com;https://detail.1688.com/offer/633423024881.html
东莞市莫妮卡传动科技有限公司;https://girlyears.1688.com;https://detail.1688.com/offer/630812173847.html
义乌市闻弘贸易有限公司;https://yiwuwenhong.1688.com;https://detail.1688.com/offer/622589655996.html
石狮市扶摇云体网络箱包商行;https://shop2p3l961922106.1688.com;https://detail.1688.com/offer/655370173514.html
南平市建阳区练光纬百货店;https://shop1372um9879169.1688.com;https://detail.1688.com/offer/650565931671.html
铅山县柳丰饰品有限公司;https://shop89az068937w22.1688.com;https://detail.1688.com/offer/586032511284.html
义乌市禄芳电子商务商行;https://lufangshipin.1688.com;https://detail.1688.com/offer/565549792567.html
义乌市尚捷饰品有限公司;https://shop11759725e5h10.1688.com;https://detail.1688.com/offer/567603738813.html
东莞市厚街臻品礼品加工厂;https://marvelousdog.1688.com;https://detail.1688.com/offer/561920959490.html
义乌市宸妤饰品有限公司;https://shop0t8941e9011f7.1688.com;https://detail.1688.com/offer/653730107552.html
义乌市画莎饰品有限公司;https://shop05f32865476o9.1688.com;https://detail.1688.com/offer/640474008389.html
义乌市隆驰顺电子商务商行;https://shop059s315b07555.1688.com;https://detail.1688.com/offer/654967866279.html
义乌市默笙饰品厂;https://fanshenggongyi.1688.com;https://detail.1688.com/offer/567949030218.html
义乌市迪倩饰品有限公司;https://ywdiqian.1688.com;https://detail.1688.com/offer/586367114801.html
金华市凡可贸易有限公司;https://vancoleaccessory.1688.com;https://detail.1688.com/offer/531076102268.html
深圳市宝安区福海靓依都服装厂;https://shop1494607960707.1688.com;https://detail.1688.com/offer/631436339089.html
深圳市龙华新区伊百分手工饰品厂;https://storyacc.1688.com;https://detail.1688.com/offer/589913320878.html
义乌市博龚电子商务商行;https://shop753848f7f9633.1688.com;https://detail.1688.com/offer/652206462557.html
义乌市亿韩饰品有限公司;https://yihanshipin.1688.com;https://detail.1688.com/offer/560140473680.html
义乌市狼昊电子商务商行;https://shop20265h6928156.1688.com;https://detail.1688.com/offer/652588355356.html
义乌市时流电子商务商行;https://shop72n430k9l7614.1688.com;https://detail.1688.com/offer/643083179233.html
青白江泽佰雅秋商贸部;https://shop15l3p74614259.1688.com;https://detail.1688.com/offer/653346496223.html
广州雅彩茜家居用品有限公司;https://shop18ss7e1892124.1688.com;https://detail.1688.com/offer/643634432342.html
景宁贵计百货商行;https://shop03lv012n84319.1688.com;https://detail.1688.com/offer/642636728480.html
武汉市蔡甸区荣源日用百货商行;https://shop7531780030618.1688.com;https://detail.1688.com/offer/654694668616.html
义乌市思恋电子商务商行;https://shop1464368250733.1688.com;https://detail.1688.com/offer/586119620119.html
义乌市坞头饰品有限公司;https://shop99e38159c8636.1688.com;https://detail.1688.com/offer/624610503033.html
平阳县佩奇宠物用品有限公司;https://shop1495471800464.1688.com;https://detail.1688.com/offer/593134319003.html
义乌市跃越贸易有限公司;https://shop4o88755547939.1688.com;https://detail.1688.com/offer/614568630905.html
睢宁县智双家居用品厂;https://shop57302l83b45z6.1688.com;https://detail.1688.com/offer/643075685237.html
义乌市星泰饰品有限公司;https://shop9i878x7270203.1688.com;https://detail.1688.com/offer/637737191524.html
新昌县龙翔纺织有限公司;https://xclxfzgs.1688.com;https://detail.1688.com/offer/647073249758.html
义乌市群德服饰厂;https://shop1478536871632.1688.com;https://detail.1688.com/offer/577469360873.html
义乌市赤洁电子商务商行;https://shop10f7749243421.1688.com;https://detail.1688.com/offer/649781955070.html
义乌古诺饰品有限公司;https://shop5q19336299913.1688.com;https://detail.1688.com/offer/596293087112.html
永定区枯善姿百货商行;https://shop2l32083922003.1688.com;https://detail.1688.com/offer/648743672218.html
仙游县鲤城陈俊山百货商行;https://shop8q48237194943.1688.com;https://detail.1688.com/offer/649271230461.html
义乌市韩饰电子商务有限公司;https://hs0616.1688.com;https://detail.1688.com/offer/627926661981.html
义乌市润特饰品有限公司;https://sunfangwei8.1688.com;https://detail.1688.com/offer/581781995203.html
永定区泰悦影网店;https://shop7301dd2d62648.1688.com;https://detail.1688.com/offer/639015068895.html
广州哈琳娜饰品厂;https://harrina.1688.com;https://detail.1688.com/offer/651805142500.html
义乌市蜜舍饰品厂;https://nvshe.1688.com;https://detail.1688.com/offer/624635744166.html
义乌诺琪家居用品有限公司;https://nuchi2012.1688.com;https://detail.1688.com/offer/598715253093.html
义乌市亦舒饰品有限公司;https://shop446f2f7150a94.1688.com;https://detail.1688.com/offer/607983891298.html
广州市置物时尚服饰有限公司;https://shop963r36h4h6255.1688.com;https://detail.1688.com/offer/622658793846.html
广西龙州丝多莉饰品有限公司;https://shop94b1162e2p233.1688.com;https://detail.1688.com/offer/624710365585.html
深圳市南山区唐歆服饰商行;https://chenmeixiong.1688.com;https://detail.1688.com/offer/578613854642.html
万载县福昕日用品商行;https://shop251x9864u2y64.1688.com;https://detail.1688.com/offer/652349054824.html
万载县洲稍玲百货商行;https://shop92lx4818t8624.1688.com;https://detail.1688.com/offer/652992866992.html
鄱阳县丹晴照五金店;https://shop42k4840367a80.1688.com;https://detail.1688.com/offer/650690263194.html
台州市黄岩雷驰日用品商行;https://shop48a747l776l67.1688.com;https://detail.1688.com/offer/655426290990.html
南平市建阳区林农文魏丕百货店;https://shop065acr1838165.1688.com;https://detail.1688.com/offer/644527828961.html
余江区偌慧经营部;https://shop2158240687t51.1688.com;https://detail.1688.com/offer/652792200088.html
余江区银樊经营部;https://shop3i72651249435.1688.com;https://detail.1688.com/offer/656230991099.html
三门轻司贸易商行;https://shop0510406159194.1688.com;https://detail.1688.com/offer/651980888649.html
袁州区之言网络工作室;https://shop67f1727q97270.1688.com;https://detail.1688.com/offer/653016153893.html
义乌市雯霖电子商务有限公司;https://shop1465923471838.1688.com;https://detail.1688.com/offer/588920230973.html
袁州区一华网络工作室;https://shop0819290793904.1688.com;https://detail.1688.com/offer/652789981439.html
佛山市南海区良霖曦日用品厂;https://shop89170t7930511.1688.com;https://detail.1688.com/offer/649330422659.html
上海贝饰贸易有限公司;https://shop58co33200i882.1688.com;https://detail.1688.com/offer/625450602422.html
余江区茜梅经营部;https://shop8571o78t7i111.1688.com;https://detail.1688.com/offer/653791646605.html
余江区浩柏经营部;https://shop9539467u00j40.1688.com;https://detail.1688.com/offer/654716981568.html
义乌市齐殇电子商务商行;https://shop43095u74c0354.1688.com;https://detail.1688.com/offer/653461128287.html
玉林市玉州区瑞飞日用品店;https://shop5330648tek656.1688.com;https://detail.1688.com/offer/650939186384.html
义乌市宛孜贸易有限公司;https://shop1457062949086.1688.com;https://detail.1688.com/offer/594667072972.html
义乌市包悦服饰有限公司;https://shop643822j886438.1688.com;https://detail.1688.com/offer/621371497866.html
义乌市爱熙饰品有限公司;https://ywaidai.1688.com;https://detail.1688.com/offer/629091681832.html
石狮市简峰瑟兰网络百货商行;https://shop23483956693z9.1688.com;https://detail.1688.com/offer/652992866819.html
石狮市简峰云谱网络百货商行;https://shop354xx43697253.1688.com;https://detail.1688.com/offer/654137395240.html
义乌市快雪饰品厂;https://shop1412786432157.1688.com;https://detail.1688.com/offer/641069579564.html
义乌市戴薇贸易有限公司;https://shop26f9701ncj593.1688.com;https://detail.1688.com/offer/643411917221.html
安庆青芒商贸有限公司;https://shop1q87406973466.1688.com;https://detail.1688.com/offer/636191843184.html
义乌市蓝度饰品有限公司;https://shop88x1x874a7807.1688.com;https://detail.1688.com/offer/649358697488.html
昆山贝乐宠物用品有限公司;https://bellapet.1688.com;https://detail.1688.com/offer/578581856369.html
义乌微后服饰有限公司;https://chansscarf.1688.com;https://detail.1688.com/offer/650167206048.html
义乌市莫绅贸易有限公司;https://shop1481302480465.1688.com;https://detail.1688.com/offer/579469935025.html
广州市玩酷帽业有限公司;https://shop1381856221830.1688.com;https://detail.1688.com/offer/629138672118.html
晋江市陈埭镇林枫鞋材厂;https://shop49510tk27f600.1688.com;https://detail.1688.com/offer/624273951301.html
云霄县锋俞五金店;https://shop675566392m302.1688.com;https://detail.1688.com/offer/654938052000.html
义乌市世雄汽车用品有限公司;https://shop9f755e025d909.1688.com;https://detail.1688.com/offer/646536176510.html
青岛姜艺轩商贸有限公司;https://shop00bc73c213589.1688.com;https://detail.1688.com/offer/622873901554.html
义乌市宣菲服饰有限公司;https://xuanfei666.1688.com;https://detail.1688.com/offer/571733690942.html
嵊州市诚越服饰有限公司;https://shop6140579150xy3.1688.com;https://detail.1688.com/offer/620700961657.html
深圳市龙华区花墙花巷仿真植物批发部;https://huaqianghuaxiang.1688.com;https://detail.1688.com/offer/631842358570.html
丹阳市界牌镇汇尔梦工艺礼品厂;https://shop269t37k681828.1688.com;https://detail.1688.com/offer/650863790485.html
深圳市禧瑞科技有限公司;https://mihapet.1688.com;https://detail.1688.com/offer/648719500258.html
丹阳市界牌镇佳数鑫工艺礼品厂;https://shop2b721384388o6.1688.com;https://detail.1688.com/offer/653524337640.html
广州雄维科技有限公司;https://shop73063477si2p8.1688.com;https://detail.1688.com/offer/634934363645.html
广州鼎格服饰有限公司;https://shop43p1926j55507.1688.com;https://detail.1688.com/offer/646551698414.html
广州希承贸易有限公司;https://shop966700c7769s0.1688.com;https://detail.1688.com/offer/641525821507.html
义乌市伯言电子商务商行;https://shop1468256490202.1688.com;https://detail.1688.com/offer/589093279834.html
义乌市轲轲饰品厂;https://shop155168o5615d5.1688.com;https://detail.1688.com/offer/571792097389.html
义乌市予画贸易有限公司;https://hancan.1688.com;https://detail.1688.com/offer/550467746867.html
余江区茹美经营部;https://shop53o0g3f566157.1688.com;https://detail.1688.com/offer/655919250484.html
义乌市铎铃电子商务商行;https://darling8861.1688.com;https://detail.1688.com/offer/620534176418.html
石狮市星潮印象服装厂;https://shop7x90f21611466.1688.com;https://detail.1688.com/offer/595875819210.html
义乌市漂洋饰品有限公司;https://pyshp2003666.1688.com;https://detail.1688.com/offer/594724780723.html
保定顺古商贸有限公司;https://shop69053dl87c706.1688.com;https://detail.1688.com/offer/641990732023.html
厦门姚明织带饰品有限公司;https://yamaribbon.1688.com;https://detail.1688.com/offer/626807915290.html
义乌市莱玛电子商务有限公司;https://laimasp.1688.com;https://detail.1688.com/offer/626199974457.html
义乌市鑫昊饰品有限公司;https://shop9t12921q15316.1688.com;https://detail.1688.com/offer/653289996968.html
东莞市揽腾运动用品有限公司;https://hitengsport.1688.com;https://detail.1688.com/offer/634929205420.html
义乌市云科饰品有限公司;https://shop116892d180816.1688.com;https://detail.1688.com/offer/637975772002.html
义乌市奕露饰品有限公司;https://shop36154mv37o833.1688.com;https://detail.1688.com/offer/640926445211.html
义乌市三态饰品有限公司;https://santai3333.1688.com;https://detail.1688.com/offer/629881703401.html
东阳市泫雅珠宝饰品有限公司;https://jinxuanya.1688.com;https://detail.1688.com/offer/602450823360.html
广州市黄埔区张书华服装有限公司;https://shop184448477dw71.1688.com;https://detail.1688.com/offer/643178331141.html
忆月科技(深圳)有限公司;https://shop09440x0379w02.1688.com;https://detail.1688.com/offer/654969250081.html
丹阳市界牌镇语缘家居用品厂;https://shop8z1724097po17.1688.com;https://detail.1688.com/offer/652752171402.html
浙江骏夏节庆装饰品有限公司;https://zjjunxia.1688.com;https://detail.1688.com/offer/652334611085.html
深圳市欣盛饰品有限公司;https://xinshengzhubao.1688.com;https://detail.1688.com/offer/584356202626.html
南昌万纳网络科技有限公司;https://wanna2021.1688.com;https://detail.1688.com/offer/650568579143.html
余江区亮新福电子商务商行;https://shop0721d779z2z27.1688.com;https://detail.1688.com/offer/652234818053.html
义乌市静纺电子商务有限公司;https://jingfang88.1688.com;https://detail.1688.com/offer/642148369691.html
余江区鑫进贸易商行;https://shop2828jv94x2073.1688.com;https://detail.1688.com/offer/651564000388.html
义乌市逸舒贸易有限公司;https://15868952333.1688.com;https://detail.1688.com/offer/629760180693.html
佛山市南海区鼎玮百货商行;https://shop5y0ow70833199.1688.com;https://detail.1688.com/offer/649394617842.html
高新技术产业开发区含风物资经销处;https://shop1p2b016m41043.1688.com;https://detail.1688.com/offer/650079103151.html
宜春市袁州区森碟饰品厂;https://shop1g564594i8062.1688.com;https://detail.1688.com/offer/605731933388.html
广州市越秀区小雀斑饰品商行;https://shop8149r7727zr09.1688.com;https://detail.1688.com/offer/640600332206.html
广州项迪商贸商行;https://shop88w6664c918y9.1688.com;https://detail.1688.com/offer/655215058763.html
深圳市晓春供应链管理有限公司;https://xiaochunscm.1688.com;https://detail.1688.com/offer/646158278839.html
岫岩满族自治县郎韩日百货商行;https://langhan.1688.com;https://detail.1688.com/offer/641197031266.html
西安市雁塔区嘉美优百货店;https://shop55f689493k0v4.1688.com;https://detail.1688.com/offer/655641710299.html
广州杰凯锐贸易商行;https://shop2961ic66578g6.1688.com;https://detail.1688.com/offer/653812529863.html
长沙市芙蓉区尚居百货商行;https://shop374784g615u23.1688.com;https://detail.1688.com/offer/651788724400.html
广州利可五金厂;https://shop219i5m0941005.1688.com;https://detail.1688.com/offer/655114293552.html
广州市花都区狮岭捶德贸易商行;https://shop80251044f7f57.1688.com;https://detail.1688.com/offer/650097103643.html
龙港市层宜纸制品厂;https://shop610o602008224.1688.com;https://detail.1688.com/offer/655115481476.html
天台美亿工艺品厂;https://13386593328.1688.com;https://detail.1688.com/offer/647667307172.html
天台县彩盛工艺品厂;https://shop23u5883759o62.1688.com;https://detail.1688.com/offer/655515311738.html
义乌市钛发服饰有限公司;https://tfsp1688.1688.com;https://detail.1688.com/offer/619431773865.html
义乌市义多广贸易有限公司;https://shop5791w74o41n67.1688.com;https://detail.1688.com/offer/620596737967.html
义乌市通晟电子商务商行;https://qianqian1314168.1688.com;https://detail.1688.com/offer/598087784187.html
义乌市奕圣服饰厂;https://yiwuyisheng.1688.com;https://detail.1688.com/offer/601615761929.html
浦江县佩妮工贸有限公司;https://shop1430834584927.1688.com;https://detail.1688.com/offer/626394719541.html
东莞市石龙民发日用品店;https://mf668899.1688.com;https://detail.1688.com/offer/635682322040.html
揭阳市揭东区磐东美欧敏百货店;https://shop303x713754e01.1688.com;https://detail.1688.com/offer/651925278076.html
义乌市巨欣饰品有限公司;https://juxinsp.1688.com;https://detail.1688.com/offer/609147039766.html
义乌市宓森电子商务商行;https://shop7470971k25505.1688.com;https://detail.1688.com/offer/652789340333.html
义乌市规萨日用品厂;https://shop859672q1n4960.1688.com;https://detail.1688.com/offer/647619536243.html
柘荣县声果日用品经营部;https://shop42x54k1344396.1688.com;https://detail.1688.com/offer/645830139416.html
万载县雯达涩日用品经营部;https://shop90n0i90632m75.1688.com;https://detail.1688.com/offer/649651100398.html
义乌市疏宇电子商务有限公司;https://shop6nn4340900318.1688.com;https://detail.1688.com/offer/637553402364.html
永定区蛮博戚百货商行;https://shop60422d63oa080.1688.com;https://detail.1688.com/offer/636267538001.html
义乌市佩羽电子商务商行;https://shop2cg1r43364437.1688.com;https://detail.1688.com/offer/631946908370.html
嘉禾县杰瑞日用品商行;https://lwjshop.1688.com;https://detail.1688.com/offer/651360659496.html
德州华策工艺品有限公司;https://shop1490807299678.1688.com;https://detail.1688.com/offer/644145514274.html
余姚建财百货商行;https://shop4715525i8l595.1688.com;https://detail.1688.com/offer/652175774339.html
青岛帕肯商贸有限公司;https://shop2s863120u7338.1688.com;https://detail.1688.com/offer/647276589801.html
东阳市靓雅电子商务商行;https://shop2843892i427i0.1688.com;https://detail.1688.com/offer/652442322788.html
台州米卡工艺品有限公司;https://18267670883.1688.com;https://detail.1688.com/offer/654331067530.html
义乌港恒电子商务有限公司;https://daitiancong.1688.com;https://detail.1688.com/offer/599668239383.html
义乌市玥甜饰品有限公司;https://shop0380rq810e833.1688.com;https://detail.1688.com/offer/655073972620.html
淮南市正极工艺品有限公司;https://shop46b04d6562883.1688.com;https://detail.1688.com/offer/643396278920.html
义乌市丽歌饰品有限公司;https://shop1467221335666.1688.com;https://detail.1688.com/offer/640439831912.html
义乌市隽俏饰品有限公司;https://junqiaoshipin.1688.com;https://detail.1688.com/offer/650773947321.html
义乌市漪美电子商务商行;https://yimeimaoyi.1688.com;https://detail.1688.com/offer/638113399176.html
涵江区国欢谢斌服装店;https://shop8w4r800064g20.1688.com;https://detail.1688.com/offer/648745364912.html
广州市荔湾区涂瑟商贸有限公司;https://shop8403110010403.1688.com;https://detail.1688.com/offer/642598758194.html
义乌市娅丫电子商务商行;https://shop1464195103802.1688.com;https://detail.1688.com/offer/618403532258.html
杭州余杭区乔司街道轶曼服装商行;https://shop68r01q36j4759.1688.com;https://detail.1688.com/offer/654823280678.html
东阳欣梦雅饰品有限公司;https://shop0y30o6617l870.1688.com;https://detail.1688.com/offer/644557481133.html
林淑琴;https://gzchaoyixing.1688.com;https://detail.1688.com/offer/609137898389.html
义乌市喀丹电子商务商行;https://shop8703pf679k192.1688.com;https://detail.1688.com/offer/655276949847.html
深圳市广信彩带有限公司;https://gxmomo2011.1688.com;https://detail.1688.com/offer/627418580505.html
深圳市君豪工艺制品有限公司;https://shop290984264dg96.1688.com;https://detail.1688.com/offer/652157884632.html
东阳市利哥饰品厂;https://shop274273319t3f3.1688.com;https://detail.1688.com/offer/652896976834.html
义乌华贸饰品有限公司;https://shop70150150u0p91.1688.com;https://detail.1688.com/offer/640314501810.html
台州市黄岩途乐工艺品厂;https://shop48b9264005236.1688.com;https://detail.1688.com/offer/652902931600.html
阳江市江城区河马西施饰品厂;https://shop1489889953958.1688.com;https://detail.1688.com/offer/644568484476.html
义乌市丹略电子商务商行;https://dyxingyu.1688.com;https://detail.1688.com/offer/654789697775.html
义乌市弘流电子商务商行;https://guaguashop.1688.com;https://detail.1688.com/offer/39595116673.html
义乌市琳杰家居用品有限公司;https://alan0414.1688.com;https://detail.1688.com/offer/653442935422.html
义乌市簇楷电子商务商行;https://shop2826316kw7m91.1688.com;https://detail.1688.com/offer/648810762562.html
东阳市亚美饰品有限公司;https://shop0n85373st2317.1688.com;https://detail.1688.com/offer/627862461601.html
遂昌帕山日用百货商行;https://shop9448y3932y514.1688.com;https://detail.1688.com/offer/648867591053.html
义乌市鄢维工艺品有限公司;https://lanwaymy.1688.com;https://detail.1688.com/offer/649469517499.html
义乌市吉礼贸易有限公司;https://shop572e02600r190.1688.com;https://detail.1688.com/offer/630425726661.html
