深圳市龙岗区潮流前卫服饰商行;https://shop1480092526180.1688.com;https://detail.1688.com/offer/653794585868.html
义乌市濋玖电子商务有限公司;https://shop1493743791850.1688.com;https://detail.1688.com/offer/645826831340.html
义乌市糖秋服饰有限公司;https://shop1460566053882.1688.com;https://detail.1688.com/offer/654482118269.html
义乌市萨加朵服饰有限公司;https://shop3p293356p9948.1688.com;https://detail.1688.com/offer/639272523025.html
义乌圆斌服饰有限公司;https://shop1467125344661.1688.com;https://detail.1688.com/offer/596748682910.html
义乌市懿轩电子商务有限公司;https://13757958372.1688.com;https://detail.1688.com/offer/654697752835.html
台州市黄岩院桥超鑫帽厂;https://chaoxinmaoye.1688.com;https://detail.1688.com/offer/626191664468.html
义乌市万莹服饰有限公司;https://shop0la151v191677.1688.com;https://detail.1688.com/offer/651119008027.html
义乌市冷安电子商务商行;https://shop1468429267863.1688.com;https://detail.1688.com/offer/621043729011.html
义乌米莫制帽厂;https://mimohat.1688.com;https://detail.1688.com/offer/655633114619.html
义乌市江艺电子商务商行;https://shop1492767982508.1688.com;https://detail.1688.com/offer/635757900679.html
义乌市宇群电子商务有限公司;https://yuqunfushi.1688.com;https://detail.1688.com/offer/651466456441.html
台州市乐戴帽业有限公司;https://shop891341m588918.1688.com;https://detail.1688.com/offer/641759837914.html
义乌市跃毅电子商务有限公司;https://shop8306001401471.1688.com;https://detail.1688.com/offer/619670502625.html
义乌市悦秀服饰有限公司;https://shop1h4580724t272.1688.com;https://detail.1688.com/offer/636917060648.html
义乌市苏奈服饰有限公司;https://shop528r425698k49.1688.com;https://detail.1688.com/offer/640561160127.html
义乌市船锚电子商务有限公司;https://shop13478044h45m6.1688.com;https://detail.1688.com/offer/643294108444.html
义乌市阔朵贸易有限公司;https://shop6611do684d394.1688.com;https://detail.1688.com/offer/625613675015.html
义乌市莜品贸易有限公司;https://shop2199753289357.1688.com;https://detail.1688.com/offer/625178238307.html
湖州乐梦家纺有限公司;https://shop72g38419011l0.1688.com;https://detail.1688.com/offer/642452444761.html
义乌市梓晴服饰有限公司;https://shop3z2j5621982n3.1688.com;https://detail.1688.com/offer/640127975523.html
湖州巴宝乐服饰有限公司;https://shop2l878791y5003.1688.com;https://detail.1688.com/offer/631795397514.html
义乌市昂星服饰有限公司;https://shop6k833j335k424.1688.com;https://detail.1688.com/offer/623625343451.html
深圳市罗湖区东洋国际服装市场潮流前线服饰店;https://shop483677d262059.1688.com;https://detail.1688.com/offer/654242141135.html
义乌市派绮服饰有限公司;https://shop1466960656322.1688.com;https://detail.1688.com/offer/655086679452.html
义乌市采梦服装厂;https://fushi16888.1688.com;https://detail.1688.com/offer/640830192514.html
武汉市隆威嘉商贸商行;https://shop4456026445186.1688.com;https://detail.1688.com/offer/655966327799.html
揭阳空港区凤美时代金星服饰店;https://shop1494262410584.1688.com;https://detail.1688.com/offer/640266739382.html
义乌市娅瑄服饰有限公司;https://shop3965q5hm78107.1688.com;https://detail.1688.com/offer/654897430940.html
义乌市芙梵服饰有限公司;https://shop1468256558025.1688.com;https://detail.1688.com/offer/656060911892.html
广州市莱谷科技有限公司;https://laigukeji.1688.com;https://detail.1688.com/offer/583458850085.html
义乌市金砂服饰厂;https://shop5y8413242j412.1688.com;https://detail.1688.com/offer/654935516350.html
义乌市柯瀚贸易商行;https://shop6115u23866l52.1688.com;https://detail.1688.com/offer/653640212512.html
义乌市舒婉服饰有限公司;https://shop1495471896145.1688.com;https://detail.1688.com/offer/654423205750.html
林茂祥;https://hulinwanju88.1688.com;https://detail.1688.com/offer/635486108377.html
义乌市雅欢电子商务有限公司;https://shop1481734793342.1688.com;https://detail.1688.com/offer/652987470388.html
台州市黄岩鑫友帽厂;https://shop6536c1p024134.1688.com;https://detail.1688.com/offer/655196085065.html
义乌市米豪服饰厂;https://shop67938486457b2.1688.com;https://detail.1688.com/offer/654981281593.html
义乌市购达电子商务商行;https://goudafushi.1688.com;https://detail.1688.com/offer/654833914317.html
义乌市首丽电子商务有限公司;https://shop46l34c88030j4.1688.com;https://detail.1688.com/offer/654715424951.html
义乌市倪罗诗贸易有限公司;https://15215856213.1688.com;https://detail.1688.com/offer/652059060421.html
义乌市一迈电子商务有限公司;https://onerise.1688.com;https://detail.1688.com/offer/646319551060.html
深圳市鑫青年科技有限公司;https://shop46sm237142h43.1688.com;https://detail.1688.com/offer/653734850087.html
义乌市默凯电子商务商行;https://shop1456764746511.1688.com;https://detail.1688.com/offer/654321559112.html
义乌市行拓电子商务商行;https://shop5431u28068v23.1688.com;https://detail.1688.com/offer/652818917294.html
恒达帽业（惠州）有限公司;https://shop177fu56330468.1688.com;https://detail.1688.com/offer/653628117991.html
义乌市健彩电子商务有限公司;https://shop8t6v999783485.1688.com;https://detail.1688.com/offer/655135839178.html
义乌市欧弘服饰厂;https://shop79w14700f19c8.1688.com;https://detail.1688.com/offer/629662176649.html
义乌市珊奇日用百货商行;https://shop8589k8n654789.1688.com;https://detail.1688.com/offer/653931946125.html
义乌市缕川服饰商行;https://shop1467477937655.1688.com;https://detail.1688.com/offer/653369949170.html
义乌市温然电子商务商行;https://wenranai.1688.com;https://detail.1688.com/offer/654965717300.html
义乌市厚泰服饰厂;https://shop84k4416913923.1688.com;https://detail.1688.com/offer/656260883634.html
义乌市姿奇帽业有限公司;https://yiwujiuce.1688.com;https://detail.1688.com/offer/625527789400.html
义乌市远成贸易有限公司;https://shop140436h769jw7.1688.com;https://detail.1688.com/offer/622575491954.html
义乌市美度服饰有限公司;https://shop1445965103348.1688.com;https://detail.1688.com/offer/639098536339.html
义乌市随柔电子商务商行;https://shop1425141738553.1688.com;https://detail.1688.com/offer/638154513411.html
东莞市宇联服饰有限公司;https://worldlinkhat.1688.com;https://detail.1688.com/offer/618935400461.html
义乌市诺客飞乐贸易有限公司;https://nokofl.1688.com;https://detail.1688.com/offer/588731256104.html
义乌市旖旎电子商务商行;https://shop1486171221077.1688.com;https://detail.1688.com/offer/641372707056.html
盐城凯都商贸有限公司;https://kaidushangmao.1688.com;https://detail.1688.com/offer/655976882292.html
广州涵雅服饰有限公司;https://shop1893g8p1088g2.1688.com;https://detail.1688.com/offer/640624944757.html
义乌创耀贸易有限公司;https://shop56206b4v00470.1688.com;https://detail.1688.com/offer/639491732311.html
义乌市壮虎电子商务商行;https://shop24883h986g916.1688.com;https://detail.1688.com/offer/644778303262.html
义乌市虬鸾贸易有限公司;https://shop65487h03bs2h4.1688.com;https://detail.1688.com/offer/653503169048.html
慈溪市鑫辉帽业有限公司;https://sbshats.1688.com;https://detail.1688.com/offer/621014698138.html
义乌市绍派电子商务商行;https://hxfs88.1688.com;https://detail.1688.com/offer/621399839860.html
义乌涵棋服饰有限公司;https://cuiruijuan1918.1688.com;https://detail.1688.com/offer/651640743671.html
义乌市和兴针织厂;https://shop620x6367n79x1.1688.com;https://detail.1688.com/offer/646146799280.html
义乌市北羽针织厂;https://shop0w73z223t6599.1688.com;https://detail.1688.com/offer/651724139737.html
义乌市密夏电子商务商行;https://shop60l7899p64290.1688.com;https://detail.1688.com/offer/655647287624.html
义乌市绿绿竹服饰有限公司;https://shop1470847901939.1688.com;https://detail.1688.com/offer/606785261953.html
义乌市治燮贸易有限公司;https://shop1495599564261.1688.com;https://detail.1688.com/offer/627689983513.html
义乌市蓝玥贸易有限公司;https://shop912c59p4911n2.1688.com;https://detail.1688.com/offer/655386802655.html
绍兴海象雨具有限公司;https://shop3289p96k2m976.1688.com;https://detail.1688.com/offer/651490550871.html
广州磊思贸易有限公司;https://laceme.1688.com;https://detail.1688.com/offer/572320761661.html
义乌市萱貌服饰有限公司;https://shop321f25s977677.1688.com;https://detail.1688.com/offer/642720629869.html
上海歆彤电子商务有限公司;https://shop1428512096093.1688.com;https://detail.1688.com/offer/654734176066.html
义乌市澜彤电子商务商行;https://shop9t27717761s18.1688.com;https://detail.1688.com/offer/654599818999.html
莆田市荔城区百福祥家纺店;https://shop6x93226904073.1688.com;https://detail.1688.com/offer/652020323676.html
义乌市暖蝶帽业有限公司;https://shop7w73w7046u096.1688.com;https://detail.1688.com/offer/655025665085.html
义乌市赛睿饰品有限公司;https://shop192l59j9719a0.1688.com;https://detail.1688.com/offer/655905839539.html
义乌市淘米电子科技有限公司;https://shop604p033982805.1688.com;https://detail.1688.com/offer/652879104200.html
义乌市绘昊贸易有限公司;https://shop90w587359s753.1688.com;https://detail.1688.com/offer/652528747572.html
义乌市志森服饰有限公司;https://shop24k169n7k7696.1688.com;https://detail.1688.com/offer/655695947607.html
义乌市秋范电子商务有限公司;https://shop1395075346450.1688.com;https://detail.1688.com/offer/655100618917.html
义乌市汇旺贸易有限公司;https://shop8a2132c784637.1688.com;https://detail.1688.com/offer/627457693212.html
义乌市耐古电子商务商行;https://ywniko.1688.com;https://detail.1688.com/offer/604335538220.html
义乌市芊彤电子商务商行;https://shop07h80h96761p5.1688.com;https://detail.1688.com/offer/604333138813.html
义乌市聂轩电子商务有限公司;https://shop1458233015537.1688.com;https://detail.1688.com/offer/644965869690.html
义乌童馨电子商务有限公司;https://shop81598z3163101.1688.com;https://detail.1688.com/offer/655246147590.html
义乌市晶创饰品有限公司;https://jinguanfa.1688.com;https://detail.1688.com/offer/637992684462.html
义乌市瑞易服饰有限公司;https://shop6894358702839.1688.com;https://detail.1688.com/offer/653301413760.html
义乌市秋浪电子商务商行;https://shop1467049511723.1688.com;https://detail.1688.com/offer/656133011301.html
东莞市健华服饰有限公司;https://shop711353m9914m9.1688.com;https://detail.1688.com/offer/637699911970.html
上海鎏沁电子商务有限公司;https://shop613l571vv9699.1688.com;https://detail.1688.com/offer/629068604749.html
义乌市艾尔西贸易有限公司;https://shop70x5438m121a1.1688.com;https://detail.1688.com/offer/655713042003.html
义乌市京缘服饰有限公司;https://shop3k113936211u1.1688.com;https://detail.1688.com/offer/643415627642.html
义乌市欧冠商贸有限公司;https://shop19b067s611565.1688.com;https://detail.1688.com/offer/655201724208.html
广州峰锦服饰有限公司;https://shop699908fl1b989.1688.com;https://detail.1688.com/offer/633515077506.html
义乌市路甜服饰有限公司;https://shop2335d05888950.1688.com;https://detail.1688.com/offer/641187291663.html
陆川县融数日用品店;https://shop0h95170r7g428.1688.com;https://detail.1688.com/offer/648629176372.html
台州市黄岩康码日用品商行;https://shop05m489234m625.1688.com;https://detail.1688.com/offer/646696801629.html
义乌市初遇服饰有限公司;https://shop836kk3k141742.1688.com;https://detail.1688.com/offer/643419351020.html
东莞法顿汤米服饰有限公司;https://shop5a52j0a74j560.1688.com;https://detail.1688.com/offer/639744140811.html
义乌市帽尚卓品服饰有限公司;https://yanbaofushi.1688.com;https://detail.1688.com/offer/653383700867.html
义乌市耀恩针织有限公司;https://shop1487844205694.1688.com;https://detail.1688.com/offer/654516183805.html
温岭市诺尚帽业有限公司;https://shop917u261885b34.1688.com;https://detail.1688.com/offer/653716509339.html
广州市花都区狮岭广浩皮具经营部;https://shop74732900580j0.1688.com;https://detail.1688.com/offer/653980268795.html
新罗区雅馨诗百货商行;https://shop8629d92790526.1688.com;https://detail.1688.com/offer/642700774260.html
义乌市漫成电子商务有限公司;https://shop412m6m5866300.1688.com;https://detail.1688.com/offer/636167311697.html
三门县隽恒贸易有限公司;https://mymy606.1688.com;https://detail.1688.com/offer/624110996869.html
义乌市瑾澈服饰厂;https://shop1474389960695.1688.com;https://detail.1688.com/offer/655907682163.html
兰山区茹晗百货商行;https://shop262v186b80695.1688.com;https://detail.1688.com/offer/652159216610.html
义乌市一萌贸易有限公司;https://shop91k15tk306480.1688.com;https://detail.1688.com/offer/640497965890.html
义乌市嘟筱电子商务商行;https://shop1460393823730.1688.com;https://detail.1688.com/offer/639860141378.html
佛山市伍彦智乘进出口贸易有限公司;https://shop5746555o39762.1688.com;https://detail.1688.com/offer/631212405706.html
义乌市凯正服饰有限公司;https://shop556343i6712n0.1688.com;https://detail.1688.com/offer/649784396052.html
义乌市创武电子商务商行;https://shop54953da57y378.1688.com;https://detail.1688.com/offer/652965164621.html
义乌市疌胜电子商务有限公司;https://shop03ao118g2y771.1688.com;https://detail.1688.com/offer/652634756570.html
缙云县轻曼电子商务商行;https://shop9156216831w12.1688.com;https://detail.1688.com/offer/631698967930.html
义乌市绮霖服饰厂;https://shop539j758j85186.1688.com;https://detail.1688.com/offer/653528594025.html
义乌市顺玛电子商务商行;https://shop54g0r57692404.1688.com;https://detail.1688.com/offer/636814316792.html
义乌市攀森贸易有限公司;https://pansenbaobao.1688.com;https://detail.1688.com/offer/655200523571.html
义乌市赞峰帽子厂;https://shop82f5603772m18.1688.com;https://detail.1688.com/offer/653868684193.html
义乌市首皮电子商务商行;https://shop1463503781818.1688.com;https://detail.1688.com/offer/627294204903.html
何美春;https://shop1466528920190.1688.com;https://detail.1688.com/offer/652209541663.html
义乌市雄邦贸易有限公司;https://yiwuxiongbang.1688.com;https://detail.1688.com/offer/631059430164.html
义乌市佳迅帽业有限公司;https://ywjxmy.1688.com;https://detail.1688.com/offer/631361163317.html
义乌市欧念服饰有限公司;https://shop303338980u0q1.1688.com;https://detail.1688.com/offer/631054242926.html
玉林市玉州区方航百货经营部;https://shop4302t0ka25679.1688.com;https://detail.1688.com/offer/648327886833.html
丹阳市界牌镇莱汇具工艺礼品厂;https://shop47k3k337q3832.1688.com;https://detail.1688.com/offer/653315903917.html
宜兴市华恒高性能纤维织造有限公司;https://huahengcf.1688.com;https://detail.1688.com/offer/112818592.html
义乌市书晓电子商务商行;https://shop2950204309e73.1688.com;https://detail.1688.com/offer/652102588596.html
广州意拓贸易有限公司;https://shop3440761430t07.1688.com;https://detail.1688.com/offer/634438793531.html
义乌市嘉宁商贸有限公司;https://shop4289vp8m51p41.1688.com;https://detail.1688.com/offer/653961116991.html
义乌市瑞瑶电子商务商行;https://ruiyaoo.1688.com;https://detail.1688.com/offer/653747047958.html
义乌市宁瀚服饰有限公司;https://shop768dc15902511.1688.com;https://detail.1688.com/offer/601017072339.html
义乌市沃康服饰有限公司;https://ywwokang.1688.com;https://detail.1688.com/offer/629585828060.html
义乌市景皓帽厂;https://shop7487i5l1i1953.1688.com;https://detail.1688.com/offer/591890747223.html
义乌市宾豪电子商务商行;https://shop5h357z2853059.1688.com;https://detail.1688.com/offer/644047194671.html
义乌市吕奕电子商务有限公司;https://shop1429030661256.1688.com;https://detail.1688.com/offer/620200723408.html
桐庐庆华针织有限公司;https://shop2d80u50061u22.1688.com;https://detail.1688.com/offer/647997547037.html
广州迪拓尼斯服饰有限公司;https://dituonisi.1688.com;https://detail.1688.com/offer/648857636457.html
邳州市卓冠商贸有限公司;https://dzp456.1688.com;https://detail.1688.com/offer/578384398467.html
义乌市天缘服饰有限公司;https://1994vip.1688.com;https://detail.1688.com/offer/643079204119.html
嘉兴淘影服饰有限公司;https://shop0w4209149u369.1688.com;https://detail.1688.com/offer/626347916424.html
广州市花都区狮岭丽云箱包店;https://shop945862v6v54f7.1688.com;https://detail.1688.com/offer/649391146084.html
杭州大旗工贸有限公司;https://shop23b845184jy57.1688.com;https://detail.1688.com/offer/648509853893.html
义乌市好人服饰有限公司;https://ywruixin.1688.com;https://detail.1688.com/offer/624442729862.html
雄县亿尚美服饰有限公司;https://yishangmeimaozi.1688.com;https://detail.1688.com/offer/572627004396.html
高新区枫桥聚全锦服饰商行;https://shop9007785728yt7.1688.com;https://detail.1688.com/offer/654363839586.html
义乌市袆琨电子商务商行;https://shop4b4o2658918v8.1688.com;https://detail.1688.com/offer/634049408715.html
义乌市锦益日用品有限公司;https://shop2zy60406767z0.1688.com;https://detail.1688.com/offer/596597740510.html
广州集冠贸易商行;https://shop36747c437ji46.1688.com;https://detail.1688.com/offer/626130213319.html
义乌市贸亦爱贸易有限公司;https://shop6872898gg5810.1688.com;https://detail.1688.com/offer/620842638965.html
义乌市和秀贸易有限公司;https://shop1263074b13651.1688.com;https://detail.1688.com/offer/633670520163.html
宿城区不停歇百货店;https://shop3k2626y8b7829.1688.com;https://detail.1688.com/offer/650418054543.html
义乌市素固电子商务商行;https://yiwusugu.1688.com;https://detail.1688.com/offer/626386470834.html
偃师市三阳染织有限公司;https://sanyangknititing.1688.com;https://detail.1688.com/offer/639674487667.html
义乌市维裳服饰厂;https://shop0j154lg132997.1688.com;https://detail.1688.com/offer/631819309664.html
佛山市南海区源斐隆日用品厂;https://shop50w704f811836.1688.com;https://detail.1688.com/offer/642818559236.html
义乌市帽帽泡电子商务商行;https://shop1b50b0491p612.1688.com;https://detail.1688.com/offer/626091654602.html
石家庄瑞轩服饰有限公司;https://ruixuan58.1688.com;https://detail.1688.com/offer/596567382469.html
保定白沟新城澳腾制帽厂;https://aotengmaozi.1688.com;https://detail.1688.com/offer/572886412615.html
保定娜兰松服饰制造有限公司;https://nalansong.1688.com;https://detail.1688.com/offer/574098724352.html
河北梵情缘服装服饰有限公司;https://shop18s8g13887s94.1688.com;https://detail.1688.com/offer/596966157356.html
义乌市娇葛电子商务商行;https://shop1393606444554.1688.com;https://detail.1688.com/offer/641466979558.html
义乌市国念商贸有限公司;https://zqsp99.1688.com;https://detail.1688.com/offer/639697888641.html
义乌市元亨帽业有限公司;https://shop9196y94086cc5.1688.com;https://detail.1688.com/offer/624880864663.html
宁波星梦奇缘电子商务有限公司;https://shop216xx64160t58.1688.com;https://detail.1688.com/offer/587877893862.html
扬州亿和帽业有限公司;https://yihelxm.1688.com;https://detail.1688.com/offer/618993553607.html
义乌市远昼电子商务商行;https://shop9710c4l702c59.1688.com;https://detail.1688.com/offer/650144020065.html
白沟新城广妙帽子店;https://shop56a915ia76011.1688.com;https://detail.1688.com/offer/652816459168.html
义乌市奥高贸易有限公司;https://shop86q357506c5c5.1688.com;https://detail.1688.com/offer/625670405441.html
义乌市续声贸易有限公司;https://shop8a619607l8r84.1688.com;https://detail.1688.com/offer/626720916908.html
东莞市四创客服饰有限公司;https://yugemaozi.1688.com;https://detail.1688.com/offer/587749730482.html
义乌市绍良电子商务商行;https://shop1489424392324.1688.com;https://detail.1688.com/offer/614781980781.html
清河县榜平绒毛制品经销处;https://shop989s16739jg18.1688.com;https://detail.1688.com/offer/652651611464.html
黄岩院桥金洋仔制帽厂;https://shop1458061213031.1688.com;https://detail.1688.com/offer/617748211117.html
义乌市楚君贸易有限公司;https://qingchunzhiwen.1688.com;https://detail.1688.com/offer/621237379826.html
济南历下泉印服装店;https://quanyin.1688.com;https://detail.1688.com/offer/588612634903.html
义乌市徽燊电子商务有限公司;https://shop1473698650451.1688.com;https://detail.1688.com/offer/640238496880.html
阳西县鸿泰制帽有限公司;https://shop0017dtu801814.1688.com;https://detail.1688.com/offer/589457676980.html
义乌市帽不错电子商务有限公司;https://1000019.1688.com;https://detail.1688.com/offer/638865934880.html
扬州藤美服饰有限公司;https://shop12a79186362a7.1688.com;https://detail.1688.com/offer/619256286428.html
揭阳市榕城区品冠制帽厂;https://shop001993qa95896.1688.com;https://detail.1688.com/offer/578765911702.html
浙江沐涵贸易有限公司;https://shop6t616635rg134.1688.com;https://detail.1688.com/offer/625403249538.html
义乌市双伽电子商务商行;https://shop4286426585418.1688.com;https://detail.1688.com/offer/642182931053.html
浙江跃渊贸易有限公司;https://shop4xg05123124a9.1688.com;https://detail.1688.com/offer/625479910399.html
义乌市瀚予贸易有限公司;https://shop392972865rv73.1688.com;https://detail.1688.com/offer/627127502278.html
浙江蒂姆贸易有限公司;https://shop14325v3165422.1688.com;https://detail.1688.com/offer/625773399314.html
义乌市皓壬贸易有限公司;https://shop1707i947604l0.1688.com;https://detail.1688.com/offer/625232181897.html
灵山县三隆镇恒辉百货商行;https://shop47222o78765w7.1688.com;https://detail.1688.com/offer/638809116100.html
义乌市貌贸电子商务有限责任公司;https://shop0112467er7e89.1688.com;https://detail.1688.com/offer/639134904810.html
苏州巴比纳物服饰有限公司;https://shop382v741v02108.1688.com;https://detail.1688.com/offer/596095970646.html
东莞市寮步塞尔日运动用品经营部;https://shop15e4310du53x5.1688.com;https://detail.1688.com/offer/621197975716.html
涿州市通航文化传媒有限公司;https://shop5093773648223.1688.com;https://detail.1688.com/offer/647417246671.html
雄县朱各庄镇靖卓制帽厂;https://shop4825ogp953219.1688.com;https://detail.1688.com/offer/635534570032.html
保定笨笨熊服饰制造有限公司;https://shop468983744a4c8.1688.com;https://detail.1688.com/offer/634797100105.html
广州市捷展贸易有限公司;https://infacc.1688.com;https://detail.1688.com/offer/613214963916.html
揭阳市榕城区铭冠帽类商行;https://shop1464785488550.1688.com;https://detail.1688.com/offer/533291448654.html
温岭东韵服饰有限公司;https://shop0aa14139166o3.1688.com;https://detail.1688.com/offer/650791716489.html
义乌市雄望电子商务有限公司;https://shop1410367306878.1688.com;https://detail.1688.com/offer/616602718945.html
东莞市世优运动用品有限公司;https://shop1392224164790.1688.com;https://detail.1688.com/offer/615273939532.html
义乌市爽瑄电子商务有限公司;https://shop5u51788698239.1688.com;https://detail.1688.com/offer/639491104582.html
保定白沟新城翔山制帽厂;https://shop1747y7o702y37.1688.com;https://detail.1688.com/offer/652875859829.html
义乌市进湃电子商务商行;https://shop05ef5749149t9.1688.com;https://detail.1688.com/offer/643818315859.html
义乌市耀艺针织品有限公司;https://shop72766151mu7m7.1688.com;https://detail.1688.com/offer/590098857824.html
广州富果电器有限公司;https://shop2624rw8846002.1688.com;https://detail.1688.com/offer/644644819917.html
广州顶上贸易商行;https://shop342a455900362.1688.com;https://detail.1688.com/offer/642695053953.html
义乌市略岚电子商务商行;https://17097732997.1688.com;https://detail.1688.com/offer/555864789965.html
南乐县金桥上品帽业有限公司;https://nljqmy.1688.com;https://detail.1688.com/offer/622116324326.html
义乌市旅岛电子商务商行;https://lvdaohat.1688.com;https://detail.1688.com/offer/588648447189.html
义乌市佳渡服饰有限公司;https://shop1466245771416.1688.com;https://detail.1688.com/offer/625081647665.html
义乌市孙空电子商务商行;https://shop09jkk78617247.1688.com;https://detail.1688.com/offer/649521287578.html
义乌市星享帽子厂;https://shop51d4357f54336.1688.com;https://detail.1688.com/offer/612758530511.html
广州希承贸易有限公司;https://shop966700c7769s0.1688.com;https://detail.1688.com/offer/631246129266.html
保定顺古商贸有限公司;https://shop69053dl87c706.1688.com;https://detail.1688.com/offer/642609424143.html
义乌市朗尼针织厂;https://shop1466010339406.1688.com;https://detail.1688.com/offer/558424257148.html
义乌市乐拜电子商务商行;https://shop1373993587371.1688.com;https://detail.1688.com/offer/604699329223.html
晋州市艾莱特服饰有限公司;https://shop3887z1n401018.1688.com;https://detail.1688.com/offer/612306169014.html
上海诚邦帽业服饰有限公司;https://cb19921309903.1688.com;https://detail.1688.com/offer/624373830900.html
义乌市凌奇电子商务商行;https://lingqi188.1688.com;https://detail.1688.com/offer/598642994898.html
张家港瑞能纺织品有限公司;https://runnercorp1.1688.com;https://detail.1688.com/offer/653905167727.html
义乌市朗和服饰有限公司;https://dd20050101.1688.com;https://detail.1688.com/offer/647797400859.html
福州佳诺愿贸易有限公司;https://jianuoyuan.1688.com;https://detail.1688.com/offer/641814915048.html
广州逢高商贸有限公司;https://shop465039l947l59.1688.com;https://detail.1688.com/offer/642192574562.html
义乌市聪赢服装有限公司;https://congying888.1688.com;https://detail.1688.com/offer/557821186516.html
五华县横陂镇庆东科技馆;https://shop0465268602423.1688.com;https://detail.1688.com/offer/649705719980.html
梅州市梅江区梦秀天丽服装商行;https://shop383l61f47k877.1688.com;https://detail.1688.com/offer/643078013461.html
义乌市雨媗电子商务有限公司;https://shop476s27l33m445.1688.com;https://detail.1688.com/offer/625781634825.html
义乌市世阮电子商务商行;https://shiruanmaoyi.1688.com;https://detail.1688.com/offer/587281603355.html
义乌市莜冉电子商务有限公司;https://shop32472q5580935.1688.com;https://detail.1688.com/offer/655235761936.html
潮小样(上海)品牌管理有限公司;https://shop88749k65693a8.1688.com;https://detail.1688.com/offer/615181888687.html
隆化县美名商贸有限责任公司;https://shop5914x6m575x64.1688.com;https://detail.1688.com/offer/637326571592.html
义乌市冠秀帽业有限公司;https://shop1466701953283.1688.com;https://detail.1688.com/offer/589000151445.html
建德市下涯镇蒂荡贸易商行;https://shop3x530v0b85848.1688.com;https://detail.1688.com/offer/634111965527.html
义乌市新跃服饰有限公司;https://shop67377b8w08066.1688.com;https://detail.1688.com/offer/644612850876.html
揭阳空港区天天喵百货商行;https://shop97y9593647x30.1688.com;https://detail.1688.com/offer/653540851197.html
台州市雅余服饰有限公司;https://mangohat.1688.com;https://detail.1688.com/offer/655327518208.html
义乌市奈良服饰有限公司;https://shop1467049342372.1688.com;https://detail.1688.com/offer/633128488227.html
苏州艾米帽业有限公司;https://amyhat.1688.com;https://detail.1688.com/offer/624736122450.html
宿城区窝若草百货店;https://shop75675733481r1.1688.com;https://detail.1688.com/offer/643604085597.html
浦江县彩雁服饰有限公司;https://shop7563rww0137c1.1688.com;https://detail.1688.com/offer/638283880235.html
义乌市雄鸿商贸有限公司;https://shop9830q8ga91334.1688.com;https://detail.1688.com/offer/648146611102.html
