义乌市三态饰品有限公司;https://santai3333.1688.com;https://detail.1688.com/offer/597737115384.html
义乌市芳若饰品有限公司;https://shop812901d041658.1688.com;https://detail.1688.com/offer/618544699128.html
义乌市逸舒贸易有限公司;https://15868952333.1688.com;https://detail.1688.com/offer/616399936884.html
义乌市奇阅饰品有限公司;https://qiyueshipin.1688.com;https://detail.1688.com/offer/588641237354.html
东莞市阿里阿贝妮纺织品有限公司;https://shop1480060824468.1688.com;https://detail.1688.com/offer/591613452160.html
义乌市闽凡贸易有限公司;https://shop34u44007r2804.1688.com;https://detail.1688.com/offer/612503933440.html
义乌市逸淘贸易有限公司;https://huihuipfa.1688.com;https://detail.1688.com/offer/598240211315.html
杭州余杭区乔司街道宾越五金商行;https://shop8388j836dd270.1688.com;https://detail.1688.com/offer/653699881048.html
佛山市南海区琦轩雅民族服装厂;https://shop27b719061c110.1688.com;https://detail.1688.com/offer/642550815064.html
商丘市梁园区正函日用百货商行;https://shop2u871u15b5o16.1688.com;https://detail.1688.com/offer/643292256422.html
佛山市禅城区振蒂楠食品贸易商行;https://shop427n27e463741.1688.com;https://detail.1688.com/offer/655999566252.html
义乌市显健日用百货商行;https://shop9292241vj0510.1688.com;https://detail.1688.com/offer/651506200057.html
台州市黄岩银风日用品商行;https://shop2572uc246v718.1688.com;https://detail.1688.com/offer/654965912540.html
杭州宝阁丝绸有限公司;https://baogesilk.1688.com;https://detail.1688.com/offer/647760347844.html
义乌市邻果饰品有限公司;https://shop5e541j99908q5.1688.com;https://detail.1688.com/offer/642347988853.html
义乌市蕊柔电子商务商行;https://shop1414773994392.1688.com;https://detail.1688.com/offer/568951058996.html
义乌市冷安电子商务商行;https://shop1464368243607.1688.com;https://detail.1688.com/offer/568960970069.html
义乌市伯言电子商务商行;https://shop1468256490202.1688.com;https://detail.1688.com/offer/652476357632.html
义乌市梦锦服饰厂;https://mjoy2019.1688.com;https://detail.1688.com/offer/613934976970.html
文登福格印染有限公司;https://frogonline.1688.com;https://detail.1688.com/offer/649721629005.html
义乌市秀尔围巾厂;https://jianaisijin.1688.com;https://detail.1688.com/offer/626441629055.html
北京丽欣尚品商贸中心;https://florastory.1688.com;https://detail.1688.com/offer/552766371650.html
深圳市龙岗区雅致饰品批发行;https://jdyenny.1688.com;https://detail.1688.com/offer/41391251861.html
义乌市邓安电子商务商行;https://shop643h3875h5736.1688.com;https://detail.1688.com/offer/652021384047.html
柘荣县角半日用品经营部;https://shop34738b87sm401.1688.com;https://detail.1688.com/offer/651968271190.html
万载县柳速欣日用品商行;https://shop5901ol5247501.1688.com;https://detail.1688.com/offer/649066000552.html
龙港市品景贸易商行;https://shop37r9866207766.1688.com;https://detail.1688.com/offer/650417881920.html
义乌市盯润电子商务商行;https://shop725777295q018.1688.com;https://detail.1688.com/offer/651670803106.html
万载县清坤日用品经营部;https://shop96621o2145555.1688.com;https://detail.1688.com/offer/650830981716.html
徐州市巨匠工艺品有限公司;https://jujianggyp.1688.com;https://detail.1688.com/offer/594639215425.html
昆山市花桥镇梦衣尚馆制衣厂;https://shop1408725402161.1688.com;https://detail.1688.com/offer/598312743705.html
义乌市简兮饰品有限公司;https://shop377z807543vx9.1688.com;https://detail.1688.com/offer/593525692514.html
义乌市鑫方贸易有限公司;https://shop41499q9348907.1688.com;https://detail.1688.com/offer/649457351932.html
浙江娴慕围巾有限公司;https://zjxmwj.1688.com;https://detail.1688.com/offer/631627978277.html
义乌市艾琪饰品有限公司;https://shop1427993513233.1688.com;https://detail.1688.com/offer/641514693627.html
义乌市神秀饰品有限公司;https://shop1422031618565.1688.com;https://detail.1688.com/offer/568920173907.html
义乌市真霓饰品有限公司;https://shop05v7r47323011.1688.com;https://detail.1688.com/offer/642634982717.html
浙江华艺盛纺织股份有限公司;https://jcfzcx.1688.com;https://detail.1688.com/offer/606920861503.html
义乌市滨洋贸易有限公司;https://shop1098426z91gc6.1688.com;https://detail.1688.com/offer/626759566496.html
余江区鑫邦经营部;https://shop6803bv7b18929.1688.com;https://detail.1688.com/offer/654788681062.html
义乌市贶景电子商务商行;https://shop8307899835mb7.1688.com;https://detail.1688.com/offer/655131065486.html
万载县福昕日用品商行;https://shop251x9864u2y64.1688.com;https://detail.1688.com/offer/649765289556.html
南平市建阳区林农章草百货店;https://shop11lz0h7892940.1688.com;https://detail.1688.com/offer/650993509622.html
柘荣县周日日用品经营部;https://shop51106a8ee4002.1688.com;https://detail.1688.com/offer/650277080094.html
义乌市囡喃电子商务商行;https://shop48061986g28s4.1688.com;https://detail.1688.com/offer/645771329091.html
余江区琦祥经营部;https://shop687x97717x521.1688.com;https://detail.1688.com/offer/655858623032.html
漳州开发区顿寒蕾服装店;https://shop193329o96r3r8.1688.com;https://detail.1688.com/offer/648917133328.html
广州华旎商贸商行;https://shop7q123706q4831.1688.com;https://detail.1688.com/offer/651559042079.html
义乌市摩多贸易有限公司;https://moduomaoyi.1688.com;https://detail.1688.com/offer/622168601891.html
余江区洪顺经营部;https://shop505568801fp09.1688.com;https://detail.1688.com/offer/655024837384.html
佛山市南海区希颐电子商务服务部;https://shop5v54134n008r9.1688.com;https://detail.1688.com/offer/655792634931.html
安顺市星鱼商贸有限公司;https://shop37z98w6i37219.1688.com;https://detail.1688.com/offer/648896556310.html
义乌市勤易日用百货商行;https://shop49951h75076h2.1688.com;https://detail.1688.com/offer/649311422214.html
广州市白云区嘉瑞祥皮具包装制品厂;https://shop934a80q7a7521.1688.com;https://detail.1688.com/offer/632855959537.html
义乌俊人电子商务有限公司;https://shop383965041u751.1688.com;https://detail.1688.com/offer/641445203961.html
广州誉洋贸易有限公司;https://shop9n843o7o95459.1688.com;https://detail.1688.com/offer/653828137240.html
陈晶晶;https://shop05iu3364542w5.1688.com;https://detail.1688.com/offer/653651994327.html
深圳市益腾辉科技发展有限公司;https://shop94n62v2g08705.1688.com;https://detail.1688.com/offer/640698743581.html
佛山市南海区优姿雅布艺商行;https://youziya.1688.com;https://detail.1688.com/offer/651774277613.html
杭州华粹元丝绸有限公司;https://hzhcys.1688.com;https://detail.1688.com/offer/653265735711.html
阳江市江城区河马西施饰品厂;https://shop1489889953958.1688.com;https://detail.1688.com/offer/620388377421.html
浙江丝缕纺织品有限公司;https://suzhichou.1688.com;https://detail.1688.com/offer/626330763733.html
义乌市润特饰品有限公司;https://sunfangwei8.1688.com;https://detail.1688.com/offer/595801281631.html
义乌市酷华饰品厂;https://shop1438707329000.1688.com;https://detail.1688.com/offer/629083647536.html
义乌市茜紫饰品有限公司;https://xizisp.1688.com;https://detail.1688.com/offer/641135337405.html
义乌市宁乘贸易有限公司;https://ywncmy.1688.com;https://detail.1688.com/offer/646569608144.html
石狮市简峰理享网络百货商行;https://shop7297v12z50104.1688.com;https://detail.1688.com/offer/651455026962.html
义乌市雅乔饰品有限公司;https://shop1n2183r590i28.1688.com;https://detail.1688.com/offer/615903540166.html
石狮市简峰世控网络百货商行;https://shop16t64v339n381.1688.com;https://detail.1688.com/offer/652581832403.html
义乌市宣菲服饰有限公司;https://xuanfei666.1688.com;https://detail.1688.com/offer/642913226844.html
广州盛羽服饰贸易商行;https://shop0s4uo32416091.1688.com;https://detail.1688.com/offer/654207558066.html
泰安旅游经济开发区昕橙日用百货商行;https://shop83457l8948407.1688.com;https://detail.1688.com/offer/652361731597.html
高新区枫桥丰华逸服装商行;https://shop93229j7p6l563.1688.com;https://detail.1688.com/offer/653827210022.html
义乌市新菲饰品厂;https://shop9800i35am8493.1688.com;https://detail.1688.com/offer/639259660478.html
高新区枫桥润弘晶服装商行;https://shop30809400874j9.1688.com;https://detail.1688.com/offer/654129593891.html
义乌市缅开电子商务商行;https://shop72u09w111w326.1688.com;https://detail.1688.com/offer/648869404112.html
石狮市简峰腾安网络百货商行;https://shop347r324f19r37.1688.com;https://detail.1688.com/offer/653844055177.html
义乌市尚臣服饰有限公司;https://shop1403801798876.1688.com;https://detail.1688.com/offer/562807004537.html
浙江奢奈妃服饰有限公司;https://shop170yq91b05795.1688.com;https://detail.1688.com/offer/644149620706.html
尤溪县酒溪庄商行;https://shop173896j2v8i08.1688.com;https://detail.1688.com/offer/656200443105.html
义乌市素汐贸易有限公司;https://shop1460566017909.1688.com;https://detail.1688.com/offer/645429299592.html
义乌市彪千饰品商行;https://shop2mmg7m5958706.1688.com;https://detail.1688.com/offer/646588524078.html
义乌市润美电子商务有限公司;https://runmeifa.1688.com;https://detail.1688.com/offer/640750129718.html
余加勤;https://shop7803s9nn36785.1688.com;https://detail.1688.com/offer/643300496720.html
义乌市蓓莫商贸有限公司;https://shop62603363csu16.1688.com;https://detail.1688.com/offer/652027934691.html
义乌市蜜舍饰品厂;https://nvshe.1688.com;https://detail.1688.com/offer/557455062702.html
杭州诺玛卡栾服饰贸易有限公司;https://shop794347d372cj7.1688.com;https://detail.1688.com/offer/645096779060.html
义乌市摩蝶饰品有限公司;https://shop854029k748068.1688.com;https://detail.1688.com/offer/642621754961.html
义乌市佰瑞电子商务有限公司;https://bairuiscarf.1688.com;https://detail.1688.com/offer/630543020894.html
义乌市静朵贸易有限公司;https://shop0038a88a6t774.1688.com;https://detail.1688.com/offer/641898905651.html
义乌市缕丰服饰有限公司;https://shop909486591ve32.1688.com;https://detail.1688.com/offer/639467828912.html
义乌佐哲贸易有限公司;https://ywzzmy.1688.com;https://detail.1688.com/offer/531154222787.html
杭州余杭区乔司街道双盈服饰商行;https://shop406545445do07.1688.com;https://detail.1688.com/offer/654361648744.html
佛山市南海区幻美尔家具厂;https://shop8k599el431791.1688.com;https://detail.1688.com/offer/650970331780.html
义乌市奕圣服饰厂;https://yiwuyisheng.1688.com;https://detail.1688.com/offer/601791654596.html
义乌市规款电子商务商行;https://shop1137k72440e79.1688.com;https://detail.1688.com/offer/653638259042.html
东阳市艾莎饰品有限公司;https://shop73l36v18478s7.1688.com;https://detail.1688.com/offer/635432136785.html
巢湖市万禾商行;https://shop3y841x2082262.1688.com;https://detail.1688.com/offer/653697164003.html
义乌市丝潮电子商务商行;https://shop814088w987301.1688.com;https://detail.1688.com/offer/599106755637.html
杭州启典文化创意有限公司;https://shop68t49766tg332.1688.com;https://detail.1688.com/offer/642123557914.html
新沂市少之海家居用品部;https://shop09l90s9166267.1688.com;https://detail.1688.com/offer/651070855485.html
广州屹帆贸易有限公司;https://shop2e093e62r2573.1688.com;https://detail.1688.com/offer/652521723325.html
义乌市俏嘟服饰有限公司;https://shop335u200o05948.1688.com;https://detail.1688.com/offer/629271864759.html
广州伊汇旺贸易商行;https://shop44448202626t5.1688.com;https://detail.1688.com/offer/653993412542.html
遂昌温澜日用百货商行;https://shop076t723d39770.1688.com;https://detail.1688.com/offer/644904993092.html
义乌市佳豆饰品商行;https://jiadou.1688.com;https://detail.1688.com/offer/643415805028.html
深圳市宝安区福海靓依都服装厂;https://shop1494607960707.1688.com;https://detail.1688.com/offer/644089348127.html
义乌市三时和耀纺织有限公司;https://shop1420649218882.1688.com;https://detail.1688.com/offer/589084165508.html
义乌市苗昕贸易有限公司;https://shop0u76537q12520.1688.com;https://detail.1688.com/offer/641444310214.html
义乌市清雅饰品有限公司;https://shop78254wqw30198.1688.com;https://detail.1688.com/offer/643431313287.html
义乌市香臣服饰商行;https://hescarf.1688.com;https://detail.1688.com/offer/619514109782.html
义乌市亿名饰品有限公司;https://shop99c20v6i11491.1688.com;https://detail.1688.com/offer/642576988575.html
