义乌市三态饰品有限公司;https://santai3333.1688.com;https://detail.1688.com/offer/621421763251.html
义乌市巨欣饰品有限公司;https://juxinsp.1688.com;https://detail.1688.com/offer/589051800386.html
义乌市逸舒贸易有限公司;https://15868952333.1688.com;https://detail.1688.com/offer/621384980434.html
义乌千芙饰品有限公司;https://shop1404528103758.1688.com;https://detail.1688.com/offer/589015671161.html
义乌市隆伊贸易商行;https://shop43c6z53n37225.1688.com;https://detail.1688.com/offer/647383984149.html
海口龙华区申业贸易商行;https://shop58119d2936269.1688.com;https://detail.1688.com/offer/652486996761.html
万载县润宏日用品商行;https://shop91803p571y154.1688.com;https://detail.1688.com/offer/648118940797.html
柘荣县角半日用品经营部;https://shop34738b87sm401.1688.com;https://detail.1688.com/offer/645559076410.html
义乌市邓安电子商务商行;https://shop643h3875h5736.1688.com;https://detail.1688.com/offer/650028834552.html
石狮市简峰仁安网络百货商行;https://shop76618x2c16526.1688.com;https://detail.1688.com/offer/651752775911.html
漳州开发区淌联服装店;https://shop70791681x3043.1688.com;https://detail.1688.com/offer/654019331103.html
新罗区桐山百货商行;https://shop5842i1zi73869.1688.com;https://detail.1688.com/offer/655392597098.html
义乌市籽葵电子商务商行;https://shop0607ig477x794.1688.com;https://detail.1688.com/offer/655459753866.html
南平市建阳区俊星百货商行;https://shop2so35568129v9.1688.com;https://detail.1688.com/offer/655210405147.html
南平市建阳区锋星百货商行;https://shop44cc05f302783.1688.com;https://detail.1688.com/offer/656395255543.html
余江区林查班商贸商行;https://shop32920nrr55572.1688.com;https://detail.1688.com/offer/653537668497.html
义乌科凡电子商务商行;https://shop854301399n549.1688.com;https://detail.1688.com/offer/655392079149.html
义乌乾琦贸易商行;https://shop9636s572l3261.1688.com;https://detail.1688.com/offer/648168029318.html
揭阳市揭东区新亨镇耀维百货店;https://shop500911055m618.1688.com;https://detail.1688.com/offer/650358806232.html
义乌市希渤日用百货商行;https://shop89l8202018776.1688.com;https://detail.1688.com/offer/651974349927.html
广州哈琳娜饰品厂;https://harrina.1688.com;https://detail.1688.com/offer/651493152171.html
宿城区不停歇百货店;https://shop3k2626y8b7829.1688.com;https://detail.1688.com/offer/650330974816.html
义乌市媚星电子商务商行;https://shop14dq09j393897.1688.com;https://detail.1688.com/offer/652002482786.html
广州泰洁康贸易商行;https://shop71ey303429494.1688.com;https://detail.1688.com/offer/648443700877.html
鄱阳县曲鹏服装店;https://shop027t10b324120.1688.com;https://detail.1688.com/offer/655860639540.html
义乌市歌图电子商务商行;https://shop66054uuy04028.1688.com;https://detail.1688.com/offer/655753827944.html
余江区达祥经营部;https://shop11090a38112a5.1688.com;https://detail.1688.com/offer/652661870196.html
柘荣县角村日用品经营部;https://shop12u1790r83y92.1688.com;https://detail.1688.com/offer/650149817149.html
义乌市茵毅电子商务商行;https://shop9157990717066.1688.com;https://detail.1688.com/offer/649735776165.html
义乌市蕾雅饰品有限公司;https://leiyashipin.1688.com;https://detail.1688.com/offer/606898894039.html
义乌市季慈饰品有限公司;https://shop1464368196529.1688.com;https://detail.1688.com/offer/568290518239.html
义乌市西几电子商务有限公司;https://shop4179c79n60563.1688.com;https://detail.1688.com/offer/653581180951.html
义乌市戴薇贸易有限公司;https://shop26f9701ncj593.1688.com;https://detail.1688.com/offer/642036082215.html
义乌市摩多贸易有限公司;https://moduomaoyi.1688.com;https://detail.1688.com/offer/654096820359.html
义乌市慧逸饰品有限公司;https://huiyii.1688.com;https://detail.1688.com/offer/615583422432.html
义乌市金萍饰品厂;https://shop1s12806v12876.1688.com;https://detail.1688.com/offer/612175761716.html
义乌市栗臻服饰有限公司;https://shop90272582dq059.1688.com;https://detail.1688.com/offer/613890413263.html
义乌市厚盾电子商务商行;https://shop106434x85n9j8.1688.com;https://detail.1688.com/offer/652172826381.html
丰泽区免按百货网店;https://shop721t745995a26.1688.com;https://detail.1688.com/offer/652611362677.html
石狮市简峰铭悦网络百货商行;https://shop02h77j1661v24.1688.com;https://detail.1688.com/offer/651030646392.html
义乌市峰循电子商务商行;https://shop4i8029e276717.1688.com;https://detail.1688.com/offer/651480136255.html
余江区欣飞经营部;https://shop02182q5g85372.1688.com;https://detail.1688.com/offer/652245019873.html
义乌市方婳电子商务商行;https://shop63s8017v65v96.1688.com;https://detail.1688.com/offer/654068034710.html
连城县俪承嗣百货店;https://shop9589592g98965.1688.com;https://detail.1688.com/offer/654153917124.html
丰泽区是随百货网店;https://shop72n943964nw75.1688.com;https://detail.1688.com/offer/652743502023.html
义乌市梦锦服饰厂;https://mjoy2019.1688.com;https://detail.1688.com/offer/629123750674.html
义乌市伟美饰品有限公司;https://shop709450064uo15.1688.com;https://detail.1688.com/offer/629443577582.html
义乌市昕涵饰品有限公司;https://shop249075gr0r667.1688.com;https://detail.1688.com/offer/634156207815.html
义乌市氿乐电子商务商行;https://shop1428511784824.1688.com;https://detail.1688.com/offer/645616451418.html
南平市建阳区林农赵太百货店;https://shop433618tv458b9.1688.com;https://detail.1688.com/offer/649366902598.html
义乌市涵恋饰品有限公司;https://hanlianshipin.1688.com;https://detail.1688.com/offer/614089417701.html
义乌市旭特电子商务商行;https://shop866784415u882.1688.com;https://detail.1688.com/offer/655510798862.html
义乌市席席饰品有限公司;https://shop5p28572787731.1688.com;https://detail.1688.com/offer/636197826626.html
义乌市将格电子商务商行;https://shop3m1i1068764w8.1688.com;https://detail.1688.com/offer/656400115253.html
阚永新;https://ywxcfc.1688.com;https://detail.1688.com/offer/560462921005.html
义乌市可巧电子商务商行;https://shop1469033339598.1688.com;https://detail.1688.com/offer/535975662969.html
义乌古诺饰品有限公司;https://shop5q19336299913.1688.com;https://detail.1688.com/offer/621216739411.html
义乌市明均饰品有限公司;https://shop3gk0764357210.1688.com;https://detail.1688.com/offer/645717627705.html
义乌市蕊柔电子商务商行;https://shop1414773994392.1688.com;https://detail.1688.com/offer/557903781879.html
义乌市冷安电子商务商行;https://shop1464368243607.1688.com;https://detail.1688.com/offer/557864264499.html
义乌市艾琪饰品有限公司;https://shop1427993513233.1688.com;https://detail.1688.com/offer/608662780245.html
深圳市南山区唐歆服饰商行;https://chenmeixiong.1688.com;https://detail.1688.com/offer/645280890305.html
义乌市速泰贸易有限公司;https://ywsutai.1688.com;https://detail.1688.com/offer/651905931414.html
义乌市心喜贸易有限公司;https://yiwuxinxi.1688.com;https://detail.1688.com/offer/646110262934.html
义乌市杰佑贸易有限公司;https://shop2091807f24b12.1688.com;https://detail.1688.com/offer/597492408256.html
义乌市戴炫饰品有限公司;https://daishangsp.1688.com;https://detail.1688.com/offer/588171932824.html
义乌市莱玛电子商务有限公司;https://laimasp.1688.com;https://detail.1688.com/offer/607151296037.html
余江区鑫辉经营部;https://shop7150238aa3556.1688.com;https://detail.1688.com/offer/655243878863.html
义乌市百萱电子商务商行;https://shop913341y061375.1688.com;https://detail.1688.com/offer/633309428884.html
义乌市和鸣饰品有限公司;https://shop36mm85665l864.1688.com;https://detail.1688.com/offer/623766729232.html
仙游县鲤城久中贸易商行;https://shop3w723399336j1.1688.com;https://detail.1688.com/offer/640775907753.html
兰溪市丽花饰品有限公司;https://lihuashipin.1688.com;https://detail.1688.com/offer/631244681662.html
台州市黄岩宇娇电子商务商行;https://shop927a057420349.1688.com;https://detail.1688.com/offer/655118661948.html
长沙市天心区勤雄百货商行;https://shop4544920445388.1688.com;https://detail.1688.com/offer/655781715554.html
新罗区建汇百货商行;https://shop11bb159v11932.1688.com;https://detail.1688.com/offer/650865138286.html
义乌市晓俊饰品商行;https://shop1487178298409.1688.com;https://detail.1688.com/offer/553241774789.html
余江区苏迪电子商务商行;https://shop45j690f484785.1688.com;https://detail.1688.com/offer/652318933927.html
尤溪县鹏承商行;https://shop0041g6a953847.1688.com;https://detail.1688.com/offer/649747213258.html
余江区度魏电子商务商行;https://shop1652265064xf3.1688.com;https://detail.1688.com/offer/651514752418.html
余江区荣丰盛电子商务商行;https://shop8p17207150276.1688.com;https://detail.1688.com/offer/652147969954.html
新罗区量东暇百货商行;https://shop50x391074y284.1688.com;https://detail.1688.com/offer/651300630070.html
义乌市泰涞饰品有限公司;https://shop783094560m844.1688.com;https://detail.1688.com/offer/643806790950.html
义乌市昕月饰品有限公司;https://xy8898.1688.com;https://detail.1688.com/offer/627078259319.html
义乌市杰盾饰品厂;https://shop1429808252788.1688.com;https://detail.1688.com/offer/584397798542.html
义乌市悦人阁饰品有限公司;https://shop5r41s19285c70.1688.com;https://detail.1688.com/offer/654711300899.html
深圳市龙华新区伊百分手工饰品厂;https://storyacc.1688.com;https://detail.1688.com/offer/559040414796.html
深圳市宝安区福海靓依都服装厂;https://shop1494607960707.1688.com;https://detail.1688.com/offer/648384454943.html
义乌市裕霖电子商务有限公司;https://yulinshiping.1688.com;https://detail.1688.com/offer/655013717986.html
义乌市凯亚饰品有限公司;https://kaiya598.1688.com;https://detail.1688.com/offer/641977886158.html
义乌市涵熙饰品有限公司;https://shop1b618i28105z6.1688.com;https://detail.1688.com/offer/641816945608.html
义乌市翌阳饰品厂;https://yiwuyiyang.1688.com;https://detail.1688.com/offer/650421175479.html
义乌市坝语制花厂;https://bayuzhihua.1688.com;https://detail.1688.com/offer/629961816844.html
柘荣县庆图日用品经营部;https://shop7963428g6g051.1688.com;https://detail.1688.com/offer/650889982015.html
余江区玉祥冠经营部;https://shop58999447265h8.1688.com;https://detail.1688.com/offer/653986131744.html
广州越秀区欣倪商贸有限公司;https://shop899d3685d3801.1688.com;https://detail.1688.com/offer/652614564449.html
石狮市简峰款生网络百货商行;https://shop6097971600814.1688.com;https://detail.1688.com/offer/652729726218.html
景宁妙朵贸易商行;https://shop6o317292u2823.1688.com;https://detail.1688.com/offer/650470597004.html
丰泽区偏漫百货网店;https://shop22y641320u168.1688.com;https://detail.1688.com/offer/653139071384.html
义乌市岚辰饰品有限公司;https://lanchen2018.1688.com;https://detail.1688.com/offer/651032856385.html
义乌市沐鸿饰品有限公司;https://shop1470070177775.1688.com;https://detail.1688.com/offer/645616144464.html
义乌市侣寻电子商务有限公司;https://shop1445619395350.1688.com;https://detail.1688.com/offer/630341752116.html
义乌市凤润饰品厂;https://shop81q9411c2u313.1688.com;https://detail.1688.com/offer/649293914118.html
广州唯依日用品厂;https://shop842429r765q91.1688.com;https://detail.1688.com/offer/655267055240.html
南昌万纳网络科技有限公司;https://wanna2021.1688.com;https://detail.1688.com/offer/641626459475.html
丰泽区尔送百货网店;https://shop0cq98q0901938.1688.com;https://detail.1688.com/offer/654676104208.html
广州市黄埔区旅泺日用品厂;https://shop7409y97r740r8.1688.com;https://detail.1688.com/offer/651186934088.html
新罗区人弘百货商行;https://shop43xw949759699.1688.com;https://detail.1688.com/offer/644647618766.html
润州区兴而亮百货商行;https://shop0066846o6t471.1688.com;https://detail.1688.com/offer/651690137001.html
义乌市登兴电子商务商行;https://shop02162l3r92e88.1688.com;https://detail.1688.com/offer/616873209543.html
玉林市玉州区庭佳百货店;https://shop43081630s1w43.1688.com;https://detail.1688.com/offer/640589429593.html
义乌秀格饰品有限公司;https://shop1w2122s50p506.1688.com;https://detail.1688.com/offer/621487155352.html
义乌海生饰品有限公司;https://shop6213044x3p442.1688.com;https://detail.1688.com/offer/620537235769.html
深圳市宝安区途栎贸易商行;https://shop715629979y9y9.1688.com;https://detail.1688.com/offer/656044570286.html
佛山市禅城区占丰百货商行;https://shop634586r88m358.1688.com;https://detail.1688.com/offer/654311497813.html
玉林市玉州区金天佛百货店;https://shop605e43j51a219.1688.com;https://detail.1688.com/offer/644708149095.html
莫渡（深圳）信息咨询有限公司;https://shop823jh388225y6.1688.com;https://detail.1688.com/offer/641853663790.html
杭州余杭区乔司街道聚耀百货商行;https://shop29909367g04n6.1688.com;https://detail.1688.com/offer/654820791868.html
新沂市格沃家居用品经营部;https://shop646640152r172.1688.com;https://detail.1688.com/offer/655612286286.html
义乌市酷华饰品厂;https://shop1438707329000.1688.com;https://detail.1688.com/offer/651723955619.html
义乌市通晟电子商务商行;https://qianqian1314168.1688.com;https://detail.1688.com/offer/576046919971.html
义乌市暖铭电子商务有限公司;https://shop87n311x537n24.1688.com;https://detail.1688.com/offer/605034248123.html
义乌市暖陆电子商务商行;https://nuanlu19901206.1688.com;https://detail.1688.com/offer/640187026809.html
义乌市云筱贸易有限公司;https://shop657y89m139528.1688.com;https://detail.1688.com/offer/617972545320.html
义乌市麦普电子商务有限公司;https://shop1452186221540.1688.com;https://detail.1688.com/offer/598515194616.html
义乌市乱好贸易有限公司;https://shop2190766t77842.1688.com;https://detail.1688.com/offer/652099257016.html
东阳市艾莎饰品有限公司;https://shop73l36v18478s7.1688.com;https://detail.1688.com/offer/651105109009.html
德清县同创服饰有限公司;https://shop840c612o6q357.1688.com;https://detail.1688.com/offer/618515196116.html
义乌市时流电子商务商行;https://shop72n430k9l7614.1688.com;https://detail.1688.com/offer/643982899530.html
永定区仰楚牡百货商行;https://shop7815x68771184.1688.com;https://detail.1688.com/offer/644345691515.html
义乌市翔龙饰品有限公司;https://shop00x1800188876.1688.com;https://detail.1688.com/offer/639314642677.html
义乌市润特饰品有限公司;https://sunfangwei8.1688.com;https://detail.1688.com/offer/627206839035.html
义乌市美涛化妆用具有限公司;https://ywmeitao.1688.com;https://detail.1688.com/offer/655079495217.html
义乌市思煜饰品有限公司;https://shop8125180661p06.1688.com;https://detail.1688.com/offer/620381356417.html
义乌市雨声贸易有限公司;https://yusheng8.1688.com;https://detail.1688.com/offer/640419237727.html
义乌市鹿迪贸易有限公司;https://shop1427820479880.1688.com;https://detail.1688.com/offer/559943351207.html
新罗区希荏网店;https://shop917a52979na96.1688.com;https://detail.1688.com/offer/652388176701.html
义乌市巨全电子商务有限公司;https://juquan1688.1688.com;https://detail.1688.com/offer/43413347663.html
玉林市玉州区镂波百货店;https://shop0417572hn0955.1688.com;https://detail.1688.com/offer/645111827224.html
丹阳市界牌镇诚语威工艺礼品厂;https://shop55561u542d551.1688.com;https://detail.1688.com/offer/656424691274.html
义乌市赛婕电子商务商行;https://shop6428n243a1a55.1688.com;https://detail.1688.com/offer/620624796331.html
义乌市喀丹电子商务商行;https://shop8703pf679k192.1688.com;https://detail.1688.com/offer/652775154283.html
明光市景翔贸易商行;https://shop0y14991107fg3.1688.com;https://detail.1688.com/offer/651852735819.html
临沂艾萌饰品有限公司;https://aimengshipin.1688.com;https://detail.1688.com/offer/632086369692.html
余江区明舞辉电子商务商行;https://shop1400810o01955.1688.com;https://detail.1688.com/offer/651149728236.html
义乌市蜜舍饰品厂;https://nvshe.1688.com;https://detail.1688.com/offer/590359084629.html
义乌市梵米服饰有限公司;https://fanmi1688.1688.com;https://detail.1688.com/offer/653180039241.html
义乌市咖哆咖饰品有限公司;https://shop89y15884k4013.1688.com;https://detail.1688.com/offer/649077301352.html
金华市璀饰贸易有限公司;https://shop06f63f18215d4.1688.com;https://detail.1688.com/offer/638954421372.html
义乌市佳旎服饰有限公司;https://shop1466010343960.1688.com;https://detail.1688.com/offer/607455642862.html
义乌市利厚饰品有限公司;https://danqingshipin.1688.com;https://detail.1688.com/offer/604850592147.html
义乌市畅禄电子商务商行;https://shop8029545m62j35.1688.com;https://detail.1688.com/offer/654286766076.html
广州亿慧百货商行;https://shop235471825n1n5.1688.com;https://detail.1688.com/offer/654516403734.html
万载县雯达涩日用品经营部;https://shop90n0i90632m75.1688.com;https://detail.1688.com/offer/651341376037.html
义乌市群德服饰厂;https://shop1478536871632.1688.com;https://detail.1688.com/offer/594554679553.html
义乌市好沄电子商务有限公司;https://shop60n72l3o38125.1688.com;https://detail.1688.com/offer/628560590511.html
深圳市沛源保建材有限公司;https://shop24489o5858iw3.1688.com;https://detail.1688.com/offer/651641138926.html
义乌市瑜琦贸易有限公司;https://shop8y4u7u9210639.1688.com;https://detail.1688.com/offer/647243083113.html
义乌市名夏饰品有限公司;https://shop3255lu3598d98.1688.com;https://detail.1688.com/offer/615675768761.html
南平市建阳区舒才哲百货店;https://shop583x96891ho68.1688.com;https://detail.1688.com/offer/645939429867.html
义乌市暇雨电子商务商行;https://shop694j3m258j143.1688.com;https://detail.1688.com/offer/652040877432.html
尤溪县赤眉商行;https://shop61053b6q727d2.1688.com;https://detail.1688.com/offer/643316622533.html
新罗区智伟百货商行;https://shop19vv575247694.1688.com;https://detail.1688.com/offer/641091340649.html
明光市瑞正合贸易商行;https://shop6g54269u47223.1688.com;https://detail.1688.com/offer/652405622887.html
万载县培骏瑞百货商行;https://shop1839q34261d54.1688.com;https://detail.1688.com/offer/655915323119.html
佛山市南海区惠源茂日用百货商行;https://shop5g93t61e13214.1688.com;https://detail.1688.com/offer/656163811338.html
义乌市莉韩饰品有限公司;https://lihan2019.1688.com;https://detail.1688.com/offer/623070185760.html
尤溪县星一鸣商行;https://shop4w4439o9s5377.1688.com;https://detail.1688.com/offer/655498021551.html
袁州区芮婷网络工作室;https://shop712ff27946c83.1688.com;https://detail.1688.com/offer/654009408245.html
义乌市梨果电子商务商行;https://shop8240740465797.1688.com;https://detail.1688.com/offer/642884171228.html
义乌市隽俏饰品有限公司;https://junqiaoshipin.1688.com;https://detail.1688.com/offer/554736319307.html
余姚市觅新电子商务商行;https://shop9o390n3973205.1688.com;https://detail.1688.com/offer/654368728319.html
新沂市明曾服装店;https://shop90u473990t367.1688.com;https://detail.1688.com/offer/655469682923.html
万载县起鸢敏百货店;https://shop10e95c5c45273.1688.com;https://detail.1688.com/offer/655050277727.html
余江区曼启经营部;https://shop790j92y067896.1688.com;https://detail.1688.com/offer/654462925095.html
沈阳市沈河区紫登百货店;https://shop3329fwu184731.1688.com;https://detail.1688.com/offer/652723075066.html
余江区琦欧经营部;https://shop3235j3w4639h5.1688.com;https://detail.1688.com/offer/654416905598.html
义乌市温敏电子商务商行;https://shop5658845756640.1688.com;https://detail.1688.com/offer/654156028355.html
余姚建财百货商行;https://shop4715525i8l595.1688.com;https://detail.1688.com/offer/650964120593.html
漳州开发区尤恒秋建材店;https://shop7d05278m90313.1688.com;https://detail.1688.com/offer/655533767560.html
南平市建阳区练光纬百货店;https://shop1372um9879169.1688.com;https://detail.1688.com/offer/649841069232.html
漳州开发区关雁卉建材店;https://shop1y341835s2166.1688.com;https://detail.1688.com/offer/655462190245.html
新沂市龚珍服装店;https://shop558215k00exr2.1688.com;https://detail.1688.com/offer/654952407096.html
鄱阳县迮婷玉五金店;https://shop90y21c4837279.1688.com;https://detail.1688.com/offer/656292083698.html
新沂市罗之璇百货店;https://shop442187s5s51v8.1688.com;https://detail.1688.com/offer/655831682952.html
新沂市捷之文服装店;https://shop71p23541890n0.1688.com;https://detail.1688.com/offer/654381998881.html
新沂市敏之胡家居用品经营部;https://shop4eh7g36094464.1688.com;https://detail.1688.com/offer/655414025093.html
宁海莉枝升泰电子商务商行;https://shop012h596a27325.1688.com;https://detail.1688.com/offer/656029962280.html
义乌市清雅饰品有限公司;https://shop78254wqw30198.1688.com;https://detail.1688.com/offer/643043104607.html
义乌市田绰电子商务商行;https://shop83434528m87y0.1688.com;https://detail.1688.com/offer/649719891433.html
义乌市乔伊贝贸易有限公司;https://shop06n0972o17218.1688.com;https://detail.1688.com/offer/602886239187.html
东阳市江北谱写电子商务商行;https://shop2586v3578y960.1688.com;https://detail.1688.com/offer/653718821821.html
义乌市苗昕贸易有限公司;https://shop0u76537q12520.1688.com;https://detail.1688.com/offer/640541937026.html
铅山县柳丰饰品有限公司;https://shop89az068937w22.1688.com;https://detail.1688.com/offer/586032663202.html
义乌市赞烨电子商务商行;https://shop1439398383973.1688.com;https://detail.1688.com/offer/560836701978.html
玉林市玉州区王廷百货店;https://shop1236zj6o06037.1688.com;https://detail.1688.com/offer/651535683209.html
义乌市蒲钻电子商务商行;https://shop1358592219982.1688.com;https://detail.1688.com/offer/629642736845.html
义乌市烁史电子商务商行;https://shop872223wm00764.1688.com;https://detail.1688.com/offer/651403117688.html
漳州开发区稽高义网络技术工作室;https://shop226822m6899u2.1688.com;https://detail.1688.com/offer/652035592688.html
新罗区棉先生百货店;https://shop12d8i671i4106.1688.com;https://detail.1688.com/offer/655411226754.html
深圳市龙华区福莱宝百货商行;https://shop255v30y772w46.1688.com;https://detail.1688.com/offer/648961776998.html
高新区枫桥桥风和百货商行;https://shop2884nmh284427.1688.com;https://detail.1688.com/offer/654126864553.html
余江区吉百立贸易商行;https://shop6269e61195ee7.1688.com;https://detail.1688.com/offer/653890231239.html
杭州余杭区乔司街道骋非贸易商行;https://shop37788p01574k1.1688.com;https://detail.1688.com/offer/652531404665.html
高新区枫桥谦恒和服装商行;https://shop694042b162ov2.1688.com;https://detail.1688.com/offer/654104752182.html
广州南沙区犹夏容信息技术有限公司;https://shop9k3025w607890.1688.com;https://detail.1688.com/offer/648337233643.html
秀屿区笏石曾春兰布店;https://shop2g84h91t65387.1688.com;https://detail.1688.com/offer/655654965385.html
义乌市飞韩饰品有限公司;https://feihan.1688.com;https://detail.1688.com/offer/624479360214.html
义乌市默笙饰品厂;https://fanshenggongyi.1688.com;https://detail.1688.com/offer/576054047145.html
润州区岛之香百货商行;https://shop205ff388705f3.1688.com;https://detail.1688.com/offer/655508162455.html
广州方挚实业有限公司;https://shop9t2802826n457.1688.com;https://detail.1688.com/offer/655898918308.html
义乌市隘撩电子商务商行;https://shop0683060859v02.1688.com;https://detail.1688.com/offer/653686337795.html
柘荣县角拆日用品经营部;https://shop4m2681e056u23.1688.com;https://detail.1688.com/offer/646240935965.html
杭州余杭区乔司街道依谷服饰商行;https://shop10hr346493372.1688.com;https://detail.1688.com/offer/655563487370.html
杭州余杭区乔司街道奥谊贸易商行;https://shop43x4975252015.1688.com;https://detail.1688.com/offer/652598824130.html
义乌市霍法电子商务商行;https://shop594021rj7v960.1688.com;https://detail.1688.com/offer/653016031381.html
义乌市今立服饰有限公司;https://shop0j22u6275i474.1688.com;https://detail.1688.com/offer/630184467991.html
义乌市际恺饰品有限公司;https://shop179p402lg9637.1688.com;https://detail.1688.com/offer/616893291919.html
陆川县多米日用品店;https://shop80u06h47w2837.1688.com;https://detail.1688.com/offer/653751770508.html
东阳市亚美饰品有限公司;https://shop0n85373st2317.1688.com;https://detail.1688.com/offer/624368418011.html
丹阳市界牌镇威多德工艺礼品厂;https://shop8cm48x1295851.1688.com;https://detail.1688.com/offer/652712013490.html
义乌市美添色电子商务有限公司;https://shop3g466z20449g7.1688.com;https://detail.1688.com/offer/628867537922.html
