义乌市景皓帽厂;https://shop7487i5l1i1953.1688.com;https://detail.1688.com/offer/616520691654.html
义乌市元亨帽业有限公司;https://shop9196y94086cc5.1688.com;https://detail.1688.com/offer/613637542521.html
白沟新城广妙帽子店;https://shop56a915ia76011.1688.com;https://detail.1688.com/offer/616745606533.html
义乌英芬饰品有限公司;https://shop1488860773522.1688.com;https://detail.1688.com/offer/625217331417.html
义乌市舒芙蕾电子商务有限公司;https://shop13293128a34i0.1688.com;https://detail.1688.com/offer/644634743845.html
义乌市岚茵电子商务有限公司;https://lanying.1688.com;https://detail.1688.com/offer/614034608879.html
义乌市乾攻电子商务商行;https://qiangong520.1688.com;https://detail.1688.com/offer/617991401289.html
义乌市润迅电子商务商行;https://beautysouth.1688.com;https://detail.1688.com/offer/641338634736.html
义乌市饰裳阁电子商务有限公司;https://shop265x5s6036848.1688.com;https://detail.1688.com/offer/621811210957.html
义乌市准康电子商务商行;https://shop1440055543328.1688.com;https://detail.1688.com/offer/615767230173.html
东阳市永思服饰有限公司;https://yongsifushi.1688.com;https://detail.1688.com/offer/639504328778.html
义乌市籽萌贸易有限公司;https://shop9466232p6p953.1688.com;https://detail.1688.com/offer/641651378238.html
义乌市派绮服饰有限公司;https://shop1466960656322.1688.com;https://detail.1688.com/offer/613891249199.html
义乌市倪罗诗贸易有限公司;https://15215856213.1688.com;https://detail.1688.com/offer/613260735490.html
义乌市松南进出口有限公司;https://shop1364461804175.1688.com;https://detail.1688.com/offer/617991138795.html
义乌市火兴帽业有限公司;https://yhx26358.1688.com;https://detail.1688.com/offer/617215361034.html
保定白沟新城翔山制帽厂;https://shop1747y7o702y37.1688.com;https://detail.1688.com/offer/616493701417.html
义乌市梓叶贸易有限公司;https://shop5888791515d23.1688.com;https://detail.1688.com/offer/620659821571.html
保定白沟新城淘领制帽厂;https://shop02c240d661c79.1688.com;https://detail.1688.com/offer/618420184879.html
保定白沟新城嘟比啦制帽厂;https://shop137u70u340u10.1688.com;https://detail.1688.com/offer/618134047964.html
临沂汇昌电子商务有限公司;https://huichangzhimao.1688.com;https://detail.1688.com/offer/613756531332.html
临沂市兰山区冠宇制帽厂;https://shop1453481208670.1688.com;https://detail.1688.com/offer/613757123331.html
临沂市兰山区鹏程制帽厂;https://shop1453481208871.1688.com;https://detail.1688.com/offer/613470233714.html
义乌市爽瑄电子商务有限公司;https://shop5u51788698239.1688.com;https://detail.1688.com/offer/641140797092.html
义乌创耀贸易有限公司;https://shop56206b4v00470.1688.com;https://detail.1688.com/offer/640591950106.html
义乌市旺烛服饰有限公司;https://shop2707858i154q3.1688.com;https://detail.1688.com/offer/643874086485.html
义乌市汇鹏帽厂;https://shop1n16671t71nf8.1688.com;https://detail.1688.com/offer/616267764357.html
义乌市坤谷电子商务商行;https://kungu18957966358.1688.com;https://detail.1688.com/offer/616268508206.html
杨成武;https://18267060226.1688.com;https://detail.1688.com/offer/617065659077.html
义乌市策茹电子商务商行;https://13901478.1688.com;https://detail.1688.com/offer/616554393862.html
义乌市响购针织有限公司;https://shop40602099v2k38.1688.com;https://detail.1688.com/offer/642250028985.html
临沂市兰山区福春家居用品厂;https://shop1467134083834.1688.com;https://detail.1688.com/offer/542698865393.html
义乌市臻魅服饰有限公司;https://shop01925318x8417.1688.com;https://detail.1688.com/offer/620727284848.html
义乌市司辰针织厂;https://shop1465287851450.1688.com;https://detail.1688.com/offer/618033215885.html
保定白沟新城良趣制帽厂;https://shop7185686411680.1688.com;https://detail.1688.com/offer/624500858958.html
新罗区魔腾服装店;https://shop4y95197y1x605.1688.com;https://detail.1688.com/offer/643936713826.html
义乌市京缘服饰有限公司;https://shop3k113936211u1.1688.com;https://detail.1688.com/offer/618713077672.html
青岛恒阳帽业有限公司;https://shop9416222o21or7.1688.com;https://detail.1688.com/offer/612735476083.html
义乌市尚群贸易有限公司;https://shangqunsp.1688.com;https://detail.1688.com/offer/613609468036.html
义乌市天缘服饰有限公司;https://1994vip.1688.com;https://detail.1688.com/offer/644321775832.html
义乌童馨电子商务有限公司;https://shop81598z3163101.1688.com;https://detail.1688.com/offer/611141537079.html
义乌市顶尚服饰厂;https://shop6y93043654081.1688.com;https://detail.1688.com/offer/617020951360.html
雄县亿尚美服饰有限公司;https://yishangmeimaozi.1688.com;https://detail.1688.com/offer/620752225785.html
浙江沐涵贸易有限公司;https://shop6t616635rg134.1688.com;https://detail.1688.com/offer/613725826827.html
保定白沟新城澳腾制帽厂;https://aotengmaozi.1688.com;https://detail.1688.com/offer/605820719838.html
义乌市貌贸电子商务有限责任公司;https://shop0112467er7e89.1688.com;https://detail.1688.com/offer/640805565734.html
雄县朱各庄镇靖卓制帽厂;https://shop4825ogp953219.1688.com;https://detail.1688.com/offer/617052961476.html
新罗区翠芙儿百货商行;https://shop5d1p536287085.1688.com;https://detail.1688.com/offer/643550458662.html
黄彩云;https://h39239.1688.com;https://detail.1688.com/offer/614037840082.html
邵东市大禾塘诚友百货商店;https://shop573o29378n5n6.1688.com;https://detail.1688.com/offer/639876997186.html
长沙市岳麓区艾珊百货商行;https://shop710216u1a7601.1688.com;https://detail.1688.com/offer/650801339711.html
义乌市港柯电子商务商行;https://shop1315802680m59.1688.com;https://detail.1688.com/offer/649326620133.html
保定白沟新城鑫豪制帽厂;https://xinhaozhimao.1688.com;https://detail.1688.com/offer/618490410730.html
义乌市简黛电子商务商行;https://shop1a8820149c745.1688.com;https://detail.1688.com/offer/642244907757.html
义乌市水影电子商务商行;https://shop1q428940c6813.1688.com;https://detail.1688.com/offer/603907753258.html
义乌市田珏电子商务商行;https://shop0s8i4974k5182.1688.com;https://detail.1688.com/offer/641971834726.html
义乌市彤色电子商务商行;https://shop1459875441182.1688.com;https://detail.1688.com/offer/613909320067.html
台州市黄岩梅子帽厂;https://shop40mz8p7614945.1688.com;https://detail.1688.com/offer/627392159234.html
浙江跃渊贸易有限公司;https://shop4xg05123124a9.1688.com;https://detail.1688.com/offer/613636426890.html
保定辉豪服饰制造有限公司;https://nanafushizhizao.1688.com;https://detail.1688.com/offer/618298353982.html
义乌市合邦服饰有限公司;https://shop1468810367095.1688.com;https://detail.1688.com/offer/626605522989.html
山东旅之友旅游用品有限公司;https://lvzhiyou521.1688.com;https://detail.1688.com/offer/601748277609.html
义乌市万芙帽厂;https://wanfumaochang.1688.com;https://detail.1688.com/offer/615034137091.html
深圳市龙岗区魅之品商贸行;https://shop11i275t232562.1688.com;https://detail.1688.com/offer/616003907929.html
义乌市锦蒂日用品有限公司;https://shop5689y2f93r459.1688.com;https://detail.1688.com/offer/619666106235.html
广州朗海酒店管理有限公司;https://shop932w57v566r06.1688.com;https://detail.1688.com/offer/638957898748.html
浙江衡睿贸易有限公司;https://shop943g349669481.1688.com;https://detail.1688.com/offer/613484425486.html
台州市悦橙贸易有限公司;https://shop5170386z8k0f1.1688.com;https://detail.1688.com/offer/627141513577.html
佛山市南海区梓迪蔓服装厂;https://shop4j63qg4095871.1688.com;https://detail.1688.com/offer/640376097395.html
义乌市时流电子商务商行;https://shop72n430k9l7614.1688.com;https://detail.1688.com/offer/616786803650.html
浙江蒂姆贸易有限公司;https://shop14325v3165422.1688.com;https://detail.1688.com/offer/613390961450.html
东莞市天亿帽业有限公司;https://shop6444v07265742.1688.com;https://detail.1688.com/offer/640414530396.html
白沟新城昂彤帽子商行;https://shop5965993f237f4.1688.com;https://detail.1688.com/offer/634639349352.html
义乌市樊彪电子商务商行;https://fb7777.1688.com;https://detail.1688.com/offer/621291415726.html
宁波甬创工艺品有限公司;https://ccmhat.1688.com;https://detail.1688.com/offer/615329585058.html
义乌市皓壬贸易有限公司;https://shop1707i947604l0.1688.com;https://detail.1688.com/offer/624592761018.html
义乌市雨媗电子商务有限公司;https://shop476s27l33m445.1688.com;https://detail.1688.com/offer/622749891347.html
永定区萧简唱百货商行;https://shop4027685u99q97.1688.com;https://detail.1688.com/offer/646004926094.html
义乌市予画贸易有限公司;https://hancan.1688.com;https://detail.1688.com/offer/614006701956.html
三门县隽恒贸易有限公司;https://mymy606.1688.com;https://detail.1688.com/offer/616724779792.html
义乌市巧玖服饰有限公司;https://shop1481820797278.1688.com;https://detail.1688.com/offer/614455730208.html
义乌市艾亦电子商务有限公司;https://yiwuaiyi.1688.com;https://detail.1688.com/offer/613854225843.html
义乌市江艺电子商务商行;https://shop1492767982508.1688.com;https://detail.1688.com/offer/613265065663.html
新罗区初寞转百货商行;https://shop0g424yg686528.1688.com;https://detail.1688.com/offer/640135539002.html
广州金耀广告有限公司;https://shop41638309911t6.1688.com;https://detail.1688.com/offer/655170586774.html
保定白沟新城恬淡箱包厂;https://shop0390061ldv342.1688.com;https://detail.1688.com/offer/650724558087.html
雄县大营镇瑞文制帽厂;https://shop51329m2i4z787.1688.com;https://detail.1688.com/offer/614072243389.html
保定白沟新城焱鸟鞋帽销售部;https://shop742556j4pk749.1688.com;https://detail.1688.com/offer/646428229743.html
义乌市康嘉工艺品有限公司;https://shop8522s381f3804.1688.com;https://detail.1688.com/offer/640026545139.html
晋州市铱美帽业有限公司;https://shop417203l877bi0.1688.com;https://detail.1688.com/offer/638424913423.html
雄县荣昌帽厂;https://shop993v6s41v2010.1688.com;https://detail.1688.com/offer/641076945742.html
义乌市红禾贸易有限公司;https://honghefashion.1688.com;https://detail.1688.com/offer/640610353783.html
灵山县三隆镇吉米百货商行;https://shop489067b63f534.1688.com;https://detail.1688.com/offer/641230743677.html
义乌市添瑟贸易有限公司;https://shop4j44a70316039.1688.com;https://detail.1688.com/offer/613636088994.html
朝阳区文锐商贸行;https://shop30u62k18i9521.1688.com;https://detail.1688.com/offer/651434802071.html
新余市琤霸商贸有限公司;https://shop9s42d94382715.1688.com;https://detail.1688.com/offer/651699113322.html
保定白沟新城菲旺帽子销售部;https://shop894f60a8u7505.1688.com;https://detail.1688.com/offer/649464458520.html
义乌市谈谈电子商务商行;https://shop856i333h39y18.1688.com;https://detail.1688.com/offer/643160425408.html
义乌市容源电子商务商行;https://rongyuanlucky.1688.com;https://detail.1688.com/offer/613558904521.html
义乌市吕奕电子商务有限公司;https://shop1429030661256.1688.com;https://detail.1688.com/offer/620293100083.html
义乌市秋范电子商务有限公司;https://shop1395075346450.1688.com;https://detail.1688.com/offer/616697661859.html
义乌市顺玛电子商务商行;https://shop54g0r57692404.1688.com;https://detail.1688.com/offer/620166283728.html
义乌市耀恩针织有限公司;https://shop1487844205694.1688.com;https://detail.1688.com/offer/617651374077.html
义乌市朴信帽业有限公司;https://puxinmaoye.1688.com;https://detail.1688.com/offer/615654308531.html
义乌市梦莱电子商务商行;https://menglaifashion.1688.com;https://detail.1688.com/offer/622696294370.html
义乌市跃毅电子商务有限公司;https://shop8306001401471.1688.com;https://detail.1688.com/offer/649519246152.html
义乌圆斌服饰有限公司;https://shop1467125344661.1688.com;https://detail.1688.com/offer/619550641550.html
义乌市婷迟电子商务商行;https://shop82539ma5f67m7.1688.com;https://detail.1688.com/offer/615925430697.html
台州市黄岩恒胜帽厂;https://shop1441172960339.1688.com;https://detail.1688.com/offer/615835545173.html
深圳盈和纺织品有限公司;https://offwork.1688.com;https://detail.1688.com/offer/620005778550.html
义乌市嘉郁服饰厂;https://shop2jg9553054909.1688.com;https://detail.1688.com/offer/627970271625.html
义乌市奈良服饰有限公司;https://shop1467049342372.1688.com;https://detail.1688.com/offer/638212186506.html
义乌市华睦日用百货有限公司;https://shop98c8h7618i507.1688.com;https://detail.1688.com/offer/639657452582.html
义乌市治燮贸易有限公司;https://shop1495599564261.1688.com;https://detail.1688.com/offer/614230404675.html
义乌市图拉制帽厂;https://shop2w5w77750p543.1688.com;https://detail.1688.com/offer/613635808186.html
广州祺丰纺织有限公司;https://qifeng919.1688.com;https://detail.1688.com/offer/619254582306.html
义乌市淼萱电子商务商行;https://shop1346490289675.1688.com;https://detail.1688.com/offer/613444432718.html
义乌市旅蝶电子商务商行;https://shop1427734191723.1688.com;https://detail.1688.com/offer/619351245939.html
义乌市瑞馨坊帽子厂;https://shop8513334a08v92.1688.com;https://detail.1688.com/offer/617784545167.html
义乌市帽不错电子商务有限公司;https://1000019.1688.com;https://detail.1688.com/offer/641341414633.html
东阳市优想工贸有限公司;https://shop9124749346hh4.1688.com;https://detail.1688.com/offer/640663292042.html
义乌市暖蝶帽业有限公司;https://shop7w73w7046u096.1688.com;https://detail.1688.com/offer/647222658120.html
宣城市尚亚电子商务有限公司;https://xcsydzsw.1688.com;https://detail.1688.com/offer/641987095402.html
义乌市聪赢服装有限公司;https://congying888.1688.com;https://detail.1688.com/offer/621599487231.html
东莞市惠栎商贸有限公司;https://shop679583bc945c7.1688.com;https://detail.1688.com/offer/642149477031.html
东莞市众家实业有限公司;https://shop1832u4p529693.1688.com;https://detail.1688.com/offer/627928580091.html
东莞众咖电子商务有限公司;https://shop9d111p61e1961.1688.com;https://detail.1688.com/offer/618968640986.html
烟台思量商贸有限公司;https://shop1499854322f65.1688.com;https://detail.1688.com/offer/630454337438.html
义乌市祺圣工艺品有限公司;https://shop1488684429089.1688.com;https://detail.1688.com/offer/615584392319.html
商城县沁芯家居用品行;https://shop3561bw5748488.1688.com;https://detail.1688.com/offer/652817917917.html
金华市越洪服饰有限公司;https://shop3c98311526i98.1688.com;https://detail.1688.com/offer/620275414358.html
义乌市默凯电子商务商行;https://shop1456764746511.1688.com;https://detail.1688.com/offer/619255980577.html
松阳县礼兴贸易商行;https://shop16655850yo875.1688.com;https://detail.1688.com/offer/642007085201.html
衢州市邵创电子商务有限公司;https://jianmanxi.1688.com;https://detail.1688.com/offer/616256502697.html
浦江旭洋商贸有限公司;https://shop1194h2k409950.1688.com;https://detail.1688.com/offer/641388703817.html
郯城县博之远百货商行;https://shop2e73529l58875.1688.com;https://detail.1688.com/offer/652573852829.html
义乌市阔朵贸易有限公司;https://shop6611do684d394.1688.com;https://detail.1688.com/offer/616836666333.html
台州市黄岩聚系电子商务商行;https://shop165k2m034m291.1688.com;https://detail.1688.com/offer/649561015987.html
义乌市旭特电子商务商行;https://shop866784415u882.1688.com;https://detail.1688.com/offer/651702603937.html
义乌市祺域电子商务商行;https://shop72394293mc409.1688.com;https://detail.1688.com/offer/648750804041.html
上海胡加凯网络科技有限公司;https://shop5821252264oa2.1688.com;https://detail.1688.com/offer/650091363604.html
睢宁县能妙服装厂;https://shop8125d7849h160.1688.com;https://detail.1688.com/offer/648534424403.html
揭阳市揭东区新亨镇文玲娜百货商行;https://shop7z39w72882907.1688.com;https://detail.1688.com/offer/645279513955.html
义乌市贺积电子商务商行;https://shop7481245r1w259.1688.com;https://detail.1688.com/offer/651852941551.html
广州痴珊设计工作室;https://shop535q39og92285.1688.com;https://detail.1688.com/offer/631113115385.html
情展向(深圳)信息咨询有限公司;https://shop0v0471w391423.1688.com;https://detail.1688.com/offer/638616220638.html
义乌市妤甜电子商务商行;https://shop914148117r343.1688.com;https://detail.1688.com/offer/654028834962.html
三门县虔瑞贸易商行;https://shop050q7o9v24852.1688.com;https://detail.1688.com/offer/647566752509.html
扬州鑫凯帽业有限公司;https://sheemin555.1688.com;https://detail.1688.com/offer/649357997149.html
南宫市静婉商贸有限公司;https://shop1433817043535.1688.com;https://detail.1688.com/offer/562523936259.html
广州久光谦贸易有限公司;https://shop71s9s5667s594.1688.com;https://detail.1688.com/offer/650717878296.html
深圳市龙岗区兴旺禄手袋厂;https://szxwlsd888.1688.com;https://detail.1688.com/offer/631619486113.html
义乌存一日用品有限公司;https://cyryp888.1688.com;https://detail.1688.com/offer/652565337618.html
浦江县玖森日用品有限公司;https://shop955jp99701991.1688.com;https://detail.1688.com/offer/598924698263.html
义乌市糖秋服饰有限公司;https://shop1460566053882.1688.com;https://detail.1688.com/offer/625888867997.html
龙港市永尚日用品店;https://shop387624iv32415.1688.com;https://detail.1688.com/offer/650389449929.html
义乌市黑羊电子商务商行;https://heiyangweijin.1688.com;https://detail.1688.com/offer/634407584541.html
广州市越秀区宏明汽车配件贸易商行;https://shop8q55918473182.1688.com;https://detail.1688.com/offer/646808122697.html
义乌市妃芬服饰有限公司;https://shop1376672313903.1688.com;https://detail.1688.com/offer/645918064897.html
海宁市宇鸿皮具有限公司;https://18006612228.1688.com;https://detail.1688.com/offer/626052748136.html
义乌市刘步电子商务商行;https://shop945461h4y7i04.1688.com;https://detail.1688.com/offer/642322874287.html
深圳市龙岗区鑫旺禄手袋厂;https://szsxwlsd.1688.com;https://detail.1688.com/offer/619172349543.html
玉林市玉州区卡美百货店;https://shop0678h776984k1.1688.com;https://detail.1688.com/offer/646291853585.html
东莞市靓泽生物科技有限公司;https://yunzhilaijiaju.1688.com;https://detail.1688.com/offer/564591641810.html
义乌市龙情电子商务有限公司;https://shop7c0446b851y29.1688.com;https://detail.1688.com/offer/618248169973.html
海宁市盐官镇鸿煊皮件厂;https://shop1440435123379.1688.com;https://detail.1688.com/offer/626498786122.html
海港区潮流坊日杂商店;https://shop02e9483121c02.1688.com;https://detail.1688.com/offer/642322009961.html
米松;https://shop340232300e433.1688.com;https://detail.1688.com/offer/641811642216.html
广州市韩琪维服装贸易有限公司;https://gzhanqiwei.1688.com;https://detail.1688.com/offer/623747166298.html
深圳市龙岗区迪迪宠物用品商行;https://ddpet1.1688.com;https://detail.1688.com/offer/616854480952.html
义乌市沐恩针织有限公司;https://shop12n5846116c61.1688.com;https://detail.1688.com/offer/618164886178.html
广州新玛圣商贸店;https://shop8814162777947.1688.com;https://detail.1688.com/offer/645840688430.html
白沟新城宁慕销售铺;https://shop19085673tm4m5.1688.com;https://detail.1688.com/offer/650476455721.html
保定白沟新城楚帆帽子商行;https://shop5471v9082w589.1688.com;https://detail.1688.com/offer/639069391000.html
李沧区南大门韩购饰品商行;https://shop7d4v539460447.1688.com;https://detail.1688.com/offer/615719241141.html
揭阳市榕城区跃兴制帽厂;https://shop1487005703045.1688.com;https://detail.1688.com/offer/615880908812.html
义乌市润程贸易有限公司;https://shop1460394024580.1688.com;https://detail.1688.com/offer/630661472865.html
义乌市南妮电子商务商行;https://shop506il2824i168.1688.com;https://detail.1688.com/offer/618514158758.html
义乌市略皮电子商务商行;https://shop1435683574906.1688.com;https://detail.1688.com/offer/619624282824.html
广州市黄埔区花唯丽贸易商行;https://shop26c283d553827.1688.com;https://detail.1688.com/offer/642557003193.html
广州市花都区狮岭星丽百货商行;https://shop3711324124070.1688.com;https://detail.1688.com/offer/653487196914.html
苏州贝宝信息科技有限公司;https://shop831y352992624.1688.com;https://detail.1688.com/offer/632910751758.html
兴城市一方百货贸易商行;https://shop768ub0p139678.1688.com;https://detail.1688.com/offer/641549363434.html
义乌市庞企贸易有限公司;https://shop4856976lq6964.1688.com;https://detail.1688.com/offer/640875861890.html
义乌市波哥电子商务商行;https://yiwuboge.1688.com;https://detail.1688.com/offer/620222863719.html
深圳市朗涛商贸有限公司;https://langtao2018.1688.com;https://detail.1688.com/offer/618574204160.html
深圳市海鸣实业有限公司;https://shop7287rg23h1609.1688.com;https://detail.1688.com/offer/655092437276.html
义乌市协舒服装厂;https://zohoor.1688.com;https://detail.1688.com/offer/633776251276.html
润州区水之湖服装厂;https://shop31eq5279n6552.1688.com;https://detail.1688.com/offer/643004040428.html
佛山市思博雅服装有限公司;https://shop5360951h51a32.1688.com;https://detail.1688.com/offer/646386411574.html
广州市海珠区凤阳兴维杰纺织布行;https://xingweijie.1688.com;https://detail.1688.com/offer/617585621616.html
常熟莫城街道笑生服饰商行;https://shop2696x2250d8w2.1688.com;https://detail.1688.com/offer/641515805419.html
凤阳县官塘镇尚可商铺;https://shop98kn8g4133558.1688.com;https://detail.1688.com/offer/650485488761.html
吴兴织里迪芯日用品商行;https://shop1r796rf091683.1688.com;https://detail.1688.com/offer/641099705316.html
佛山市禅城区小耐斯百货店;https://shop8z0512o10q059.1688.com;https://detail.1688.com/offer/649782304515.html
沭阳县昆之辉电子商务服务部;https://shop40r4v94063689.1688.com;https://detail.1688.com/offer/651493515419.html
滕州市宠利宠物用品店;https://shop4rb692311v783.1688.com;https://detail.1688.com/offer/645870557896.html
河南典逸网络科技有限公司;https://dianyiwangluo.1688.com;https://detail.1688.com/offer/641902034230.html
新罗区领挑衣百货商行;https://shop9123217h73417.1688.com;https://detail.1688.com/offer/642699138300.html
义乌市舒婉服饰有限公司;https://shop1495471896145.1688.com;https://detail.1688.com/offer/617533353856.html
深圳市罗湖区雄盛纺织品经营部;https://xsfz8888.1688.com;https://detail.1688.com/offer/652296253108.html
嘉兴市顺旭服装有限公司;https://shop20934l0579m63.1688.com;https://detail.1688.com/offer/650356538702.html
余姚市感悟服装店;https://shop4191d6469q570.1688.com;https://detail.1688.com/offer/647078030582.html
义乌市密夏电子商务商行;https://shop60l7899p64290.1688.com;https://detail.1688.com/offer/644651995586.html
义乌市锡根进出口商行;https://ywxgdy.1688.com;https://detail.1688.com/offer/595896309549.html
义乌市瑞丰针织有限公司;https://yaoxinzhenzhi.1688.com;https://detail.1688.com/offer/618882627975.html
宁波百格制袋有限公司;https://baigebag.1688.com;https://detail.1688.com/offer/629297594686.html
上海盈都实业有限公司;https://yducc.1688.com;https://detail.1688.com/offer/653864712052.html
义乌市港男电子商务商行;https://shop99651455yy417.1688.com;https://detail.1688.com/offer/640637175721.html
苏州钜富进出口有限公司;https://jfkitchen.1688.com;https://detail.1688.com/offer/653998538470.html
义乌市仙阳电子商务有限公司;https://shop5v38504635u49.1688.com;https://detail.1688.com/offer/617599308976.html
长葛市洋兴百货商行;https://shop03k5314192i51.1688.com;https://detail.1688.com/offer/642552963701.html
深圳市明惠飞科技有限公司;https://wufafei.1688.com;https://detail.1688.com/offer/628017362029.html
义乌市科感电子商务有限公司;https://shop1463935529207.1688.com;https://detail.1688.com/offer/635309775438.html
宿州市埇桥区诗情百货批发商行;https://shop5as0056438g13.1688.com;https://detail.1688.com/offer/649829946761.html
仙游县鲤城满昌皮革制品店;https://shop87600521d68i3.1688.com;https://detail.1688.com/offer/653200751083.html
义乌市帕若电子商务商行;https://shop1432053943554.1688.com;https://detail.1688.com/offer/623089352586.html
德清县恒立织造有限公司;https://dqhengli.1688.com;https://detail.1688.com/offer/639858020681.html
绍兴柯桥羽绘纺织品经营部;https://shop59907669y0326.1688.com;https://detail.1688.com/offer/642086913019.html
义乌市冷帽电子商务有限公司;https://shop1392051134547.1688.com;https://detail.1688.com/offer/640569932543.html
泉州东购贸易有限公司;https://shop73471ii2w6065.1688.com;https://detail.1688.com/offer/620786973632.html
深圳市华彩数码印花厂;https://lovelady.1688.com;https://detail.1688.com/offer/622534847321.html
深圳市龙岗区欣伊服饰商行;https://shop10b32370u3959.1688.com;https://detail.1688.com/offer/642077570191.html
山东丁香医疗器械科技有限公司;https://dingxiangyiliao.1688.com;https://detail.1688.com/offer/634580474330.html
绍兴博鑫伞业有限公司;https://boxinsanye.1688.com;https://detail.1688.com/offer/547913470982.html
沛县永对日用品店;https://shop78590988i0891.1688.com;https://detail.1688.com/offer/654025427446.html
东莞市吉盛纺织品有限公司;https://jisheng718.1688.com;https://detail.1688.com/offer/638243064093.html
常熟市服装城龄之服装商行;https://shop6j6937033j733.1688.com;https://detail.1688.com/offer/641509218421.html
深圳市龙华新区猪小花童装厂;https://zhuxiaohua.1688.com;https://detail.1688.com/offer/636439626094.html
丹阳市开发区正启贸百货店;https://shop226ew8i497993.1688.com;https://detail.1688.com/offer/624982769019.html
茵恩服装设计（广州）有限公司;https://shop422nnj2660524.1688.com;https://detail.1688.com/offer/622195403960.html
东莞市东城霓裳制衣厂;https://nishangzy.1688.com;https://detail.1688.com/offer/641155947359.html
广州元霜便利店;https://shop53d3135100pt2.1688.com;https://detail.1688.com/offer/631633022229.html
泉州泉港百泰日用百货商行;https://shop714045o0o20r7.1688.com;https://detail.1688.com/offer/638438321926.html
佛山市禅城区新浩飞服饰厂;https://shop6871hf7582859.1688.com;https://detail.1688.com/offer/644182575610.html
丹阳市开发区富汇跃百货商行;https://shop568785976t850.1688.com;https://detail.1688.com/offer/642949313323.html
广州玄恺服装厂;https://shop38m7661233x23.1688.com;https://detail.1688.com/offer/654301012005.html
广州桃女孩服饰厂;https://shop810a3434w0u28.1688.com;https://detail.1688.com/offer/654113454618.html
佛山市南海区索妮雅服饰厂;https://shop1552o261s6q88.1688.com;https://detail.1688.com/offer/655410394714.html
汕头市澄海区蓝闪闪贸易商行;https://shop42777m936u989.1688.com;https://detail.1688.com/offer/631292319583.html
信州区沙溪乐其服饰;https://shop57v239k88f768.1688.com;https://detail.1688.com/offer/641157476237.html
洛阳酷势电子商务有限公司;https://shop300m7629b4610.1688.com;https://detail.1688.com/offer/636871676967.html
佛山市南海区嘉之歌百货商行;https://shop42u71x10q1960.1688.com;https://detail.1688.com/offer/650890139513.html
