广州潮尚汇服装商行;https://shop37a941054mm97.1688.com;https://detail.1688.com/offer/654527789882.html
义乌市钰彤饰品有限公司;https://yutongshiping.1688.com;https://detail.1688.com/offer/653925360945.html
广州雪聚服饰有限公司;https://shop1467183408201.1688.com;https://detail.1688.com/offer/642073297377.html
深圳市依莱尔服装有限公司;https://ylaier.1688.com;https://detail.1688.com/offer/628958651343.html
东莞市大朗韩辉服饰店;https://shop308u2634c01b6.1688.com;https://detail.1688.com/offer/629908040152.html
佛山市欧时尚服装有限公司;https://oufashion.1688.com;https://detail.1688.com/offer/651888782448.html
佛山市宇衣阁服装有限公司;https://shop1680u99r287b4.1688.com;https://detail.1688.com/offer/649851037450.html
东莞市厚街辰逸服装店;https://shop7639o2o2119n6.1688.com;https://detail.1688.com/offer/639074825856.html
海丰县绿儿服装商行;https://lverfashion.1688.com;https://detail.1688.com/offer/641365420508.html
广州薇因贸易有限公司;https://weiyinmaoyi.1688.com;https://detail.1688.com/offer/597429598568.html
潜山信和服装电子商务有限公司;https://shop0384y9s8b8990.1688.com;https://detail.1688.com/offer/619421036687.html
广州市唯渡斯贸易有限公司;https://woaimimi.1688.com;https://detail.1688.com/offer/639990071269.html
深圳市龙岗区新秀丽服饰厂;https://xiulifashion.1688.com;https://detail.1688.com/offer/547476259876.html
广州市天河区沙东鸿日服饰店;https://shop5u82sx9944989.1688.com;https://detail.1688.com/offer/651306502619.html
深圳市宝安区沙井卡卡侬服饰厂;https://kakanong.1688.com;https://detail.1688.com/offer/648326852271.html
深圳市南山区亿欣亿瑶服饰厂;https://shop1453222688889.1688.com;https://detail.1688.com/offer/543169482238.html
宁乡典军服装店;https://omyfzc.1688.com;https://detail.1688.com/offer/595493879487.html
宁乡俄远服装店;https://eyfzc9.1688.com;https://detail.1688.com/offer/584906213334.html
广州朗景服饰有限公司;https://shop27693899a6n12.1688.com;https://detail.1688.com/offer/576126009150.html
广州卓迪服装厂;https://shop6661m0c163462.1688.com;https://detail.1688.com/offer/628913773743.html
荔城区黄石马义春服装商行;https://shop0te394743c648.1688.com;https://detail.1688.com/offer/632977429284.html
佛山市南海区雨琦维服饰厂;https://shop8651425kb4401.1688.com;https://detail.1688.com/offer/654260522671.html
广州珍尼弗服饰有限公司;https://shop54256002e66f3.1688.com;https://detail.1688.com/offer/643021028446.html
广州御有贸易有限公司;https://yuyou88.1688.com;https://detail.1688.com/offer/642059257498.html
宁乡经济技术开发区亚马讯服饰商行;https://ymxfzc.1688.com;https://detail.1688.com/offer/574385801472.html
深圳市宝安区虹予新贸易商行;https://shop2w3886714r878.1688.com;https://detail.1688.com/offer/645546469278.html
杭州宇越电子商务有限公司;https://hzyuyuedzsw.1688.com;https://detail.1688.com/offer/650977678108.html
深圳市南山区思小妞服装厂;https://shop1457628685971.1688.com;https://detail.1688.com/offer/650742919446.html
深圳市宝安区松岗姐优服装厂;https://jygzfz.1688.com;https://detail.1688.com/offer/625637123434.html
普宁市梅塘嗨神服装网店;https://shop6w259479g7030.1688.com;https://detail.1688.com/offer/626575394793.html
西安市未央区明曲欢贸易商行;https://shop2531069272486.1688.com;https://detail.1688.com/offer/651707353831.html
广州天河区韩衣世家服装厂;https://shop7123cyt362910.1688.com;https://detail.1688.com/offer/650504587129.html
东莞市莞城十圆工艺品店;https://shop052040vo14246.1688.com;https://detail.1688.com/offer/653883753399.html
广州牛衣裤电子商务有限公司;https://nyk677688.1688.com;https://detail.1688.com/offer/631802497843.html
东莞市虎门金诚服装厂;https://jinchengfushhi.1688.com;https://detail.1688.com/offer/647346079380.html
佛山市顺德区环高服装有限公司;https://threasa365.1688.com;https://detail.1688.com/offer/613138638940.html
广州市玉源服装有限公司;https://shop854z5l0687394.1688.com;https://detail.1688.com/offer/645721047318.html
丰泽区佳丽轩服饰商行;https://shop2015jlx.1688.com;https://detail.1688.com/offer/633328114658.html
深圳市宝泽佳旺贸易有限公司;https://shop24cn159ha76k8.1688.com;https://detail.1688.com/offer/641910278353.html
深圳市宝安区新安珍尼丝外贸服饰商行;https://shop4109d2m4060m6.1688.com;https://detail.1688.com/offer/618726292354.html
九江碧辉服装有限公司;https://shop36r7998419479.1688.com;https://detail.1688.com/offer/621196064521.html
晋江市利义生合电子商务有限公司;https://shop0115gg0119046.1688.com;https://detail.1688.com/offer/632058366668.html
深圳市韩涵宝贸易有限公司;https://shop1466528856230.1688.com;https://detail.1688.com/offer/638770286343.html
深圳市南山区蕾婷娜服装商行;https://shop1446828850767.1688.com;https://detail.1688.com/offer/614082612744.html
嵊州市壹添商贸有限公司;https://shop7i7304ps13646.1688.com;https://detail.1688.com/offer/645492639315.html
深圳市宝安区西乡曼妞服饰商行;https://shop1457974027291.1688.com;https://detail.1688.com/offer/620122172821.html
深圳市龙岗区南湾好多美服饰商行;https://shop1393347573673.1688.com;https://detail.1688.com/offer/619516936184.html
深圳市龙岗区革之服装商行;https://shop579ob40306928.1688.com;https://detail.1688.com/offer/641098283424.html
广州柯卡芙服装厂;https://shop034301ey6d785.1688.com;https://detail.1688.com/offer/640145456572.html
深圳市宝安区福永婷妹妹服饰商行;https://shop8806a0y283l01.1688.com;https://detail.1688.com/offer/641957099117.html
深圳市宝安区松岗芊梦服饰商行;https://shop0z7h53232x577.1688.com;https://detail.1688.com/offer/640495524334.html
海口龙华谷普商贸部;https://shop2j999695h3v72.1688.com;https://detail.1688.com/offer/645667482718.html
余姚市颖源服装厂;https://shop8058189i71152.1688.com;https://detail.1688.com/offer/642922831672.html
广州妮卡里服饰商行;https://shop7o12999637uq4.1688.com;https://detail.1688.com/offer/651459750816.html
深圳市宝安区韩衣佳纺服装厂;https://shop1467738717199.1688.com;https://detail.1688.com/offer/643754988704.html
灵山县烟墩镇胜易百货商行;https://shop743x9134592v4.1688.com;https://detail.1688.com/offer/642117035473.html
易县追求自我服装店;https://shop1462899425085.1688.com;https://detail.1688.com/offer/640548483498.html
广州执走服装有限公司;https://shop2s6m4188u6185.1688.com;https://detail.1688.com/offer/644328670926.html
丹阳市开发区智明奥百货商行;https://shop00590613378x6.1688.com;https://detail.1688.com/offer/640492428496.html
温州市鹿城区典利贸易商行;https://shop32i7365571i39.1688.com;https://detail.1688.com/offer/642541501581.html
广州市宜佳服装商行;https://shop984472825x131.1688.com;https://detail.1688.com/offer/653173636699.html
东莞市虎门依乐酷服饰店;https://yileku.1688.com;https://detail.1688.com/offer/549536848287.html
广州同创衣品服饰贸易有限公司;https://shop75cc3117l5932.1688.com;https://detail.1688.com/offer/651389137972.html
许栋烽;https://shop1441903679055.1688.com;https://detail.1688.com/offer/649037002947.html
广州市天河区林和美妙少女服装店;https://dufubusy.1688.com;https://detail.1688.com/offer/640398832900.html
广州莱丝特服饰商行;https://shop229f89860k241.1688.com;https://detail.1688.com/offer/646469700782.html
深圳市宝安区沙井唯格诗妮服饰厂;https://shop1463763464632.1688.com;https://detail.1688.com/offer/639201027039.html
新罗区名佐格百货商行;https://shop2o31657k93d57.1688.com;https://detail.1688.com/offer/642493230007.html
广州市玉鹏服装有限公司;https://shop1473346118075.1688.com;https://detail.1688.com/offer/561540347610.html
广州明星服装厂;https://shop91p3862833x34.1688.com;https://detail.1688.com/offer/646136083977.html
泉州市恒首凡贸易有限公司;https://fashionjean.1688.com;https://detail.1688.com/offer/643074815111.html
广州市亿海发科技有限公司;https://shop253x788v477v3.1688.com;https://detail.1688.com/offer/642346961493.html
乐清市大为贸易有限公司;https://shop54600617e1967.1688.com;https://detail.1688.com/offer/642316638801.html
广州怡芸服装厂;https://shop15424201a8c55.1688.com;https://detail.1688.com/offer/655516667762.html
广州市迅伟服装有限公司;https://shop18973h0s6hi90.1688.com;https://detail.1688.com/offer/656159243357.html
佛山市达梦服装有限公司;https://shop6h301049f5265.1688.com;https://detail.1688.com/offer/652909413152.html
广州市天河区沙东彩君服饰店;https://caijunfs.1688.com;https://detail.1688.com/offer/621799946362.html
广州聚弘服饰有限公司;https://shop99038735q4900.1688.com;https://detail.1688.com/offer/647111018054.html
孙文泽;https://sunwenze.1688.com;https://detail.1688.com/offer/615723873932.html
广州泡泡女装厂;https://shop01857dkp84037.1688.com;https://detail.1688.com/offer/649508314896.html
广州千程科技有限公司;https://kozccz.1688.com;https://detail.1688.com/offer/645657410819.html
佛山市南海区鸣达时装厂;https://shop3740880918061.1688.com;https://detail.1688.com/offer/626132837408.html
深圳市宝安区瑟蒂诺服饰厂;https://shop1428684751934.1688.com;https://detail.1688.com/offer/650195063564.html
广州市晨晟服饰有限公司;https://shop2jx915m046332.1688.com;https://detail.1688.com/offer/638425365488.html
重庆博勤电子商务有限公司;https://shop42186m97651r7.1688.com;https://detail.1688.com/offer/649519386611.html
广州茗尚优品服装有限公司;https://shop550ff82x64645.1688.com;https://detail.1688.com/offer/640396652058.html
广州布莱士服饰商行;https://shop545743627yi38.1688.com;https://detail.1688.com/offer/644755239177.html
广州亨利服装厂;https://shop7y2p881884438.1688.com;https://detail.1688.com/offer/641063086844.html
义乌市虎竹电子商务商行;https://shop6ri21w4281346.1688.com;https://detail.1688.com/offer/652707260038.html
义乌市风叠电子商务商行;https://shop4476506282m06.1688.com;https://detail.1688.com/offer/652782979747.html
义乌市雪毅服饰厂;https://shop3sl8r35887487.1688.com;https://detail.1688.com/offer/654580506823.html
广州市江南烟雨服装厂;https://shop49943224yy8k1.1688.com;https://detail.1688.com/offer/654545902268.html
广州禄昌贸易商行;https://shop9385ff70y7983.1688.com;https://detail.1688.com/offer/647447425956.html
深圳市宝安区贝贝橙制衣厂;https://shop8853292464e67.1688.com;https://detail.1688.com/offer/639183082361.html
兰山区觅乐百货批发商行;https://shop376xh30847225.1688.com;https://detail.1688.com/offer/647875239437.html
深圳市名雅轩服饰有限公司;https://shop1457024557678.1688.com;https://detail.1688.com/offer/549586893261.html
深圳市南山区非凡佳人服饰商行;https://shop1489424469615.1688.com;https://detail.1688.com/offer/549700990929.html
深圳市宝安区刁蛮小妖服装厂;https://shop535s26u0373x3.1688.com;https://detail.1688.com/offer/652345229028.html
乐清市木海服装厂;https://shop5558n6rn38280.1688.com;https://detail.1688.com/offer/652596226436.html
广州悦木广告摄影部;https://shop5830g21u01432.1688.com;https://detail.1688.com/offer/653337122586.html
广州诺昇美商贸有限公司;https://shop1452413388760.1688.com;https://detail.1688.com/offer/545170077716.html
广州汇纳奥贸易商行;https://shop909n069230085.1688.com;https://detail.1688.com/offer/654861737015.html
广州市信家服饰有限公司;https://shop20d9048169415.1688.com;https://detail.1688.com/offer/645188622709.html
揭阳市榕城区哲煌电子商务商行;https://shop01301c48e9306.1688.com;https://detail.1688.com/offer/646788409826.html
广州市浪琦服装有限公司;https://shop5b36043669165.1688.com;https://detail.1688.com/offer/641265772682.html
广州市享跃科技有限公司;https://shop9776310mr7610.1688.com;https://detail.1688.com/offer/641829009703.html
广州越秀区涛洁商贸商行;https://shop9w73454675810.1688.com;https://detail.1688.com/offer/651555561424.html
深圳市伊梦佳人服饰有限公司;https://shop1460738615325.1688.com;https://detail.1688.com/offer/638598165880.html
广州越秀区飞榕商贸商行;https://shop031t90w09s465.1688.com;https://detail.1688.com/offer/654692624885.html
新罗区临游百货商行;https://shop3767c92y48895.1688.com;https://detail.1688.com/offer/652142629456.html
莆田市秀屿区平海超越梦想服装店;https://shop923i553i676p2.1688.com;https://detail.1688.com/offer/652239179219.html
广州介夫贸易有限公司;https://shop5r242rx328179.1688.com;https://detail.1688.com/offer/650159977604.html
深圳市宝安区卓尼诗服饰厂;https://shop558k352513879.1688.com;https://detail.1688.com/offer/646630992867.html
高新区狮山仕赟佳日用百货商行;https://shop60b4b57221s75.1688.com;https://detail.1688.com/offer/640806971915.html
广州市艾靓坊服饰有限公司;https://ijf2005.1688.com;https://detail.1688.com/offer/639569984107.html
五华县横陂镇银珊商贸部;https://shop21h19174u1207.1688.com;https://detail.1688.com/offer/651899095305.html
晋江市龙湖镇昌源日用品商行;https://shop746e92t076455.1688.com;https://detail.1688.com/offer/652531930325.html
佛山市答案看贸易有限公司;https://shop96951g756zq02.1688.com;https://detail.1688.com/offer/655822383742.html
广州市婉返服装商行;https://shop11m231t627t26.1688.com;https://detail.1688.com/offer/654545305942.html
湖州靓影服饰有限公司;https://shop60e0341977959.1688.com;https://detail.1688.com/offer/646739895011.html
深圳市宝安区君来百福服饰厂;https://shop1492188822324.1688.com;https://detail.1688.com/offer/640308266164.html
深圳市黑格尔电子商务有限公司;https://heyoungirl.1688.com;https://detail.1688.com/offer/642576434267.html
佛山市南海区彰仨日用品厂;https://shop8593727527063.1688.com;https://detail.1688.com/offer/644739705173.html
云霄县旋锋化妆品店;https://shop51199440r9p28.1688.com;https://detail.1688.com/offer/654869771608.html
广州焱婷服装厂;https://shop8a9w916a94259.1688.com;https://detail.1688.com/offer/653120343219.html
广州莹宝儿服装厂;https://shop7123d72931td6.1688.com;https://detail.1688.com/offer/654275727358.html
广州星玖服装厂;https://shop00r4257k68333.1688.com;https://detail.1688.com/offer/654707974141.html
广州市嘉婷儿贸易有限公司;https://shop8721615777447.1688.com;https://detail.1688.com/offer/649107634684.html
广州市花都区狮岭汁交贸易商行;https://shop9001665f9b827.1688.com;https://detail.1688.com/offer/652899533299.html
广州博户信商贸有限公司;https://shop70549t9049185.1688.com;https://detail.1688.com/offer/654306426143.html
广州市越秀区奕帆眼镜商行;https://shop334492u891151.1688.com;https://detail.1688.com/offer/648480397631.html
广州婉盈服装厂;https://shop13b19j0540318.1688.com;https://detail.1688.com/offer/651579464637.html
深圳市宝安区福海千鸟羽服饰厂;https://shop1492793979639.1688.com;https://detail.1688.com/offer/647715584043.html
广州唐娅服饰商行;https://shop52462a65g2r72.1688.com;https://detail.1688.com/offer/652508378422.html
广州市越秀区銮熙服饰店;https://shop46r519k956002.1688.com;https://detail.1688.com/offer/652514801115.html
深圳市宝安区卡茜妮娅制衣厂;https://shop4380h10n890w4.1688.com;https://detail.1688.com/offer/648936865249.html
义乌市博弈贸易有限公司;https://shop83k344444v7k3.1688.com;https://detail.1688.com/offer/648840677532.html
广州市岚瑾贸易有限公司;https://shop9hc8c08170939.1688.com;https://detail.1688.com/offer/647895069781.html
广州小小宅女服装商行;https://shop6290399395y96.1688.com;https://detail.1688.com/offer/648838923316.html
高新技术产业开发区有八物资经销处;https://shop2608863ww5811.1688.com;https://detail.1688.com/offer/655160858497.html
广州芙丽服装厂;https://shop736m363e69832.1688.com;https://detail.1688.com/offer/653115419693.html
广州市海珠区语馨制衣厂;https://shop05n0901107599.1688.com;https://detail.1688.com/offer/652734812982.html
广州梦衣园服装商行;https://shop5f5912g105h44.1688.com;https://detail.1688.com/offer/631019639570.html
遂昌晶优艺贸易商行;https://shop7l3l1680o8680.1688.com;https://detail.1688.com/offer/647937749393.html
兰山区桉扬百货便利店;https://shop5j25838358404.1688.com;https://detail.1688.com/offer/648835233182.html
广州尚纯伊服饰有限公司;https://shop703mh65436708.1688.com;https://detail.1688.com/offer/655910179921.html
深圳市福田区适美服饰厂;https://shimei.1688.com;https://detail.1688.com/offer/649947583288.html
兰山区雁鸣日用百货中心;https://shop4426459285286.1688.com;https://detail.1688.com/offer/644926477100.html
可觅服饰（广州）有限公司;https://coremee.1688.com;https://detail.1688.com/offer/641219475089.html
桐乡市梧桐洛哥服饰商行;https://shop896570784u462.1688.com;https://detail.1688.com/offer/651190687404.html
广州市泰享服装有限公司;https://shop8o7q4615p6231.1688.com;https://detail.1688.com/offer/644603666586.html
广州鹭芦服饰商行;https://shop13a100588x188.1688.com;https://detail.1688.com/offer/653306917498.html
义乌市夏欣服饰厂;https://shop16s0u68487551.1688.com;https://detail.1688.com/offer/655698263513.html
柘荣县庆图日用品经营部;https://shop7963428g6g051.1688.com;https://detail.1688.com/offer/652058853335.html
深圳市龙岗区旭辉服装贸易商行;https://shop292166leg1246.1688.com;https://detail.1688.com/offer/651641906717.html
义乌市晓钰服饰厂;https://shop65539o80o3395.1688.com;https://detail.1688.com/offer/651947083748.html
建德市下涯镇妲番贸易商行;https://shop87b48666h2j12.1688.com;https://detail.1688.com/offer/643195602176.html
泾河新城有苗电子商行;https://shop2mf580m773163.1688.com;https://detail.1688.com/offer/650562990847.html
广州邦智川贸易工作室;https://shop9b630028v5160.1688.com;https://detail.1688.com/offer/654313135029.html
佛山市禅城区芷墨工艺美术品店;https://shop48q9t847q7824.1688.com;https://detail.1688.com/offer/644223475748.html
临沂市兰山区盈捷百货商行;https://shop778n4954841o3.1688.com;https://detail.1688.com/offer/652876372478.html
保定白沟新城浅克箱包销售部;https://shop97c35c18558g0.1688.com;https://detail.1688.com/offer/654844814992.html
莆田市彬玲贸易有限公司;https://shop47230y1265280.1688.com;https://detail.1688.com/offer/651826487810.html
深圳市咔凡咔电子商务有限公司;https://shop1440669580917.1688.com;https://detail.1688.com/offer/653182639608.html
广州康欣伟时装商行;https://shop29yv3310y7334.1688.com;https://detail.1688.com/offer/652214137914.html
深圳市宝安区石岩佐野晃晃服饰商行;https://mangoostreet.1688.com;https://detail.1688.com/offer/640708615832.html
苍南县宏谷工艺礼品厂;https://shop6q791228w7j56.1688.com;https://detail.1688.com/offer/648646947910.html
漯河市源汇区菲羽头日用百货店;https://shop140c608499444.1688.com;https://detail.1688.com/offer/649055796881.html
广州越秀区博汀商贸商行;https://shop0701790837376.1688.com;https://detail.1688.com/offer/650202060024.html
广州市优衣裤服装厂;https://shop4141917263n17.1688.com;https://detail.1688.com/offer/648046829004.html
深圳市龙岗区钱夫人服饰商行;https://shop13m5580783m78.1688.com;https://detail.1688.com/offer/647527556592.html
揭阳市瑞琦服装有限公司;https://shop88d008h0r6646.1688.com;https://detail.1688.com/offer/655258965464.html
五指山捷惠网店;https://caimiqing.1688.com;https://detail.1688.com/offer/647877625103.html
广州安博杰服装商行;https://shop60tu887e97175.1688.com;https://detail.1688.com/offer/651213297574.html
广州仟伊曼贸易有限公司;https://shop161907972r157.1688.com;https://detail.1688.com/offer/651844052842.html
揭阳市榕城区丹美服装商行;https://shop80344h89dd687.1688.com;https://detail.1688.com/offer/651630344017.html
深圳市南山区壹捌潮品服装商行;https://yibachaopin.1688.com;https://detail.1688.com/offer/650216959553.html
广州当学会电子商务有限公司;https://shop6832p87w61037.1688.com;https://detail.1688.com/offer/650507550436.html
广州雅之欣服装厂;https://shop214o5716q3579.1688.com;https://detail.1688.com/offer/649829972504.html
深圳市龙华区克莱拉服装厂;https://shop1492016961436.1688.com;https://detail.1688.com/offer/650725798117.html
鲤城区米萝服饰商行;https://miluofushi.1688.com;https://detail.1688.com/offer/642730730362.html
深圳市宝安区西乡苏珊娜服装厂;https://shop095w047942q18.1688.com;https://detail.1688.com/offer/627738922116.html
深圳市宝安区昌顺宝新型材料批发部;https://shop4284q92587x46.1688.com;https://detail.1688.com/offer/644788739489.html
舞钢市梁梁互联网零售网店;https://shop259bb570e9011.1688.com;https://detail.1688.com/offer/620482550561.html
义乌市米盒服饰有限公司;https://shop15426j44gl492.1688.com;https://detail.1688.com/offer/651118812352.html
润州区余而暖百货商行;https://shop1353520491gi6.1688.com;https://detail.1688.com/offer/645165817219.html
柘荣县庆网日用品经营部;https://shop455b254065j45.1688.com;https://detail.1688.com/offer/649841374328.html
广州市孙天昌记商贸厂;https://shop11n231032k478.1688.com;https://detail.1688.com/offer/655540998165.html
厦门市同安区质好造日用品店;https://shop02u1455970117.1688.com;https://detail.1688.com/offer/641468460390.html
深圳市宝安区欧诺雅服装商行;https://ounuoya.1688.com;https://detail.1688.com/offer/647472175612.html
义乌市晨翔服饰有限公司;https://chenxiangzz.1688.com;https://detail.1688.com/offer/588151787293.html
广州米多实业有限公司;https://miduosy.1688.com;https://detail.1688.com/offer/620738909399.html
广州市海珠区沃海服装厂;https://hypearl.1688.com;https://detail.1688.com/offer/589574009489.html
广州市越秀区千雅商贸有限公司;https://shop92935u7u861u0.1688.com;https://detail.1688.com/offer/653493893731.html
广州依人轩服装厂;https://shop364f936f24747.1688.com;https://detail.1688.com/offer/650936863017.html
丰泽区万辉服装商行;https://shop358k1y4k62148.1688.com;https://detail.1688.com/offer/639200993036.html
德州娜甜服饰有限公司;https://dezhounatian.1688.com;https://detail.1688.com/offer/650632360368.html
博爱县港港日用百货网店;https://shop89r21419034r6.1688.com;https://detail.1688.com/offer/652882383363.html
遂昌雅天丝百货商行;https://shop5r436070434w3.1688.com;https://detail.1688.com/offer/639307710447.html
博爱县张程日用品网店;https://shop10bb084c17965.1688.com;https://detail.1688.com/offer/650984136754.html
临沂市兰山区池恩商贸店;https://shop9s042om486771.1688.com;https://detail.1688.com/offer/645918124452.html
义乌市湃荣电子商务商行;https://ywpairong.1688.com;https://detail.1688.com/offer/567151448663.html
博爱县娄花日用百货网店;https://shop04921w4467021.1688.com;https://detail.1688.com/offer/652302262042.html
广州市香莱茹服装有限公司;https://shop1489770006024.1688.com;https://detail.1688.com/offer/590546010879.html
义乌市蓝娜服饰有限公司;https://ywlanna.1688.com;https://detail.1688.com/offer/540485094707.html
深圳市宝安区燕子服饰商行;https://zhangyy2010.1688.com;https://detail.1688.com/offer/584614553510.html
青岛世纪扬帆工贸有限公司;https://shop1466096622450.1688.com;https://detail.1688.com/offer/646527608049.html
博爱县韦镪日用百货网店;https://shop8395m6734p1s7.1688.com;https://detail.1688.com/offer/650894432018.html
临沂市兰山区名臣商贸店;https://shop632i1816227m3.1688.com;https://detail.1688.com/offer/646248723135.html
厦门市同安区娇画槿日用品店;https://shop56304562s6594.1688.com;https://detail.1688.com/offer/649613750096.html
漳州赖小胖网络科技有限公司;https://shop17q924u346248.1688.com;https://detail.1688.com/offer/646689529295.html
深圳市宝安区新安有间客栈服饰商行;https://kezhan.1688.com;https://detail.1688.com/offer/586335781247.html
宁乡顺仁服装店;https://shunren.1688.com;https://detail.1688.com/offer/642718282752.html
即墨区熙晗服装批发部;https://shop1394556803533.1688.com;https://detail.1688.com/offer/647573911289.html
温州市创无限电子商务有限公司;https://shop314f7673m8346.1688.com;https://detail.1688.com/offer/643076464520.html
广州宏蔚服饰有限公司;https://tajafashion.1688.com;https://detail.1688.com/offer/655683206107.html
深圳市艾尔菲红商贸有限公司;https://shop1464247217795.1688.com;https://detail.1688.com/offer/589697616770.html
博爱县佳丽服饰店;https://shop82611j6l14433.1688.com;https://detail.1688.com/offer/652815850788.html
深圳市龙华区利捷庆贸易商行;https://shop014715zc551y0.1688.com;https://detail.1688.com/offer/628336632714.html
新罗区好池柴百货商行;https://shop7792092y342y9.1688.com;https://detail.1688.com/offer/652715956988.html
博爱县锡团服饰店;https://shop2881347409710.1688.com;https://detail.1688.com/offer/651749704300.html
深圳市俊玉服装有限公司;https://shop3262i2m640018.1688.com;https://detail.1688.com/offer/633112435870.html
佛山市南海区维梭日用品厂;https://shop280q1x5735268.1688.com;https://detail.1688.com/offer/643551173678.html
深圳市宝安区沙井芊妃美服装厂;https://shop1440694251420.1688.com;https://detail.1688.com/offer/628351413820.html
深圳市宝安区欧诗语服饰商行;https://shop8750270871223.1688.com;https://detail.1688.com/offer/628055101547.html
长沙江润商贸有限公司;https://xwyfsc.1688.com;https://detail.1688.com/offer/654147929297.html
武汉元锦云翘贸易商行;https://shop412wv887i0614.1688.com;https://detail.1688.com/offer/634556665558.html
博爱县趁意日用百货网店;https://shop935775eh1h064.1688.com;https://detail.1688.com/offer/652174549051.html
深圳市宝安区法米斯制衣厂;https://shop1460133887073.1688.com;https://detail.1688.com/offer/627157271437.html
深圳市南山区卡盛特服饰厂;https://shop1457974107872.1688.com;https://detail.1688.com/offer/619344491919.html
广州恒亿服饰有限公司;https://shop1360083239126.1688.com;https://detail.1688.com/offer/573036725536.html
广州史物莱服饰商行;https://shop7ls2159328666.1688.com;https://detail.1688.com/offer/644581317701.html
玉林市玉州区金莱服饰批发经营部;https://shop3170277748469.1688.com;https://detail.1688.com/offer/635768446487.html
义乌市念戎电子商务商行;https://shop173b9993p5572.1688.com;https://detail.1688.com/offer/653513444253.html
杭州唯娜服饰有限公司;https://weinanvzhuang.1688.com;https://detail.1688.com/offer/548241288493.html
佛山市南海区卡宾轩服饰厂;https://shop253a72562w729.1688.com;https://detail.1688.com/offer/642613935332.html
博爱县小叮当日用百货网店;https://shop48w8921256380.1688.com;https://detail.1688.com/offer/644809589639.html
深圳市罗湖区佳衣阁服装商行;https://shop66mm349022r96.1688.com;https://detail.1688.com/offer/624574175752.html
深圳市宝安区石岩丽裳佳人服装商行;https://shop1450457770035.1688.com;https://detail.1688.com/offer/621993188186.html
深圳市宝安区维衣莉服装厂;https://shop1457024571409.1688.com;https://detail.1688.com/offer/642067115700.html
辛集市俊台日杂店;https://shop16025t10w0211.1688.com;https://detail.1688.com/offer/642113763995.html
广州名祥服饰有限公司;https://mingxiangclothes.1688.com;https://detail.1688.com/offer/641578788711.html
嘉兴市定衣社贸易有限公司;https://shop0u1914882e3y1.1688.com;https://detail.1688.com/offer/653331017001.html
深圳市龙岗区菲慕姿服装商行;https://shop79h9191929021.1688.com;https://detail.1688.com/offer/592758361361.html
广州市黄埔区普洛斯家具厂;https://shop024r50f974372.1688.com;https://detail.1688.com/offer/654527413226.html
广州市黄埔区兰神韵日用品厂;https://shop92y2160ug1668.1688.com;https://detail.1688.com/offer/654719415170.html
一柠服饰(广东)有限公司;https://shop1t585j74k9259.1688.com;https://detail.1688.com/offer/653175697734.html
佛山市南海区梓雨维服装厂;https://shop3741180z0w044.1688.com;https://detail.1688.com/offer/641245913222.html
玉林市玉州区艳清百货店;https://shop1629x10361936.1688.com;https://detail.1688.com/offer/646946274447.html
广州炽盛服饰商行;https://shop159702j91o277.1688.com;https://detail.1688.com/offer/655347042951.html
广州市红升服饰有限公司;https://shop07h20896hv796.1688.com;https://detail.1688.com/offer/641430391101.html
广州市越秀区诚而兴布艺商行;https://shop234037f5c2h56.1688.com;https://detail.1688.com/offer/652498025756.html
余姚迦富贸易商行;https://shop2139868h2a408.1688.com;https://detail.1688.com/offer/648626921257.html
沛县迪冠日用品店;https://shop1a98019900u20.1688.com;https://detail.1688.com/offer/653147738147.html
揭阳市揭东区新亨镇苏鹏服饰店;https://shop1480524855361.1688.com;https://detail.1688.com/offer/613471288709.html
揭阳市揭东区新亨镇苏婷婷服装经营部;https://shop393762696wg31.1688.com;https://detail.1688.com/offer/623912611041.html
揭阳产业园月城镇千点服饰经营部;https://qiandian.1688.com;https://detail.1688.com/offer/617119042025.html
深圳市龙岗区坂田漫锋服装批发商行;https://shop1419612355676.1688.com;https://detail.1688.com/offer/534648196311.html
广州登妮服饰批发商行;https://shop71525590mu354.1688.com;https://detail.1688.com/offer/615460367539.html
连城县钮高兴服饰店;https://shop3h48035116e51.1688.com;https://detail.1688.com/offer/652512612968.html
深圳市宝安区曼锋服装厂;https://shop1430758132292.1688.com;https://detail.1688.com/offer/534539273391.html
深圳市宝安区蒂富服装厂;https://shop1484067362684.1688.com;https://detail.1688.com/offer/604313965005.html
揭阳市鹏新佳服装有限公司;https://shop9s5391z189p37.1688.com;https://detail.1688.com/offer/614356035058.html
杭州四媛服饰有限公司;https://shop1468256661970.1688.com;https://detail.1688.com/offer/654010672196.html
浩懿贸易(嘉兴)有限公司;https://shop55q31i729p168.1688.com;https://detail.1688.com/offer/653073733135.html
平湖市岚珊服饰有限公司;https://shop1489683965576.1688.com;https://detail.1688.com/offer/653951852194.html
东莞市虎门维蒙服装店;https://gdvama.1688.com;https://detail.1688.com/offer/558388750556.html
欧凌航(深圳)贸易有限公司;https://shop03d007559c679.1688.com;https://detail.1688.com/offer/642526482187.html
新罗区朵芮诗百货店;https://shop958332c447o02.1688.com;https://detail.1688.com/offer/642826609364.html
芜湖素木思客电子商务有限公司;https://shop807673os61670.1688.com;https://detail.1688.com/offer/626106869196.html
漯河市源汇区佩晟百货店;https://shop2872761550vv7.1688.com;https://detail.1688.com/offer/649806061308.html
连城县问萍伦服饰店;https://shop4870675m22008.1688.com;https://detail.1688.com/offer/653095372034.html
景宁醇欣电子商务商行;https://shop86x4755a490q9.1688.com;https://detail.1688.com/offer/655038107934.html
义乌市淑染电子商务商行;https://shop6o41672u20437.1688.com;https://detail.1688.com/offer/655521731459.html
广州培华服装厂;https://shop4999o58u505h2.1688.com;https://detail.1688.com/offer/649189070367.html
东莞市林兴贸易有限公司;https://shop228l8259n6470.1688.com;https://detail.1688.com/offer/613206262887.html
宁波盛道科技股份有限公司;https://ningboshengdao.1688.com;https://detail.1688.com/offer/538832483790.html
郁南县千官镇爱丽尚牛仔服饰店;https://shop024j5yu877245.1688.com;https://detail.1688.com/offer/578071072062.html
广州市越秀区加婉贸易商行;https://shop0ew766z094742.1688.com;https://detail.1688.com/offer/653758343582.html
佛山市南海区建迪楠服装厂;https://shop20112cm59b850.1688.com;https://detail.1688.com/offer/640297796049.html
佛山市南海区锋卡楠服饰厂;https://shop665744w5294w0.1688.com;https://detail.1688.com/offer/653143884250.html
泉州富世商贸有限公司;https://afushisells.1688.com;https://detail.1688.com/offer/653351055142.html
深圳市韩衣坊服饰有限公司;https://shop6z884kk293148.1688.com;https://detail.1688.com/offer/641199257829.html
深圳市穗莉雅服饰有限公司;https://shop959p7i1i36440.1688.com;https://detail.1688.com/offer/646977823552.html
广州市秘园服饰有限公司;https://miyuanfushi.1688.com;https://detail.1688.com/offer/625404173574.html
新罗区景纪谊服装店;https://shop4285315418483.1688.com;https://detail.1688.com/offer/640947982486.html
深圳市龙岗区紫衿悠悠服装厂;https://shop1457973985029.1688.com;https://detail.1688.com/offer/653049488596.html
新罗区城大尚百货商行;https://shop0311196691714.1688.com;https://detail.1688.com/offer/653186894082.html
广州盛斯贸易商行;https://shop2785946826840.1688.com;https://detail.1688.com/offer/628815437137.html
成华区惠敏盛商贸部;https://shop3g21644d99070.1688.com;https://detail.1688.com/offer/654609412439.html
中山市乔伊琳服饰有限公司;https://shop1461257367160.1688.com;https://detail.1688.com/offer/567960224367.html
平湖市百艺服饰店;https://shop134t053528377.1688.com;https://detail.1688.com/offer/654080624698.html
常熟市莫城街道哦哈呦服装商行;https://ohayou.1688.com;https://detail.1688.com/offer/653806028585.html
苏州非觅服饰有限公司;https://shop3817227587047.1688.com;https://detail.1688.com/offer/654089856940.html
成华区嘉盛华商贸部;https://shop131701129b154.1688.com;https://detail.1688.com/offer/655175669501.html
义乌市焕英服装商行;https://shop6s10211m18428.1688.com;https://detail.1688.com/offer/653396445343.html
中山市沙溪镇猫芝家制衣厂;https://shop5x37g869432o1.1688.com;https://detail.1688.com/offer/559465596536.html
台州市黄岩匠衣服装商行;https://shop3442p8i979018.1688.com;https://detail.1688.com/offer/654529559965.html
深圳市宝安区依笙缘服饰批发商行;https://shop1465405497001.1688.com;https://detail.1688.com/offer/654085846412.html
深圳市龙岗区秀派服装厂;https://shop1392310429403.1688.com;https://detail.1688.com/offer/548113852238.html
光山县贯妗商贸有限责任公司;https://shop1h593s7497738.1688.com;https://detail.1688.com/offer/605742071775.html
连城县茜洋及百货店;https://shop3w4z637335d95.1688.com;https://detail.1688.com/offer/653931227342.html
义乌市珏段电子商务商行;https://shop7552764477434.1688.com;https://detail.1688.com/offer/654734654911.html
义乌市颢海贸易有限公司;https://cshkkk.1688.com;https://detail.1688.com/offer/644918891092.html
深圳市福田区烽乐汇贸易商行;https://shop96517424s4311.1688.com;https://detail.1688.com/offer/616499654957.html
新罗区紫糖誉百货店;https://shop665180w2169x8.1688.com;https://detail.1688.com/offer/643130641121.html
深圳市宝安区鑫绒服饰批发商行;https://shop1426179070088.1688.com;https://detail.1688.com/offer/604427274093.html
深圳市宝安区石岩裕欣坊服装厂;https://shop1492448042426.1688.com;https://detail.1688.com/offer/637709625244.html
广州莱撒服饰有限公司;https://shop31244z9760ro2.1688.com;https://detail.1688.com/offer/654377289776.html
广州市聚百优品贸易有限公司;https://jubaiyoupin.1688.com;https://detail.1688.com/offer/631029120502.html
中山市西区酷个性牛仔服饰店;https://shop1357320294377.1688.com;https://detail.1688.com/offer/573556582758.html
深圳市宝安区松岗阳晨一族服装厂;https://ychyizu.1688.com;https://detail.1688.com/offer/653218081610.html
灌南县新安镇古克男装店;https://shop43926764l5638.1688.com;https://detail.1688.com/offer/608675420850.html
天门市潮流服饰经营店;https://leweiya8013.1688.com;https://detail.1688.com/offer/521671383238.html
台州市黄岩小熠茗童装厂;https://xiaoyiming.1688.com;https://detail.1688.com/offer/572825888431.html
吴兴织里早阳童制衣厂;https://shop379m21264ww84.1688.com;https://detail.1688.com/offer/649492060508.html
永定区烛密宙百货店;https://shop819265969k893.1688.com;https://detail.1688.com/offer/643241126860.html
深圳市宝安区燕罗简爱轩制衣厂;https://498934730.1688.com;https://detail.1688.com/offer/571545432911.html
佛山市禅城区诚韵贸易商行;https://shop46fi47p850136.1688.com;https://detail.1688.com/offer/655811486294.html
株洲市芦淞区金妆丽人制衣厂;https://weiwen99.1688.com;https://detail.1688.com/offer/623160812022.html
钟楼区南大街小时候服装店;https://shop669sz82087v79.1688.com;https://detail.1688.com/offer/636575088422.html
义乌市旅茶电子商务商行;https://chama609.1688.com;https://detail.1688.com/offer/539078138602.html
东莞市衣晨服装有限公司;https://shop1388249510081.1688.com;https://detail.1688.com/offer/607060519416.html
广州梦缘服装厂;https://shop55076jlo54176.1688.com;https://detail.1688.com/offer/640272730892.html
佛山市禅城区镜羽电子商务服务部;https://shop5m827m6760116.1688.com;https://detail.1688.com/offer/654988600053.html
佛山市禅城区星魅贸易商行;https://shop0570j932o39l0.1688.com;https://detail.1688.com/offer/654990252032.html
深圳市龙岗区蕾优安服装厂;https://leiyouan8888.1688.com;https://detail.1688.com/offer/634227304737.html
深圳市宝安区新安衣蕾莎服饰商行;https://shop0mcc402310423.1688.com;https://detail.1688.com/offer/601262645591.html
辛集市亮思百货店;https://shop44665s5b33439.1688.com;https://detail.1688.com/offer/627937628238.html
天门雅尼商贸有限公司;https://shop66556528p0088.1688.com;https://detail.1688.com/offer/654926848466.html
广州市彩娟服饰有限公司;https://shop49s9337229zp5.1688.com;https://detail.1688.com/offer/632714381478.html
中山颜茹服饰有限公司;https://yanrufushi.1688.com;https://detail.1688.com/offer/620728344285.html
深圳市宝安区西乡三工木木服装商行;https://shop94r78857105t1.1688.com;https://detail.1688.com/offer/560995096339.html
温州市鹿城区煜霏百货商行;https://shop5lfi341250487.1688.com;https://detail.1688.com/offer/637691236861.html
东莞市欢出财电子商务有限公司;https://shop251o130163c65.1688.com;https://detail.1688.com/offer/654669812736.html
广州市天河区沙东利德服装店;https://shop88h19360ot556.1688.com;https://detail.1688.com/offer/632989963356.html
深圳市宝安区创美品服装厂;https://shop8530g37372t06.1688.com;https://detail.1688.com/offer/652096283055.html
