义乌市少峰电子商务商行;https://wilphenwu.1688.com;https://detail.1688.com/offer/626891151240.html
义乌市竹马饰品厂;https://zhumashipin.1688.com;https://detail.1688.com/offer/654488947174.html
义乌市益庆电子商务有限公司;https://shopyiqing.1688.com;https://detail.1688.com/offer/579124251701.html
九江千贝科技有限公司;https://shop20x2450d96690.1688.com;https://detail.1688.com/offer/608289488934.html
义乌市广拓饰品有限公司;https://fan670367810.1688.com;https://detail.1688.com/offer/578725879604.html
义乌市牛犇进出口有限公司;https://niuben.1688.com;https://detail.1688.com/offer/635493624562.html
义乌市馨懿饰品有限公司;https://huiyaosujiao.1688.com;https://detail.1688.com/offer/562517220684.html
义乌市宥麟电子商务有限公司;https://shop81q5p742k7990.1688.com;https://detail.1688.com/offer/645939480942.html
义乌市岚秀电子商务商行;https://shop1466010339509.1688.com;https://detail.1688.com/offer/534285577971.html
义乌市飚可工艺品厂;https://yiwubeauty.1688.com;https://detail.1688.com/offer/597562551295.html
义乌市慈新饰品有限公司;https://shop43r01e5m39188.1688.com;https://detail.1688.com/offer/646513414042.html
义乌市鸾恋电子商务有限公司;https://shop1419266743961.1688.com;https://detail.1688.com/offer/648988129401.html
新罗区平若芹百货店;https://shop31o16m2097776.1688.com;https://detail.1688.com/offer/642734724204.html
义乌市赫尔墨斯贸易有限公司;https://shop1u03o9v641772.1688.com;https://detail.1688.com/offer/643075483695.html
义乌市博艺贸易有限公司;https://shop8o146nx198478.1688.com;https://detail.1688.com/offer/652406090696.html
义乌市洲正贸易有限公司;https://shop408i386a39509.1688.com;https://detail.1688.com/offer/650416018386.html
义乌市传颂工艺品有限公司;https://shop067s325s15429.1688.com;https://detail.1688.com/offer/601696086000.html
义乌市楠博电子商务商行;https://shop1410539936050.1688.com;https://detail.1688.com/offer/610943519979.html
深圳市艾普义科技有限公司;https://tokqiy.1688.com;https://detail.1688.com/offer/654919352625.html
义乌市瑶艳饰品有限公司;https://shop54329033b1fm8.1688.com;https://detail.1688.com/offer/642777630776.html
义乌市嘉和饰品有限公司;https://shop2x18m57143k94.1688.com;https://detail.1688.com/offer/644553600054.html
义乌广跃电子商务有限公司;https://shop166472o659wx7.1688.com;https://detail.1688.com/offer/628086126213.html
义乌市茹玥电子商务商行;https://shop4298436ey6850.1688.com;https://detail.1688.com/offer/609514054071.html
义乌市婷洋饰品有限公司;https://tingyanshipin.1688.com;https://detail.1688.com/offer/606392734647.html
义乌市威扬饰品有限公司;https://weiyangsp.1688.com;https://detail.1688.com/offer/555895935381.html
义乌市竹锋电子商务商行;https://shop23810605068y4.1688.com;https://detail.1688.com/offer/642990877496.html
义乌市圆钱电子商务有限公司;https://shop42p12446v6241.1688.com;https://detail.1688.com/offer/642921745510.html
义乌市琚冉饰品有限公司;https://juranjewelry.1688.com;https://detail.1688.com/offer/559455890865.html
义乌市雪柔饰品有限公司;https://jane727.1688.com;https://detail.1688.com/offer/558298147673.html
义乌柒商电子商务有限公司;https://shop31305ytq88275.1688.com;https://detail.1688.com/offer/587876153408.html
义乌市鼎洲电子商务商行;https://dzsp2012.1688.com;https://detail.1688.com/offer/559397353203.html
义乌市浦上电子商务有限公司;https://shop7512267wuy819.1688.com;https://detail.1688.com/offer/639781044328.html
南平市建阳区达杶蕾百货店;https://shop23sr410568451.1688.com;https://detail.1688.com/offer/648875528336.html
青岛初饰工艺品有限公司;https://softangel.1688.com;https://detail.1688.com/offer/609005563836.html
东阳市白云蓝芝海饰品厂;https://aonashiping2.1688.com;https://detail.1688.com/offer/592720697155.html
义乌市旅益饰品商行;https://lvyi2015.1688.com;https://detail.1688.com/offer/607826247543.html
义乌市罗坤皮具厂;https://shop1452186209330.1688.com;https://detail.1688.com/offer/596561004721.html
义乌市金鸳贸易有限公司;https://shop34k60q6912434.1688.com;https://detail.1688.com/offer/627550876735.html
义乌市满通贸易有限公司;https://shop97471tw561l83.1688.com;https://detail.1688.com/offer/555741200148.html
义乌市妙雅饰品有限公司;https://shop6239730h56062.1688.com;https://detail.1688.com/offer/578947901027.html
义乌市聚嘉饰品有限公司;https://jujiajewelry.1688.com;https://detail.1688.com/offer/560101543631.html
义乌市方归贸易有限公司;https://cnfanggui.1688.com;https://detail.1688.com/offer/558999225657.html
义乌市柚木饰品有限公司;https://youmushipin.1688.com;https://detail.1688.com/offer/573753100717.html
义乌市炽侣电子商务商行;https://sunenwen.1688.com;https://detail.1688.com/offer/555726070992.html
义乌市律心电子商务商行;https://shop1463503804633.1688.com;https://detail.1688.com/offer/554892462654.html
义乌市璐儿电子商务商行;https://shop1461775831606.1688.com;https://detail.1688.com/offer/555249360194.html
东阳市白云悦霞饰品商行;https://yuexiashipin.1688.com;https://detail.1688.com/offer/561664564213.html
义乌市林翔电子商务商行;https://ywlinxiangshop.1688.com;https://detail.1688.com/offer/560471660166.html
义乌市谷力服饰厂;https://shop1452012534799.1688.com;https://detail.1688.com/offer/560467164714.html
义乌市卓权饰品厂;https://shop1383843389764.1688.com;https://detail.1688.com/offer/571742569233.html
义乌市久通饰品加工厂;https://shop6z258x2087823.1688.com;https://detail.1688.com/offer/624449097132.html
义乌市昕涵饰品有限公司;https://shop249075gr0r667.1688.com;https://detail.1688.com/offer/642387493466.html
义乌市露兮电子商务商行;https://shop701g0204b5202.1688.com;https://detail.1688.com/offer/613620062192.html
义乌市曼缇饰品有限公司;https://ywmanti.1688.com;https://detail.1688.com/offer/573415554711.html
义乌市迪战电子商务有限公司;https://shop1442940715433.1688.com;https://detail.1688.com/offer/579987994514.html
义乌市蓝淘饰品有限公司;https://longpingershipin.1688.com;https://detail.1688.com/offer/592982890763.html
义乌市怀琅贸易有限公司;https://shop1443451805112.1688.com;https://detail.1688.com/offer/593151739935.html
义乌市美航饰品有限公司;https://shop1386953617542.1688.com;https://detail.1688.com/offer/597598812838.html
义乌市晓丽电子商务商行;https://shop1463503902757.1688.com;https://detail.1688.com/offer/574673125788.html
义乌云罗电子商务有限公司;https://yunluo1.1688.com;https://detail.1688.com/offer/553613968133.html
义乌市润俏饰品厂;https://shop1430153394269.1688.com;https://detail.1688.com/offer/553793910594.html
罗诗琛;https://shop1384534583237.1688.com;https://detail.1688.com/offer/573802566702.html
义乌市粤维电子商务商行;https://shop24896t6bs2544.1688.com;https://detail.1688.com/offer/642604656618.html
广州市鸿亭商贸商行;https://hongting521314.1688.com;https://detail.1688.com/offer/641712100153.html
义乌市雪岳电子商务商行;https://wise678.1688.com;https://detail.1688.com/offer/583993611086.html
义乌市小云饰品商行;https://shop04014628g0g39.1688.com;https://detail.1688.com/offer/640389565393.html
义乌市霞东商贸有限公司;https://shop798g44nn46210.1688.com;https://detail.1688.com/offer/652142938430.html
绍兴柯桥箴言纺织装饰品有限公司;https://shop709751527n481.1688.com;https://detail.1688.com/offer/616458963751.html
义乌市亿鸟电子商务有限公司;https://591zsh.1688.com;https://detail.1688.com/offer/580371412801.html
义乌市羽虹饰品有限公司;https://shop9me3343813031.1688.com;https://detail.1688.com/offer/593541197271.html
义乌市鸿雨电子商务商行;https://shop62122339c9478.1688.com;https://detail.1688.com/offer/574100016374.html
义乌市脸谱工艺品有限公司;https://hualianpu.1688.com;https://detail.1688.com/offer/630909590913.html
义乌市玖灼电子商务有限公司;https://shop578i77k033494.1688.com;https://detail.1688.com/offer/627581869919.html
义乌市追笑电子商务商行;https://520zx520.1688.com;https://detail.1688.com/offer/554759574250.html
佛山市禅城区栎鹤科百货商行;https://shop77x7u81w97586.1688.com;https://detail.1688.com/offer/645071379382.html
义乌悦动电子商务有限公司;https://ywxyy.1688.com;https://detail.1688.com/offer/540325448809.html
杭州哎呀进出口有限公司;https://didamao.1688.com;https://detail.1688.com/offer/593882227600.html
义乌市庄周电子商务商行;https://shop1461343228927.1688.com;https://detail.1688.com/offer/574783690122.html
东阳市江晖饰品有限公司;https://shop211640546c758.1688.com;https://detail.1688.com/offer/583268733923.html
沧州市运河区柯剑服饰经销处;https://shop87r9459411635.1688.com;https://detail.1688.com/offer/636083895131.html
义乌市侣霞电子商务商行;https://jiajiaxigongyi.1688.com;https://detail.1688.com/offer/520214865752.html
杭州萧山梓梓工艺品厂;https://shop63m36c268m856.1688.com;https://detail.1688.com/offer/591280924482.html
义乌市创爵电子商务有限公司;https://chuangjue13.1688.com;https://detail.1688.com/offer/574123589858.html
义乌市琦麦饰品有限公司;https://shop9547p08z382c2.1688.com;https://detail.1688.com/offer/603193482153.html
义乌市吧唧电子商务商行;https://shop00ot8352723g1.1688.com;https://detail.1688.com/offer/641625029651.html
义乌市吆吆吧珠宝有限公司;https://yaoyaoba.1688.com;https://detail.1688.com/offer/610235622936.html
义乌市露阳电子商务商行;https://shop8685113992yw0.1688.com;https://detail.1688.com/offer/598166393328.html
义乌市千岚饰品有限公司;https://zjqianlan.1688.com;https://detail.1688.com/offer/570168623030.html
义乌市圆沁贸易有限公司;https://yiwushani.1688.com;https://detail.1688.com/offer/591114972481.html
义乌市榴芒饰品有限公司;https://liumang.1688.com;https://detail.1688.com/offer/568753955100.html
义乌市芳锋电子商务商行;https://shop1427173599343.1688.com;https://detail.1688.com/offer/556456038149.html
义乌市帝润服装辅料厂;https://shop1466065061413.1688.com;https://detail.1688.com/offer/628435353883.html
义乌市可仁饰品有限公司;https://hyssmy.1688.com;https://detail.1688.com/offer/563064025457.html
义乌市桐希电子商务商行;https://shop1416588432160.1688.com;https://detail.1688.com/offer/590119666523.html
义乌市聪多饰品有限公司;https://668458.1688.com;https://detail.1688.com/offer/568005258246.html
义乌麒铃阁饰品有限公司;https://shop2659891u28ba5.1688.com;https://detail.1688.com/offer/591374744211.html
厦门市隆富织带有限公司;https://longfuzhidai.1688.com;https://detail.1688.com/offer/586653003406.html
厦门市帝丽服装辅料有限公司;https://dilifuliao.1688.com;https://detail.1688.com/offer/592814805813.html
新罗区商湾百货商行;https://shop852s46ws49131.1688.com;https://detail.1688.com/offer/642475702330.html
雍彬;https://xintianwang.1688.com;https://detail.1688.com/offer/534733255969.html
义乌市朵涵饰品有限公司;https://shop1466702139500.1688.com;https://detail.1688.com/offer/636575960435.html
义乌翠翘电子商务有限公司;https://0579cq.1688.com;https://detail.1688.com/offer/653307276031.html
义乌市乐钰饰品厂;https://kdsby.1688.com;https://detail.1688.com/offer/567013293948.html
义乌市朵玮电子商务有限公司;https://dvjewelry.1688.com;https://detail.1688.com/offer/562799481578.html
新罗区名妆坊百货店;https://shop659q7d792z416.1688.com;https://detail.1688.com/offer/648400506021.html
义乌市芊稠电子商务商行;https://shop1466615000799.1688.com;https://detail.1688.com/offer/543773409591.html
东莞市丽纺饰品有限公司;https://lifangshipin.1688.com;https://detail.1688.com/offer/577470375204.html
义乌市坤娟电子商务有限公司;https://kunjuan228.1688.com;https://detail.1688.com/offer/557241751106.html
东莞市如刚五金饰品有限公司;https://rugang6666.1688.com;https://detail.1688.com/offer/592614196900.html
义乌市蓝冠饰品有限公司;https://languanjewelry.1688.com;https://detail.1688.com/offer/577626049047.html
义乌市希世电子商务有限公司;https://xishi001.1688.com;https://detail.1688.com/offer/577068675495.html
曹县衣贝特服饰有限公司;https://13406038122.1688.com;https://detail.1688.com/offer/609452699738.html
义乌市咏歌电子商务商行;https://yongge.1688.com;https://detail.1688.com/offer/561913609357.html
厦门市诺彩包装有限公司;https://nuocaiprint.1688.com;https://detail.1688.com/offer/588387926333.html
义乌市孜茉饰品厂;https://shop1366134974933.1688.com;https://detail.1688.com/offer/588020655084.html
青岛呜呜祖拉工艺品有限公司;https://shop1416189794459.1688.com;https://detail.1688.com/offer/537583510249.html
