义乌市汇友饰品有限公司;https://shop427q0900fp614.1688.com;https://detail.1688.com/offer/594965717913.html
义乌市曼康饰品厂;https://ywmkspc.1688.com;https://detail.1688.com/offer/619351509776.html
余江区聪格乐电子商务商行;https://shop4f9365e85r227.1688.com;https://detail.1688.com/offer/651207217891.html
南平市建阳区路皓阳百货店;https://shop6646114675907.1688.com;https://detail.1688.com/offer/649743487610.html
新罗区内萌谷百货店;https://shop3352a3a076a84.1688.com;https://detail.1688.com/offer/654717016216.html
张升平;https://duojiaoyan.1688.com;https://detail.1688.com/offer/621883149821.html
尤溪县鹏承商行;https://shop0041g6a953847.1688.com;https://detail.1688.com/offer/652520544225.html
余江区晓乐贸易商行;https://shop9456391q82755.1688.com;https://detail.1688.com/offer/652903936335.html
余江区达琪尼商贸商行;https://shop07009673185i6.1688.com;https://detail.1688.com/offer/653021668871.html
新罗区浚浚百货商行;https://shop66570666664k8.1688.com;https://detail.1688.com/offer/650476356252.html
余江区寻真梦贸易商行;https://shop76990297e19a3.1688.com;https://detail.1688.com/offer/654755875316.html
灵山县三隆镇胜达百货商行;https://shop977ru713265l8.1688.com;https://detail.1688.com/offer/641110105410.html
尤溪县多金夫商行;https://shop8435282042477.1688.com;https://detail.1688.com/offer/648837684847.html
余江区繁花电子商务商行;https://shop84962j9e59j71.1688.com;https://detail.1688.com/offer/655488491607.html
余江区娇娇电子商务商行;https://shop174hn45i76451.1688.com;https://detail.1688.com/offer/650628544486.html
新罗区量东暇百货商行;https://shop50x391074y284.1688.com;https://detail.1688.com/offer/653454957375.html
余江区建郭贸易商行;https://shop068a128077na4.1688.com;https://detail.1688.com/offer/652285804729.html
南靖县相南百货店;https://shop85511m54x5680.1688.com;https://detail.1688.com/offer/653891532914.html
三门蓝潭贸易商行;https://shop7184563q357b0.1688.com;https://detail.1688.com/offer/650499659320.html
义乌市熙宝服装厂;https://shop8455v3yv40115.1688.com;https://detail.1688.com/offer/655293835691.html
东莞市艺橙服饰有限公司;https://shop188e7b7677568.1688.com;https://detail.1688.com/offer/624742171054.html
福建莆田初颐贸易有限公司;https://shop8444315py37m0.1688.com;https://detail.1688.com/offer/637226849540.html
东莞君潮服饰有限公司;https://shop215n2n21i7205.1688.com;https://detail.1688.com/offer/617305832422.html
东莞市潮图服饰有限公司;https://shop9yn8857848044.1688.com;https://detail.1688.com/offer/617461594329.html
义乌市观佑饰品有限公司;https://guanyou0908.1688.com;https://detail.1688.com/offer/577076971208.html
义乌市龙恩饰品有限公司;https://ywloen.1688.com;https://detail.1688.com/offer/40147082546.html
义乌市奇阅饰品有限公司;https://qiyueshipin.1688.com;https://detail.1688.com/offer/634480158664.html
义乌市金鸳贸易有限公司;https://shop34k60q6912434.1688.com;https://detail.1688.com/offer/627836225147.html
义乌市年盛进出口有限公司;https://ywnsltd.1688.com;https://detail.1688.com/offer/525717495248.html
义乌市霞米电子商务有限公司;https://ywxiami.1688.com;https://detail.1688.com/offer/590261763323.html
义乌市美维饰品有限公司;https://shop247832r228825.1688.com;https://detail.1688.com/offer/645816060420.html
丹阳市界牌镇胜树工艺礼品厂;https://shop156o693z42h24.1688.com;https://detail.1688.com/offer/653257314688.html
高新区枫桥华厚盈服装商行;https://shop8fc8592r97186.1688.com;https://detail.1688.com/offer/654715043721.html
余江区发启贸易商行;https://shop5355k408co712.1688.com;https://detail.1688.com/offer/654053365980.html
义乌市余嘉饰品有限公司;https://shop7m85091y344m0.1688.com;https://detail.1688.com/offer/642434205079.html
高新区枫桥聚全锦服饰商行;https://shop9007785728yt7.1688.com;https://detail.1688.com/offer/654913205401.html
义乌市显义日用百货商行;https://shop489s4qg289606.1688.com;https://detail.1688.com/offer/650141408975.html
义乌市洛潘工艺品厂;https://shop86312s0803xk8.1688.com;https://detail.1688.com/offer/635419952428.html
东阳市白云佑天电子商务商行;https://shop5e9063w56e348.1688.com;https://detail.1688.com/offer/643573970344.html
丹阳市界牌镇玥盛驰工艺礼品厂;https://shop800633e112851.1688.com;https://detail.1688.com/offer/649922096659.html
明光市格贵贸易商行;https://shop22j7638c99357.1688.com;https://detail.1688.com/offer/641235551702.html
广州程展百货店;https://shop0598045q88049.1688.com;https://detail.1688.com/offer/654139118764.html
义乌市沐智工艺品厂;https://shop2i860x16497b9.1688.com;https://detail.1688.com/offer/637178597025.html
陆川县聚财日用品店;https://shop09382jr8j6753.1688.com;https://detail.1688.com/offer/648006518171.html
上犹县珍妮芬服装厂;https://shop24xz722335014.1688.com;https://detail.1688.com/offer/614735249745.html
余江区月两舜电子商务商行;https://shop67t5664779o78.1688.com;https://detail.1688.com/offer/652919379629.html
连城县巧由觅百货店;https://shop93026080f8581.1688.com;https://detail.1688.com/offer/654168151057.html
睢宁县曼超家居用品厂;https://shop258o73m4974o1.1688.com;https://detail.1688.com/offer/655048133918.html
台州市黄岩友安电子商务商行;https://shop3987q771633a2.1688.com;https://detail.1688.com/offer/652795961863.html
高新区枫桥茵本百货商行;https://shop318548pp87j92.1688.com;https://detail.1688.com/offer/655642310890.html
广州侠阁运动装备有限公司;https://shop1482339431634.1688.com;https://detail.1688.com/offer/613318486222.html
义乌市雨娇电子商务商行;https://yujiaosp.1688.com;https://detail.1688.com/offer/631372002122.html
义乌市嘉桐饰品有限公司;https://jiatong1225.1688.com;https://detail.1688.com/offer/608727457914.html
义乌市馨莲饰品有限公司;https://shop75h4615029198.1688.com;https://detail.1688.com/offer/581510232547.html
晋江浪芳妮服装有限公司;https://langfenni.1688.com;https://detail.1688.com/offer/567950675104.html
深圳市铭裕电子商务有限公司;https://shop11d65j1j47139.1688.com;https://detail.1688.com/offer/618102484765.html
义乌奇睿饰品有限公司;https://yiwuqirui.1688.com;https://detail.1688.com/offer/624315373292.html
佛山市结果电子商务有限公司;https://shop5126zc0g12680.1688.com;https://detail.1688.com/offer/646349987749.html
高新区枫桥真诗好百货商行;https://shop4qq3946748836.1688.com;https://detail.1688.com/offer/650840464653.html
佛山云淘商贸有限公司;https://shop2505g77739h79.1688.com;https://detail.1688.com/offer/645645538752.html
义乌市梦锦服饰厂;https://mjoy2019.1688.com;https://detail.1688.com/offer/615719961498.html
佛山市结果信息技术有限公司;https://shop74905z9m19493.1688.com;https://detail.1688.com/offer/649888629484.html
义乌市锐娟电子商务商行;https://shop319942j4u5151.1688.com;https://detail.1688.com/offer/655072078766.html
广州百先创贸易商行;https://shop692p5886rd118.1688.com;https://detail.1688.com/offer/642215717380.html
深圳市丰麟优择石油化工有限公司;https://shop98e36480080k1.1688.com;https://detail.1688.com/offer/656025070280.html
余江区欢怡经营部;https://shop5502063575359.1688.com;https://detail.1688.com/offer/655328062109.html
东莞市虎门戈莱手套厂;https://gelooo.1688.com;https://detail.1688.com/offer/1170077007.html
上海后风国际贸易有限公司;https://shop718827i9172h1.1688.com;https://detail.1688.com/offer/591035080086.html
南平市建阳区林农夜思百货店;https://shop616o5791k1420.1688.com;https://detail.1688.com/offer/655833199603.html
南平市建阳区林农东松百货店;https://shop60s291b3192s5.1688.com;https://detail.1688.com/offer/653311435228.html
丹阳市开发区世源祥百货商行;https://shop489f6102p94f7.1688.com;https://detail.1688.com/offer/627818481813.html
漳州开发区会雯韵百货店;https://shop94337o305z274.1688.com;https://detail.1688.com/offer/651807528981.html
广州嘚铭玩具商行;https://shop59682kt3226k7.1688.com;https://detail.1688.com/offer/653374435738.html
龙港市芯塔电子商务商行;https://shop8ni050489x102.1688.com;https://detail.1688.com/offer/651273197621.html
龙港市悦黎电子商务商行;https://shop358217o424427.1688.com;https://detail.1688.com/offer/651632790586.html
佛山市禅城区洲播伊皮具厂;https://shop080217q13u266.1688.com;https://detail.1688.com/offer/644184637122.html
新罗区金恒百货商行;https://shop6578r113c6802.1688.com;https://detail.1688.com/offer/652339958217.html
义乌市均宽电子商务商行;https://junkuan.1688.com;https://detail.1688.com/offer/535921234403.html
义乌市婉姝饰品厂;https://shop9967k66407683.1688.com;https://detail.1688.com/offer/642207762366.html
深圳菲克实业有限公司;https://shop5996884f988v8.1688.com;https://detail.1688.com/offer/646339664890.html
呼和浩特市德润羊绒制品有限责任公司;https://drcashmere.1688.com;https://detail.1688.com/offer/646745287113.html
义乌市执明电子商务商行;https://shop89053089y7392.1688.com;https://detail.1688.com/offer/643730549242.html
东阳市白云全伟服装厂;https://shop1490029853050.1688.com;https://detail.1688.com/offer/547133683298.html
义乌市予画贸易有限公司;https://hancan.1688.com;https://detail.1688.com/offer/522101813324.html
无锡市羊尖恒盛针织厂;https://wuxihengsheng88.1688.com;https://detail.1688.com/offer/654682195580.html
义乌市梵嘉贸易有限公司;https://shop39625m75p2912.1688.com;https://detail.1688.com/offer/634758511305.html
义乌市嘉静饰品有限公司;https://shop1493743769164.1688.com;https://detail.1688.com/offer/648422855409.html
义乌市宝嘉电子商务商行;https://shop6990i6160z228.1688.com;https://detail.1688.com/offer/649591109890.html
义乌市馨懿饰品有限公司;https://huiyaosujiao.1688.com;https://detail.1688.com/offer/642071058963.html
义乌市和夫饰品有限公司;https://hefushop.1688.com;https://detail.1688.com/offer/619336466777.html
嵊州市苏泰服饰有限公司;https://sutiegarment.1688.com;https://detail.1688.com/offer/642216133424.html
宁波奉化元启百货商行;https://shop3947297695a64.1688.com;https://detail.1688.com/offer/652499297032.html
广州市福瑞康百货商行;https://shop654113s9m39d6.1688.com;https://detail.1688.com/offer/655144039475.html
广州市花都区狮岭家家兴百货店;https://shop5462037666900.1688.com;https://detail.1688.com/offer/654484889387.html
丹阳市开发区斯德飞百货商行;https://shop2a13866202124.1688.com;https://detail.1688.com/offer/632631006663.html
丹阳市开发区中世辉百货商行;https://shop8188x38t48726.1688.com;https://detail.1688.com/offer/627315512141.html
涵江区涵西郑珍英服装厂;https://shop02k2d696v3682.1688.com;https://detail.1688.com/offer/654873423171.html
海宁市海洲盛顺福工艺品商店;https://shop248r487256009.1688.com;https://detail.1688.com/offer/571770911215.html
义乌胤辉贸易有限公司;https://shop3860574e67n62.1688.com;https://detail.1688.com/offer/556481347031.html
赣州市彩翼卡通服装有限公司;https://topcolours.1688.com;https://detail.1688.com/offer/617536989185.html
吴兴九条蚕服装商行;https://jiutiaocanzhensi.1688.com;https://detail.1688.com/offer/594340827073.html
义乌鸿思服饰有限公司;https://shop9dj4601961418.1688.com;https://detail.1688.com/offer/642315882852.html
扬州市米拉体育用品有限公司;https://shop1464800587131.1688.com;https://detail.1688.com/offer/569005333677.html
宜都市迪优卡电子商务经营部;https://shop56i1928b49677.1688.com;https://detail.1688.com/offer/641263685802.html
义乌市三宅饰品有限公司;https://shop046k43fr24834.1688.com;https://detail.1688.com/offer/647390400386.html
深圳市虎翼达科技有限公司;https://huyida.1688.com;https://detail.1688.com/offer/595231377325.html
义乌市源辉纺织品有限公司;https://shop01d16277s6961.1688.com;https://detail.1688.com/offer/654953720579.html
佛山市南海区汇联森日用品厂;https://shop60x7t6883u526.1688.com;https://detail.1688.com/offer/653112296273.html
南通赛福安全设备有限公司;https://sfsafety.1688.com;https://detail.1688.com/offer/627327202383.html
义乌市琦灵饰品有限公司;https://shop74l8o12l93451.1688.com;https://detail.1688.com/offer/589232950665.html
义乌市逸舒贸易有限公司;https://15868952333.1688.com;https://detail.1688.com/offer/621384980434.html
广州任我行帽业有限公司;https://renwoxingcap.1688.com;https://detail.1688.com/offer/560397168676.html
义乌市暖平电子商务商行;https://shop1399913827733.1688.com;https://detail.1688.com/offer/44929749104.html
义乌市酷拓进出口有限公司;https://cotolchina.1688.com;https://detail.1688.com/offer/625306253508.html
义乌市骏历进出口有限公司;https://shop093m44006s608.1688.com;https://detail.1688.com/offer/625879803244.html
佛山市南海区浩帆得皮具厂;https://shop7du7020135l66.1688.com;https://detail.1688.com/offer/640556334331.html
湖州博虎进出口有限公司;https://shop87909s176qo62.1688.com;https://detail.1688.com/offer/625307125307.html
方革平;https://shop1368034226528.1688.com;https://detail.1688.com/offer/625294053232.html
义乌索雅进出口有限公司;https://sonyashipin.1688.com;https://detail.1688.com/offer/549959458888.html
新罗区城清叶百货商行;https://shop29c21524q71t0.1688.com;https://detail.1688.com/offer/655086749923.html
义乌市赣遵电子商务商行;https://shop1909419x742e3.1688.com;https://detail.1688.com/offer/654300931217.html
义乌市夕六电子商务商行;https://shop522435u1k4w12.1688.com;https://detail.1688.com/offer/652651795901.html
义乌市今立服饰有限公司;https://shop0j22u6275i474.1688.com;https://detail.1688.com/offer/630083679303.html
海丰县海城康专保健服务店;https://shop97284883a9701.1688.com;https://detail.1688.com/offer/637094907446.html
丽水市观涛日用品有限公司;https://shop45930884i2i74.1688.com;https://detail.1688.com/offer/653827709105.html
义乌市研伞电子商务商行;https://shop56k9978899797.1688.com;https://detail.1688.com/offer/656409067506.html
义乌市纤雅电子产品有限公司;https://shop1489199765388.1688.com;https://detail.1688.com/offer/566971739784.html
义乌筑京电子商务商行;https://shop2498h775o9929.1688.com;https://detail.1688.com/offer/652786194453.html
义乌市漂洋饰品有限公司;https://pyshp2003666.1688.com;https://detail.1688.com/offer/573321813745.html
义乌微畅电子商务有限公司;https://weichang6688.1688.com;https://detail.1688.com/offer/579556883811.html
东阳市华亿针织服饰有限公司;https://shop073x92430h038.1688.com;https://detail.1688.com/offer/636271913549.html
兰山区霖阳商贸中心;https://shop743721tg95721.1688.com;https://detail.1688.com/offer/652665838501.html
临沂市兰山区奥祥商贸经营部;https://shop368049h200964.1688.com;https://detail.1688.com/offer/649311800233.html
兰山区极优商贸商行;https://shop858gq41469725.1688.com;https://detail.1688.com/offer/650328694885.html
东莞市楷文体育用品有限公司;https://kaiiwin.1688.com;https://detail.1688.com/offer/622065524918.html
广州迪拓尼斯服饰有限公司;https://dituonisi.1688.com;https://detail.1688.com/offer/579855926658.html
义乌市双蝶进出口商行;https://shop1396630461889.1688.com;https://detail.1688.com/offer/611332867493.html
义乌市本范制帽厂;https://shop27fg52jj94489.1688.com;https://detail.1688.com/offer/602358331549.html
石狮市简峰舍楼网络百货商行;https://shop62dt1665017i8.1688.com;https://detail.1688.com/offer/653111537441.html
鄱阳县曲鹏服装店;https://shop027t10b324120.1688.com;https://detail.1688.com/offer/655860639540.html
义乌市歌图电子商务商行;https://shop66054uuy04028.1688.com;https://detail.1688.com/offer/655753827944.html
义乌市翊骜广告社;https://asunnyan.1688.com;https://detail.1688.com/offer/619263031562.html
义乌市摩多贸易有限公司;https://moduomaoyi.1688.com;https://detail.1688.com/offer/654096820359.html
金华市娇艳饰品有限公司;https://jiaoyanshipin.1688.com;https://detail.1688.com/offer/579848545963.html
义乌市润特饰品有限公司;https://sunfangwei8.1688.com;https://detail.1688.com/offer/627206839035.html
广州敏丽橙商贸有限公司;https://shop5o38g30608556.1688.com;https://detail.1688.com/offer/651167825107.html
商城县聚品家居贸易商行;https://shop123i526476255.1688.com;https://detail.1688.com/offer/652535982184.html
柘荣县角村日用品经营部;https://shop12u1790r83y92.1688.com;https://detail.1688.com/offer/650149817149.html
义乌市茵毅电子商务商行;https://shop9157990717066.1688.com;https://detail.1688.com/offer/649735776165.html
义乌市厚盾电子商务商行;https://shop106434x85n9j8.1688.com;https://detail.1688.com/offer/652172826381.html
丰泽区免按百货网店;https://shop721t745995a26.1688.com;https://detail.1688.com/offer/652611362677.html
石狮市简峰铭悦网络百货商行;https://shop02h77j1661v24.1688.com;https://detail.1688.com/offer/651030646392.html
义乌市峰循电子商务商行;https://shop4i8029e276717.1688.com;https://detail.1688.com/offer/651480136255.html
余江区欣飞经营部;https://shop02182q5g85372.1688.com;https://detail.1688.com/offer/652245019873.html
义乌市方婳电子商务商行;https://shop63s8017v65v96.1688.com;https://detail.1688.com/offer/654068034710.html
连城县俪承嗣百货店;https://shop9589592g98965.1688.com;https://detail.1688.com/offer/654153917124.html
丰泽区是随百货网店;https://shop72n943964nw75.1688.com;https://detail.1688.com/offer/652743502023.html
义乌乾琦贸易商行;https://shop9636s572l3261.1688.com;https://detail.1688.com/offer/648168029318.html
义乌市伟美饰品有限公司;https://shop709450064uo15.1688.com;https://detail.1688.com/offer/629443577582.html
东莞市焰狼运动用品有限公司;https://shop1461949125941.1688.com;https://detail.1688.com/offer/616083685030.html
遂昌拉恒日用百货商行;https://shop676xs8313x545.1688.com;https://detail.1688.com/offer/645256315732.html
义乌市久纹服饰有限公司;https://shilupeng1027.1688.com;https://detail.1688.com/offer/616998157665.html
义乌市蕊柔电子商务商行;https://shop1414773994392.1688.com;https://detail.1688.com/offer/557903781879.html
义乌市冷安电子商务商行;https://shop1464368243607.1688.com;https://detail.1688.com/offer/557864264499.html
余江区多侧电子商务商行;https://shop38e6b98z85221.1688.com;https://detail.1688.com/offer/652775557498.html
佛山市顺德区皇瑞贵五金厂;https://shop611o77l7k2105.1688.com;https://detail.1688.com/offer/655004231488.html
广州泰洁康贸易商行;https://shop71ey303429494.1688.com;https://detail.1688.com/offer/648443700877.html
广州星座贸易有限公司;https://shop38555r0885t68.1688.com;https://detail.1688.com/offer/641882702143.html
义乌市博艺贸易有限公司;https://shop8o146nx198478.1688.com;https://detail.1688.com/offer/647401894256.html
义乌市天牛户外用品有限公司;https://tianniu.1688.com;https://detail.1688.com/offer/627420623831.html
义乌市聚顶服饰有限公司;https://shop1412008823299.1688.com;https://detail.1688.com/offer/626732573467.html
义乌市佳旎服饰有限公司;https://shop1466010343960.1688.com;https://detail.1688.com/offer/607455642862.html
义乌市妍洋饰品有限公司;https://shop10271s8711638.1688.com;https://detail.1688.com/offer/627665088190.html
义乌市玥宸电子商务商行;https://shop1430326581952.1688.com;https://detail.1688.com/offer/614617507213.html
义乌市腾卓饰品厂;https://shop1444669210627.1688.com;https://detail.1688.com/offer/523132160244.html
沛县梦能日用品店;https://shop35o55v917l060.1688.com;https://detail.1688.com/offer/653146022193.html
阚永新;https://ywxcfc.1688.com;https://detail.1688.com/offer/40722082927.html
义乌市联纺电子商务有限公司;https://ywunitex.1688.com;https://detail.1688.com/offer/598279223088.html
义乌市夏怡针织厂;https://ywjiayiwufeitoujin.1688.com;https://detail.1688.com/offer/597279597495.html
余江区少同电子商务商行;https://shop4lb5793007287.1688.com;https://detail.1688.com/offer/650954210179.html
海宁市安足针织有限公司;https://shop970209k2909f7.1688.com;https://detail.1688.com/offer/625205219024.html
义乌市煌锦商贸有限公司;https://shop142b5560686p6.1688.com;https://detail.1688.com/offer/656065914499.html
义乌市群德服饰厂;https://shop1478536871632.1688.com;https://detail.1688.com/offer/594554679553.html
义乌科凡电子商务商行;https://shop854301399n549.1688.com;https://detail.1688.com/offer/654996294670.html
新罗区小良家百货商行;https://shop7515855b86603.1688.com;https://detail.1688.com/offer/647355575768.html
义乌千芙饰品有限公司;https://shop1404528103758.1688.com;https://detail.1688.com/offer/619665247517.html
余江区海余商贸商行;https://shop13y173h8z7791.1688.com;https://detail.1688.com/offer/652174878315.html
义乌市昕涵饰品有限公司;https://shop249075gr0r667.1688.com;https://detail.1688.com/offer/634156207815.html
义乌市宏霞日用百货商行;https://shop844611315i951.1688.com;https://detail.1688.com/offer/653322828210.html
余江区万然顺电子商务商行;https://shop8648790155389.1688.com;https://detail.1688.com/offer/656067475535.html
尤溪县捷民商行;https://shop4619rt5b17078.1688.com;https://detail.1688.com/offer/641825468959.html
尤溪县启慧幼网店;https://shop65s393d693939.1688.com;https://detail.1688.com/offer/639721515046.html
丹阳市界牌镇圆具德工艺礼品厂;https://shop1f64x36372f48.1688.com;https://detail.1688.com/offer/654976037779.html
余江区苏迪电子商务商行;https://shop45j690f484785.1688.com;https://detail.1688.com/offer/650800780077.html
义乌市茹玥电子商务商行;https://shop4298436ey6850.1688.com;https://detail.1688.com/offer/616859482516.html
义乌市赞烨电子商务商行;https://shop1439398383973.1688.com;https://detail.1688.com/offer/560434503659.html
南平市建阳区舒才哲百货店;https://shop583x96891ho68.1688.com;https://detail.1688.com/offer/645939429867.html
玉林市玉州区不息专注百货店;https://shop8746577oz14z1.1688.com;https://detail.1688.com/offer/650540576870.html
余姚市邝诞日用品厂;https://lyy1106.1688.com;https://detail.1688.com/offer/649859510075.html
遂昌格伟贸易商行;https://shop10da961q32014.1688.com;https://detail.1688.com/offer/646267493075.html
广州益复捷服饰厂;https://shop4y77513y343l6.1688.com;https://detail.1688.com/offer/655522281673.html
青岛帕肯商贸有限公司;https://shop2s863120u7338.1688.com;https://detail.1688.com/offer/647881633800.html
佛山市南海区维卡菲服饰厂;https://shop34223s4737ul7.1688.com;https://detail.1688.com/offer/646414818087.html
通城眠爻百货店;https://shop3190t7703o546.1688.com;https://detail.1688.com/offer/635425801202.html
义乌市戴炫饰品有限公司;https://daishangsp.1688.com;https://detail.1688.com/offer/584005102925.html
义乌市三态饰品有限公司;https://santai3333.1688.com;https://detail.1688.com/offer/621421763251.html
义乌市晨燕饰品有限公司;https://chengyanyxgs.1688.com;https://detail.1688.com/offer/651006931604.html
义乌市咔朋服饰有限公司;https://kapengfushi.1688.com;https://detail.1688.com/offer/608701422115.html
义乌市乔伊贝贸易有限公司;https://shop06n0972o17218.1688.com;https://detail.1688.com/offer/602886239187.html
义乌市慧逸饰品有限公司;https://huiyii.1688.com;https://detail.1688.com/offer/615583422432.html
深圳市宝安区福海戴上美制帽厂;https://shop1493829622578.1688.com;https://detail.1688.com/offer/557003056449.html
义乌市久途电子商务有限公司;https://jiutu88.1688.com;https://detail.1688.com/offer/569434022510.html
润州区起尔达百货商行;https://shop939455ng2k359.1688.com;https://detail.1688.com/offer/648580012187.html
陆川县界裕日用品店;https://shop632pz17391076.1688.com;https://detail.1688.com/offer/651012934536.html
陆川县献千日用品店;https://shop1x8182n98o616.1688.com;https://detail.1688.com/offer/650022601504.html
义乌秀格饰品有限公司;https://shop1w2122s50p506.1688.com;https://detail.1688.com/offer/621487155352.html
义乌海生饰品有限公司;https://shop6213044x3p442.1688.com;https://detail.1688.com/offer/620537235769.html
广州哈琳娜饰品厂;https://harrina.1688.com;https://detail.1688.com/offer/651448920603.html
深圳市龙岗区雅致饰品批发行;https://jdyenny.1688.com;https://detail.1688.com/offer/1238995319.html
义乌市梵恩饰品有限公司;https://fanen1688.1688.com;https://detail.1688.com/offer/612777343324.html
上海贝饰贸易有限公司;https://shop58co33200i882.1688.com;https://detail.1688.com/offer/625837010442.html
义乌市伟雄箱包有限公司;https://weixiongsp.1688.com;https://detail.1688.com/offer/616173629231.html
义乌市诺苑电子商务商行;https://shop235t521258tu1.1688.com;https://detail.1688.com/offer/617053950601.html
东阳市聚茂日用百货有限公司;https://shop055j7036r90n9.1688.com;https://detail.1688.com/offer/608706370591.html
义乌市本德电子商务有限公司;https://shop8693959176734.1688.com;https://detail.1688.com/offer/606624139658.html
义乌市永珀电子商务商行;https://shop1408553072072.1688.com;https://detail.1688.com/offer/520027862620.html
青岛姜艺轩商贸有限公司;https://shop00bc73c213589.1688.com;https://detail.1688.com/offer/618106609293.html
九台区营城伟琼日用百货店;https://shop1966y0e181128.1688.com;https://detail.1688.com/offer/654736861114.html
遂昌雅天丝百货商行;https://shop5r436070434w3.1688.com;https://detail.1688.com/offer/655070498762.html
义乌市喀丹电子商务商行;https://shop8703pf679k192.1688.com;https://detail.1688.com/offer/651349895083.html
广州阁艺鑫工艺品商行;https://shop6237n16y32263.1688.com;https://detail.1688.com/offer/619555903645.html
义乌市晓俊饰品商行;https://shop1487178298409.1688.com;https://detail.1688.com/offer/547131641693.html
义乌市世泽电子商务商行;https://shop1406825687366.1688.com;https://detail.1688.com/offer/520667361026.html
玉林市玉州区镂波百货店;https://shop0417572hn0955.1688.com;https://detail.1688.com/offer/650503271323.html
