义乌市璟行贸易有限公司;https://shop810g325081j07.1688.com;https://detail.1688.com/offer/652791834843.html
义乌市随敏饰品有限公司;https://shop1406652834510.1688.com;https://detail.1688.com/offer/43648780191.html
义乌市梵尚饰品厂;https://15fs.1688.com;https://detail.1688.com/offer/576565830691.html
义乌市凯亚饰品有限公司;https://kaiya598.1688.com;https://detail.1688.com/offer/641977886158.html
义乌市羿辰饰品厂;https://shophancai.1688.com;https://detail.1688.com/offer/620346340757.html
义乌市涵熙饰品有限公司;https://shop1b618i28105z6.1688.com;https://detail.1688.com/offer/641816945608.html
义乌市谦谦饰品有限公司;https://shop1495299047519.1688.com;https://detail.1688.com/offer/631261685469.html
义乌市亮琳饰品有限公司;https://shop641wh8d824282.1688.com;https://detail.1688.com/offer/644919124449.html
义乌市妙德电子商务商行;https://shop1354900280794.1688.com;https://detail.1688.com/offer/614257803760.html
义乌市萌豆豆饰品有限公司;https://ywmengdoudou.1688.com;https://detail.1688.com/offer/617251974702.html
石门县尹之悦百货商行;https://shop35720020d8d23.1688.com;https://detail.1688.com/offer/651316514277.html
义乌市颍泽贸易有限公司;https://shop20i63r5338392.1688.com;https://detail.1688.com/offer/614946209890.html
深圳市欣盛饰品有限公司;https://xinshengzhubao.1688.com;https://detail.1688.com/offer/583739983795.html
义乌千芙饰品有限公司;https://shop1404528103758.1688.com;https://detail.1688.com/offer/575627004424.html
广州哈琳娜饰品厂;https://harrina.1688.com;https://detail.1688.com/offer/651493152171.html
义乌市依宇电子商务有限公司;https://shop612q3221y5a50.1688.com;https://detail.1688.com/offer/641124440500.html
义乌市宣颖电子商务有限公司;https://shop90606028po4a4.1688.com;https://detail.1688.com/offer/620251048349.html
高新区枫桥芳明蕾服装商行;https://shop46qn022722f65.1688.com;https://detail.1688.com/offer/655857006970.html
义乌市凤润饰品厂;https://shop81q9411c2u313.1688.com;https://detail.1688.com/offer/645070755885.html
义乌市际恺饰品有限公司;https://shop179p402lg9637.1688.com;https://detail.1688.com/offer/636407609202.html
丽水景宁珑盛贸易有限公司;https://shop531434h732848.1688.com;https://detail.1688.com/offer/642813891955.html
东阳市白云金颖饰品厂;https://shop357308z087883.1688.com;https://detail.1688.com/offer/640310811075.html
义乌市善迪日用百货商行;https://shop62118152u1778.1688.com;https://detail.1688.com/offer/652984158947.html
义乌市露平日用百货商行;https://shop2780353hj5x71.1688.com;https://detail.1688.com/offer/653583811636.html
丹阳市界牌镇洋莫五金加工厂;https://shop1842871890498.1688.com;https://detail.1688.com/offer/655371201928.html
杭州余杭七羽五金商行;https://shop716o053sy1496.1688.com;https://detail.1688.com/offer/655469701295.html
义乌市芭炫饰品厂;https://shop2035hk424v179.1688.com;https://detail.1688.com/offer/606880593018.html
义乌市兮柯饰品有限公司;https://xike168.1688.com;https://detail.1688.com/offer/624738081286.html
义乌帆影饰品有限公司;https://fanyingshipin.1688.com;https://detail.1688.com/offer/623293830961.html
尤溪县多金夫商行;https://shop8435282042477.1688.com;https://detail.1688.com/offer/643403681144.html
深圳市龙岗区雅致饰品批发行;https://jdyenny.1688.com;https://detail.1688.com/offer/1286344474.html
余江区月两舜电子商务商行;https://shop67t5664779o78.1688.com;https://detail.1688.com/offer/650443616318.html
余江区尔高经营部;https://shop2p31372c02141.1688.com;https://detail.1688.com/offer/656032799798.html
柘荣县角半日用品经营部;https://shop34738b87sm401.1688.com;https://detail.1688.com/offer/653152084261.html
义乌市浩勇贸易有限公司;https://shop728247zx70l94.1688.com;https://detail.1688.com/offer/615015977774.html
万载县鱼饿东百货店;https://shop926i611u3i253.1688.com;https://detail.1688.com/offer/655786646415.html
万载县升棍阳百货店;https://shop7308x766a6033.1688.com;https://detail.1688.com/offer/655286106474.html
义乌市燕媛电子商务商行;https://shop941m7ko314871.1688.com;https://detail.1688.com/offer/655603423411.html
义乌市群德服饰厂;https://shop1478536871632.1688.com;https://detail.1688.com/offer/593537190031.html
义乌市黛菲饰品有限公司;https://shop9k9101p139c06.1688.com;https://detail.1688.com/offer/640506848500.html
义乌市朗和服饰有限公司;https://dd20050101.1688.com;https://detail.1688.com/offer/620964214582.html
义乌市莉韩饰品有限公司;https://lihan2019.1688.com;https://detail.1688.com/offer/623627955748.html
义乌市杉丰电子商务商行;https://shop816z26z479213.1688.com;https://detail.1688.com/offer/654400303176.html
义乌市林果电子商务商行;https://shop3xt447x412886.1688.com;https://detail.1688.com/offer/625191302081.html
杭州梵鹏电子商务有限公司;https://shop93763vh969o29.1688.com;https://detail.1688.com/offer/651885702550.html
高新区枫桥富罗深百货商行;https://shop335k825i72h46.1688.com;https://detail.1688.com/offer/653543921250.html
义乌市孜茉饰品厂;https://shop1366134974933.1688.com;https://detail.1688.com/offer/622997287100.html
鄱阳县东慕卉服装店;https://shop3864x0705m0s5.1688.com;https://detail.1688.com/offer/652876943902.html
义乌市功伟饰品有限公司;https://shop9af820591f535.1688.com;https://detail.1688.com/offer/642148101021.html
义乌市鸠季电子商务商行;https://shop123k088545et9.1688.com;https://detail.1688.com/offer/646350685941.html
义乌市悦示电子商务商行;https://shop8z44128743285.1688.com;https://detail.1688.com/offer/651582757309.html
永定区军绸廉百货店;https://shop93m38618536w2.1688.com;https://detail.1688.com/offer/648745244642.html
新罗区爱衣佳百货店;https://shop62m5610r84321.1688.com;https://detail.1688.com/offer/655809938596.html
润州区闰之年百货商行;https://shop06786517n7y58.1688.com;https://detail.1688.com/offer/644632656309.html
柘荣县角村日用品经营部;https://shop12u1790r83y92.1688.com;https://detail.1688.com/offer/652468090646.html
义乌市执明电子商务商行;https://shop89053089y7392.1688.com;https://detail.1688.com/offer/643289688428.html
义乌市缘浏电子商务商行;https://shop11d6451512v37.1688.com;https://detail.1688.com/offer/643876193854.html
义乌市福划电子商务商行;https://shop16c3256z93266.1688.com;https://detail.1688.com/offer/646246754113.html
柘荣县角尼日用品经营部;https://shop86f7460976258.1688.com;https://detail.1688.com/offer/649783360179.html
柘荣县楷豹日用品经营部;https://shop909433314wp50.1688.com;https://detail.1688.com/offer/651650066061.html
南平市建阳区林农昭汉百货店;https://shop93p978l965704.1688.com;https://detail.1688.com/offer/645239734802.html
义乌市麦普电子商务有限公司;https://shop1452186221540.1688.com;https://detail.1688.com/offer/626374696553.html
新罗区卡咖百货商行;https://shop60s249cc9u682.1688.com;https://detail.1688.com/offer/643020312859.html
万载县森周嗯日用品经营部;https://shop9268r3ph89534.1688.com;https://detail.1688.com/offer/651454341813.html
永定区杞颇亮商行;https://shop987930070f8v5.1688.com;https://detail.1688.com/offer/654487574659.html
义乌市恩柔电子商务商行;https://shop1420908068238.1688.com;https://detail.1688.com/offer/595910359135.html
浦江县艾西商贸有限公司;https://shop1218258m5s9u5.1688.com;https://detail.1688.com/offer/648919652145.html
义乌市燕丛日用百货商行;https://shop7716129043m94.1688.com;https://detail.1688.com/offer/652191098807.html
广州康鸿罗建材厂;https://shop51506c76cq934.1688.com;https://detail.1688.com/offer/655274219544.html
义乌市温敏电子商务商行;https://shop5658845756640.1688.com;https://detail.1688.com/offer/655363371541.html
义乌市博艺贸易有限公司;https://shop8o146nx198478.1688.com;https://detail.1688.com/offer/644808639263.html
遂昌素米贸易商行;https://shop9633s28208115.1688.com;https://detail.1688.com/offer/654632584396.html
泗洪县荣小姐饰品店;https://sunrong1013321.1688.com;https://detail.1688.com/offer/656147451846.html
佛山市禅城区俪萱麟家具厂;https://shop9g218989o1980.1688.com;https://detail.1688.com/offer/651106993734.html
万载县高轴会百货店;https://shop676760p4507v8.1688.com;https://detail.1688.com/offer/653113715039.html
义乌市盯润电子商务商行;https://shop725777295q018.1688.com;https://detail.1688.com/offer/650460709745.html
漳州开发区梵迦萱服装店;https://shop321r4369682c1.1688.com;https://detail.1688.com/offer/650447769842.html
义乌市冀岗电子商务商行;https://shop2634710758b57.1688.com;https://detail.1688.com/offer/652552950819.html
余江区兴来经营部;https://shop41370x9f727z4.1688.com;https://detail.1688.com/offer/655042472640.html
广州越秀区烁柠商贸商行;https://shop3381791755143.1688.com;https://detail.1688.com/offer/650223530303.html
广州市花都区狮岭创兴贸易商行;https://shop7o414134l44z7.1688.com;https://detail.1688.com/offer/645981020680.html
保定顺古商贸有限公司;https://shop69053dl87c706.1688.com;https://detail.1688.com/offer/643583386031.html
余江区茹美经营部;https://shop53o0g3f566157.1688.com;https://detail.1688.com/offer/655335465583.html
睢宁县曼超家居用品厂;https://shop258o73m4974o1.1688.com;https://detail.1688.com/offer/650145659191.html
余江区星汇电子商务商行;https://shop21jr627667398.1688.com;https://detail.1688.com/offer/653048303540.html
义乌市滨红日用百货商行;https://shop170b1b4541029.1688.com;https://detail.1688.com/offer/653262745907.html
广州海默商贸有限公司;https://shop39s202733s748.1688.com;https://detail.1688.com/offer/650283392763.html
新沂市汇之林百货店;https://shop2354340ox20j5.1688.com;https://detail.1688.com/offer/655665829817.html
义乌市简兮饰品有限公司;https://shop377z807543vx9.1688.com;https://detail.1688.com/offer/614117577939.html
义乌市鲜君饰品有限公司;https://shop1398444996729.1688.com;https://detail.1688.com/offer/613178465550.html
义乌市果冉饰品有限公司;https://shop6424503y21016.1688.com;https://detail.1688.com/offer/639163180559.html
广州市增懿顺五金压铸厂;https://shop36b7879b89313.1688.com;https://detail.1688.com/offer/643396494784.html
余江区菲悠经营部;https://shop85l9l36245631.1688.com;https://detail.1688.com/offer/651945529588.html
柘荣县角拆日用品经营部;https://shop4m2681e056u23.1688.com;https://detail.1688.com/offer/652980690597.html
余江区迪天经营部;https://shop651z699s057s3.1688.com;https://detail.1688.com/offer/654893924454.html
义乌市寓旺电子商务商行;https://shop262w7c2291053.1688.com;https://detail.1688.com/offer/618976002602.html
义乌市尚捷饰品有限公司;https://shop11759725e5h10.1688.com;https://detail.1688.com/offer/558266303297.html
义乌市飞韩饰品有限公司;https://feihan.1688.com;https://detail.1688.com/offer/614486666568.html
义乌市奇阅饰品有限公司;https://qiyueshipin.1688.com;https://detail.1688.com/offer/614404922252.html
徐州瑟维贸易有限公司;https://seweimy.1688.com;https://detail.1688.com/offer/628744788536.html
义乌市慧逸饰品有限公司;https://huiyii.1688.com;https://detail.1688.com/offer/641711910762.html
义乌市美添色电子商务有限公司;https://shop3g466z20449g7.1688.com;https://detail.1688.com/offer/628535684048.html
义乌市世雄汽车用品有限公司;https://shop9f755e025d909.1688.com;https://detail.1688.com/offer/649881749743.html
永定区维约玩百货商行;https://shop54465634t0a63.1688.com;https://detail.1688.com/offer/632418029361.html
宿州市埇桥区豪尚贸易商行;https://shop017fra0301337.1688.com;https://detail.1688.com/offer/634663535211.html
万载县可修日用品经营部;https://shop2790120fd69q3.1688.com;https://detail.1688.com/offer/654745778674.html
义乌市紫馨贸易有限公司;https://shop9z9159q4425u1.1688.com;https://detail.1688.com/offer/630989574164.html
广州善丽贸易商行;https://shop6638b6en66380.1688.com;https://detail.1688.com/offer/652123109252.html
高州市枫骑百货店;https://shop4604275267923.1688.com;https://detail.1688.com/offer/650189106544.html
义乌市永洲电子商务商行;https://yiwuyongzhou.1688.com;https://detail.1688.com/offer/614471039566.html
揭阳空港区砲台镇花泽百货商店;https://shop3462669c95g58.1688.com;https://detail.1688.com/offer/651867694523.html
遂昌劳霖日用百货商行;https://shop1824796240291.1688.com;https://detail.1688.com/offer/652340776571.html
陆川县明汇日用品店;https://shop4149m43h02k32.1688.com;https://detail.1688.com/offer/656024047254.html
义乌市破希电子商务商行;https://shop9033r97r41v88.1688.com;https://detail.1688.com/offer/641199468253.html
义乌市莹意日用百货商行;https://shop9085123sjp718.1688.com;https://detail.1688.com/offer/653385691861.html
玉林市玉州区卡美百货店;https://shop0678h776984k1.1688.com;https://detail.1688.com/offer/645078321261.html
苏州伊思诺贸易有限公司;https://shop701932vti8259.1688.com;https://detail.1688.com/offer/646387499008.html
玉林市玉州区居图百货店;https://shop86i8q44i63936.1688.com;https://detail.1688.com/offer/648481378959.html
广州嘚铭玩具商行;https://shop59682kt3226k7.1688.com;https://detail.1688.com/offer/654830969875.html
永定区比孰秦百货店;https://shop1h18o08h376s7.1688.com;https://detail.1688.com/offer/643688398828.html
五华县横陂镇宏鸿电子商务部;https://shop485o163946qq1.1688.com;https://detail.1688.com/offer/634116729724.html
义乌市攒潮电子商务商行;https://shop9556554946622.1688.com;https://detail.1688.com/offer/654318719843.html
龙港市层宜纸制品厂;https://shop610o602008224.1688.com;https://detail.1688.com/offer/654670808034.html
