义乌市漂洋饰品有限公司;https://pyshp2003666.1688.com;https://detail.1688.com/offer/588536355936.html
义乌市三态饰品有限公司;https://santai3333.1688.com;https://detail.1688.com/offer/576718576838.html
义乌市奇阅饰品有限公司;https://qiyueshipin.1688.com;https://detail.1688.com/offer/581409477111.html
浦江县优佳咪电子商务有限公司;https://youjiami.1688.com;https://detail.1688.com/offer/642488971085.html
义乌市妙德电子商务商行;https://shop1354900280794.1688.com;https://detail.1688.com/offer/609408623851.html
衢州市柯城区和风饰品厂;https://hoshino717.1688.com;https://detail.1688.com/offer/634980485526.html
义乌市霆扬贸易有限公司;https://shop3294645374744.1688.com;https://detail.1688.com/offer/612646158800.html
义乌市丽略电子商务商行;https://npw1688.1688.com;https://detail.1688.com/offer/596372211477.html
义乌市铎铃电子商务商行;https://darling8861.1688.com;https://detail.1688.com/offer/597906789897.html
义乌市东歆电子商务商行;https://shop1487610367932.1688.com;https://detail.1688.com/offer/571981250630.html
义乌市酷华饰品厂;https://shop1438707329000.1688.com;https://detail.1688.com/offer/634958318425.html
五华县横陂镇文惠科技馆;https://shop1kk28847x0360.1688.com;https://detail.1688.com/offer/649114188504.html
新罗区耀尚蔚百货商行;https://shop0r299532z53a4.1688.com;https://detail.1688.com/offer/651456602199.html
义乌古蒂电子商务有限公司;https://shop541zv23284107.1688.com;https://detail.1688.com/offer/632165129907.html
义乌奇睿饰品有限公司;https://yiwuqirui.1688.com;https://detail.1688.com/offer/655374158734.html
义乌市梵恩饰品有限公司;https://fanen1688.1688.com;https://detail.1688.com/offer/598493613297.html
义乌市喜丽猫饰品有限公司;https://xilicat.1688.com;https://detail.1688.com/offer/614433630531.html
柘荣县庆全日用品经营部;https://shop9kw982k557868.1688.com;https://detail.1688.com/offer/645682502618.html
义乌市利郦电子商务商行;https://shop45b86371b3146.1688.com;https://detail.1688.com/offer/639886084647.html
广州市克拉拉复古饰品商行;https://shop16952709b0981.1688.com;https://detail.1688.com/offer/653688035987.html
深圳市龙岗区丽丽卿服装辅料厂;https://shop1470156723331.1688.com;https://detail.1688.com/offer/586694696175.html
义乌市逸舒贸易有限公司;https://15868952333.1688.com;https://detail.1688.com/offer/566975049124.html
广州烧刃服装厂;https://shop019g3657o0594.1688.com;https://detail.1688.com/offer/642379192361.html
义乌市王娟香电子商务商行;https://shop8ma915328h889.1688.com;https://detail.1688.com/offer/579492624877.html
义乌市润特饰品有限公司;https://sunfangwei8.1688.com;https://detail.1688.com/offer/568523063322.html
义乌市齐殇电子商务商行;https://shop43095u74c0354.1688.com;https://detail.1688.com/offer/653137101230.html
南平市建阳区林农东松百货店;https://shop60s291b3192s5.1688.com;https://detail.1688.com/offer/653887347022.html
义乌市宛筠饰品有限公司;https://shop3681874769r19.1688.com;https://detail.1688.com/offer/606685696488.html
深圳市圣泓装饰品有限公司;https://shop1468343098506.1688.com;https://detail.1688.com/offer/577448815253.html
义乌市忻婷电子商务商行;https://shop89i21962q3485.1688.com;https://detail.1688.com/offer/617249051154.html
青岛顺美良品服饰有限公司;https://qdshowme.1688.com;https://detail.1688.com/offer/642409590209.html
东阳市艾莎饰品有限公司;https://shop73l36v18478s7.1688.com;https://detail.1688.com/offer/635286339501.html
义乌市宸妤饰品有限公司;https://shop0t8941e9011f7.1688.com;https://detail.1688.com/offer/617406370141.html
义乌市苗昕贸易有限公司;https://shop0u76537q12520.1688.com;https://detail.1688.com/offer/641219075177.html
义乌市清雅饰品有限公司;https://shop78254wqw30198.1688.com;https://detail.1688.com/offer/643043932935.html
广州市天河区棠下寅卯贸易商行;https://shop3969058ifc433.1688.com;https://detail.1688.com/offer/651080935482.html
义乌市宣颖电子商务有限公司;https://shop90606028po4a4.1688.com;https://detail.1688.com/offer/603720783997.html
义乌市尚炫月饰品厂;https://shop154982m4q0803.1688.com;https://detail.1688.com/offer/653954529818.html
义乌市韩邦饰品厂;https://shop1412872837513.1688.com;https://detail.1688.com/offer/626584283745.html
义乌市喔啦啦电子商务有限公司;https://shop540268s004181.1688.com;https://detail.1688.com/offer/640194336071.html
义乌市青妮饰品厂;https://shop675f1f6496530.1688.com;https://detail.1688.com/offer/652438411573.html
义乌市铭轩电子商务商行;https://shop662e637203101.1688.com;https://detail.1688.com/offer/620638774250.html
乐平市新鑫门窗店;https://shop77x8f7944z135.1688.com;https://detail.1688.com/offer/634175639077.html
漳州开发区京青举百货店;https://shop23180gk79a599.1688.com;https://detail.1688.com/offer/648003624526.html
五华县岐岭镇曾利浩加工厂;https://shop2739o589317t1.1688.com;https://detail.1688.com/offer/653232427623.html
五华县横陂镇惠心科技馆;https://shop5h53852si3233.1688.com;https://detail.1688.com/offer/650958878759.html
南靖县博科食品商行;https://shop8338201165e55.1688.com;https://detail.1688.com/offer/646325891393.html
临沂市兰山区福拓源商贸经营部;https://shop988c804f64r75.1688.com;https://detail.1688.com/offer/651265770403.html
永州市冷水滩区冠辰电子商务商行;https://shop8771u34680z89.1688.com;https://detail.1688.com/offer/654863486284.html
义乌市昕涵饰品有限公司;https://shop249075gr0r667.1688.com;https://detail.1688.com/offer/614193534677.html
义乌市新强日用百货商行;https://shop55k813800g402.1688.com;https://detail.1688.com/offer/653686593171.html
义乌市铭萱饰品商行;https://shop1494003162698.1688.com;https://detail.1688.com/offer/625689880011.html
新沂市李之沙服装店;https://shop4y695g5973g15.1688.com;https://detail.1688.com/offer/655427234991.html
义乌市鸢语电子商务有限公司;https://shop2hk4791934662.1688.com;https://detail.1688.com/offer/635778814486.html
杭州萧山小嘿马服装店;https://shop6c84483438292.1688.com;https://detail.1688.com/offer/655338669627.html
漳州开发区阁其每服装店;https://shop98o7w56992452.1688.com;https://detail.1688.com/offer/654991146260.html
义乌市乾晓饰品有限公司;https://shop1466788435421.1688.com;https://detail.1688.com/offer/599639625309.html
义乌市韩饰电子商务有限公司;https://hs0616.1688.com;https://detail.1688.com/offer/644505783051.html
南通若雅纺织科技有限公司;https://siruoya.1688.com;https://detail.1688.com/offer/596580563214.html
义乌市蜜得贸易商行;https://shop2s56570lg2557.1688.com;https://detail.1688.com/offer/646465580635.html
柘荣县庆图日用品经营部;https://shop7963428g6g051.1688.com;https://detail.1688.com/offer/647621950271.html
义乌市霞米电子商务有限公司;https://ywxiami.1688.com;https://detail.1688.com/offer/619224539768.html
义乌市帝澜电子商务商行;https://yiwudl.1688.com;https://detail.1688.com/offer/631516220643.html
浦江县大杂兔贸易有限公司;https://shop3489i865747h0.1688.com;https://detail.1688.com/offer/641003397764.html
义乌市兔菲饰品有限公司;https://shop1f248z357u589.1688.com;https://detail.1688.com/offer/618038200405.html
义乌市雅茉饰品有限公司;https://ym6666.1688.com;https://detail.1688.com/offer/618440340828.html
台州市鼎川工贸有限公司;https://tzdingchuan.1688.com;https://detail.1688.com/offer/628946043989.html
新罗区尚儒易百货店;https://shop64t184i9j1861.1688.com;https://detail.1688.com/offer/651514213305.html
义乌市歌图电子商务商行;https://shop66054uuy04028.1688.com;https://detail.1688.com/offer/654744984145.html
义乌市颖昊饰品有限公司;https://yinghaoshipin.1688.com;https://detail.1688.com/offer/635316626005.html
云霄县上官建材店;https://shop39t54y0v59624.1688.com;https://detail.1688.com/offer/653694844649.html
义乌市囡喃电子商务商行;https://shop48061986g28s4.1688.com;https://detail.1688.com/offer/645818049904.html
平邑县汇品商贸中心;https://shop5606154au1038.1688.com;https://detail.1688.com/offer/652630305484.html
余江区洪顺经营部;https://shop505568801fp09.1688.com;https://detail.1688.com/offer/655022117888.html
高新区枫桥金未米百货商行;https://shop018f81533e8f1.1688.com;https://detail.1688.com/offer/653463154635.html
广州玉微聚五金商行;https://shop266187803d062.1688.com;https://detail.1688.com/offer/655874430707.html
新罗区百琳日用品经营部;https://shop6v627403s0a18.1688.com;https://detail.1688.com/offer/655033020768.html
广州嘚铭玩具商行;https://shop59682kt3226k7.1688.com;https://detail.1688.com/offer/655114425186.html
义乌市越妙电子商务商行;https://yuemiao.1688.com;https://detail.1688.com/offer/520238404414.html
义乌市倍嘉电子商务有限公司;https://shop5090s446f4511.1688.com;https://detail.1688.com/offer/622411735704.html
高新区枫桥瑞华汇服饰商行;https://shop3136f088648l9.1688.com;https://detail.1688.com/offer/654768541535.html
广州景都达贸易商行;https://shop874x3929465k6.1688.com;https://detail.1688.com/offer/651315547361.html
安顺市星鱼商贸有限公司;https://shop37z98w6i37219.1688.com;https://detail.1688.com/offer/649744138630.html
广州华旎商贸商行;https://shop7q123706q4831.1688.com;https://detail.1688.com/offer/650769492524.html
杭州鑫视文化娱乐有限公司;https://shop4940588n47803.1688.com;https://detail.1688.com/offer/647766989284.html
义乌市百茂汽车用品厂;https://shop1441126575267.1688.com;https://detail.1688.com/offer/626634273909.html
义乌市甜睿电子商务商行;https://shop1ua8563172922.1688.com;https://detail.1688.com/offer/624531921362.html
东莞市松美饰品有限公司;https://shop1463072677605.1688.com;https://detail.1688.com/offer/653746124979.html
九江市立行商贸有限公司;https://shop1450172739319.1688.com;https://detail.1688.com/offer/591312886971.html
浦江县韩之尚电子商务有限公司;https://hanzhishang.1688.com;https://detail.1688.com/offer/621682368065.html
义乌市亿博电子商务商行;https://ywgoogol.1688.com;https://detail.1688.com/offer/609940550025.html
义乌市珍徍电子商务商行;https://zhenjiashi.1688.com;https://detail.1688.com/offer/623192133802.html
深圳卖诺国际贸易有限公司;https://mylot2016.1688.com;https://detail.1688.com/offer/650364277517.html
义乌市左龙电子商务有限公司;https://shop1429635214472.1688.com;https://detail.1688.com/offer/557576135320.html
义乌市唯蜜饰品有限公司;https://shop4128t88302z29.1688.com;https://detail.1688.com/offer/615119409615.html
义乌市沛岚服装厂;https://shop1466788680617.1688.com;https://detail.1688.com/offer/547060280017.html
南昌星莲伟商贸有限公司;https://shop26s695b999094.1688.com;https://detail.1688.com/offer/653523049544.html
宜春市袁州区森碟饰品厂;https://shop1g564594i8062.1688.com;https://detail.1688.com/offer/640883314865.html
义乌市默笙饰品厂;https://fanshenggongyi.1688.com;https://detail.1688.com/offer/644542630092.html
深圳市龙华新区伊百分手工饰品厂;https://storyacc.1688.com;https://detail.1688.com/offer/549715221948.html
广州市黄埔区恒精机械加工部;https://shop7106v346650q0.1688.com;https://detail.1688.com/offer/644477176985.html
俞江杰;https://shop1396630750420.1688.com;https://detail.1688.com/offer/548210319615.html
义乌伴暖伴夏宠物用品有限公司;https://shop637w1i2i56512.1688.com;https://detail.1688.com/offer/640914624481.html
义乌市真霓饰品有限公司;https://shop05v7r47323011.1688.com;https://detail.1688.com/offer/632101234690.html
石狮市简峰开距网络百货商行;https://shop514422074w765.1688.com;https://detail.1688.com/offer/652782976031.html
广州市天河区尔承网络科技有限公司;https://shop3130p0f63g121.1688.com;https://detail.1688.com/offer/653772853873.html
石狮市简峰瑟兰网络百货商行;https://shop23483956693z9.1688.com;https://detail.1688.com/offer/652474076609.html
新罗区茗志网店;https://shop227992z534516.1688.com;https://detail.1688.com/offer/650473208779.html
郾城区商桥镇梓占百货店;https://shop566w657210i88.1688.com;https://detail.1688.com/offer/642474786150.html
温州精诚饰品有限公司;https://oldblo.1688.com;https://detail.1688.com/offer/644029709468.html
扬州寝莱家居有限公司;https://qinline.1688.com;https://detail.1688.com/offer/624746477923.html
宿城区晚扼然分百货商行;https://shop110429sm96034.1688.com;https://detail.1688.com/offer/643754343390.html
广州市黄埔区姚虚空邵贸易商行;https://shop29344o36799t8.1688.com;https://detail.1688.com/offer/647210189880.html
义乌市扯哲电子商务商行;https://shop0zj87g4379944.1688.com;https://detail.1688.com/offer/653628647395.html
平阳县俺贝母婴用品有限公司;https://ajbbylc.1688.com;https://detail.1688.com/offer/648161857881.html
深圳市宝安区甜果果服饰商行;https://shop498l4i3857512.1688.com;https://detail.1688.com/offer/642015116423.html
北京慕驰森贸易有限公司;https://shop1142342427hn0.1688.com;https://detail.1688.com/offer/614912256342.html
深圳市易美范婴童用品有限公司;https://myggpp.1688.com;https://detail.1688.com/offer/574162241075.html
义乌市恋豆电子商务商行;https://shop7843h532s28v4.1688.com;https://detail.1688.com/offer/642918313105.html
义乌市均宽电子商务商行;https://junkuan.1688.com;https://detail.1688.com/offer/527610783696.html
义乌市本惠服饰有限公司;https://ywbenhui.1688.com;https://detail.1688.com/offer/520235609317.html
义乌市梦锦服饰厂;https://mjoy2019.1688.com;https://detail.1688.com/offer/614463274655.html
义乌市龙恩饰品有限公司;https://ywloen.1688.com;https://detail.1688.com/offer/520666679498.html
高阳县振江毛巾厂;https://15027870198.1688.com;https://detail.1688.com/offer/616091516905.html
柘荣县角拆日用品经营部;https://shop4m2681e056u23.1688.com;https://detail.1688.com/offer/645540545762.html
保定京宏纺织品制造有限公司;https://jinghongfangzhi.1688.com;https://detail.1688.com/offer/618390479707.html
南通秦坤纺织品有限公司;https://shop33g6492br7749.1688.com;https://detail.1688.com/offer/577063151996.html
义乌市曼达饰品有限公司;https://shop4426357501x32.1688.com;https://detail.1688.com/offer/653590129611.html
深圳市百宝依服饰有限公司;https://shop1409071462169.1688.com;https://detail.1688.com/offer/536498208830.html
苍南县昕呗服装网店;https://shop2i60g8691p529.1688.com;https://detail.1688.com/offer/638897626205.html
义乌市妍洋饰品有限公司;https://shop10271s8711638.1688.com;https://detail.1688.com/offer/574799706957.html
义乌丹左饰品有限公司;https://shop1414087989112.1688.com;https://detail.1688.com/offer/651591902410.html
义乌市良缘饰品厂;https://liangyuansp.1688.com;https://detail.1688.com/offer/607391626518.html
义乌市湛盎电子商务商行;https://shop325e311485358.1688.com;https://detail.1688.com/offer/654650644369.html
台州市椒江耀佳眼镜有限公司;https://shop7704b33ag7826.1688.com;https://detail.1688.com/offer/602126101206.html
金华市厚信贸易有限公司;https://shop1467133866060.1688.com;https://detail.1688.com/offer/540388801900.html
义乌市碧达针织有限公司;https://shop1482425552857.1688.com;https://detail.1688.com/offer/546332759516.html
义乌市修婕电子商务商行;https://shop6724b67477210.1688.com;https://detail.1688.com/offer/655221686595.html
宁海县如欧日用品商行;https://clover985.1688.com;https://detail.1688.com/offer/644120620053.html
义乌市巨欣饰品有限公司;https://juxinsp.1688.com;https://detail.1688.com/offer/624749115161.html
义乌市鑫奕饰品厂;https://shop5777700rq8379.1688.com;https://detail.1688.com/offer/654661032771.html
深圳市南山区非凡佳人服饰商行;https://shop1489424469615.1688.com;https://detail.1688.com/offer/553151240792.html
柘荣县角尼日用品经营部;https://shop86f7460976258.1688.com;https://detail.1688.com/offer/651980281408.html
玉林市玉州区美之凯百货店;https://shop4518390134of4.1688.com;https://detail.1688.com/offer/644566553827.html
柘荣县捷开日用品经营部;https://shop207453n6d6443.1688.com;https://detail.1688.com/offer/646714338081.html
新罗区卡咖百货商行;https://shop60s249cc9u682.1688.com;https://detail.1688.com/offer/648913478736.html
义乌市婉姝饰品厂;https://shop9967k66407683.1688.com;https://detail.1688.com/offer/642151517676.html
尤溪县希宏邈网店;https://shop2u745w7b28772.1688.com;https://detail.1688.com/offer/656096935228.html
杭州余杭区乔司街道威通百货商行;https://shop28ia999731c26.1688.com;https://detail.1688.com/offer/654720146206.html
丰泽区进硕百货网店;https://shop41205m1741316.1688.com;https://detail.1688.com/offer/653383526407.html
余江区莱翔经营部;https://shop3720055577007.1688.com;https://detail.1688.com/offer/653299910889.html
徐州市巨匠工艺品有限公司;https://jujianggyp.1688.com;https://detail.1688.com/offer/577363161863.html
柘荣县周期日用品经营部;https://shop3730385521h31.1688.com;https://detail.1688.com/offer/648330326116.html
新罗区希荏网店;https://shop917a52979na96.1688.com;https://detail.1688.com/offer/652570582828.html
万载县鱼饿东百货店;https://shop926i611u3i253.1688.com;https://detail.1688.com/offer/653024979942.html
深圳市龙岗区南湾艾妮服饰批发商行;https://shop1396025655998.1688.com;https://detail.1688.com/offer/628074474675.html
深圳市龙岗区秀派服装厂;https://shop1392310429403.1688.com;https://detail.1688.com/offer/549421827051.html
深圳市宝安区石岩爱裳妮服饰店;https://shop1405702736572.1688.com;https://detail.1688.com/offer/563860878269.html
深圳市宝安区佳美人服装商行;https://shop0766365137992.1688.com;https://detail.1688.com/offer/614917857283.html
深圳市宝安区酷炫仓服饰批发商行;https://shop8t88189233454.1688.com;https://detail.1688.com/offer/588562977892.html
深圳市名雅轩服饰有限公司;https://shop1433004801677.1688.com;https://detail.1688.com/offer/588641358332.html
深圳市宝安区西乡百衣特制衣厂;https://bytzyc2.1688.com;https://detail.1688.com/offer/589297619017.html
义乌市茜月饰品有限公司;https://shop28589m9442c29.1688.com;https://detail.1688.com/offer/646218492122.html
烟台昕阳服饰有限公司;https://angelduolaimi.1688.com;https://detail.1688.com/offer/595202244119.html
高新区枫桥特俞百货商行;https://shop36kfw322w6194.1688.com;https://detail.1688.com/offer/654263770556.html
广州艾维朵服装厂;https://shop8969933397054.1688.com;https://detail.1688.com/offer/648849172894.html
深圳市南山区瑶伊娜制衣厂;https://yaoyinazyc.1688.com;https://detail.1688.com/offer/589187586200.html
义乌市登兴电子商务商行;https://shop02162l3r92e88.1688.com;https://detail.1688.com/offer/618933556298.html
义乌市瑜琦贸易有限公司;https://shop8y4u7u9210639.1688.com;https://detail.1688.com/offer/646126376811.html
深圳市依然好服饰有限公司;https://shop1435251641142.1688.com;https://detail.1688.com/offer/536367703867.html
深圳市宝安区韩静服饰商行;https://shop68t961k096910.1688.com;https://detail.1688.com/offer/557429456297.html
连城县佟卓逸百货店;https://shop528w738949268.1688.com;https://detail.1688.com/offer/643568347107.html
广州欣彩商贸商行;https://xincai521314.1688.com;https://detail.1688.com/offer/644142710415.html
广州依时代贸易有限公司;https://shop848i8984m5167.1688.com;https://detail.1688.com/offer/577778625106.html
深圳市期待美服饰有限公司;https://shop1397302523320.1688.com;https://detail.1688.com/offer/536499112788.html
深圳市福田区赛格通信市场翁群发通讯行;https://shop1441817639446.1688.com;https://detail.1688.com/offer/582497728504.html
南平市建阳区林农与分百货店;https://shop85520nmu61727.1688.com;https://detail.1688.com/offer/651875515490.html
海门市曼之萱纺织品厂;https://shop313203yf36233.1688.com;https://detail.1688.com/offer/610016705628.html
苍南昭鹤服装厂;https://liyansheng001.1688.com;https://detail.1688.com/offer/602599723922.html
义乌市晓盼电子商务商行;https://ywmaomaoyu.1688.com;https://detail.1688.com/offer/44559119352.html
丽水景宁珑盛贸易有限公司;https://shop531434h732848.1688.com;https://detail.1688.com/offer/643072747002.html
