义乌市宣颖电子商务有限公司;https://shop90606028po4a4.1688.com;https://detail.1688.com/offer/616878233856.html
义乌市妙德电子商务商行;https://shop1354900280794.1688.com;https://detail.1688.com/offer/615029137849.html
义乌市三态饰品有限公司;https://santai3333.1688.com;https://detail.1688.com/offer/575212747190.html
义乌市逸舒贸易有限公司;https://15868952333.1688.com;https://detail.1688.com/offer/607105249097.html
义乌市佰昌日用百货商行;https://ywbaichang.1688.com;https://detail.1688.com/offer/625369675757.html
石狮市惠宗邻羽网络百货商行;https://shop571979s917yg3.1688.com;https://detail.1688.com/offer/652231120209.html
广州市越秀区永诗饰品商行;https://shenbeaut2000.1688.com;https://detail.1688.com/offer/644077182028.html
义乌市琴诗电子商务商行;https://shop17677x1eq7286.1688.com;https://detail.1688.com/offer/634881547677.html
义乌市茜紫饰品有限公司;https://xizisp.1688.com;https://detail.1688.com/offer/630133357575.html
佛山市瀛渝汽车服务有限公司;https://shop54087619z37r0.1688.com;https://detail.1688.com/offer/653014977355.html
义乌市湘诚服饰有限公司;https://shop13516985864.1688.com;https://detail.1688.com/offer/642446572135.html
五华县横陂镇文惠科技馆;https://shop1kk28847x0360.1688.com;https://detail.1688.com/offer/650253315450.html
义乌市茗胜电子商务商行;https://shop1ba1286789r14.1688.com;https://detail.1688.com/offer/619853329731.html
余姚市伊东贸易商行;https://shop6x33559190c16.1688.com;https://detail.1688.com/offer/652598512386.html
广州贡姿商贸有限公司;https://shop0536ly32859h6.1688.com;https://detail.1688.com/offer/655022209794.html
义乌市善惠电子商务商行;https://shop620j51g7122e7.1688.com;https://detail.1688.com/offer/635011114991.html
义乌市客诉电子商务商行;https://shop59696dj1q6871.1688.com;https://detail.1688.com/offer/652444857482.html
三明市三元区顺依服装店;https://shop5235rl03l2292.1688.com;https://detail.1688.com/offer/650559396145.html
义乌市楼立电子商务商行;https://shop8995395432c45.1688.com;https://detail.1688.com/offer/652554911027.html
南靖县博科食品商行;https://shop8338201165e55.1688.com;https://detail.1688.com/offer/645767722248.html
尤溪县火的鸟商行;https://shop898j665035276.1688.com;https://detail.1688.com/offer/651406751428.html
深圳市伟达湾实业发展有限公司;https://shop1176y1q416p67.1688.com;https://detail.1688.com/offer/644237605852.html
义乌市媚星电子商务商行;https://shop14dq09j393897.1688.com;https://detail.1688.com/offer/651855998035.html
佛山市禅城区永谦鹏日用品商店;https://shop994066wt50492.1688.com;https://detail.1688.com/offer/631435777877.html
永定区诺益菲百货商行;https://shop274g08z283167.1688.com;https://detail.1688.com/offer/654262790505.html
义乌市顿且电子商务商行;https://shop15080z5d72h12.1688.com;https://detail.1688.com/offer/649120133370.html
永定区枯善姿百货商行;https://shop2l32083922003.1688.com;https://detail.1688.com/offer/642737172465.html
深圳小睿电子商务有限公司;https://shop57559837ob392.1688.com;https://detail.1688.com/offer/650449221107.html
佛山市南海区兰希嘉五金厂;https://shop9g29b2b001817.1688.com;https://detail.1688.com/offer/652049375442.html
佛山市南海区宝轩阁家具厂;https://shop98j05u1987u42.1688.com;https://detail.1688.com/offer/648318383615.html
佛山市禅城区纪川百货经营部;https://shop0g1g71320g654.1688.com;https://detail.1688.com/offer/653116382088.html
新罗区翰森尤百货商行;https://shop91765u8694t36.1688.com;https://detail.1688.com/offer/649566850456.html
商丘市梁园区正函日用百货商行;https://shop2u871u15b5o16.1688.com;https://detail.1688.com/offer/645972248030.html
新罗区建霖百货商行;https://shop5232179724801.1688.com;https://detail.1688.com/offer/641944742805.html
苏州陌野商贸有限公司;https://mooyee.1688.com;https://detail.1688.com/offer/587322497087.html
江苏炫嘉丝绸家纺有限公司;https://cocoonie.1688.com;https://detail.1688.com/offer/624116319014.html
义乌市宝钰饰品有限公司;https://baoyushipin.1688.com;https://detail.1688.com/offer/625742992846.html
五华县横陂镇伟何商贸部;https://shop869122605m213.1688.com;https://detail.1688.com/offer/649044864500.html
余江区发启贸易商行;https://shop5355k408co712.1688.com;https://detail.1688.com/offer/653201829911.html
武汉市京耀尔日用品商行;https://shop02615531xs4x7.1688.com;https://detail.1688.com/offer/652958721920.html
佛山市南海区婧升优品百货商行;https://shop824489363hn31.1688.com;https://detail.1688.com/offer/649630833949.html
余江区少同电子商务商行;https://shop4lb5793007287.1688.com;https://detail.1688.com/offer/654657011848.html
莆田市秀屿区月塘淋秋服装店;https://shop53w5wl1565572.1688.com;https://detail.1688.com/offer/653451069926.html
义乌市澜兴日用百货商行;https://shop7g687845rr718.1688.com;https://detail.1688.com/offer/653672303326.html
余江区林查班商贸商行;https://shop32920nrr55572.1688.com;https://detail.1688.com/offer/652774200591.html
新罗区化楼百货商行;https://shop579653hx58f03.1688.com;https://detail.1688.com/offer/654650571570.html
余江区多侧电子商务商行;https://shop38e6b98z85221.1688.com;https://detail.1688.com/offer/655346783441.html
新罗区量东暇百货商行;https://shop50x391074y284.1688.com;https://detail.1688.com/offer/654064434922.html
城阳区霖昊盛工艺品商行;https://qdlhssp.1688.com;https://detail.1688.com/offer/638328517299.html
义乌市际恺饰品有限公司;https://shop179p402lg9637.1688.com;https://detail.1688.com/offer/622571262214.html
义乌市金狐狸饰品有限公司;https://shop034r433p468y9.1688.com;https://detail.1688.com/offer/642740383657.html
柘荣县庆网日用品经营部;https://shop455b254065j45.1688.com;https://detail.1688.com/offer/650150367430.html
义乌市缘浏电子商务商行;https://shop11d6451512v37.1688.com;https://detail.1688.com/offer/644644475880.html
柘荣县角尼日用品经营部;https://shop86f7460976258.1688.com;https://detail.1688.com/offer/651483139054.html
宿城区汐芊未百货店;https://shop906875y3401e0.1688.com;https://detail.1688.com/offer/642711749903.html
丽水驰越日用百货有限公司;https://shop858770l1220j9.1688.com;https://detail.1688.com/offer/641966643421.html
杭州萧山小嘿马服装店;https://shop6c84483438292.1688.com;https://detail.1688.com/offer/655716370395.html
义乌锦纺服饰有限公司;https://shop5s10999b00124.1688.com;https://detail.1688.com/offer/652445794532.html
余姚市唯丽五金厂;https://shop82x1373879o80.1688.com;https://detail.1688.com/offer/650091996670.html
佛山市南海区雨馨莱服饰厂;https://shop5119k640l2418.1688.com;https://detail.1688.com/offer/642888075460.html
丹阳市界牌镇时全德五金加工厂;https://shop8278g717tt732.1688.com;https://detail.1688.com/offer/645868503503.html
通山县宛咪百货店;https://shop87842p4264489.1688.com;https://detail.1688.com/offer/651945269385.html
永定区巧立聪网店;https://shop7b291248b3294.1688.com;https://detail.1688.com/offer/648877232499.html
义乌市婉姿饰品有限公司;https://shop1447087746117.1688.com;https://detail.1688.com/offer/618532635517.html
东阳市江北谱写电子商务商行;https://shop2586v3578y960.1688.com;https://detail.1688.com/offer/640771500522.html
义乌市青舞贸易有限公司;https://shop31ym8i7948953.1688.com;https://detail.1688.com/offer/646173655980.html
义乌市斯美饰品有限公司;https://shop333589546n774.1688.com;https://detail.1688.com/offer/642108902059.html
义乌市信航日用百货商行;https://shop436g8pk993670.1688.com;https://detail.1688.com/offer/654812960199.html
上海握泽贸易有限公司;https://shop2236618742mp6.1688.com;https://detail.1688.com/offer/651661421663.html
义乌市蒲钻电子商务商行;https://shop1358592219982.1688.com;https://detail.1688.com/offer/618786049503.html
高新区枫桥凌长百货商行;https://shop41v654k8v2886.1688.com;https://detail.1688.com/offer/651380064427.html
东莞市笙萧科技有限公司;https://shop8z77l849x0076.1688.com;https://detail.1688.com/offer/653971461017.html
义乌市霆扬贸易有限公司;https://shop3294645374744.1688.com;https://detail.1688.com/offer/627495797775.html
余江区度魏电子商务商行;https://shop1652265064xf3.1688.com;https://detail.1688.com/offer/651079060666.html
江西新柔航空用品有限公司;https://shop56537z1q14211.1688.com;https://detail.1688.com/offer/621944761211.html
广州市黄埔区陆筱凤贸易商行;https://shop95q8996768648.1688.com;https://detail.1688.com/offer/651907642608.html
义乌市妙宏饰品有限公司;https://miaohongacc.1688.com;https://detail.1688.com/offer/644663188012.html
丹阳市开发区冠顺弘百货商行;https://shop5900h558u4360.1688.com;https://detail.1688.com/offer/655379449562.html
义乌市豆新电子商务商行;https://shop8989283908133.1688.com;https://detail.1688.com/offer/651209694046.html
遂昌福诗日用百货商行;https://shop56249c31hh672.1688.com;https://detail.1688.com/offer/651931470254.html
广州嘚铭玩具商行;https://shop59682kt3226k7.1688.com;https://detail.1688.com/offer/653375663584.html
丹阳市界牌镇伦宇常家居用品厂;https://shop30271hh363118.1688.com;https://detail.1688.com/offer/653546843167.html
广州市鸿晟源贸易有限公司;https://shop59i8s48841201.1688.com;https://detail.1688.com/offer/655491819683.html
青白江泽佰雅秋商贸部;https://shop15l3p74614259.1688.com;https://detail.1688.com/offer/654540410176.html
永定区翘雪密百货店;https://shop1229441740g66.1688.com;https://detail.1688.com/offer/642786622770.html
余江区万然顺电子商务商行;https://shop8648790155389.1688.com;https://detail.1688.com/offer/652956879063.html
芝罘区富运莱日用品百货店;https://shop7942j192q48c7.1688.com;https://detail.1688.com/offer/649426985424.html
广州车仔贸易有限公司;https://shop0e321k3739k28.1688.com;https://detail.1688.com/offer/655066395612.html
南平市建阳区后舟顾百货店;https://shop3v3754r340186.1688.com;https://detail.1688.com/offer/643309343893.html
袁州区婉雅网络工作室;https://shop3i121853i6338.1688.com;https://detail.1688.com/offer/652197104479.html
义乌市燕媛电子商务商行;https://shop941m7ko314871.1688.com;https://detail.1688.com/offer/654871104173.html
苍南县昕呗服装网店;https://shop2i60g8691p529.1688.com;https://detail.1688.com/offer/651517670876.html
深圳市龙岗区丽丽卿服装辅料厂;https://shop1470156723331.1688.com;https://detail.1688.com/offer/586682196002.html
苏州混沌丝绸文化有限公司;https://hundunsichou.1688.com;https://detail.1688.com/offer/649859199922.html
义乌市佳芯饰品有限公司;https://jxspyxgs.1688.com;https://detail.1688.com/offer/619934459425.html
苏州雅莎丝绸科技有限公司;https://yashasilk.1688.com;https://detail.1688.com/offer/581895023845.html
义乌市萌昕饰品厂;https://shop72553v792v584.1688.com;https://detail.1688.com/offer/619642083179.html
浙江义乌菲蓝贸易有限公司;https://shop601075176fm44.1688.com;https://detail.1688.com/offer/633189408236.html
五华县横陂镇禾倩商行;https://shop255855s051s93.1688.com;https://detail.1688.com/offer/649892090054.html
深圳市兼印仑文化传播有限公司;https://shop79050q9278525.1688.com;https://detail.1688.com/offer/656279855479.html
广州市荔湾区木牛木业厂;https://shop2o08418537x64.1688.com;https://detail.1688.com/offer/655802966307.html
义乌市贝菲饰品有限公司;https://ywjlsp.1688.com;https://detail.1688.com/offer/639418942487.html
建德市三都镇裕思贸易商行;https://shop0y017g0512271.1688.com;https://detail.1688.com/offer/656454087877.html
绍兴时华纺织品有限公司;https://shop69101397x4m34.1688.com;https://detail.1688.com/offer/651238295778.html
五华县横陂镇银珊商贸部;https://shop21h19174u1207.1688.com;https://detail.1688.com/offer/649552180964.html
义乌歆我商贸有限公司;https://shop1400806978599.1688.com;https://detail.1688.com/offer/588408277127.html
柘荣县角村日用品经营部;https://shop12u1790r83y92.1688.com;https://detail.1688.com/offer/652394762204.html
义乌市锦妮饰品有限公司;https://shop06592x25x2407.1688.com;https://detail.1688.com/offer/652419423019.html
永定区禧毕临商行;https://shop05780285x4467.1688.com;https://detail.1688.com/offer/630966164084.html
浦城县顶祺百货店;https://shop696r943695963.1688.com;https://detail.1688.com/offer/653958737759.html
义乌市宸妤饰品有限公司;https://shop0t8941e9011f7.1688.com;https://detail.1688.com/offer/627273355022.html
佛山市禅城区鑫驰哈服装厂;https://shop21142586u9v59.1688.com;https://detail.1688.com/offer/648974248413.html
深圳市宝安区盛鑫鸿百货商行;https://shop0258775719405.1688.com;https://detail.1688.com/offer/639229438656.html
丰泽区亿正日用百货商行;https://shop656234w604731.1688.com;https://detail.1688.com/offer/648145859053.html
永定区悬历泽百货商行;https://shop8t60825091gv4.1688.com;https://detail.1688.com/offer/649877967162.html
广州白云区君子道茶酒商行;https://shop57h2378n11z68.1688.com;https://detail.1688.com/offer/645265645028.html
新罗区金逸百货商行;https://shop786if14876957.1688.com;https://detail.1688.com/offer/643638476546.html
厦门市韵初饰品有限公司;https://xmyunchu.1688.com;https://detail.1688.com/offer/629250143993.html
浦江县谦宸饰品厂;https://shop4h2p7175784l7.1688.com;https://detail.1688.com/offer/624732454931.html
义乌市润特饰品有限公司;https://sunfangwei8.1688.com;https://detail.1688.com/offer/566127762632.html
义乌市奇阅饰品有限公司;https://qiyueshipin.1688.com;https://detail.1688.com/offer/529663680772.html
义乌市璟行贸易有限公司;https://shop810g325081j07.1688.com;https://detail.1688.com/offer/655706526105.html
东阳市俊涵饰品有限公司;https://junhansp.1688.com;https://detail.1688.com/offer/613913256469.html
浦江县雅宸饰品厂;https://shop560261v0v3611.1688.com;https://detail.1688.com/offer/619692701536.html
义乌市心悠饰品有限公司;https://shop59447sx7584a6.1688.com;https://detail.1688.com/offer/625338567101.html
义乌市铎铃电子商务商行;https://darling8861.1688.com;https://detail.1688.com/offer/614259141480.html
义乌市妆点饰品有限公司;https://zhuangdianacc.1688.com;https://detail.1688.com/offer/614038423792.html
永嘉县发缘塑料加工厂;https://shop03431ym121926.1688.com;https://detail.1688.com/offer/654105911828.html
义乌市星泰饰品有限公司;https://shop9i878x7270203.1688.com;https://detail.1688.com/offer/626410212252.html
义乌科凡电子商务商行;https://shop854301399n549.1688.com;https://detail.1688.com/offer/655781550376.html
义乌市韩饰电子商务有限公司;https://hs0616.1688.com;https://detail.1688.com/offer/625016341366.html
南平市建阳区林农秦宣百货店;https://shop94371q673k841.1688.com;https://detail.1688.com/offer/645099655489.html
义乌市梦锦服饰厂;https://mjoy2019.1688.com;https://detail.1688.com/offer/613935656833.html
义乌市笑妘电子商务商行;https://shop57fd661433252.1688.com;https://detail.1688.com/offer/610290934362.html
义乌市囡喃电子商务商行;https://shop48061986g28s4.1688.com;https://detail.1688.com/offer/645042532272.html
佛山市禅城区护炎冬鞋店;https://shop482m666h919m2.1688.com;https://detail.1688.com/offer/640128776249.html
义乌市鑫方贸易有限公司;https://shop41499q9348907.1688.com;https://detail.1688.com/offer/616556713089.html
遂昌拉恒日用百货商行;https://shop676xs8313x545.1688.com;https://detail.1688.com/offer/644414152160.html
义乌市良缘饰品厂;https://liangyuansp.1688.com;https://detail.1688.com/offer/608336606946.html
余江区明舞辉电子商务商行;https://shop1400810o01955.1688.com;https://detail.1688.com/offer/652930207413.html
余江区程美腾电子商务商行;https://shop0189qx8473904.1688.com;https://detail.1688.com/offer/651423662797.html
万载县腹娇等百货店;https://shop9b1415ev39823.1688.com;https://detail.1688.com/offer/651659090545.html
台江区容耀电子产品商行;https://shop10225u5990l24.1688.com;https://detail.1688.com/offer/652268882621.html
苏州桑曼家纺有限公司;https://sangman.1688.com;https://detail.1688.com/offer/527034740607.html
东阳市虎哥猫弟汽车用品有限公司;https://hugemaodi.1688.com;https://detail.1688.com/offer/646947727870.html
义乌市通晟电子商务商行;https://qianqian1314168.1688.com;https://detail.1688.com/offer/615417824353.html
义乌市薇孝饰品有限公司;https://ywzini.1688.com;https://detail.1688.com/offer/650151793190.html
义乌市谦谦饰品有限公司;https://shop1495299047519.1688.com;https://detail.1688.com/offer/631261685469.html
沈阳市大东区华运信息站;https://shop1375895094088.1688.com;https://detail.1688.com/offer/642274679923.html
义乌市黛菲饰品有限公司;https://shop9k9101p139c06.1688.com;https://detail.1688.com/offer/640506848500.html
义乌市亿革饰品有限公司;https://shop915lrk4217755.1688.com;https://detail.1688.com/offer/642281719896.html
义乌市兔菲饰品有限公司;https://shop1f248z357u589.1688.com;https://detail.1688.com/offer/640132056813.html
义乌市浩平饰品有限公司;https://shop61883lk7070j7.1688.com;https://detail.1688.com/offer/626955572138.html
义乌市馥甄电子商务商行;https://shop598d82508x001.1688.com;https://detail.1688.com/offer/641422689686.html
深圳市宝安区宇轩服装商行;https://shop637526001s6l5.1688.com;https://detail.1688.com/offer/633611484418.html
柘荣县庆高日用品经营部;https://shop769894301l342.1688.com;https://detail.1688.com/offer/651110463268.html
义乌市共觅电子商务商行;https://shop464u9n6m41807.1688.com;https://detail.1688.com/offer/654775370323.html
义乌市溪项电子商务商行;https://shop7599740972u73.1688.com;https://detail.1688.com/offer/656118727408.html
义乌市修婕电子商务商行;https://shop6724b67477210.1688.com;https://detail.1688.com/offer/655190953113.html
凤阳县官塘镇尚可商铺;https://shop98kn8g4133558.1688.com;https://detail.1688.com/offer/650704628733.html
漯河市源汇区莫世炎敏百货店;https://shop16320d7632z95.1688.com;https://detail.1688.com/offer/649905627856.html
义乌市议夕电子商务商行;https://shop3206584f07ye8.1688.com;https://detail.1688.com/offer/655553311133.html
南平市建阳区林农与分百货店;https://shop85520nmu61727.1688.com;https://detail.1688.com/offer/651428798493.html
万载县闽景薇日用品经营部;https://shop12p703962l550.1688.com;https://detail.1688.com/offer/653581339148.html
南平市建阳区林农皎洁百货店;https://shop19608zv047824.1688.com;https://detail.1688.com/offer/654977164122.html
义乌市庄智电子商务商行;https://shop6k48166781k01.1688.com;https://detail.1688.com/offer/655867262067.html
余江区思涵经营部;https://shop165252422e6h6.1688.com;https://detail.1688.com/offer/653666492116.html
浙江佑米电子商务有限公司;https://shop2169v40r5a380.1688.com;https://detail.1688.com/offer/626338850462.html
鄱阳县能冷松珠宝店;https://shop36203f1006856.1688.com;https://detail.1688.com/offer/654090673697.html
义乌市麦普电子商务有限公司;https://shop1452186221540.1688.com;https://detail.1688.com/offer/626374696553.html
寿县楚高百货销售店;https://shop5r1624j79e271.1688.com;https://detail.1688.com/offer/653375157783.html
邢台途爽汽车用品销售有限公司;https://shop5439pr2292j07.1688.com;https://detail.1688.com/offer/627806881308.html
保定威兰萨服装制造有限公司;https://jiayulaobao.1688.com;https://detail.1688.com/offer/630928648035.html
义乌市聚顶服饰有限公司;https://shop1412008823299.1688.com;https://detail.1688.com/offer/643949868779.html
义乌市青囊贸易有限公司;https://miaoxiaccessory.1688.com;https://detail.1688.com/offer/651756313100.html
义乌市翔响电子商务商行;https://shop94754e7o78205.1688.com;https://detail.1688.com/offer/619617578996.html
苏州采缘秀丝绸有限公司;https://shop1460468598542.1688.com;https://detail.1688.com/offer/547834996336.html
义乌市伊宇饰品有限公司;https://shop9962476358340.1688.com;https://detail.1688.com/offer/619813073556.html
义乌市筱言电子商务商行;https://shop9906927o01751.1688.com;https://detail.1688.com/offer/642514766499.html
余江区海余商贸商行;https://shop13y173h8z7791.1688.com;https://detail.1688.com/offer/654848950979.html
鄱阳县东慕卉服装店;https://shop3864x0705m0s5.1688.com;https://detail.1688.com/offer/652876943902.html
义乌市义多广贸易有限公司;https://shop5791w74o41n67.1688.com;https://detail.1688.com/offer/620597981438.html
义乌千芙饰品有限公司;https://shop1404528103758.1688.com;https://detail.1688.com/offer/575627004424.html
尤溪县捷民商行;https://shop4619rt5b17078.1688.com;https://detail.1688.com/offer/641318789960.html
尤溪县嘉磊商行;https://shop085389ht545x6.1688.com;https://detail.1688.com/offer/643758686407.html
常熟市莫城街道温尔雅服饰商行;https://shop670h37e8977a9.1688.com;https://detail.1688.com/offer/646937173254.html
义乌市馨莲饰品有限公司;https://shop75h4615029198.1688.com;https://detail.1688.com/offer/640551684044.html
东阳市艾莎饰品有限公司;https://shop73l36v18478s7.1688.com;https://detail.1688.com/offer/636116710483.html
龙港市阿晓电子商务商行;https://shop88f0094729606.1688.com;https://detail.1688.com/offer/652577172396.html
广州市花都区狮岭鼎旺五金加工厂;https://shop3571472q9s7j5.1688.com;https://detail.1688.com/offer/645377920968.html
义乌市馨懿饰品有限公司;https://huiyaosujiao.1688.com;https://detail.1688.com/offer/640396160510.html
徐海洋;https://shop1481727544608.1688.com;https://detail.1688.com/offer/643081163112.html
兴化市大年服装经营部;https://shop1414055990876.1688.com;https://detail.1688.com/offer/643344183783.html
常熟市服装城天悦服饰商行;https://shop714j73920x966.1688.com;https://detail.1688.com/offer/643788537537.html
兴化市钓鱼镇传强服饰店;https://shop1392829104033.1688.com;https://detail.1688.com/offer/642388264304.html
尤溪县古德拜商行;https://shop658121275xfg6.1688.com;https://detail.1688.com/offer/650879468277.html
尤溪县企德迁商行;https://shop98746u418u9p7.1688.com;https://detail.1688.com/offer/653794841908.html
尤溪县鹏承商行;https://shop0041g6a953847.1688.com;https://detail.1688.com/offer/654266966130.html
余江区堂使电子商务商行;https://shop8159401238430.1688.com;https://detail.1688.com/offer/654532917890.html
广州哈琳娜饰品厂;https://harrina.1688.com;https://detail.1688.com/offer/651493152171.html
广州有派饰品设计有限公司;https://yoapoe.1688.com;https://detail.1688.com/offer/604949538536.html
义乌市序一电子商务商行;https://yiwuxuyi.1688.com;https://detail.1688.com/offer/650926561814.html
义乌市夏然饰品有限公司;https://shop67n9956f68t51.1688.com;https://detail.1688.com/offer/649376153442.html
义乌市比目鱼电子商务商行;https://shop33me754l469p5.1688.com;https://detail.1688.com/offer/641974774075.html
义乌市安迎贸易有限公司;https://anyingshipin.1688.com;https://detail.1688.com/offer/627284588504.html
义乌市凌果饰品厂;https://lingguoshipin.1688.com;https://detail.1688.com/offer/626853422622.html
广州市茂驰电子商务商行;https://shop433131302t1h8.1688.com;https://detail.1688.com/offer/651510145530.html
万载县捷穷百货店;https://shop86n47fp087789.1688.com;https://detail.1688.com/offer/652941939468.html
新罗区协佳百货商行;https://shop284167w9v2397.1688.com;https://detail.1688.com/offer/654673724810.html
遂昌乐浩贸易商行;https://shop2u6b287849140.1688.com;https://detail.1688.com/offer/655959975861.html
永定区善佑之百货商行;https://shop9195723107322.1688.com;https://detail.1688.com/offer/644255052557.html
义乌市夕霞电子商务商行;https://xixia2020.1688.com;https://detail.1688.com/offer/620469862133.html
义乌市岚辰饰品有限公司;https://lanchen2018.1688.com;https://detail.1688.com/offer/652939502371.html
温江恩多饰品电子商务经营部;https://shop16ju5155u4191.1688.com;https://detail.1688.com/offer/652338093969.html
景宁利隆电子商务有限公司;https://88888899999.1688.com;https://detail.1688.com/offer/643268943164.html
遂昌格伟贸易商行;https://shop10da961q32014.1688.com;https://detail.1688.com/offer/645082295027.html
南平市建阳区广采萱百货店;https://shop07b79v5m68335.1688.com;https://detail.1688.com/offer/655994610211.html
义乌市古魅电子商务商行;https://shop85r92933y0y79.1688.com;https://detail.1688.com/offer/616259103961.html
新罗区今科网店;https://shop6r26t169k7122.1688.com;https://detail.1688.com/offer/651944483605.html
遂昌帕山日用百货商行;https://shop9448y3932y514.1688.com;https://detail.1688.com/offer/650782746179.html
深圳市欣盛饰品有限公司;https://xinshengzhubao.1688.com;https://detail.1688.com/offer/583739983795.html
新罗区城清叶百货商行;https://shop29c21524q71t0.1688.com;https://detail.1688.com/offer/649878471630.html
义乌市闵默电子商务商行;https://shop624a767493015.1688.com;https://detail.1688.com/offer/655552757300.html
义乌市兑办电子商务商行;https://shop365o5w8773310.1688.com;https://detail.1688.com/offer/656383947470.html
高新区枫桥桥风和百货商行;https://shop2884nmh284427.1688.com;https://detail.1688.com/offer/654430810046.html
上海棉想实业有限公司;https://shop1128372d7z5x5.1688.com;https://detail.1688.com/offer/639782218658.html
遂昌钧米衡电子商务商行;https://shop9v31361a71f43.1688.com;https://detail.1688.com/offer/649162876338.html
润州区卓而爽百货商行;https://shop63p0786093v08.1688.com;https://detail.1688.com/offer/641182346065.html
