义乌市三态饰品有限公司;https://santai3333.1688.com;https://detail.1688.com/offer/611804236090.html
义乌市润特饰品有限公司;https://sunfangwei8.1688.com;https://detail.1688.com/offer/596614704445.html
义乌市奇阅饰品有限公司;https://qiyueshipin.1688.com;https://detail.1688.com/offer/588848853873.html
义乌市晓通电子商务有限公司;https://shop3g2o09h083187.1688.com;https://detail.1688.com/offer/620959670547.html
义乌市妙德电子商务商行;https://shop1354900280794.1688.com;https://detail.1688.com/offer/597772998731.html
义乌市雨声贸易有限公司;https://yusheng8.1688.com;https://detail.1688.com/offer/640105272433.html
义乌市和鸣饰品有限公司;https://shop36mm85665l864.1688.com;https://detail.1688.com/offer/613413120417.html
义乌市莱玛电子商务有限公司;https://laimasp.1688.com;https://detail.1688.com/offer/633442241232.html
义乌市辉耀饰品有限公司;https://shop7zdy956760942.1688.com;https://detail.1688.com/offer/631366736371.html
义乌市酷华饰品厂;https://shop1438707329000.1688.com;https://detail.1688.com/offer/607917185986.html
义乌市晓茵电子商务商行;https://shop1373993624078.1688.com;https://detail.1688.com/offer/638964699251.html
义乌市义多广贸易有限公司;https://shop5791w74o41n67.1688.com;https://detail.1688.com/offer/604206933537.html
义乌市琴诗电子商务商行;https://shop17677x1eq7286.1688.com;https://detail.1688.com/offer/631721518516.html
铅山县青溪发饰界;https://shop4p0ee78860292.1688.com;https://detail.1688.com/offer/631916395372.html
鄱阳县东慕卉服装店;https://shop3864x0705m0s5.1688.com;https://detail.1688.com/offer/654114558487.html
义乌市妍洋饰品有限公司;https://shop10271s8711638.1688.com;https://detail.1688.com/offer/597541103081.html
义乌市简兮饰品有限公司;https://shop377z807543vx9.1688.com;https://detail.1688.com/offer/609338668825.html
天台县宇涛工艺品厂;https://shop44f2gf9450192.1688.com;https://detail.1688.com/offer/612546127076.html
义乌市亦舒饰品有限公司;https://shop446f2f7150a94.1688.com;https://detail.1688.com/offer/609364713878.html
义乌市雅漾饰品有限公司;https://shop916q332j13884.1688.com;https://detail.1688.com/offer/642889068352.html
义乌市清雅饰品有限公司;https://shop78254wqw30198.1688.com;https://detail.1688.com/offer/644121739637.html
义乌市梵恩饰品有限公司;https://fanen1688.1688.com;https://detail.1688.com/offer/614043713570.html
义乌市喜丽猫饰品有限公司;https://xilicat.1688.com;https://detail.1688.com/offer/614433618443.html
东阳市艾莎饰品有限公司;https://shop73l36v18478s7.1688.com;https://detail.1688.com/offer/635431844919.html
义乌市格尚电子商务商行;https://15geshang.1688.com;https://detail.1688.com/offer/599801500307.html
义乌市忻婷电子商务商行;https://shop89i21962q3485.1688.com;https://detail.1688.com/offer/617027191879.html
尤溪县广建同网店;https://shop2603954im3178.1688.com;https://detail.1688.com/offer/650866154146.html
宿城区晚扼然分百货商行;https://shop110429sm96034.1688.com;https://detail.1688.com/offer/647410424320.html
义乌市亚誉电子商务商行;https://shop960952jz62422.1688.com;https://detail.1688.com/offer/653504018942.html
遂昌江润贸易商行;https://shop499f84l595m45.1688.com;https://detail.1688.com/offer/649481809621.html
义乌市古德日用品有限公司;https://goodriyong.1688.com;https://detail.1688.com/offer/629051804667.html
义乌市楚萝电子商务商行;https://shop384x687563562.1688.com;https://detail.1688.com/offer/640390068259.html
义乌市芳若饰品有限公司;https://shop812901d041658.1688.com;https://detail.1688.com/offer/620334542661.html
义乌市鹏姣电子商务商行;https://518yypifa.1688.com;https://detail.1688.com/offer/644100295728.html
河东区盼一芳服装商行;https://shop389422n938898.1688.com;https://detail.1688.com/offer/643539133414.html
广州元塞商贸店;https://shop5686m53212838.1688.com;https://detail.1688.com/offer/649858326518.html
浦江县韩之尚电子商务有限公司;https://hanzhishang.1688.com;https://detail.1688.com/offer/620130549687.html
义乌市飞韩饰品有限公司;https://feihan.1688.com;https://detail.1688.com/offer/626142742343.html
连云港品质佳服饰有限公司;https://pinzhijia.1688.com;https://detail.1688.com/offer/642943736707.html
义乌市殊霆饰品有限公司;https://shuting.1688.com;https://detail.1688.com/offer/600770894416.html
义乌市胡人饰品有限公司;https://guyueren.1688.com;https://detail.1688.com/offer/619042585444.html
义乌市莉韩饰品有限公司;https://lihan2019.1688.com;https://detail.1688.com/offer/627398078757.html
义乌市佑勋电子商务有限公司;https://shop49186j38zg505.1688.com;https://detail.1688.com/offer/635687124309.html
舞阳县蔻带百货店;https://shop677z0362171t8.1688.com;https://detail.1688.com/offer/654525189914.html
义乌市际恺饰品有限公司;https://shop179p402lg9637.1688.com;https://detail.1688.com/offer/639363860086.html
莆田市谷八商贸有限公司;https://shop8231f72h71841.1688.com;https://detail.1688.com/offer/655879719912.html
朝阳区宇木商贸行;https://shop6064vs49x9212.1688.com;https://detail.1688.com/offer/652047377214.html
义乌市瑞涯日用百货商行;https://shop78052693we043.1688.com;https://detail.1688.com/offer/654311426712.html
临漳县城二环路能达电子商行;https://shop863b4j6039329.1688.com;https://detail.1688.com/offer/655163074686.html
灌云县东王集乡曹加序缝纫店;https://15961355555.1688.com;https://detail.1688.com/offer/644543657917.html
余姚市艾洪贸易商行;https://shop0b715598j66b9.1688.com;https://detail.1688.com/offer/641289490968.html
灌云县美人春服装厂;https://shop74139f4l4b147.1688.com;https://detail.1688.com/offer/645563856711.html
新罗区千资色百货商行;https://shop776696cjg8272.1688.com;https://detail.1688.com/offer/642776692929.html
义乌市夏妮贸易有限公司;https://hairwear.1688.com;https://detail.1688.com/offer/635750509551.html
义乌市霆扬贸易有限公司;https://shop3294645374744.1688.com;https://detail.1688.com/offer/622772609566.html
余江区琦欧经营部;https://shop3235j3w4639h5.1688.com;https://detail.1688.com/offer/653236273744.html
义乌市兴洪饰品有限公司;https://shop9762q66563118.1688.com;https://detail.1688.com/offer/607511380333.html
灌云县芳妃服装厂;https://shop39d514tv12122.1688.com;https://detail.1688.com/offer/644364327334.html
义乌市伯言电子商务商行;https://shop1468256490202.1688.com;https://detail.1688.com/offer/613972090362.html
灌云纤妙服装有限公司;https://qianmiao.1688.com;https://detail.1688.com/offer/650559268376.html
义乌市缘浏电子商务商行;https://shop11d6451512v37.1688.com;https://detail.1688.com/offer/651570242064.html
义乌市惠南饰品有限公司;https://shop0742853s0a4a2.1688.com;https://detail.1688.com/offer/641238379265.html
南京花兮百货贸易有限公司;https://shop17230wv141v16.1688.com;https://detail.1688.com/offer/619478278577.html
义乌千芙饰品有限公司;https://shop1404528103758.1688.com;https://detail.1688.com/offer/605656641294.html
义乌市旅寇电子商务商行;https://shop1466788398743.1688.com;https://detail.1688.com/offer/639071792191.html
南平市建阳区刚弘馨百货店;https://shop09089865m5357.1688.com;https://detail.1688.com/offer/649371080707.html
安顺市星鱼商贸有限公司;https://shop37z98w6i37219.1688.com;https://detail.1688.com/offer/648990211161.html
义乌市青舞贸易有限公司;https://shop31ym8i7948953.1688.com;https://detail.1688.com/offer/646379690115.html
厦门市韵初饰品有限公司;https://xmyunchu.1688.com;https://detail.1688.com/offer/620252413131.html
义乌市慕彤饰品有限公司;https://shop4g652826j49j5.1688.com;https://detail.1688.com/offer/650024346943.html
兴城市兴满泳装厂;https://shop1490980271955.1688.com;https://detail.1688.com/offer/567004514883.html
义乌市围艺贸易有限公司;https://ywsweiyi.1688.com;https://detail.1688.com/offer/639016722058.html
深圳市南山区唐歆服饰商行;https://chenmeixiong.1688.com;https://detail.1688.com/offer/639543543160.html
义乌市邻果饰品有限公司;https://shop5e541j99908q5.1688.com;https://detail.1688.com/offer/643261759902.html
义乌市耀艳电子商务有限公司;https://shop87w73w709c704.1688.com;https://detail.1688.com/offer/630953679047.html
义乌市瀚翎电子商务商行;https://shop4941u66q16788.1688.com;https://detail.1688.com/offer/608814135607.html
义乌市圣熙饰品有限公司;https://shengxi789.1688.com;https://detail.1688.com/offer/610161670802.html
义乌市湍晨电子商务商行;https://shop1383757068524.1688.com;https://detail.1688.com/offer/648124871131.html
义乌市暖墨电子商务商行;https://shop7ici643342400.1688.com;https://detail.1688.com/offer/634072117205.html
深圳市龙华新区伊百分手工饰品厂;https://storyacc.1688.com;https://detail.1688.com/offer/552898817101.html
义乌市施占电子商务商行;https://shop9z644c1314556.1688.com;https://detail.1688.com/offer/653788999485.html
义乌市美添色电子商务有限公司;https://shop3g466z20449g7.1688.com;https://detail.1688.com/offer/628866641634.html
龙港市诚妙鑫电子商务商行;https://shop6s8bi0135r004.1688.com;https://detail.1688.com/offer/641857678923.html
丹阳市界牌镇启柔棠家居用品厂;https://shop7u13033516225.1688.com;https://detail.1688.com/offer/651852591178.html
广州旅间咨询中心;https://shop6z806941740p1.1688.com;https://detail.1688.com/offer/641995350526.html
西安市未央区汇晨琦贸易商行;https://shop69402654q2342.1688.com;https://detail.1688.com/offer/640607411448.html
山东佰仕达商贸有限公司;https://bestryglobal.1688.com;https://detail.1688.com/offer/649269993530.html
新沂市福鑫恒家居用品经营部;https://shop94w0295554z03.1688.com;https://detail.1688.com/offer/653086559182.html
深圳市宝安区沙井金泰盛纺织商行;https://shop1466268682219.1688.com;https://detail.1688.com/offer/568219849464.html
高新区枫桥思巷源百货商行;https://shop582v362w24j75.1688.com;https://detail.1688.com/offer/654412453928.html
佛山市科曼达电子商务有限公司;https://shop5758q60b45658.1688.com;https://detail.1688.com/offer/646725040116.html
义乌市译蔓电子商务商行;https://yimangshipin.1688.com;https://detail.1688.com/offer/596450821601.html
尤溪县鸟仁商行;https://shop2899599177970.1688.com;https://detail.1688.com/offer/655856134095.html
广州市天河区棠下连连旺贸易商行;https://lianlianw.1688.com;https://detail.1688.com/offer/641647484727.html
广州南沙区树阁网络科技有限公司;https://shop2l12723028628.1688.com;https://detail.1688.com/offer/639836732863.html
漳州开发区淌联服装店;https://shop70791681x3043.1688.com;https://detail.1688.com/offer/649724782169.html
义乌市羿辰饰品厂;https://shophancai.1688.com;https://detail.1688.com/offer/623687913241.html
鄱阳县倪从阳饰品店;https://shop61z4z69326p65.1688.com;https://detail.1688.com/offer/648756620236.html
义乌市丽歌饰品有限公司;https://shop1467221335666.1688.com;https://detail.1688.com/offer/641320283158.html
义乌市舒文饰品有限公司;https://shop2k5d127d55217.1688.com;https://detail.1688.com/offer/645013322471.html
浦江县皓饰贸易有限公司;https://shop6238k8980f192.1688.com;https://detail.1688.com/offer/623621399096.html
义乌市佳妃饰品厂;https://yiwujiafei.1688.com;https://detail.1688.com/offer/601051121609.html
浦江县谦宸饰品厂;https://shop4h2p7175784l7.1688.com;https://detail.1688.com/offer/625109415303.html
义乌市缕丰服饰有限公司;https://shop909486591ve32.1688.com;https://detail.1688.com/offer/639023636938.html
义乌市杰英若飞贸易有限公司;https://shop1464868602056.1688.com;https://detail.1688.com/offer/607540651193.html
义乌市博蕾饰品有限公司;https://shop8j234o342j230.1688.com;https://detail.1688.com/offer/618745872756.html
南平市建阳区当排脂百货店;https://shop92a7s851o2441.1688.com;https://detail.1688.com/offer/645490158451.html
玉林市玉州区武艳百货店;https://shop885954512b8b5.1688.com;https://detail.1688.com/offer/654189824469.html
义乌市布斯进出口有限公司;https://shop81421962oq998.1688.com;https://detail.1688.com/offer/624213256663.html
遂昌温澜日用百货商行;https://shop076t723d39770.1688.com;https://detail.1688.com/offer/644915722052.html
义乌市蜜舍饰品厂;https://nvshe.1688.com;https://detail.1688.com/offer/623927478168.html
义乌市予诺电子商务商行;https://shop97109h2h70819.1688.com;https://detail.1688.com/offer/617894185670.html
义乌市宣颖电子商务有限公司;https://shop90606028po4a4.1688.com;https://detail.1688.com/offer/617135086747.html
广州嘚铭玩具商行;https://shop59682kt3226k7.1688.com;https://detail.1688.com/offer/655602343341.html
深圳市宝安区福海靓依都服装厂;https://shop1494607960707.1688.com;https://detail.1688.com/offer/638920481680.html
成华区果果儿商贸部;https://shop363138p1x4453.1688.com;https://detail.1688.com/offer/645934961686.html
义乌市环越饰品有限公司;https://shop111t4796au603.1688.com;https://detail.1688.com/offer/619754769961.html
义乌市蓝系电子商务商行;https://shop9d0888x7405y2.1688.com;https://detail.1688.com/offer/617729105712.html
义乌奇睿饰品有限公司;https://yiwuqirui.1688.com;https://detail.1688.com/offer/655770011329.html
义乌市百萱电子商务商行;https://shop913341y061375.1688.com;https://detail.1688.com/offer/640809358565.html
义乌市铎铃电子商务商行;https://darling8861.1688.com;https://detail.1688.com/offer/614500711622.html
上海握泽贸易有限公司;https://shop2236618742mp6.1688.com;https://detail.1688.com/offer/645457303011.html
松阳县礼兴贸易商行;https://shop16655850yo875.1688.com;https://detail.1688.com/offer/641864604576.html
长沙壹宠宠物有限责任公司;https://shop5967s83060381.1688.com;https://detail.1688.com/offer/654503992966.html
义乌市星泰饰品有限公司;https://shop9i878x7270203.1688.com;https://detail.1688.com/offer/628055934710.html
义乌市双蝶进出口商行;https://shop1396630461889.1688.com;https://detail.1688.com/offer/595737385735.html
义乌佳滢贸易有限公司;https://shop9411551b6b992.1688.com;https://detail.1688.com/offer/633395739683.html
义乌市程樱电子商务商行;https://shop1439225338007.1688.com;https://detail.1688.com/offer/608852174473.html
嵊州市亿利领带服饰有限公司;https://yililingdai.1688.com;https://detail.1688.com/offer/556827480112.html
义乌市婧慕饰品有限公司;https://shop085100628ome4.1688.com;https://detail.1688.com/offer/634384167901.html
义乌市逸舒贸易有限公司;https://15868952333.1688.com;https://detail.1688.com/offer/625804913472.html
义乌市麦暖服装厂;https://ywmainuan.1688.com;https://detail.1688.com/offer/641689752937.html
义乌市蜜语饰品有限公司;https://ziwensp.1688.com;https://detail.1688.com/offer/643223257934.html
义乌市纤迪饰品厂;https://meidijewelry.1688.com;https://detail.1688.com/offer/634961211516.html
义乌市炫朵饰品有限公司;https://shop5632i69k31k42.1688.com;https://detail.1688.com/offer/617536100252.html
义乌市环俏服饰厂;https://ywhq79.1688.com;https://detail.1688.com/offer/642691528263.html
义乌市妮奈饰品厂;https://ninaishipin.1688.com;https://detail.1688.com/offer/642514103183.html
海口龙华区利杰可贸易商行;https://shop430e94y480154.1688.com;https://detail.1688.com/offer/653183703863.html
石狮市简峰世控网络百货商行;https://shop16t64v339n381.1688.com;https://detail.1688.com/offer/653485862758.html
余江区银樊经营部;https://shop3i72651249435.1688.com;https://detail.1688.com/offer/654951300283.html
义乌市茹玥电子商务商行;https://shop4298436ey6850.1688.com;https://detail.1688.com/offer/630426342357.html
南平市建阳区广采萱百货店;https://shop07b79v5m68335.1688.com;https://detail.1688.com/offer/655061089395.html
义乌市霞劲电子商务商行;https://shop859t20r10b370.1688.com;https://detail.1688.com/offer/655890867272.html
余江区达梅玲百货店;https://shop124a0x7n07608.1688.com;https://detail.1688.com/offer/653674903608.html
义乌市奥朵饰品厂;https://shop55h12o4729902.1688.com;https://detail.1688.com/offer/635756438985.html
义乌市歌图电子商务商行;https://shop66054uuy04028.1688.com;https://detail.1688.com/offer/655159918098.html
义乌市考薛电子商务商行;https://shop86d50o63s2738.1688.com;https://detail.1688.com/offer/654424437993.html
玉林市玉州区武阳百货店;https://shop3bt5z15412373.1688.com;https://detail.1688.com/offer/652598315921.html
义乌市梦锦服饰厂;https://mjoy2019.1688.com;https://detail.1688.com/offer/626678734427.html
义乌市今立服饰有限公司;https://shop0j22u6275i474.1688.com;https://detail.1688.com/offer/630068315985.html
义乌市艾蕾亘特饰品厂;https://shop66h557u133484.1688.com;https://detail.1688.com/offer/655062754351.html
义乌市格蔬电子商务商行;https://shop1p04a03868280.1688.com;https://detail.1688.com/offer/648202180816.html
温州市崇业服饰有限公司;https://shop1514990oi0686.1688.com;https://detail.1688.com/offer/626040871272.html
义乌市宇博服饰有限公司;https://shop0484v21867790.1688.com;https://detail.1688.com/offer/637406685091.html
丹阳市开发区紫淳百货商行;https://shop8t9116tg25953.1688.com;https://detail.1688.com/offer/650715110427.html
丹阳市开发区丰进杰百货商行;https://shop7t12w041939u8.1688.com;https://detail.1688.com/offer/647929933510.html
义乌市摩多贸易有限公司;https://moduomaoyi.1688.com;https://detail.1688.com/offer/651816086811.html
广州哆哩咪饰品贸易有限公司;https://shop14038693zx126.1688.com;https://detail.1688.com/offer/632601847071.html
义乌市卡曦电子商务有限公司;https://shop71468y93d0o62.1688.com;https://detail.1688.com/offer/641314981065.html
义乌市九层电子商务有限公司;https://shop1146m3771hq85.1688.com;https://detail.1688.com/offer/634647232687.html
义乌妙斯电子商务有限公司;https://shop1742883ww4228.1688.com;https://detail.1688.com/offer/642501731820.html
义乌市裕霖电子商务有限公司;https://yulinshiping.1688.com;https://detail.1688.com/offer/633885584209.html
新罗区金恒百货商行;https://shop6578r113c6802.1688.com;https://detail.1688.com/offer/652253926109.html
义乌市骍隆电子商务商行;https://shop684n393892646.1688.com;https://detail.1688.com/offer/651454916705.html
义乌市用心服饰厂;https://shop1429030588177.1688.com;https://detail.1688.com/offer/638239446317.html
义乌市妤曼服饰有限公司;https://yumanfushi0729.1688.com;https://detail.1688.com/offer/640545403719.html
万载县荟达片日用品经营部;https://shop78545q33kv865.1688.com;https://detail.1688.com/offer/650650960122.html
遂昌沫仟贸易商行;https://shop687d5i6167570.1688.com;https://detail.1688.com/offer/649856068153.html
广州南沙区瀚景医疗器械有限公司;https://shop08r1v57963283.1688.com;https://detail.1688.com/offer/650810495578.html
许昌市建安区小白百货商行;https://shop4c82781bc3368.1688.com;https://detail.1688.com/offer/649118012465.html
深圳市龙岗区皮皮熊精品百货商贸行;https://shop6306717x685x2.1688.com;https://detail.1688.com/offer/651814554841.html
柘荣县角麻日用品经营部;https://shop44108p6756k89.1688.com;https://detail.1688.com/offer/649581410339.html
万载县福昕日用品商行;https://shop251x9864u2y64.1688.com;https://detail.1688.com/offer/652177271534.html
袁州区楠烟网络工作室;https://shop653224db6d762.1688.com;https://detail.1688.com/offer/653252368642.html
余江区达祥经营部;https://shop11090a38112a5.1688.com;https://detail.1688.com/offer/652484294725.html
余江区浩柏经营部;https://shop9539467u00j40.1688.com;https://detail.1688.com/offer/653525160939.html
玉林市玉州区好在来百货店;https://shop1w2ll99024511.1688.com;https://detail.1688.com/offer/639383230265.html
广州敏丽橙商贸有限公司;https://shop5o38g30608556.1688.com;https://detail.1688.com/offer/651602470510.html
陆川县融全日用品店;https://shop86272846y8s26.1688.com;https://detail.1688.com/offer/648630844721.html
桐庐县横村镇成炎针织加工厂;https://shop5u359854e1374.1688.com;https://detail.1688.com/offer/622928944473.html
义乌市广拓电子商务有限公司;https://guangtuoshipin.1688.com;https://detail.1688.com/offer/640108321215.html
义乌市樱草电子商务有限公司;https://shop766167f66y231.1688.com;https://detail.1688.com/offer/644981647631.html
五华县横陂镇钧锋科技馆;https://shop2194485te1o54.1688.com;https://detail.1688.com/offer/655322055888.html
义乌市苏黎电子商务商行;https://shop529b7171383g0.1688.com;https://detail.1688.com/offer/646519953587.html
凤阳县官塘镇全帅商店;https://shop7xq060a223046.1688.com;https://detail.1688.com/offer/652788023560.html
长沙市岳麓区创隆昌百货商店;https://shop52790ac33o783.1688.com;https://detail.1688.com/offer/654326715333.html
义乌市福腾电子商务商行;https://shop04t426o401701.1688.com;https://detail.1688.com/offer/625091846747.html
嵊州市天帅围巾领带厂;https://759826588.1688.com;https://detail.1688.com/offer/527886662204.html
天津北辰区天奥五金经营部;https://shop493f33ko40833.1688.com;https://detail.1688.com/offer/642399895174.html
嵊州市亚峰贸易有限公司;https://szyafeng.1688.com;https://detail.1688.com/offer/591648408285.html
漳州市唯简服饰有限公司;https://shop1401761331766.1688.com;https://detail.1688.com/offer/529095658633.html
嵊州市嵊饰贸易有限责任公司;https://sslingdai.1688.com;https://detail.1688.com/offer/628878299241.html
新罗区香怀瑶百货店;https://shop7377792592238.1688.com;https://detail.1688.com/offer/643102352858.html
义乌市逸藩饰品有限公司;https://shop4611100737346.1688.com;https://detail.1688.com/offer/625368875679.html
永定区绮丽宛网店;https://shop655ks044s3636.1688.com;https://detail.1688.com/offer/644420579001.html
义乌市本派电子商务有限公司;https://shop57991754u5222.1688.com;https://detail.1688.com/offer/634177556501.html
南平市建阳区俊星百货商行;https://shop2so35568129v9.1688.com;https://detail.1688.com/offer/655854410782.html
义乌市昌翊电子商务商行;https://shop077539sx54058.1688.com;https://detail.1688.com/offer/655301705905.html
义乌市媛涞电子商务商行;https://shop512i0104668c7.1688.com;https://detail.1688.com/offer/655957383059.html
义乌市施财电子商务商行;https://shop2996036b81135.1688.com;https://detail.1688.com/offer/654730022555.html
嵊州市美滋滋服装服饰有限公司;https://mzztie.1688.com;https://detail.1688.com/offer/596925336137.html
镇平县楚尧商贸行;https://shop488mu6a801991.1688.com;https://detail.1688.com/offer/655447414691.html
