义乌市蕾蕾饰品有限公司;https://shop09ao6919h6355.1688.com;https://detail.1688.com/offer/649042250672.html
义乌市骓晟信息科技有限公司;https://changquan6688.1688.com;https://detail.1688.com/offer/623162403261.html
海宁龙威电子商务有限公司;https://shop1418783959592.1688.com;https://detail.1688.com/offer/640003664929.html
海丰县梅陇尊尚首饰厂;https://hfmlzunshang.1688.com;https://detail.1688.com/offer/588081321919.html
义乌市桥恒饰品有限公司;https://zjepin.1688.com;https://detail.1688.com/offer/527810207091.html
义乌市钻岗饰品有限公司;https://yangen.1688.com;https://detail.1688.com/offer/632116192883.html
义乌市希世电子商务有限公司;https://xishi001.1688.com;https://detail.1688.com/offer/580361532492.html
义乌市壹军电子商务商行;https://shop1x092x64322x8.1688.com;https://detail.1688.com/offer/590690386619.html
义乌市念灿饰品有限公司;https://shop1467824892842.1688.com;https://detail.1688.com/offer/595753606685.html
义乌市筱艳饰品有限公司;https://shop1445273544840.1688.com;https://detail.1688.com/offer/587656684259.html
义乌市欢欣饰品有限公司;https://1688happy.1688.com;https://detail.1688.com/offer/526215239487.html
义乌市新娘花饰品厂;https://xinnianghua.1688.com;https://detail.1688.com/offer/632457412402.html
义乌市兢辰饰品有限公司;https://jinchen66.1688.com;https://detail.1688.com/offer/573934844852.html
东阳市懿姿电子商务商行;https://yzpendant.1688.com;https://detail.1688.com/offer/641829118106.html
段体敬;https://shop1441644880764.1688.com;https://detail.1688.com/offer/557471285409.html
义乌市伊钒饰品有限公司;https://shop0h02c35872o85.1688.com;https://detail.1688.com/offer/625831590298.html
义乌市冰舞电子商务商行;https://shop864649029t914.1688.com;https://detail.1688.com/offer/647035657414.html
义乌市又又进出口有限公司;https://shop1445964950948.1688.com;https://detail.1688.com/offer/649811603411.html
义乌市日寻饰品有限公司;https://shop29o86414u1693.1688.com;https://detail.1688.com/offer/640123381824.html
义乌市涵汐贸易有限公司;https://shop00320bkd13298.1688.com;https://detail.1688.com/offer/652905073410.html
义乌市黛铭贸易有限公司;https://shop7o20598433627.1688.com;https://detail.1688.com/offer/607126896800.html
义乌市喀则电子商务商行;https://shop4wj723u350159.1688.com;https://detail.1688.com/offer/647728651716.html
东阳市陈艳电子商务商行;https://shop29442h48h0799.1688.com;https://detail.1688.com/offer/651722094522.html
义乌市喜古饰品有限公司;https://shop5i62189j902e6.1688.com;https://detail.1688.com/offer/615805246388.html
东阳市白云峻德电子商务商行;https://529dsp.1688.com;https://detail.1688.com/offer/652967819451.html
义乌市铭钰饰品商行;https://shop24z8h42227v53.1688.com;https://detail.1688.com/offer/653340462929.html
义乌市蓝冠饰品有限公司;https://languanjewelry.1688.com;https://detail.1688.com/offer/614133681624.html
义乌市辽月饰品厂;https://shop1418057229927.1688.com;https://detail.1688.com/offer/531521269594.html
义乌市丽源饰品厂;https://shop4h4l539575j76.1688.com;https://detail.1688.com/offer/613699202627.html
义乌市韶霞电子商务商行;https://shop9sm29343133v7.1688.com;https://detail.1688.com/offer/568036034336.html
义乌市林妍电子商务商行;https://shop8n75707781az4.1688.com;https://detail.1688.com/offer/596393137786.html
义乌市昆娜服饰有限公司;https://queena.1688.com;https://detail.1688.com/offer/623649184001.html
义乌市梵晶商贸有限公司;https://shop712713s056549.1688.com;https://detail.1688.com/offer/651123065777.html
义乌市兴为饰品厂;https://shop8n1h547101358.1688.com;https://detail.1688.com/offer/645072275507.html
义乌市君皓饰品厂;https://yhmy168.1688.com;https://detail.1688.com/offer/597212366641.html
东阳市蔓哲饰品有限公司;https://shop84172w7797549.1688.com;https://detail.1688.com/offer/633663912329.html
义乌市辉耀饰品有限公司;https://shop7zdy956760942.1688.com;https://detail.1688.com/offer/643266286575.html
浦江县艺涵工艺品厂;https://yangchun1688.1688.com;https://detail.1688.com/offer/645403797201.html
义乌市哈派饰品有限公司;https://shop1449680072425.1688.com;https://detail.1688.com/offer/570531830203.html
上饶县雅星饰品厂;https://yaxingsp.1688.com;https://detail.1688.com/offer/612361695283.html
义乌市细绵饰品有限公司;https://shop1474908016625.1688.com;https://detail.1688.com/offer/585612047026.html
义乌市汉广饰品厂;https://shop341483k4v3887.1688.com;https://detail.1688.com/offer/644860367879.html
义乌市星沐工艺品厂;https://shop76xl887160545.1688.com;https://detail.1688.com/offer/654854068218.html
五华县横陂镇艳秋高商贸部;https://shop853268s9548p2.1688.com;https://detail.1688.com/offer/649170653015.html
义乌市三乐饰品有限公司;https://sanleshipin.1688.com;https://detail.1688.com/offer/617031497256.html
太原市米琦格格贸易有限责任公司;https://miqigege.1688.com;https://detail.1688.com/offer/654718216781.html
义乌市维哆饰品有限公司;https://ywweiduo.1688.com;https://detail.1688.com/offer/651456602692.html
广州市天河区太涛网络科技有限公司;https://shop9l732u477h995.1688.com;https://detail.1688.com/offer/654511320326.html
义乌市鸿茂电子商务有限公司;https://shop3f452229lq461.1688.com;https://detail.1688.com/offer/623121333248.html
义乌市缀美饰品有限公司;https://shop1383584373956.1688.com;https://detail.1688.com/offer/632599079881.html
义乌市乾醺醺饰品商行;https://shop67t3m95914398.1688.com;https://detail.1688.com/offer/641161739416.html
义乌市小云饰品商行;https://shop04014628g0g39.1688.com;https://detail.1688.com/offer/578869994798.html
义乌市黛媚饰品有限公司;https://ywdmsp.1688.com;https://detail.1688.com/offer/618494425946.html
义乌市团铭电子商务有限公司;https://shop1393347193811.1688.com;https://detail.1688.com/offer/557575217764.html
义乌市观商贸易有限公司;https://aishamg.1688.com;https://detail.1688.com/offer/628835264268.html
义乌市贞辰饰品有限公司;https://shop1478796532168.1688.com;https://detail.1688.com/offer/607180818507.html
义乌市鸿冠饰品有限公司;https://shop3p7q8756b8286.1688.com;https://detail.1688.com/offer/654881800273.html
义乌市聚辉饰品有限公司;https://shop982fs574928k4.1688.com;https://detail.1688.com/offer/644289923814.html
义乌市雪岳电子商务商行;https://wise678.1688.com;https://detail.1688.com/offer/563030129782.html
义乌市湘九饰品有限公司;https://xiangjiu8.1688.com;https://detail.1688.com/offer/623426120806.html
广州幻姬希贸易有限公司;https://shop3c48580833111.1688.com;https://detail.1688.com/offer/652234519875.html
义乌市丞文饰品有限公司;https://shop5u6784o528v54.1688.com;https://detail.1688.com/offer/597642755030.html
义乌市欧伊茜电子商务有限公司;https://shop409y2d7010521.1688.com;https://detail.1688.com/offer/589261037131.html
通州区东社镇玖淑服装厂;https://shop8519u38986525.1688.com;https://detail.1688.com/offer/597615213650.html
佛山市南海区春凌馨家具厂;https://shop5h1q353139432.1688.com;https://detail.1688.com/offer/655841007207.html
义乌市率领电子商务商行;https://shop1t2137v390341.1688.com;https://detail.1688.com/offer/654191254151.html
东阳市白云雅沁饰品厂;https://shop186193kc66876.1688.com;https://detail.1688.com/offer/652579177753.html
义乌市鸿义电子商务商行;https://shop7v816867495p0.1688.com;https://detail.1688.com/offer/562129285943.html
义乌市子海内衣内裤行;https://shop89682u9e71796.1688.com;https://detail.1688.com/offer/622824737836.html
义乌市帕朵电子商务商行;https://shop1433955735591.1688.com;https://detail.1688.com/offer/549423748782.html
义乌市七姑电子商务商行;https://shop1369080129295.1688.com;https://detail.1688.com/offer/653953762834.html
义乌卡文工艺品有限公司;https://shop491000g023gk8.1688.com;https://detail.1688.com/offer/653147585688.html
义乌市优轩饰品厂;https://shop0e0258e143861.1688.com;https://detail.1688.com/offer/636646827015.html
深圳市宝安区优骊美贸易商行;https://shop9uf09175690z8.1688.com;https://detail.1688.com/offer/651762905482.html
汕头市金平区娣衣童服装厂;https://shop397i518sv2066.1688.com;https://detail.1688.com/offer/616107910116.html
义乌市雕勋电子商务商行;https://shop1411231308355.1688.com;https://detail.1688.com/offer/41336284213.html
义乌市积谷电子商务商行;https://partygeego.1688.com;https://detail.1688.com/offer/635016727893.html
义乌市丫蜜服饰厂;https://shop75289bn850161.1688.com;https://detail.1688.com/offer/645749189112.html
广州市越秀区淞纾商贸有限公司;https://shop1128q93q4d681.1688.com;https://detail.1688.com/offer/654953032251.html
大麦家(杭州)电子商务有限责任公司;https://shop727224531d092.1688.com;https://detail.1688.com/offer/652378993968.html
杭州礼昊文化传媒有限公司;https://shop9050904o39914.1688.com;https://detail.1688.com/offer/649940857556.html
深圳市龙华区大浪街道依丝薇尔内衣厂;https://happyshop.1688.com;https://detail.1688.com/offer/607186433762.html
义乌市鸣航饰品厂;https://shop1407516790001.1688.com;https://detail.1688.com/offer/563414177105.html
江西佰芙美假发销售有限公司;https://baifumeiwig.1688.com;https://detail.1688.com/offer/649758170713.html
义乌正南电子商务有限公司;https://shop1387385723428.1688.com;https://detail.1688.com/offer/653185859288.html
深圳艾莱萱服饰有限公司;https://ailxny.1688.com;https://detail.1688.com/offer/612037731697.html
深圳市宝安区沙井春光小筑内衣商行;https://shop1488925701398.1688.com;https://detail.1688.com/offer/619551695601.html
东阳市悠锦饰品有限公司;https://huitaoshipin.1688.com;https://detail.1688.com/offer/45294603099.html
丹阳市开发区全冠百货商行;https://shop9205p512u8818.1688.com;https://detail.1688.com/offer/650097461558.html
义乌市珈茗商贸商行;https://shop7260p51415q58.1688.com;https://detail.1688.com/offer/600645860515.html
苏州麦莎服饰有限公司;https://elisewedding.1688.com;https://detail.1688.com/offer/581911001953.html
义乌市唯渡电子商务商行;https://wd738846106.1688.com;https://detail.1688.com/offer/655391461816.html
义乌市恒庆饰品有限公司;https://shop1490807361992.1688.com;https://detail.1688.com/offer/656081259262.html
汕头市潮南区陈店供销合作社电子元件第九贸易部;https://gdjstfs.1688.com;https://detail.1688.com/offer/632270490158.html
苏州恋裳衣秀服饰有限公司;https://lianshangyixiu.1688.com;https://detail.1688.com/offer/630510748149.html
广州市海珠区韩品服装厂;https://shop91y0a25x03447.1688.com;https://detail.1688.com/offer/642417014686.html
深圳市宝安区珊妮服饰批发商行;https://sunnyshop2014.1688.com;https://detail.1688.com/offer/651745693466.html
连城县江迎荷百货店;https://shop9ug6304900315.1688.com;https://detail.1688.com/offer/651443924720.html
义乌市佩爱饰品有限公司;https://kulala1688.1688.com;https://detail.1688.com/offer/623898697561.html
义乌市伟雅电子商务商行;https://shop4984m30346u61.1688.com;https://detail.1688.com/offer/638590353766.html
义乌市李苏电子商务商行;https://su520mei.1688.com;https://detail.1688.com/offer/569069274134.html
苏州欣美集饰品有限公司;https://xinmeiji.1688.com;https://detail.1688.com/offer/582949154760.html
长沙市天心区欢购百货商行;https://shop8035207b14nb1.1688.com;https://detail.1688.com/offer/654010954178.html
广州梅琪爱服装有限公司;https://meiqiaikids.1688.com;https://detail.1688.com/offer/520630438965.html
义乌市瑞程饰品有限公司;https://shop07994d7657672.1688.com;https://detail.1688.com/offer/654355136004.html
东阳市白云奔惠电子商务商行;https://shop1457970578389.1688.com;https://detail.1688.com/offer/528474048392.html
东阳市白云蝶舞饰品店;https://ywqmmy1.1688.com;https://detail.1688.com/offer/42867344299.html
义乌市诗意电子商务商行;https://shop7z90744048e00.1688.com;https://detail.1688.com/offer/644916511757.html
广州邻家百货贸易有限公司;https://shop9d946q3818700.1688.com;https://detail.1688.com/offer/645698180287.html
仙游县鲤城峰豪工艺品店;https://shop50p71342aj941.1688.com;https://detail.1688.com/offer/651388184446.html
龙港市纯利电子商务商行;https://shop9249du4799077.1688.com;https://detail.1688.com/offer/652301815815.html
新罗区悦翰廷百货店;https://shop885u317q56592.1688.com;https://detail.1688.com/offer/655072864759.html
广州高如盈纺织厂;https://shop3051355q983n2.1688.com;https://detail.1688.com/offer/656288119714.html
龙港市庆宇日用品网店;https://shop3541234f158k2.1688.com;https://detail.1688.com/offer/652304031425.html
新罗区昂索曙百货店;https://shop537033b6726n5.1688.com;https://detail.1688.com/offer/655523941456.html
广州市清昇尚服装厂;https://shop1738655my8x68.1688.com;https://detail.1688.com/offer/655519433963.html
深圳市宝安区卡琳内衣文胸批发商行;https://1204301379.1688.com;https://detail.1688.com/offer/608414060130.html
石狮市瀚海美宸网络服装商行;https://shop0s982b8q13141.1688.com;https://detail.1688.com/offer/653799891963.html
胡春桃;https://shop1476815948560.1688.com;https://detail.1688.com/offer/617380315883.html
义乌市漫琼饰品有限公司;https://ywqymy.1688.com;https://detail.1688.com/offer/582973122956.html
龙港市营期工艺品网店;https://shop0a8kd52530259.1688.com;https://detail.1688.com/offer/652399767469.html
义乌市爱珠饰品有限公司;https://yiwuaizhu.1688.com;https://detail.1688.com/offer/524638634263.html
莆田市秀屿区埭头翁灶玩具店;https://shop68814677o39h3.1688.com;https://detail.1688.com/offer/650223317603.html
义乌市苍社电子商务商行;https://shop6405269a9a436.1688.com;https://detail.1688.com/offer/655932790133.html
义乌市梵伦饰品有限公司;https://anser3.1688.com;https://detail.1688.com/offer/546216513999.html
义乌市硕穗电子商务商行;https://shop1427820618095.1688.com;https://detail.1688.com/offer/558427758695.html
义乌市半烟电子商务有限公司;https://shop084277707b719.1688.com;https://detail.1688.com/offer/642833487256.html
邵阳市明玉饰品有限责任公司;https://52052088.1688.com;https://detail.1688.com/offer/554286070136.html
广州圣诗柏服装厂;https://shop33615006a5o07.1688.com;https://detail.1688.com/offer/656311535456.html
睢宁糖宝服装厂;https://shop498a63911a365.1688.com;https://detail.1688.com/offer/655565673989.html
新罗区聚智百货商行;https://shop5408433y98c30.1688.com;https://detail.1688.com/offer/645230836703.html
安徽路伊丝贸易有限公司;https://shop757c252473784.1688.com;https://detail.1688.com/offer/601385427561.html
龙港市勤思日用品网店;https://shop3742l910i2801.1688.com;https://detail.1688.com/offer/652386963613.html
新罗区梦妮馨百货商行;https://shop219l00355tl57.1688.com;https://detail.1688.com/offer/644315126095.html
徐州宾康商贸有限公司;https://xuzhoubksm.1688.com;https://detail.1688.com/offer/635953115243.html
义乌市易葵电子商务有限公司;https://yikuishipin.1688.com;https://detail.1688.com/offer/529669511445.html
义乌市卓繁电子商务商行;https://shop7778888ad7634.1688.com;https://detail.1688.com/offer/616896067579.html
义乌佳滢贸易有限公司;https://shop9411551b6b992.1688.com;https://detail.1688.com/offer/645171875270.html
龙港市小晗日用品商行;https://shop7499ku324e944.1688.com;https://detail.1688.com/offer/654950616679.html
湖州织里岩力兰童装商行;https://mengshuiyiwei.1688.com;https://detail.1688.com/offer/577995935069.html
姑苏区立广享婚纱礼服店;https://shop010xh6x472309.1688.com;https://detail.1688.com/offer/653026298903.html
揭阳空港区砲台镇迷恋粟百货店;https://shop1218274vdt373.1688.com;https://detail.1688.com/offer/652202747137.html
苏州唯爱嫁衣贸易有限公司;https://shop4376cp04u6268.1688.com;https://detail.1688.com/offer/578874607779.html
深圳市南山区可优觅服饰厂;https://shop1460438775682.1688.com;https://detail.1688.com/offer/595902883209.html
义乌市昊舜防护用品有限公司;https://shop96719490b0849.1688.com;https://detail.1688.com/offer/654682330805.html
义乌市文汐服饰有限公司;https://wenxiyaodai.1688.com;https://detail.1688.com/offer/629797784242.html
佛山市纤美儿内衣有限公司;https://fsqmeny.1688.com;https://detail.1688.com/offer/615506285359.html
姑苏区缘会阁服饰批发部;https://shop1468168777161.1688.com;https://detail.1688.com/offer/582111558250.html
义乌市洛思商贸有限公司;https://shop89454k32783p7.1688.com;https://detail.1688.com/offer/625168464363.html
义乌市蜀韵工艺品有限公司;https://shop98054nq072051.1688.com;https://detail.1688.com/offer/645105529798.html
义乌市千灿电子商务商行;https://shop1461603365661.1688.com;https://detail.1688.com/offer/530904100092.html
余姚市星空饰品厂;https://shop7t62258c5d125.1688.com;https://detail.1688.com/offer/643868626860.html
石门县尹之悦百货商行;https://shop35720020d8d23.1688.com;https://detail.1688.com/offer/650946417935.html
义乌市艳宁电子商务商行;https://shop22f277316f0c8.1688.com;https://detail.1688.com/offer/651704385071.html
华容县露露优选百货商行;https://shop7865r421dc069.1688.com;https://detail.1688.com/offer/653346423781.html
义乌简凡饰品有限公司;https://janefongjewelry.1688.com;https://detail.1688.com/offer/521996551562.html
苏州美列服饰有限公司;https://jinxiurushi.1688.com;https://detail.1688.com/offer/592074118369.html
遂宁开发区芭芭手工饰品电子商务行;https://shop8a5m6581i6227.1688.com;https://detail.1688.com/offer/652986495330.html
广州市越秀区加棠商贸有限公司;https://shop3602q82952858.1688.com;https://detail.1688.com/offer/645023504117.html
三门县夜蓝贸易商行;https://shop02e178448bn81.1688.com;https://detail.1688.com/offer/649936050392.html
钟水胜;https://shop4577302b39793.1688.com;https://detail.1688.com/offer/588316472607.html
义乌市萌乎工艺品有限公司;https://menghucrafts.1688.com;https://detail.1688.com/offer/619724950268.html
义乌市毅苓电子商务有限公司;https://brighteststar.1688.com;https://detail.1688.com/offer/655765202555.html
六安起伊贸易有限公司;https://shop63126255jj8w0.1688.com;https://detail.1688.com/offer/617480759191.html
义乌市附启电子商务商行;https://shop3113841436328.1688.com;https://detail.1688.com/offer/647464655497.html
莆田市秀屿区埭头柄厝服装店;https://shop7055464fg32d9.1688.com;https://detail.1688.com/offer/651687011412.html
永定区据惠叙百货商行;https://shop3811440y44251.1688.com;https://detail.1688.com/offer/647137702937.html
义乌市彦艺饰品有限公司;https://shop18b853b063w23.1688.com;https://detail.1688.com/offer/655072621890.html
义乌市捷米电子商务有限公司;https://shop332299q6qn837.1688.com;https://detail.1688.com/offer/623507682652.html
义乌市喔啦啦电子商务有限公司;https://shop540268s004181.1688.com;https://detail.1688.com/offer/624164545631.html
义乌市从萱饰品有限公司;https://xujun8686.1688.com;https://detail.1688.com/offer/571328312577.html
东阳市弯头饰品有限公司;https://wantou58.1688.com;https://detail.1688.com/offer/635730987689.html
义乌市上泽贸易有限公司;https://shop63jj9y6934414.1688.com;https://detail.1688.com/offer/610815276097.html
义乌市华趣电子商务有限公司;https://shop284061t172476.1688.com;https://detail.1688.com/offer/585693441779.html
义乌市天米饰品有限公司;https://jinsesp.1688.com;https://detail.1688.com/offer/616805818070.html
义乌市妙姿饰品有限公司;https://shop1482771688951.1688.com;https://detail.1688.com/offer/606465212269.html
义乌市昆晟服饰商行;https://shop8066806387067.1688.com;https://detail.1688.com/offer/644658569759.html
义乌市弯缘郎贸易有限公司;https://shop2sz1465987s02.1688.com;https://detail.1688.com/offer/634231272877.html
义乌市泽软电子商务有限公司;https://shop1421937054660.1688.com;https://detail.1688.com/offer/550096370259.html
义乌维塔电子商务有限公司;https://050579.1688.com;https://detail.1688.com/offer/628030400209.html
义乌市欣晨饰品有限公司;https://shop416639239tv11.1688.com;https://detail.1688.com/offer/634234121228.html
义乌市书达电子商务商行;https://shop307994139h1h2.1688.com;https://detail.1688.com/offer/580013452034.html
义乌市染舍贸易有限公司;https://shop1460173123321.1688.com;https://detail.1688.com/offer/611466082664.html
佛山市南海区展尚图五金电器厂;https://shop5559d7407qn74.1688.com;https://detail.1688.com/offer/649002280943.html
义乌市昕涵饰品有限公司;https://shop249075gr0r667.1688.com;https://detail.1688.com/offer/580480519732.html
义乌市霸徒电子商务商行;https://shop11436o35z1679.1688.com;https://detail.1688.com/offer/653194595949.html
石狮市简峰明安网络百货商行;https://shop0p002m1320t12.1688.com;https://detail.1688.com/offer/653460866303.html
广州嘚铭玩具商行;https://shop59682kt3226k7.1688.com;https://detail.1688.com/offer/652279828198.html
义乌市桐寻电子商务商行;https://shop913g7w6622638.1688.com;https://detail.1688.com/offer/649487718118.html
义乌筑晶电子商务商行;https://shop9229s9y651214.1688.com;https://detail.1688.com/offer/654620852755.html
义乌市萌沛饰品有限公司;https://shop1432227620121.1688.com;https://detail.1688.com/offer/541989859934.html
袁州区题遇百货店;https://shop0867x124l03z0.1688.com;https://detail.1688.com/offer/654754703654.html
义乌市余鼎电子商务商行;https://shop5137x605t2331.1688.com;https://detail.1688.com/offer/653364229168.html
义乌市双排饰品有限公司;https://ywspsp.1688.com;https://detail.1688.com/offer/649491561422.html
浙江省义乌市康莉饰品有限公司;https://canlynjewelry.1688.com;https://detail.1688.com/offer/655064200471.html
义乌市淮灿饰品有限公司;https://shop1430758395677.1688.com;https://detail.1688.com/offer/591080887876.html
义乌市幂度电子商务有限公司;https://meedujewelry.1688.com;https://detail.1688.com/offer/632888817421.html
广州市嘉银珠宝有限公司;https://shop55575a1p56a05.1688.com;https://detail.1688.com/offer/613764075255.html
义乌市麦浪电子商务有限公司;https://shop1488269626285.1688.com;https://detail.1688.com/offer/571169896275.html
东海县木木三饰品店;https://2019mumusan.1688.com;https://detail.1688.com/offer/628197183541.html
义乌市或美工艺品厂;https://ywdlsp.1688.com;https://detail.1688.com/offer/596077067732.html
广州市倍拉旺电子商务有限责任公司;https://belawangfashion.1688.com;https://detail.1688.com/offer/607497856125.html
义乌市诺啄电子商务商行;https://shop2r0731i015322.1688.com;https://detail.1688.com/offer/654146627774.html
义乌市夏唐家居用品厂;https://shop8886884661393.1688.com;https://detail.1688.com/offer/654064536912.html
义乌市伊容饰品有限公司;https://shop1400259555368.1688.com;https://detail.1688.com/offer/625827973416.html
义乌市宓森电子商务商行;https://shop7470971k25505.1688.com;https://detail.1688.com/offer/652789340422.html
义乌市卡飒饰品有限公司;https://shop0gv64586wo834.1688.com;https://detail.1688.com/offer/606629552627.html
深圳市旺梦房地产中介有限公司;https://shop19431610455u6.1688.com;https://detail.1688.com/offer/651453685350.html
义乌市微溪电子商务有限公司;https://shop2t9q03564s530.1688.com;https://detail.1688.com/offer/615430548295.html
义乌市聪多饰品有限公司;https://668458.1688.com;https://detail.1688.com/offer/562395954577.html
海丰县梅陇康银之城首饰厂;https://kyzcgd.1688.com;https://detail.1688.com/offer/629569670717.html
深圳市宝安区多米蒂亚珠宝首饰厂;https://shop6727i5597a243.1688.com;https://detail.1688.com/offer/646679336000.html
义乌市透月电子商务有限公司;https://ywtouyue.1688.com;https://detail.1688.com/offer/646126067562.html
义乌市隆驰顺电子商务商行;https://shop059s315b07555.1688.com;https://detail.1688.com/offer/650763561348.html
深圳市宝安区芯琳精品百货贸易商行;https://shop09473z13os376.1688.com;https://detail.1688.com/offer/652890039568.html
广州华趣贸易有限公司;https://shop55u499u114047.1688.com;https://detail.1688.com/offer/639190021718.html
广州市扬梁贸易有限公司;https://shop1779886184535.1688.com;https://detail.1688.com/offer/639106549082.html
深圳市艾默克房地产代理有限公司;https://shop24n44736nc871.1688.com;https://detail.1688.com/offer/640852182452.html
广州甲野贸易有限公司;https://shop793g57683n342.1688.com;https://detail.1688.com/offer/641301944772.html
深圳市宝安区荣盛日用百货商行;https://shop804u6h499m132.1688.com;https://detail.1688.com/offer/652121881747.html
义乌市萧泽电子商务商行;https://shop98540859r6r28.1688.com;https://detail.1688.com/offer/651313396643.html
义乌市语得电子商务有限公司;https://shop1442508669409.1688.com;https://detail.1688.com/offer/582495738326.html
义乌市勋朗贸易有限公司;https://shop327f65393a112.1688.com;https://detail.1688.com/offer/554374362206.html
赣州市慕爱天使珠宝有限公司;https://mats99.1688.com;https://detail.1688.com/offer/613713050263.html
松阳县礼兴贸易商行;https://shop16655850yo875.1688.com;https://detail.1688.com/offer/641899898580.html
东阳市能领饰品有限公司;https://shop1460480166318.1688.com;https://detail.1688.com/offer/631210236795.html
义乌市萌吖饰品有限公司;https://shop1461085069295.1688.com;https://detail.1688.com/offer/642949373661.html
河南优拉国际贸易有限公司;https://shop3vm038o404309.1688.com;https://detail.1688.com/offer/618366460868.html
义乌双颖饰品有限公司;https://yiwusysp.1688.com;https://detail.1688.com/offer/643951436022.html
义乌市翱翔网络科技有限公司;https://shop3111o7832j397.1688.com;https://detail.1688.com/offer/594620722348.html
义乌双泰金属制品有限公司;https://shop481hh53772z50.1688.com;https://detail.1688.com/offer/569827539785.html
义乌市缕芬饰品厂;https://shipin88.1688.com;https://detail.1688.com/offer/610626272275.html
义乌市权沐饰品厂;https://shop1417798114203.1688.com;https://detail.1688.com/offer/611724698559.html
义乌市常辰电子商务商行;https://shop9096z805e37z9.1688.com;https://detail.1688.com/offer/618747336485.html
义乌市维拓工艺品有限公司;https://onlyparty.1688.com;https://detail.1688.com/offer/574946540913.html
义乌市飒咔电子商务商行;https://ywsaka.1688.com;https://detail.1688.com/offer/566411648480.html
义乌市衫叶服饰有限公司;https://shop2y27552fz6101.1688.com;https://detail.1688.com/offer/637349300061.html
杭州哎呀进出口有限公司;https://shop013y481335875.1688.com;https://detail.1688.com/offer/569456525687.html
义乌市伊秋饰品有限公司;https://shop1432140561383.1688.com;https://detail.1688.com/offer/45659244239.html
义乌市俊莹绣花厂;https://shop3o365b2k12819.1688.com;https://detail.1688.com/offer/578485377312.html
义乌市银致饰品商行;https://shop95l7414i7u900.1688.com;https://detail.1688.com/offer/580861996637.html
金华市亚妮饰品有限公司;https://yanisp1688.1688.com;https://detail.1688.com/offer/37815589953.html
义乌市奥贞饰品厂;https://shop0482152m99y95.1688.com;https://detail.1688.com/offer/636115658509.html
义乌市铂虹贸易有限公司;https://shop67148i5m54519.1688.com;https://detail.1688.com/offer/652388568235.html
义乌市美泰进出口有限公司;https://bridaljewelry.1688.com;https://detail.1688.com/offer/40055270389.html
义乌市伊凌饰品有限公司;https://shop6e798938o2f45.1688.com;https://detail.1688.com/offer/652371873648.html
义乌市穗灵电子商务商行;https://yw51hua.1688.com;https://detail.1688.com/offer/645310726085.html
义乌市上今天服饰有限公司;https://shop1489078442082.1688.com;https://detail.1688.com/offer/594962696002.html
东莞市兰德服装辅料有限公司;https://landerbutton.1688.com;https://detail.1688.com/offer/584534362394.html
义乌市斯旋饰品有限公司;https://shop3o552912ot856.1688.com;https://detail.1688.com/offer/647030233403.html
东阳市白云欣美电子商务商行;https://shop1433437620021.1688.com;https://detail.1688.com/offer/652079929710.html
义乌市一诚饰品有限公司;https://shop5902912038p84.1688.com;https://detail.1688.com/offer/605822504554.html
义乌市钰诚饰品商行;https://shop6845f69248w61.1688.com;https://detail.1688.com/offer/627685623999.html
义乌市酷戴饰品有限公司;https://kudaishipin.1688.com;https://detail.1688.com/offer/606510863242.html
义乌市瑶嘉电子商务商行;https://yiwuyaojia.1688.com;https://detail.1688.com/offer/645135994335.html
深圳市汇奔电子商务有限公司;https://huibendianzi.1688.com;https://detail.1688.com/offer/559215406601.html
义乌名邦线业有限公司;https://mbxy1688.1688.com;https://detail.1688.com/offer/569694240106.html
义乌市丹比华比网络科技有限公司;https://shop1467133745156.1688.com;https://detail.1688.com/offer/573835297613.html
义乌市丹润饰品有限公司;https://shop1394470786709.1688.com;https://detail.1688.com/offer/574173258404.html
东阳市靓琳电子商务商行;https://shop8497i9w49s733.1688.com;https://detail.1688.com/offer/651672238687.html
东阳市豪航饰品有限公司;https://shop1383670563428.1688.com;https://detail.1688.com/offer/521597182092.html
义乌市铭途玩具有限公司;https://chinapartyhouse.1688.com;https://detail.1688.com/offer/597639723734.html
义乌市瑜馨饰品有限公司;https://shop4514779210nz3.1688.com;https://detail.1688.com/offer/631635814614.html
义乌市娇滴滴饰品有限公司;https://yaxishipin.1688.com;https://detail.1688.com/offer/590691050897.html
义乌市卓联饰品有限公司;https://zhuolianshipin.1688.com;https://detail.1688.com/offer/646110992263.html
义乌市岚琳饰品有限公司;https://shop1967n01469x05.1688.com;https://detail.1688.com/offer/635760876964.html
义乌市萌恩贸易有限公司;https://shop1495904193181.1688.com;https://detail.1688.com/offer/583881546511.html
浦江县佩妮工贸有限公司;https://shop1430834584927.1688.com;https://detail.1688.com/offer/601132817562.html
义乌市彩妍饰品有限公司;https://shop2531i5v0226c8.1688.com;https://detail.1688.com/offer/650927833296.html
新罗区巧寻巧百货店;https://shop37916j8038439.1688.com;https://detail.1688.com/offer/643078616640.html
义乌市若瑟电子商务有限公司;https://kasishipin.1688.com;https://detail.1688.com/offer/558532835248.html
苏州哈文商贸有限公司;https://shop310593f2h68j6.1688.com;https://detail.1688.com/offer/640321949435.html
义乌市钰樱电子商务有限公司;https://shop42459d212k455.1688.com;https://detail.1688.com/offer/654714875382.html
新罗区楠音悠百货商行;https://shop76u3288211h73.1688.com;https://detail.1688.com/offer/642506419100.html
义乌高盛电子商务有限公司;https://ywmaygo.1688.com;https://detail.1688.com/offer/575155878861.html
温州优悦永勤纽扣科技有限公司;https://yongqinqiaotou.1688.com;https://detail.1688.com/offer/573527273279.html
义乌鑫衡贸易有限公司;https://yongqinzuankou.1688.com;https://detail.1688.com/offer/573330873637.html
南康区山水韵家具销售中心;https://shop61o45e540d448.1688.com;https://detail.1688.com/offer/651497867391.html
义乌市铭卡贸易有限公司;https://shop56wx2011g6245.1688.com;https://detail.1688.com/offer/560187114957.html
义乌市米迦贸易有限公司;https://mijiamaoyi.1688.com;https://detail.1688.com/offer/585355345748.html
义乌市怡婷饰品有限公司;https://shop6r552167p24j3.1688.com;https://detail.1688.com/offer/562852333269.html
义乌市仁雯饰品有限公司;https://shop4908188452715.1688.com;https://detail.1688.com/offer/655244934959.html
义乌市修哥饰品有限公司;https://13506895827.1688.com;https://detail.1688.com/offer/625918296381.html
南平市建阳区舒楠锦百货商贸部;https://shop40977x97c61f0.1688.com;https://detail.1688.com/offer/649661389993.html
义乌市波澜贸易有限公司;https://shop3k74431277u60.1688.com;https://detail.1688.com/offer/573363048786.html
佛山市南海区卿莱尼五金厂;https://shop3q962891e3352.1688.com;https://detail.1688.com/offer/642749690322.html
义乌市琪知饰品有限公司;https://ywzybsp.1688.com;https://detail.1688.com/offer/38579012679.html
长沙市岳麓区一点通百货商店;https://shop82s70n2383n97.1688.com;https://detail.1688.com/offer/652465055058.html
义乌市嘟海饰品有限公司;https://shop2049gb3s04544.1688.com;https://detail.1688.com/offer/643643848445.html
永定区微迪星网店;https://shop044ak6795h250.1688.com;https://detail.1688.com/offer/644370103184.html
长沙市天心区福翰百货经营部;https://shop1q400n2135839.1688.com;https://detail.1688.com/offer/654377250114.html
深圳市宝安区奥斯贸易商行;https://shop6903153d0vh13.1688.com;https://detail.1688.com/offer/654660213570.html
象山县燕涛电子商务商行;https://shop1d9d847938a99.1688.com;https://detail.1688.com/offer/654913040820.html
天台县安迪饰品商行;https://shop1458320568639.1688.com;https://detail.1688.com/offer/528910865105.html
深圳市宝安区盛秋烨贸易商行;https://shop6l652l7633x18.1688.com;https://detail.1688.com/offer/639397713930.html
石狮市匀桃云体网络服装商行;https://shop254ah149896r2.1688.com;https://detail.1688.com/offer/654774801688.html
广州市越秀区扬鹰饰品商行;https://shop9033b938gl556.1688.com;https://detail.1688.com/offer/652589554951.html
新罗区香诚浩百货店;https://shop90t3804198le8.1688.com;https://detail.1688.com/offer/654605900016.html
石狮市浩涵方体网络服装商行;https://shop702i485o723e6.1688.com;https://detail.1688.com/offer/656063851301.html
广州娇谎咨询中心;https://shop608a4t00429a5.1688.com;https://detail.1688.com/offer/637928632621.html
莆田市祥琅网络科技有限公司;https://shop96p46n8336721.1688.com;https://detail.1688.com/offer/653433814177.html
普宁市轩衍贸易有限公司;https://shop4125697aa22j3.1688.com;https://detail.1688.com/offer/653647160045.html
长沙市天心区盛霖百货商行;https://shop76922t13863s5.1688.com;https://detail.1688.com/offer/650036108198.html
宁乡市欢祥百货店;https://shop18a569l96p362.1688.com;https://detail.1688.com/offer/655007381809.html
长沙市天心区赞宜百货贸易店;https://shop7c8793673g344.1688.com;https://detail.1688.com/offer/654148122524.html
广州篌熙贵贸易商行;https://shop601x56874j582.1688.com;https://detail.1688.com/offer/653214608858.html
义乌市明缕饰品有限公司;https://shop1429030719785.1688.com;https://detail.1688.com/offer/652858149469.html
佛山市南海区诗雅优选贸易商行;https://shop39z03m6870669.1688.com;https://detail.1688.com/offer/652716454617.html
新罗区欧己诗百货店;https://shop3u359u98l9182.1688.com;https://detail.1688.com/offer/643225607139.html
广州市花都区狮岭咏咏五金商行;https://shop6p8064x727602.1688.com;https://detail.1688.com/offer/655458327577.html
云霄县善娜服饰店;https://shop42623645s5y40.1688.com;https://detail.1688.com/offer/655162835891.html
五华县横陂镇李俊平电子商务部;https://shop2v7707l1v1383.1688.com;https://detail.1688.com/offer/636497879722.html
连城县郸月桂百货店;https://shop8275848120c16.1688.com;https://detail.1688.com/offer/654821685283.html
郸城县贝贝百货经营部;https://shop736r283428io0.1688.com;https://detail.1688.com/offer/655448214460.html
余姚市新柠日用品厂;https://shop70y39953107q4.1688.com;https://detail.1688.com/offer/649404584499.html
惠州市众德贸易有限公司;https://shop23p1471161144.1688.com;https://detail.1688.com/offer/654375118950.html
广州远冠旋电商商行;https://shop79859089j9cj8.1688.com;https://detail.1688.com/offer/626411306946.html
长沙市岳麓区禧盛得百货商店;https://shop21380791954o3.1688.com;https://detail.1688.com/offer/649049976594.html
桃城区衡岩百货店;https://shop09s09f40l0828.1688.com;https://detail.1688.com/offer/645994289417.html
苍南县灵溪镇纯林服装加工厂;https://shop50tv02a840632.1688.com;https://detail.1688.com/offer/655103215042.html
广州仁琪塔贸易商行;https://shop71g205r333618.1688.com;https://detail.1688.com/offer/656342675178.html
