沭阳县艺龙干花工艺品厂;https://yilongganhua.1688.com;https://detail.1688.com/offer/537349767372.html
江门市西成光电科技有限公司;https://shop670j181993363.1688.com;https://detail.1688.com/offer/653410725973.html
义乌市麦浪电子商务有限公司;https://shop1488269626285.1688.com;https://detail.1688.com/offer/566269281829.html
濮阳市开发区腾跃家居用品馆;https://shop9910u087597m4.1688.com;https://detail.1688.com/offer/640912994888.html
慈溪市紫琳贸易有限公司;https://cixizilin.1688.com;https://detail.1688.com/offer/593423956161.html
青岛美悦居贸易有限公司;https://qingdaomerryjoy.1688.com;https://detail.1688.com/offer/588693625723.html
义乌市团铭电子商务有限公司;https://shop1393347193811.1688.com;https://detail.1688.com/offer/569970421151.html
义乌市或美工艺品厂;https://ywdlsp.1688.com;https://detail.1688.com/offer/623447353047.html
义乌市珞芙梦饰品有限公司;https://welead.1688.com;https://detail.1688.com/offer/649826871800.html
云霄县台卯五金店;https://shop4t794d3205n24.1688.com;https://detail.1688.com/offer/653922502931.html
义乌市欧伊茜电子商务有限公司;https://shop409y2d7010521.1688.com;https://detail.1688.com/offer/589606779315.html
义乌市慈钛贸易有限公司;https://shop1456764769191.1688.com;https://detail.1688.com/offer/601103388009.html
义乌市耐川电子商务商行;https://shop3z11z755l1607.1688.com;https://detail.1688.com/offer/654895357309.html
七星关区卉紫服饰经营部;https://shop4k586d88o2002.1688.com;https://detail.1688.com/offer/608131717721.html
广州越秀区烁安商贸商行;https://shop6809200e29923.1688.com;https://detail.1688.com/offer/650267690376.html
义乌市温宜饰品有限公司;https://venyjewelry.1688.com;https://detail.1688.com/offer/588693209046.html
福山区城区鸿福布艺店;https://hongfuhome.1688.com;https://detail.1688.com/offer/537812484926.html
泉州市北丰电子科技有限公司;https://shop98s545843b965.1688.com;https://detail.1688.com/offer/654474963553.html
金华市亚妮饰品有限公司;https://yanisp1688.1688.com;https://detail.1688.com/offer/575517402734.html
广州异想珠宝有限公司;https://shop087x609j294a1.1688.com;https://detail.1688.com/offer/627312225990.html
义乌市欢欣饰品有限公司;https://1688happy.1688.com;https://detail.1688.com/offer/653053074117.html
广州腾盛纺织有限公司;https://shop2t3137t987347.1688.com;https://detail.1688.com/offer/616938896025.html
张福礼;https://ytfuli.1688.com;https://detail.1688.com/offer/609788135134.html
秦皇岛市雅冠商贸有限公司;https://shop1399028787556.1688.com;https://detail.1688.com/offer/633686401701.html
烟台市美燕包装材料有限公司;https://ytmeiyan.1688.com;https://detail.1688.com/offer/618565375065.html
裘建芳;https://jianfangshaye.1688.com;https://detail.1688.com/offer/548015349393.html
义乌市诗意电子商务商行;https://shop7z90744048e00.1688.com;https://detail.1688.com/offer/648558934827.html
义乌市兴为饰品厂;https://shop8n1h547101358.1688.com;https://detail.1688.com/offer/595962439088.html
深圳众鑫盟科技有限公司;https://brotechno.1688.com;https://detail.1688.com/offer/642370328160.html
金华市凡可贸易有限公司;https://vancoleaccessory.1688.com;https://detail.1688.com/offer/531502457616.html
义乌市兰瑾工艺品有限公司;https://huazhihuaye.1688.com;https://detail.1688.com/offer/626461027882.html
义乌市上塘电子商务有限公司;https://shop0t5q1627745e9.1688.com;https://detail.1688.com/offer/650861160801.html
义乌市庭致贸易有限公司;https://shop228m08md53821.1688.com;https://detail.1688.com/offer/648960235009.html
义乌一萌电子商务有限公司;https://shop091686403f277.1688.com;https://detail.1688.com/offer/654514052616.html
五华县横陂镇海泳顺科技馆;https://shop79j381w238856.1688.com;https://detail.1688.com/offer/653559153512.html
义乌市冷安电子商务商行;https://shop1464368243607.1688.com;https://detail.1688.com/offer/569229375201.html
深圳市宝安区甫乐园艺仿真植物厂;https://shop1491584895958.1688.com;https://detail.1688.com/offer/649416958320.html
苏州欣美集饰品有限公司;https://xinmeiji.1688.com;https://detail.1688.com/offer/577940748894.html
天津市武清区歆如仿真花有限公司;https://shop8z2465115dv02.1688.com;https://detail.1688.com/offer/646323848963.html
李沧区南大门韩购饰品商行;https://shop7d4v539460447.1688.com;https://detail.1688.com/offer/599011952498.html
绍兴知彼纺织品有限公司;https://zhibifangzhi.1688.com;https://detail.1688.com/offer/521441611462.html
北京华夏墨香文化传媒有限公司;https://hxmxts.1688.com;https://detail.1688.com/offer/570745634100.html
广州联丰耀贸易店;https://shop17x6yt8961663.1688.com;https://detail.1688.com/offer/640823772870.html
揭阳市揭东区新亨镇灿德雅百货商行;https://shop91do9y5606732.1688.com;https://detail.1688.com/offer/642542765116.html
合肥爱朵环保科技有限公司;https://aduohome.1688.com;https://detail.1688.com/offer/650347847007.html
义乌市妙姿饰品有限公司;https://shop1482771688951.1688.com;https://detail.1688.com/offer/559371122862.html
福州市明都工艺品有限公司;https://shop6e285358l5g73.1688.com;https://detail.1688.com/offer/643976600684.html
广州天盈服装辅料厂;https://tianyinglace.1688.com;https://detail.1688.com/offer/633504673496.html
义乌市臣墨工艺品有限公司;https://shop4k48y34050375.1688.com;https://detail.1688.com/offer/651208219352.html
义乌市闽多电子商务商行;https://shop96214lu17c235.1688.com;https://detail.1688.com/offer/651643182730.html
义乌市韩维饰品有限公司;https://shop7ii510g865318.1688.com;https://detail.1688.com/offer/634798867448.html
东阳战马户外用品有限公司;https://shop54n7028n6l459.1688.com;https://detail.1688.com/offer/649743381907.html
东阳市米耀电子商务有限公司;https://miyarshanghai.1688.com;https://detail.1688.com/offer/530436113768.html
云霄县日阁日用品店;https://shop2149z8465t576.1688.com;https://detail.1688.com/offer/654912382092.html
新罗区向摇誉百货商行;https://shop0055i5i199623.1688.com;https://detail.1688.com/offer/645141384820.html
义乌市燕婉家居用品厂;https://shop43t8h2t801987.1688.com;https://detail.1688.com/offer/644743627648.html
广州琪浩仿真工艺品有限公司;https://qihaochina.1688.com;https://detail.1688.com/offer/574749966290.html
云霄县礼振化妆品店;https://shop016c028230t80.1688.com;https://detail.1688.com/offer/653839455793.html
福建世纪紫光光学科技有限公司;https://shop27462264540p5.1688.com;https://detail.1688.com/offer/651965731351.html
仙居县洋天工艺品厂;https://shop1470243033077.1688.com;https://detail.1688.com/offer/626586486791.html
广州市天河区东棠宇讯通电子加工厂;https://shop790j3353k91i8.1688.com;https://detail.1688.com/offer/642019741712.html
温州清枚抱枕有限公司;https://shop2019l27z61e64.1688.com;https://detail.1688.com/offer/565548818116.html
云霄县楚郭网络工作室;https://shop068z288498389.1688.com;https://detail.1688.com/offer/650764718148.html
广州市天河区天平明慧制衣厂;https://shop9nl8044814100.1688.com;https://detail.1688.com/offer/645069414853.html
睢宁县吉盛家居厂;https://shop79195jj020559.1688.com;https://detail.1688.com/offer/646308988625.html
广州素记纺织品有限公司;https://sujicn.1688.com;https://detail.1688.com/offer/633907199807.html
广州市曼弘嘉贸易商行;https://shop650003911jh97.1688.com;https://detail.1688.com/offer/636353781484.html
崇阳县金道百货店;https://shop3of34442t4604.1688.com;https://detail.1688.com/offer/648432920874.html
广州创毅信息科技有限公司;https://shop5w3w715334322.1688.com;https://detail.1688.com/offer/651122725959.html
绍兴市柯桥区中国轻纺城法奇巴布行;https://mugege.1688.com;https://detail.1688.com/offer/550452387906.html
义乌市蕊柔电子商务商行;https://shop1414773994392.1688.com;https://detail.1688.com/offer/569037381853.html
义乌市京艺工艺品有限公司;https://shop60x4pv8088161.1688.com;https://detail.1688.com/offer/633167498901.html
丽水市莲都区鑫森日用品商行;https://shop9c6370600b931.1688.com;https://detail.1688.com/offer/642746003421.html
成都市帆品电子商务有限公司;https://shop05a60o7927362.1688.com;https://detail.1688.com/offer/649803887927.html
义乌市海柔进出口有限公司;https://halojewelry.1688.com;https://detail.1688.com/offer/535629751393.html
义乌市念灿饰品有限公司;https://shop1467824892842.1688.com;https://detail.1688.com/offer/573372670238.html
五华县横陂镇月平科技馆;https://shop3v20349039t77.1688.com;https://detail.1688.com/offer/654627010324.html
成都辰东科技有限公司;https://shop23609z6120618.1688.com;https://detail.1688.com/offer/648674496624.html
五华县横陂镇婉如玲科技馆;https://shop0621657148105.1688.com;https://detail.1688.com/offer/649264301760.html
滨海皇圣盈商贸有限公司;https://shop0108924075419.1688.com;https://detail.1688.com/offer/650007559077.html
义乌市丽萌饰品有限公司;https://yiwulimeng.1688.com;https://detail.1688.com/offer/639079540209.html
深圳市锐创广告传媒有限公司;https://shop02hgw758280j8.1688.com;https://detail.1688.com/offer/641027276729.html
义乌市墨姝电子商务商行;https://zhiquanshipin.1688.com;https://detail.1688.com/offer/596510127574.html
武汉青山区才能电子商务商行;https://shop548098672p926.1688.com;https://detail.1688.com/offer/651478051519.html
广州市鸿亭商贸商行;https://hongting521314.1688.com;https://detail.1688.com/offer/642125956337.html
深圳鑫创传播文化有限公司;https://shop487214nv7r040.1688.com;https://detail.1688.com/offer/649595712373.html
海宁龙威电子商务有限公司;https://shop1418783959592.1688.com;https://detail.1688.com/offer/568187862647.html
绍兴市柯桥区中国轻纺城悠乐布行;https://youjiatextile.1688.com;https://detail.1688.com/offer/595566000410.html
广州市越秀区高亿园工艺品商行;https://gaoyiyuan8566.1688.com;https://detail.1688.com/offer/653740229096.html
苍南县灵溪镇纯林服装加工厂;https://shop50tv02a840632.1688.com;https://detail.1688.com/offer/591695432646.html
义乌市登厚电子商务商行;https://shop1451063271749.1688.com;https://detail.1688.com/offer/576695003896.html
义乌市曲欢饰品商行;https://shop1490375126459.1688.com;https://detail.1688.com/offer/606644804649.html
义乌市秀尔电子商务商行;https://shop1465405439444.1688.com;https://detail.1688.com/offer/582102407073.html
义乌市丁丽电子商务商行;https://shop28554e50re624.1688.com;https://detail.1688.com/offer/655730951676.html
朱文强;https://shop1413391291438.1688.com;https://detail.1688.com/offer/609363022955.html
义乌市共觅电子商务商行;https://shop464u9n6m41807.1688.com;https://detail.1688.com/offer/655679770284.html
佛山市南海区铭绮康家具厂;https://shop26l80q5y34065.1688.com;https://detail.1688.com/offer/640657333989.html
余江区怡庆经营部;https://shop28f57719087l7.1688.com;https://detail.1688.com/offer/652118469488.html
义乌市牧姿贸易有限公司;https://shop1465751037731.1688.com;https://detail.1688.com/offer/632204278205.html
义乌市米迦贸易有限公司;https://mijiamaoyi.1688.com;https://detail.1688.com/offer/572936260919.html
义乌市岚琳饰品有限公司;https://shop1967n01469x05.1688.com;https://detail.1688.com/offer/618519665170.html
义乌市辉骁电子商务商行;https://shop1414673379187.1688.com;https://detail.1688.com/offer/632582369279.html
广州骅旎商贸商行;https://shop54d7ax7520210.1688.com;https://detail.1688.com/offer/648563268150.html
陆川县融数日用品店;https://shop0h95170r7g428.1688.com;https://detail.1688.com/offer/649530012045.html
尤溪县启慧幼网店;https://shop65s393d693939.1688.com;https://detail.1688.com/offer/640431972966.html
义乌筑京电子商务商行;https://shop2498h775o9929.1688.com;https://detail.1688.com/offer/652273081562.html
深圳市龙华区优饰饰品商行;https://shop1433264057289.1688.com;https://detail.1688.com/offer/573385276247.html
余江区辍素电子商务商行;https://shop6710f02ff4930.1688.com;https://detail.1688.com/offer/655018491727.html
新罗区富元百货商行;https://shop2064727999233.1688.com;https://detail.1688.com/offer/654054544816.html
奎文区东关华锐电子商务中心;https://shop0059309z21332.1688.com;https://detail.1688.com/offer/650709070764.html
义乌市兮慕电子商务商行;https://shop1962q37276286.1688.com;https://detail.1688.com/offer/615508124483.html
义乌市百易饰品有限公司;https://shop6162875397670.1688.com;https://detail.1688.com/offer/641898946792.html
义乌市仁博电子商务有限公司;https://ywrbsp.1688.com;https://detail.1688.com/offer/638193974448.html
义乌市尔洵饰品有限公司;https://shop351u315060814.1688.com;https://detail.1688.com/offer/595174870801.html
义乌市韩佩饰品厂;https://shop749mj516856l9.1688.com;https://detail.1688.com/offer/596292064076.html
义乌市佑炫电子商务有限公司;https://shop59204237477s2.1688.com;https://detail.1688.com/offer/624252554541.html
义乌市韩誉饰品厂;https://shop7371934735q84.1688.com;https://detail.1688.com/offer/623095556801.html
深圳龙华区顺承鹏工艺制品厂;https://chenshoule.1688.com;https://detail.1688.com/offer/641198354626.html
永定区仰楚牡百货商行;https://shop7815x68771184.1688.com;https://detail.1688.com/offer/643654081394.html
义乌市逸霖饰品有限公司;https://yilinsp.1688.com;https://detail.1688.com/offer/586279199127.html
惠州市顺承鹏工艺制品有限公司;https://shop90281369h87h8.1688.com;https://detail.1688.com/offer/641549055443.html
曹超娟;https://caochaojuan.1688.com;https://detail.1688.com/offer/595950173606.html
义乌市忆岛饰品厂;https://shop271534j9n3598.1688.com;https://detail.1688.com/offer/651504039697.html
罗庄区齐全百货商行;https://shop66r3234r786h4.1688.com;https://detail.1688.com/offer/652338695001.html
义乌市观商贸易有限公司;https://aishamg.1688.com;https://detail.1688.com/offer/588789568007.html
义乌市宁焕电子商务商行;https://shop007sgv1434387.1688.com;https://detail.1688.com/offer/635708713020.html
深圳市龙华新区伊人阁饰品商行;https://shop1383325132766.1688.com;https://detail.1688.com/offer/554787715545.html
佛山市禅城区固涂通五金贸易商行;https://shop13ntx49656568.1688.com;https://detail.1688.com/offer/635979331734.html
城阳区小石头饰品配件商社;https://shop74226x8594999.1688.com;https://detail.1688.com/offer/653484147052.html
义乌市沙开电子商务商行;https://shajewelry.1688.com;https://detail.1688.com/offer/645128994214.html
义乌市风云饰品有限公司;https://yiwumeilishipin.1688.com;https://detail.1688.com/offer/575206999341.html
义乌市兰西服饰有限公司;https://jijiangan99.1688.com;https://detail.1688.com/offer/558701115677.html
海宁市浩金纺织品有限公司;https://shop1456938153902.1688.com;https://detail.1688.com/offer/543504139264.html
义乌市绣慈电子商务商行;https://shop68l45l7966727.1688.com;https://detail.1688.com/offer/644485760653.html
义乌莺凤饰品商行;https://shop9987841s94786.1688.com;https://detail.1688.com/offer/617745670118.html
东莞市富瑞工艺品有限公司;https://shop1375376691844.1688.com;https://detail.1688.com/offer/1282575810.html
东阳市晓酒窝电子商务商行;https://shop1jm5153675509.1688.com;https://detail.1688.com/offer/641440058398.html
义乌名亨饰品有限公司;https://shop7i58t57586267.1688.com;https://detail.1688.com/offer/645288348093.html
义乌市梓棠饰品有限公司;https://520zitang.1688.com;https://detail.1688.com/offer/632025636019.html
义乌市彤衫贸易有限公司;https://shop60ii705577579.1688.com;https://detail.1688.com/offer/642771267115.html
义乌市韩饰界电子科技有限公司;https://shop343b88869jj94.1688.com;https://detail.1688.com/offer/608195613218.html
广州优优珠宝贸易有限公司;https://shop4g6233372n246.1688.com;https://detail.1688.com/offer/603532131338.html
东阳市碧月电子商务商行;https://shop12t0c45186166.1688.com;https://detail.1688.com/offer/651428398617.html
东阳市云阔电子商务商行;https://yunkuo2020.1688.com;https://detail.1688.com/offer/639292717237.html
义乌市品泽饰品有限公司;https://shop5f9190nh15617.1688.com;https://detail.1688.com/offer/596511153786.html
义乌市筱艳饰品有限公司;https://shop1445273544840.1688.com;https://detail.1688.com/offer/570615963504.html
河南布菲新娘饰品有限公司;https://shop091374746u468.1688.com;https://detail.1688.com/offer/641908368415.html
义乌市宝阁电子商务有限公司;https://shop19e759d213382.1688.com;https://detail.1688.com/offer/651712051112.html
厦门市朵雅贸易有限公司;https://shop1493912154302.1688.com;https://detail.1688.com/offer/593028574768.html
义乌市阮艇电子商务商行;https://shop1430135193613.1688.com;https://detail.1688.com/offer/550882312874.html
东莞市众兴五金饰品有限公司;https://gdzx13662719912.1688.com;https://detail.1688.com/offer/587906647462.html
义乌闽珍电子商务有限公司;https://mzwj888.1688.com;https://detail.1688.com/offer/653198111769.html
义乌市金缕饰品配件商行;https://ywjlsppj.1688.com;https://detail.1688.com/offer/607886565889.html
义乌市昶达电子商务商行;https://shop3177680815vj6.1688.com;https://detail.1688.com/offer/623513452938.html
袁州区题遇百货店;https://shop0867x124l03z0.1688.com;https://detail.1688.com/offer/655418655031.html
永康市万世威百货商行;https://shop10814k26z97o6.1688.com;https://detail.1688.com/offer/652004149279.html
东阳市暗夜饰品有限公司;https://hw368.1688.com;https://detail.1688.com/offer/557429376216.html
杭州予熙服饰有限公司;https://shop8k0289d658019.1688.com;https://detail.1688.com/offer/644155618989.html
义乌市纭朵电子商务商行;https://shop6701877i78639.1688.com;https://detail.1688.com/offer/653065463069.html
中山市聚美珠宝有限公司;https://taigufan.1688.com;https://detail.1688.com/offer/554939830364.html
永定区飘朝瑶网店;https://shop60666529f4971.1688.com;https://detail.1688.com/offer/650911958890.html
义乌市钻岗饰品有限公司;https://yangen.1688.com;https://detail.1688.com/offer/617732433948.html
深圳市小霖时尚珠宝有限公司;https://shop8i83i96000p52.1688.com;https://detail.1688.com/offer/654950419137.html
义乌市聚彩饰品有限公司;https://jucaishipin.1688.com;https://detail.1688.com/offer/572238476452.html
义乌市阔美饰品厂;https://ywlongtai.1688.com;https://detail.1688.com/offer/625307759774.html
义乌市仙琳电子商务商行;https://shop66c87o04172o0.1688.com;https://detail.1688.com/offer/626408102790.html
义乌市缀美饰品有限公司;https://shop1383584373956.1688.com;https://detail.1688.com/offer/651402863077.html
广州琳琅珠宝有限公司;https://shop390045j9904l6.1688.com;https://detail.1688.com/offer/655244687423.html
卢伟;https://shop1372907503006.1688.com;https://detail.1688.com/offer/556164547478.html
广州项迪商贸商行;https://shop88w6664c918y9.1688.com;https://detail.1688.com/offer/655607571500.html
舞阳县鱼丝百货店;https://shop865uv36709v09.1688.com;https://detail.1688.com/offer/652736643565.html
义乌市彩妍饰品有限公司;https://shop2531i5v0226c8.1688.com;https://detail.1688.com/offer/651666143080.html
广州利皇贸易有限公司;https://shop197950ff89t30.1688.com;https://detail.1688.com/offer/655580415021.html
温州市鹿城区骧雅服装商行;https://shop6942wwc119313.1688.com;https://detail.1688.com/offer/650772393849.html
义乌市源酪电子商务商行;https://shop7m2h95206h220.1688.com;https://detail.1688.com/offer/654674043191.html
