海丰县梅陇艺选首饰厂;https://yixuanshoushi.1688.com;https://detail.1688.com/offer/616262237975.html
义乌市怡璇贸易有限公司;https://shop1473z360r2581.1688.com;https://detail.1688.com/offer/581510000759.html
义乌市旭爵电子商务有限公司;https://shop1415896901343.1688.com;https://detail.1688.com/offer/615843055317.html
义乌市晴雯饰品有限公司;https://shop1357753428547.1688.com;https://detail.1688.com/offer/542497231088.html
海丰县梅陇花影首饰商行;https://huayingshoushi.1688.com;https://detail.1688.com/offer/555608859811.html
海丰县福和祥首饰厂;https://tiannifen.1688.com;https://detail.1688.com/offer/595474915782.html
阚永新;https://ywxcfc.1688.com;https://detail.1688.com/offer/549236833478.html
义乌市霖穆电子商务商行;https://shop3233717su4554.1688.com;https://detail.1688.com/offer/615894647139.html
义乌市梵耀饰品有限公司;https://fanyao.1688.com;https://detail.1688.com/offer/625374260350.html
义乌市智米电子商务有限公司;https://shop6069o9zz94708.1688.com;https://detail.1688.com/offer/641635786530.html
金华市金东区美饰饰品厂;https://missme.1688.com;https://detail.1688.com/offer/535645002517.html
惠州市银钥匙珠宝有限公司;https://incat888.1688.com;https://detail.1688.com/offer/535627360803.html
义乌广跃电子商务有限公司;https://shop166472o659wx7.1688.com;https://detail.1688.com/offer/627416065629.html
海丰县梅陇潮福猫首饰厂;https://shop684405t100301.1688.com;https://detail.1688.com/offer/624903853065.html
海丰县梅陇范智乔首饰厂;https://tatamini.1688.com;https://detail.1688.com/offer/558620811761.html
海丰县蔓天尼首饰厂;https://mantianni925.1688.com;https://detail.1688.com/offer/602233108408.html
海丰县城东天尼芬首饰厂;https://tinnyfun.1688.com;https://detail.1688.com/offer/626524554498.html
义乌市丽萌饰品有限公司;https://yiwulimeng.1688.com;https://detail.1688.com/offer/645744353906.html
义乌市拓娱饰品有限公司;https://shop9c78323732008.1688.com;https://detail.1688.com/offer/641252153491.html
海丰县蒂尼梵首饰厂;https://dnfjewelry.1688.com;https://detail.1688.com/offer/598005355686.html
海丰县城东戴鼎尚首饰厂;https://daidingshang.1688.com;https://detail.1688.com/offer/597155230284.html
广东创恒达实业有限公司;https://chuanghengda.1688.com;https://detail.1688.com/offer/595322130802.html
深圳市蒂尼梵珠宝首饰有限公司;https://dinifanzb.1688.com;https://detail.1688.com/offer/595317314012.html
海丰县城东骄爱首饰厂;https://jiaoai.1688.com;https://detail.1688.com/offer/630023269445.html
义乌市韩舞电子商务有限公司;https://shop1467049299292.1688.com;https://detail.1688.com/offer/559617932868.html
义乌市可娲饰品有限公司;https://shop1457369826232.1688.com;https://detail.1688.com/offer/537579869171.html
广州瀚色顿商贸有限公司;https://shop1448298546084.1688.com;https://detail.1688.com/offer/555606738054.html
义乌市佐文饰品有限公司;https://zuowen.1688.com;https://detail.1688.com/offer/601942343162.html
义乌市追霜电子商务有限公司;https://zhuishuang.1688.com;https://detail.1688.com/offer/562321723573.html
义乌市雪岳电子商务商行;https://wise678.1688.com;https://detail.1688.com/offer/554541497415.html
海丰县梅陇镇云时代首饰厂;https://yunshidaishoushi.1688.com;https://detail.1688.com/offer/653649891791.html
义乌市安蝶饰品有限公司;https://shop1457456327205.1688.com;https://detail.1688.com/offer/541165853412.html
清河区简约饰品经营部;https://shop1432918669968.1688.com;https://detail.1688.com/offer/611523980909.html
义乌市家民贸易有限公司;https://shop1472452130381.1688.com;https://detail.1688.com/offer/562181475063.html
义乌市玖灼电子商务有限公司;https://shop578i77k033494.1688.com;https://detail.1688.com/offer/628886866159.html
义乌市美航饰品有限公司;https://shop1386953617542.1688.com;https://detail.1688.com/offer/610086828883.html
义乌市显健日用百货商行;https://shop9292241vj0510.1688.com;https://detail.1688.com/offer/652011668302.html
深圳市宝安区珑跃贸易商行;https://shop8x307l8l55660.1688.com;https://detail.1688.com/offer/654836257048.html
义乌市奕冉饰品有限公司;https://yiranyw.1688.com;https://detail.1688.com/offer/538166176166.html
义乌市追笑电子商务商行;https://520zx520.1688.com;https://detail.1688.com/offer/535776598229.html
义乌市奇福饰品有限公司;https://shop85164v840n532.1688.com;https://detail.1688.com/offer/594989730557.html
义乌市一恋饰品有限公司;https://yilian1.1688.com;https://detail.1688.com/offer/589166167081.html
义乌市瑞列电子商务有限公司;https://baidu12.1688.com;https://detail.1688.com/offer/559476557350.html
义乌市恬露电子商务有限公司;https://shop095819407u556.1688.com;https://detail.1688.com/offer/632370434653.html
广州市越秀区汇潞商贸有限公司;https://shop91e60038a27e7.1688.com;https://detail.1688.com/offer/654274188090.html
海丰县梅陇晨铭首饰商行;https://chenmingss.1688.com;https://detail.1688.com/offer/553530496147.html
义乌市添蝶电子商务商行;https://shop421362i8l9216.1688.com;https://detail.1688.com/offer/651483336698.html
义乌市鹏翱贸易有限公司;https://shop140t4vq644868.1688.com;https://detail.1688.com/offer/632086295874.html
海丰县梅陇镇铭饰首饰厂;https://shop798q731639053.1688.com;https://detail.1688.com/offer/641202158758.html
海丰县梅陇镇曼蒂妮首饰厂;https://shop75p201808p7b1.1688.com;https://detail.1688.com/offer/643392542691.html
连城县绿洲百货店;https://shop03279381im305.1688.com;https://detail.1688.com/offer/654459032897.html
义乌市新境饰品厂;https://shop73222z4499159.1688.com;https://detail.1688.com/offer/651043797236.html
海丰县梅陇冠丰首饰厂;https://guanfeng.1688.com;https://detail.1688.com/offer/617124593863.html
永定区虑禹儒百货商行;https://shop4q10v06e46864.1688.com;https://detail.1688.com/offer/652295801351.html
义乌市千珺饰品有限公司;https://520qjsp.1688.com;https://detail.1688.com/offer/603770024322.html
东阳市江晖饰品有限公司;https://shop211640546c758.1688.com;https://detail.1688.com/offer/583537735112.html
义乌市炽侣电子商务商行;https://sunenwen.1688.com;https://detail.1688.com/offer/536061437014.html
东莞海盛饰品制造有限公司;https://shop88s06g4277118.1688.com;https://detail.1688.com/offer/607781548022.html
义乌市彬圣电子商务商行;https://shop96ff860955536.1688.com;https://detail.1688.com/offer/638614258720.html
义乌市耀龙贸易有限公司;https://shop4m288l52c9432.1688.com;https://detail.1688.com/offer/612770417039.html
城阳区欧美澳工艺品厂;https://shop1467998188112.1688.com;https://detail.1688.com/offer/570972297357.html
深圳市龙华新区雍艺首饰厂;https://shop1487005754344.1688.com;https://detail.1688.com/offer/547121623531.html
义乌市庄周电子商务商行;https://shop1461343228927.1688.com;https://detail.1688.com/offer/535687369482.html
义乌市柏岳电子商务有限公司;https://shop608m629791152.1688.com;https://detail.1688.com/offer/612243080820.html
莆田市城厢区格刷百货商行;https://shop9874k87647a77.1688.com;https://detail.1688.com/offer/639535035405.html
连城县劳雅韶百货店;https://shop467lr301s6141.1688.com;https://detail.1688.com/offer/655197037053.html
义乌市鼎洲电子商务商行;https://dzsp2012.1688.com;https://detail.1688.com/offer/535973401094.html
义乌浩利电子商务有限公司;https://haoli666.1688.com;https://detail.1688.com/offer/570640656757.html
义乌市金将电子商务有限公司;https://shop828008hg55759.1688.com;https://detail.1688.com/offer/598410169155.html
义乌市婷洋饰品有限公司;https://tingyanshipin.1688.com;https://detail.1688.com/offer/633299924586.html
义乌市南慧电子商务商行;https://mingruishipin.1688.com;https://detail.1688.com/offer/598438752823.html
广州市爱如美珠宝首饰有限公司;https://shop1459443936202.1688.com;https://detail.1688.com/offer/584583606721.html
义乌市银尚饰品有限公司;https://hfb2010.1688.com;https://detail.1688.com/offer/528528653693.html
海丰县梅陇美美首饰配件店;https://meimeishoushi.1688.com;https://detail.1688.com/offer/550224933166.html
淮安市未闻花名饰品有限公司;https://shop4363j62a3h041.1688.com;https://detail.1688.com/offer/579494864468.html
义乌市华方网络科技有限公司;https://shop1460652775605.1688.com;https://detail.1688.com/offer/600179006328.html
义乌市紫槐贸易有限公司;https://shop1431622660852.1688.com;https://detail.1688.com/offer/593705020561.html
义乌市拓稠电子商务商行;https://albb168.1688.com;https://detail.1688.com/offer/559533930506.html
义乌市莲心饰品有限公司;https://lianxinjewelry.1688.com;https://detail.1688.com/offer/607563187732.html
义乌市韵韩饰品有限公司;https://shop8950l477835z1.1688.com;https://detail.1688.com/offer/584625707657.html
义乌市花阁四时电子商务商行;https://shop75783s4j70038.1688.com;https://detail.1688.com/offer/607655341884.html
义乌市花信电子商务商行;https://shop6f3d159k65847.1688.com;https://detail.1688.com/offer/582262077581.html
义乌市侧耳倾听电子商务商行;https://shop124qb8j486664.1688.com;https://detail.1688.com/offer/613400887906.html
杭州涵晶珠宝有限公司;https://shop1389632201792.1688.com;https://detail.1688.com/offer/572508098749.html
城阳区糖果果工艺品商行;https://tangguoguoshop.1688.com;https://detail.1688.com/offer/634918905588.html
城阳区饰美莱工艺品厂;https://ssjjewellery.1688.com;https://detail.1688.com/offer/582179448921.html
深圳爱慕尼饰品有限公司;https://aimuni789.1688.com;https://detail.1688.com/offer/585751069014.html
义乌市郭堂电子商务商行;https://shop1427820923258.1688.com;https://detail.1688.com/offer/563884860653.html
梅州市梅江区喜碧欣服装店;https://shop1y6327353c410.1688.com;https://detail.1688.com/offer/652105013876.html
义乌市若龙饰品有限公司;https://sloongjewelry.1688.com;https://detail.1688.com/offer/598255857188.html
义乌市彦妤贸易有限公司;https://yanyushipin.1688.com;https://detail.1688.com/offer/593705699068.html
广州市合益首饰商行;https://shop3h9593023h2w8.1688.com;https://detail.1688.com/offer/635791049987.html
义乌市首品电子商务商行;https://shop8dr52mg623536.1688.com;https://detail.1688.com/offer/635432648830.html
涟水王子阳饰品经营部;https://shop1456764593169.1688.com;https://detail.1688.com/offer/580660214750.html
义乌市李好贸易有限公司;https://shop398780x280930.1688.com;https://detail.1688.com/offer/640616146339.html
义乌市喜物饰品厂;https://shop415446g8712h4.1688.com;https://detail.1688.com/offer/643734280745.html
义乌市臻正珠宝首饰有限公司;https://shop3vhc468881870.1688.com;https://detail.1688.com/offer/641216676531.html
东莞市爱丽宝工艺品有限公司;https://shop709317d490o30.1688.com;https://detail.1688.com/offer/654358291008.html
义乌市槿妍饰品有限公司;https://shop1466874252268.1688.com;https://detail.1688.com/offer/626088964830.html
义乌市绿妆饰品厂;https://shop1466701955151.1688.com;https://detail.1688.com/offer/623432478960.html
义乌市寒月饰品有限公司;https://yuerjewelry.1688.com;https://detail.1688.com/offer/645872145405.html
海丰县城东梵昂首饰商行;https://shop159e5115q1215.1688.com;https://detail.1688.com/offer/651862639621.html
义乌市海阁电子商务有限公司;https://happygirl.1688.com;https://detail.1688.com/offer/646100282320.html
义乌市承馨电子商务商行;https://yououshipin.1688.com;https://detail.1688.com/offer/582322192193.html
义乌市露兮电子商务商行;https://shop701g0204b5202.1688.com;https://detail.1688.com/offer/575714615848.html
义乌市紫琳贸易有限公司;https://shop0k73057k43773.1688.com;https://detail.1688.com/offer/625220658929.html
义乌市心鹭电子商务有限公司;https://shop60448j8r109g4.1688.com;https://detail.1688.com/offer/653696781952.html
义乌市辉赫饰品有限公司;https://shop7787909gr10v6.1688.com;https://detail.1688.com/offer/585654438749.html
义乌市岚秀电子商务商行;https://shop1466010339509.1688.com;https://detail.1688.com/offer/653732240751.html
义乌市弘亦饰品有限公司;https://hoyacc.1688.com;https://detail.1688.com/offer/608846274237.html
北京金悦天成商贸有限公司;https://shop1433770214900.1688.com;https://detail.1688.com/offer/608112629276.html
义乌市本派电子商务有限公司;https://shop57991754u5222.1688.com;https://detail.1688.com/offer/649814255839.html
广州唯依日用品厂;https://shop842429r765q91.1688.com;https://detail.1688.com/offer/655468097168.html
郑州市管城回族区栓磊百货商行;https://shop36588t69586a3.1688.com;https://detail.1688.com/offer/644148500368.html
义乌市聪蝶饰品有限公司;https://yinshi2016.1688.com;https://detail.1688.com/offer/584684551922.html
广州林喻日用品厂;https://shop76uv930065u09.1688.com;https://detail.1688.com/offer/653753282810.html
石狮市简峰开联网络百货商行;https://shop7d9p3914506d7.1688.com;https://detail.1688.com/offer/651165173642.html
义乌市何路电子商务商行;https://shop78q70ld305526.1688.com;https://detail.1688.com/offer/561931782145.html
义乌市姿悦电子商务有限公司;https://shop9405291oo7050.1688.com;https://detail.1688.com/offer/631812404482.html
义乌市泛雅饰品有限公司;https://shop8h987m8m26022.1688.com;https://detail.1688.com/offer/654919168677.html
义乌市杜赛电子商务有限公司;https://shop1489140918912.1688.com;https://detail.1688.com/offer/602443848815.html
义乌市吾悦饰品商行;https://shop3e81f3475y773.1688.com;https://detail.1688.com/offer/635951992721.html
义乌巨森电子商务有限公司;https://shop469j35n587495.1688.com;https://detail.1688.com/offer/652639951715.html
浦江县夏晨饰品厂;https://ufavoirte.1688.com;https://detail.1688.com/offer/628713908438.html
义乌市惜郁电子商务有限公司;https://shop1429289450420.1688.com;https://detail.1688.com/offer/591698637286.html
义乌市久通饰品加工厂;https://shop6z258x2087823.1688.com;https://detail.1688.com/offer/581396144173.html
义乌市腾层电子商务有限公司;https://tengceng.1688.com;https://detail.1688.com/offer/628852191624.html
义乌市吧唧电子商务商行;https://shop00ot8352723g1.1688.com;https://detail.1688.com/offer/641829636252.html
义乌市简拉电子商务有限公司;https://jianlajewelry.1688.com;https://detail.1688.com/offer/605447219577.html
义乌市茉柠贸易有限公司;https://shop1487868907575.1688.com;https://detail.1688.com/offer/546621348661.html
义乌市颖舞电子商务有限公司;https://shop711o4701t1583.1688.com;https://detail.1688.com/offer/610133443623.html
义乌市参翔电子商务商行;https://shop87r8yj48194u1.1688.com;https://detail.1688.com/offer/655351233782.html
义乌市诚精电子商务商行;https://shop7838p6v6141x7.1688.com;https://detail.1688.com/offer/639074039669.html
义乌科凡电子商务商行;https://shop854301399n549.1688.com;https://detail.1688.com/offer/654532544181.html
义乌市艾莉饰品有限公司;https://ailishipin.1688.com;https://detail.1688.com/offer/647612630342.html
义乌市不舍居贸易有限公司;https://shop39046c58479c0.1688.com;https://detail.1688.com/offer/619841731610.html
义乌市腾义饰品有限公司;https://tengyishipin.1688.com;https://detail.1688.com/offer/629025347731.html
深圳市罗湖区杰利泽银饰商行;https://shop0l8019906ql52.1688.com;https://detail.1688.com/offer/582509086750.html
义乌市秀桢电子商务有限公司;https://shop1473871349125.1688.com;https://detail.1688.com/offer/581285897029.html
海丰县远梵首饰有限公司;https://yuanfan.1688.com;https://detail.1688.com/offer/601371564342.html
义乌市旗佑电子商务有限公司;https://shop74h101y524637.1688.com;https://detail.1688.com/offer/609062371480.html
义乌市岑迷饰品有限公司;https://shop1375289628741.1688.com;https://detail.1688.com/offer/587013078000.html
义乌市芒你饰品有限公司;https://shop06517yd115555.1688.com;https://detail.1688.com/offer/655680546804.html
义乌市舒搜电子商务有限公司;https://shop1468601430262.1688.com;https://detail.1688.com/offer/603856136540.html
深圳市赫奈珠宝有限公司;https://henai2020.1688.com;https://detail.1688.com/offer/645290613966.html
义乌市言柠电子商务商行;https://yanningstudio.1688.com;https://detail.1688.com/offer/651923744080.html
海丰县梅陇宝源纯银首饰厂;https://shop19p4566472420.1688.com;https://detail.1688.com/offer/625593931789.html
霞浦县妍莫日用品经营部;https://shop76247840s4845.1688.com;https://detail.1688.com/offer/633625996401.html
东阳市静界饰品有限公司;https://ywjingjie.1688.com;https://detail.1688.com/offer/565948916097.html
青岛枞和帆工艺品有限公司;https://shop35281233ks2o0.1688.com;https://detail.1688.com/offer/557381440867.html
青岛静宝首饰品有限公司;https://ifashionqd.1688.com;https://detail.1688.com/offer/572375485947.html
义乌市少峰电子商务商行;https://wilphenwu.1688.com;https://detail.1688.com/offer/626601550589.html
义乌市赫尔墨斯贸易有限公司;https://shop1u03o9v641772.1688.com;https://detail.1688.com/offer/642739866086.html
义乌市卓权饰品厂;https://shop1383843389764.1688.com;https://detail.1688.com/offer/616385738385.html
义乌市晗杜电子商务商行;https://shop704xx31840z32.1688.com;https://detail.1688.com/offer/653965024940.html
深圳市艾普义科技有限公司;https://tokqiy.1688.com;https://detail.1688.com/offer/655068429529.html
义乌市雕琢电子商务商行;https://shop5u06u0816u898.1688.com;https://detail.1688.com/offer/617937605591.html
义乌市锦颜电子商务商行;https://shop509s9634b6779.1688.com;https://detail.1688.com/offer/581997529236.html
义乌市锦汐饰品有限公司;https://shop36m49516j79k7.1688.com;https://detail.1688.com/offer/613288933173.html
义乌市真欣电子商务商行;https://shop509491775bd03.1688.com;https://detail.1688.com/offer/595594115249.html
南京奥达非贸易有限公司;https://orderafrica.1688.com;https://detail.1688.com/offer/604828176527.html
义乌市哲尚饰品厂;https://shop07g0848t21733.1688.com;https://detail.1688.com/offer/598619291512.html
义乌市挺进贸易有限公司;https://ywtjmy.1688.com;https://detail.1688.com/offer/613925588763.html
义乌市诗嘟电子商务商行;https://shop729678951h9u1.1688.com;https://detail.1688.com/offer/612404472078.html
义乌市艺真饰品有限公司;https://shop1467046971656.1688.com;https://detail.1688.com/offer/578557083940.html
义乌市趣觅电子商务商行;https://shop3909712a65r74.1688.com;https://detail.1688.com/offer/651177503232.html
义乌市艺栋饰品有限公司;https://shop4411866a72157.1688.com;https://detail.1688.com/offer/591960336165.html
东阳市碧月电子商务商行;https://shop12t0c45186166.1688.com;https://detail.1688.com/offer/651443966809.html
义乌市雨蝶饰品有限公司;https://yudy88888.1688.com;https://detail.1688.com/offer/624030425676.html
义乌珠炫饰品有限公司;https://shop3jx62441174x3.1688.com;https://detail.1688.com/offer/651081749126.html
义乌俪蓓塔饰品有限公司;https://shop1q6026q17q361.1688.com;https://detail.1688.com/offer/642746473236.html
东莞市众兴五金饰品有限公司;https://dgzx13662719912.1688.com;https://detail.1688.com/offer/589317142637.html
义乌市楠博电子商务商行;https://shop1410539936050.1688.com;https://detail.1688.com/offer/610575046642.html
义乌市昱凝电子商务商行;https://shop3n765453fy138.1688.com;https://detail.1688.com/offer/618023878183.html
青岛来饰缘商贸有限公司;https://lsy15694416333.1688.com;https://detail.1688.com/offer/567366396534.html
义乌市花奢电子商务商行;https://shop3107u66051661.1688.com;https://detail.1688.com/offer/616711325216.html
东阳市云阔电子商务商行;https://yunkuo2020.1688.com;https://detail.1688.com/offer/638758258710.html
东阳市艺宸饰品有限公司;https://shop6163680e83n75.1688.com;https://detail.1688.com/offer/652098647441.html
义乌市广拓饰品有限公司;https://fan670367810.1688.com;https://detail.1688.com/offer/573433022373.html
九江千贝科技有限公司;https://shop20x2450d96690.1688.com;https://detail.1688.com/offer/608485191579.html
东莞市爱戴饰品有限公司;https://symei168.1688.com;https://detail.1688.com/offer/643757222076.html
义乌市轲腾饰品有限公司;https://shop16m6472w228m8.1688.com;https://detail.1688.com/offer/654553669546.html
东阳市晓酒窝电子商务商行;https://shop1jm5153675509.1688.com;https://detail.1688.com/offer/633973243923.html
义乌市竹苓饰品有限公司;https://shop06950810xn456.1688.com;https://detail.1688.com/offer/654926806835.html
东莞市青简饰品有限公司;https://shop1479573992165.1688.com;https://detail.1688.com/offer/550468028380.html
义乌市艺兴饰品有限公司;https://shop2l5921r679328.1688.com;https://detail.1688.com/offer/634470459402.html
东阳市白云白岩电子商务商行;https://shop1493311861605.1688.com;https://detail.1688.com/offer/570642895950.html
义乌市诗露纸品厂;https://shop2938128h18w91.1688.com;https://detail.1688.com/offer/582561562753.html
义乌市佑炫电子商务有限公司;https://shop59204237477s2.1688.com;https://detail.1688.com/offer/624398009027.html
义乌市炫儿饰品商行;https://shop82099p92p7709.1688.com;https://detail.1688.com/offer/647328856377.html
义乌市思登电子商务有限公司;https://shop1374598483920.1688.com;https://detail.1688.com/offer/627406600548.html
义乌市坤娟电子商务有限公司;https://kunjuan228.1688.com;https://detail.1688.com/offer/529783634884.html
海丰县梅陇德隆首饰厂;https://delongyinshi.1688.com;https://detail.1688.com/offer/653467549252.html
佛山成智杰金属科技有限公司;https://cjwjzp.1688.com;https://detail.1688.com/offer/558646242825.html
义乌市吕硕电子商务商行;https://shop1432288525433.1688.com;https://detail.1688.com/offer/621194869756.html
义乌市弘腾电子商务有限公司;https://htgm888.1688.com;https://detail.1688.com/offer/645571603259.html
广州市黄埔区结小宝百货店;https://shop45357643e7504.1688.com;https://detail.1688.com/offer/654777526425.html
青岛孙孟工艺品有限公司;https://sunmeng.1688.com;https://detail.1688.com/offer/600657722748.html
义乌市嘉姿饰品有限公司;https://shop399387997l691.1688.com;https://detail.1688.com/offer/598110666403.html
东阳市妮好饰品厂;https://shop3n0n57079d182.1688.com;https://detail.1688.com/offer/649286750383.html
佛山市南海区武柳琪服装厂;https://shop799061o3291y8.1688.com;https://detail.1688.com/offer/647933583078.html
义乌市奥菲莉电子商务有限公司;https://aofeilimingpin.1688.com;https://detail.1688.com/offer/595227982341.html
义乌市昂杰饰品有限公司;https://shop543eq115613p0.1688.com;https://detail.1688.com/offer/602220776221.html
义乌市艾文饰品有限公司;https://shop5t05904t80371.1688.com;https://detail.1688.com/offer/650541083196.html
义乌市牛犇进出口有限公司;https://niuben.1688.com;https://detail.1688.com/offer/653441148039.html
广州市海珠区鑫隆昌服装辅料商行;https://xlc0208.1688.com;https://detail.1688.com/offer/580554899236.html
南靖县博科食品商行;https://shop8338201165e55.1688.com;https://detail.1688.com/offer/645091648622.html
青岛晨阳工艺品有限公司;https://shop1a9242781v533.1688.com;https://detail.1688.com/offer/655504145499.html
义乌市含月饰品有限公司;https://shop5e5101818s7z6.1688.com;https://detail.1688.com/offer/605901690001.html
佛山市禅城区通利拓五金贸易商行;https://shop8v05r49092932.1688.com;https://detail.1688.com/offer/630655749423.html
义乌市赫誉饰品有限公司;https://shop1476895316759.1688.com;https://detail.1688.com/offer/602462717682.html
广州凯希珠宝有限公司;https://shop077139fu70669.1688.com;https://detail.1688.com/offer/652969484936.html
珠山区暖心工艺品厂;https://0798tc.1688.com;https://detail.1688.com/offer/552410253296.html
义乌市萌豆豆饰品有限公司;https://ywmengdoudou.1688.com;https://detail.1688.com/offer/622366933721.html
城阳区爱伊娜饰品批发商行;https://waimaoshipinpifa.1688.com;https://detail.1688.com/offer/628886792765.html
温州市鹿城区齐毅贸易商行;https://shop66780183693i7.1688.com;https://detail.1688.com/offer/632963572817.html
义乌市鑫聂饰品有限公司;https://shop1400605014111.1688.com;https://detail.1688.com/offer/563453188862.html
石狮市简峰炫基网络百货商行;https://shop2109589855um8.1688.com;https://detail.1688.com/offer/654871887611.html
广州梅霖日用品厂;https://shop524603tp33672.1688.com;https://detail.1688.com/offer/654268229682.html
义乌市职希电子商务商行;https://shop1489510695459.1688.com;https://detail.1688.com/offer/622191626098.html
深圳市宝安区质汇服饰商行;https://mcing8.1688.com;https://detail.1688.com/offer/614251533193.html
义乌市竹马饰品厂;https://zhumashipin.1688.com;https://detail.1688.com/offer/634948375545.html
玉林市玉州区尤典百货店;https://shop7g31979585313.1688.com;https://detail.1688.com/offer/647568064201.html
柳州市汇商电子商务有限公司;https://shop427564dce5705.1688.com;https://detail.1688.com/offer/652735176394.html
佛山市南海区卡宾轩服饰厂;https://shop253a72562w729.1688.com;https://detail.1688.com/offer/642746543965.html
玉林市玉州区碧玲百货经营部;https://shop5589w657715q8.1688.com;https://detail.1688.com/offer/647097380050.html
夏华;https://shop42438p5g1u988.1688.com;https://detail.1688.com/offer/597724162498.html
义乌市冬盛饰品有限公司;https://shop0p40573747301.1688.com;https://detail.1688.com/offer/628934950545.html
海丰县梅陇臻荣首饰厂;https://zhenrong925.1688.com;https://detail.1688.com/offer/570451252247.html
