义乌市烨贝饰品有限公司;https://yebeishipin.1688.com;https://detail.1688.com/offer/624995565158.html
义乌市旭爵电子商务有限公司;https://shop1415896901343.1688.com;https://detail.1688.com/offer/576516881790.html
义乌市咏歌电子商务商行;https://yongge.1688.com;https://detail.1688.com/offer/577313262005.html
浦江县韩茹电子商务商行;https://shop44585e925v9e6.1688.com;https://detail.1688.com/offer/626560125939.html
浦江县韩之尚电子商务有限公司;https://hanzhishang.1688.com;https://detail.1688.com/offer/642566963671.html
义乌市鼎程贸易有限公司;https://janeman.1688.com;https://detail.1688.com/offer/626171985400.html
义乌市高途电子商务商行;https://gaotu809088915.1688.com;https://detail.1688.com/offer/613420926381.html
义乌市希区瑞普贸易有限公司;https://shop06h399o602x72.1688.com;https://detail.1688.com/offer/617176447069.html
义乌市鼎洲电子商务商行;https://dzsp2012.1688.com;https://detail.1688.com/offer/640995736586.html
义乌市卿州电子商务商行;https://shop4554c03c01370.1688.com;https://detail.1688.com/offer/642788503589.html
义乌市韩饰界电子科技有限公司;https://shop343b88869jj94.1688.com;https://detail.1688.com/offer/590103989240.html
义乌市凌歌电子商务商行;https://linggeshiping.1688.com;https://detail.1688.com/offer/577097992107.html
义乌市永盈电子商务有限公司;https://shop6536565675030.1688.com;https://detail.1688.com/offer/640850252765.html
义乌市糖恋电子商务商行;https://shop1479142358890.1688.com;https://detail.1688.com/offer/621064512815.html
义乌市梓棠饰品有限公司;https://520zitang.1688.com;https://detail.1688.com/offer/592210801688.html
长沙江润商贸有限公司;https://xwyfsc.1688.com;https://detail.1688.com/offer/654885211344.html
义乌市雪岳电子商务商行;https://wise678.1688.com;https://detail.1688.com/offer/642487483022.html
义乌子拓电子商务商行;https://shop260450y6929z3.1688.com;https://detail.1688.com/offer/631737962242.html
义乌市维蒙饰品有限公司;https://shop1491214756491.1688.com;https://detail.1688.com/offer/597688859476.html
博爱县菜叶日用百货网店;https://shop29o9n646p4965.1688.com;https://detail.1688.com/offer/650458077463.html
武汉元锦云翘贸易商行;https://shop412wv887i0614.1688.com;https://detail.1688.com/offer/634556665496.html
宁乡经济技术开发区亚马讯服饰商行;https://ymxfzc.1688.com;https://detail.1688.com/offer/641770691768.html
临沂市兰山区名臣商贸店;https://shop632i1816227m3.1688.com;https://detail.1688.com/offer/645555569447.html
义乌市川兹服饰有限公司;https://ererfushi.1688.com;https://detail.1688.com/offer/598647658161.html
义乌市葵翔饰品厂;https://kuixiangjewelry.1688.com;https://detail.1688.com/offer/598350199092.html
东莞市如刚五金饰品有限公司;https://rugang8888.1688.com;https://detail.1688.com/offer/621051470167.html
义乌市端搜电子商务有限公司;https://ywxsbpf.1688.com;https://detail.1688.com/offer/645757498365.html
义乌市硕晨饰品厂;https://shop75h0q22167607.1688.com;https://detail.1688.com/offer/602811988428.html
义乌市知雨网络科技有限公司;https://shop1482993877739.1688.com;https://detail.1688.com/offer/582084825278.html
义乌市渡洲电子商务商行;https://shop09kf1h6021996.1688.com;https://detail.1688.com/offer/651262073334.html
王忠信;https://xiuxiu11142012.1688.com;https://detail.1688.com/offer/522136638555.html
东阳市白云忠信饰品厂;https://shop843160617ae57.1688.com;https://detail.1688.com/offer/654012030116.html
广州市黄埔区众拓机械加工部;https://shop3i55032y93495.1688.com;https://detail.1688.com/offer/648579451421.html
义乌市黛仁饰品有限公司;https://shop1398877022652.1688.com;https://detail.1688.com/offer/602334406099.html
义乌市可仁饰品有限公司;https://hyssmy.1688.com;https://detail.1688.com/offer/603361324730.html
义乌市苏仁饰品有限公司;https://shop1436374539057.1688.com;https://detail.1688.com/offer/602096552421.html
义乌市缪施电子商务商行;https://shop633547h065312.1688.com;https://detail.1688.com/offer/624463103485.html
义乌市驻龙电子商务有限公司;https://ywps925.1688.com;https://detail.1688.com/offer/650560288678.html
义乌市亿琛电子商务有限公司;https://shop9699643u36x72.1688.com;https://detail.1688.com/offer/561108839801.html
义乌市保胜电子商务有限公司;https://shop30b4175113039.1688.com;https://detail.1688.com/offer/620582425907.html
义乌市伊尚电子商务有限公司;https://yishang01.1688.com;https://detail.1688.com/offer/650613157377.html
义乌市左念电子商务有限公司;https://xiaozuo.1688.com;https://detail.1688.com/offer/559889011434.html
义乌市楠博电子商务商行;https://shop1410539936050.1688.com;https://detail.1688.com/offer/623488742327.html
义乌市胜于蓝网络科技有限公司;https://shop9001378l64107.1688.com;https://detail.1688.com/offer/651346602196.html
义乌市紫怡饰品有限公司;https://ziyishipinsh.1688.com;https://detail.1688.com/offer/637053778365.html
义乌市南慧电子商务商行;https://mingruishipin.1688.com;https://detail.1688.com/offer/598758335155.html
义乌市以为饰品有限公司;https://shop53zr381480754.1688.com;https://detail.1688.com/offer/651345490432.html
义乌市简拉电子商务有限公司;https://jianlajewelry.1688.com;https://detail.1688.com/offer/587748342328.html
义乌市牛犇进出口有限公司;https://niuben.1688.com;https://detail.1688.com/offer/636177739183.html
义乌市仔润电子商务有限公司;https://shop80d67q47640n3.1688.com;https://detail.1688.com/offer/632428873440.html
义乌市家民贸易有限公司;https://shop1472452130381.1688.com;https://detail.1688.com/offer/646363584635.html
义乌市蓦然电子商务商行;https://shop4p24079984497.1688.com;https://detail.1688.com/offer/645202630356.html
义乌市天青电子商务有限公司;https://shop13797873343m1.1688.com;https://detail.1688.com/offer/632743302358.html
宁乡俄远服装店;https://eyfzc9.1688.com;https://detail.1688.com/offer/635080196912.html
义乌市鹏翱贸易有限公司;https://shop140t4vq644868.1688.com;https://detail.1688.com/offer/584179119045.html
博爱县佳丽服饰店;https://shop82611j6l14433.1688.com;https://detail.1688.com/offer/652288238889.html
无锡露普索娜服装贸易有限公司;https://shop1490102282354.1688.com;https://detail.1688.com/offer/629752530180.html
深圳市樊耀科技有限公司;https://shop1111r484v3431.1688.com;https://detail.1688.com/offer/646127374015.html
义乌市佩普电子商务有限公司;https://shop0724pj62835w6.1688.com;https://detail.1688.com/offer/611636879423.html
义乌市云絮饰品有限公司;https://shop1490980374091.1688.com;https://detail.1688.com/offer/560208501337.html
义乌市芷菡电子商务商行;https://shop762l11799i7x8.1688.com;https://detail.1688.com/offer/593499975728.html
义乌市韩萸饰品有限公司;https://hanyushipin.1688.com;https://detail.1688.com/offer/618420512098.html
琛墨（天津）珠宝饰品有限公司;https://kissmore.1688.com;https://detail.1688.com/offer/646943506649.html
义乌市逗贝电子商务商行;https://shop1444928514029.1688.com;https://detail.1688.com/offer/654437840502.html
义乌市奕冉饰品有限公司;https://yiranyw.1688.com;https://detail.1688.com/offer/622716597823.html
义乌市诺铭饰品有限公司;https://ywnuomingshipin.1688.com;https://detail.1688.com/offer/655136105252.html
义乌市追霜电子商务有限公司;https://zhuishuang.1688.com;https://detail.1688.com/offer/599550533874.html
义乌市腾层电子商务有限公司;https://tengceng.1688.com;https://detail.1688.com/offer/626304260538.html
义乌市本派电子商务有限公司;https://shop57991754u5222.1688.com;https://detail.1688.com/offer/643881912898.html
义乌市卡奇洛饰品有限公司;https://shop9u555u5625586.1688.com;https://detail.1688.com/offer/631325653647.html
义乌市博悦电子商务有限公司;https://shop521188405x890.1688.com;https://detail.1688.com/offer/618560878512.html
义乌市唐鼎电子商务有限公司;https://tdmall.1688.com;https://detail.1688.com/offer/635900013927.html
义乌市闪魅饰品有限公司;https://shop9q93x51240j07.1688.com;https://detail.1688.com/offer/638644431966.html
义乌市佐文饰品有限公司;https://zuowen.1688.com;https://detail.1688.com/offer/561420579958.html
义乌市侣观电子商务商行;https://shop1453394366939.1688.com;https://detail.1688.com/offer/527634437314.html
义乌市丹序电子商务商行;https://shop30b90x6250910.1688.com;https://detail.1688.com/offer/575062972268.html
义乌市秀桢电子商务有限公司;https://shop1473871349125.1688.com;https://detail.1688.com/offer/571690791020.html
义乌市丛嘟饰品厂;https://congdu88888.1688.com;https://detail.1688.com/offer/576010546868.html
义乌市侑嘉饰品有限公司;https://shop4615512525597.1688.com;https://detail.1688.com/offer/617286178046.html
博爱县轲刘日用百货网店;https://shop5w14z15502914.1688.com;https://detail.1688.com/offer/651399294734.html
博爱县肥仔日用品网店;https://shop98q3702970653.1688.com;https://detail.1688.com/offer/649322426344.html
义乌市哲修供应链管理有限公司;https://zhexiushipin.1688.com;https://detail.1688.com/offer/620338701885.html
义乌市道妮电子商务商行;https://dnshop.1688.com;https://detail.1688.com/offer/570742316075.html
义乌市中耀饰品有限公司;https://zhongyaosp.1688.com;https://detail.1688.com/offer/652325227521.html
中山市爱洛奇珠宝饰品有限公司;https://arochsilver.1688.com;https://detail.1688.com/offer/642489209199.html
义乌市千品贸易有限公司;https://shop1461085082873.1688.com;https://detail.1688.com/offer/607918299624.html
兰溪市汉羽饰品加工厂;https://shop4217115116g60.1688.com;https://detail.1688.com/offer/648562547598.html
义乌市纯影饰品有限公司;https://shop1446050898488.1688.com;https://detail.1688.com/offer/554686645295.html
义乌市繁鼎电子商务商行;https://shop9293005878o82.1688.com;https://detail.1688.com/offer/649727024600.html
义乌市缕莎饰品厂;https://shop1438102658875.1688.com;https://detail.1688.com/offer/627646671586.html
义乌市侣环电子商务商行;https://shop1454086145569.1688.com;https://detail.1688.com/offer/569780181134.html
义乌森外饰品有限公司;https://shop25yl2482704j3.1688.com;https://detail.1688.com/offer/626744808375.html
义乌市韩朵电子商务有限公司;https://shop1488561222048.1688.com;https://detail.1688.com/offer/624361326352.html
台州市黄岩龙雅日用品商行;https://shop0186191l19ma5.1688.com;https://detail.1688.com/offer/645037386930.html
义乌市韩蔻饰品有限公司;https://shop78253s55846y9.1688.com;https://detail.1688.com/offer/626313440060.html
东莞市鼎哲五金制品有限公司;https://dingzhewujin.1688.com;https://detail.1688.com/offer/623217623116.html
义乌市妙铭贸易有限公司;https://miaomingmaoyi.1688.com;https://detail.1688.com/offer/623327375149.html
义乌市花蔷电子商务商行;https://shop9867327358404.1688.com;https://detail.1688.com/offer/642347230798.html
深圳市宝安区绮湘雨饰品厂;https://shop1434646958233.1688.com;https://detail.1688.com/offer/587951886567.html
义乌市喀则电子商务商行;https://shop4wj723u350159.1688.com;https://detail.1688.com/offer/645360156478.html
义乌市微啸电子商务商行;https://shop703t7400b09x4.1688.com;https://detail.1688.com/offer/647294866012.html
义乌市辉宏饰品商行;https://shop9698360uj4d50.1688.com;https://detail.1688.com/offer/650557907071.html
义乌市韩誉饰品厂;https://shop7371934735q84.1688.com;https://detail.1688.com/offer/654945972756.html
义乌市简韩电子商务商行;https://shop3m34930mm8736.1688.com;https://detail.1688.com/offer/641461852030.html
深圳市银姿珠宝首饰有限公司;https://shop1449075415999.1688.com;https://detail.1688.com/offer/617774834868.html
义乌市拓娱饰品有限公司;https://shop9c78323732008.1688.com;https://detail.1688.com/offer/622791377868.html
义乌市黛仁饰品有限公司;https://shop1398877022652.1688.com;https://detail.1688.com/offer/602334406099.html
海丰县优卓首饰有限公司;https://shop1491412132138.1688.com;https://detail.1688.com/offer/636695847290.html
义乌市可仁饰品有限公司;https://hyssmy.1688.com;https://detail.1688.com/offer/603361324730.html
义乌市苏仁饰品有限公司;https://shop1436374539057.1688.com;https://detail.1688.com/offer/602096552421.html
义乌市图彩电子商务商行;https://shop1426610600331.1688.com;https://detail.1688.com/offer/549335169887.html
义乌市奈珠饰品厂;https://naizhushipin.1688.com;https://detail.1688.com/offer/599225105365.html
义乌市千色日用百货有限公司;https://qianse66.1688.com;https://detail.1688.com/offer/596612037410.html
义乌市楠博电子商务商行;https://shop1410539936050.1688.com;https://detail.1688.com/offer/623488742327.html
义乌市千品贸易有限公司;https://shop1461085082873.1688.com;https://detail.1688.com/offer/629734573809.html
义乌市宋谦电子商务商行;https://shop1458061191143.1688.com;https://detail.1688.com/offer/553312113815.html
义乌市严昆电子商务有限公司;https://922065.1688.com;https://detail.1688.com/offer/582655490812.html
义乌市蓝淘饰品有限公司;https://longpingershipin.1688.com;https://detail.1688.com/offer/651607588442.html
义乌市知雨网络科技有限公司;https://shop1482993877739.1688.com;https://detail.1688.com/offer/582084825278.html
义乌市怀琅贸易有限公司;https://shop1443451805112.1688.com;https://detail.1688.com/offer/652030073638.html
义乌市玖冠电子商务商行;https://shop4995a8v5w8176.1688.com;https://detail.1688.com/offer/650856324028.html
东阳润妍电子商务商行;https://shop56452x0744702.1688.com;https://detail.1688.com/offer/652475291504.html
东阳市白云秀尔电子商务商行;https://shop5438e29092934.1688.com;https://detail.1688.com/offer/651647309683.html
义乌领赛饰品有限公司;https://shop1430326203773.1688.com;https://detail.1688.com/offer/644445523987.html
义乌市如懿饰品有限公司;https://shop5768lr122r467.1688.com;https://detail.1688.com/offer/646055114385.html
温州市鹿城区阁莘贸易商行;https://shop93302132q3os0.1688.com;https://detail.1688.com/offer/655489074500.html
卢伟;https://shop1372907503006.1688.com;https://detail.1688.com/offer/545479435577.html
义乌市禹祥饰品有限公司;https://yuxiang777.1688.com;https://detail.1688.com/offer/621679352881.html
义乌市仔润电子商务有限公司;https://shop80d67q47640n3.1688.com;https://detail.1688.com/offer/632428873440.html
义乌市家民贸易有限公司;https://shop1472452130381.1688.com;https://detail.1688.com/offer/646363584635.html
义乌市蓦然电子商务商行;https://shop4p24079984497.1688.com;https://detail.1688.com/offer/645202630356.html
义乌市牛犇进出口有限公司;https://niuben.1688.com;https://detail.1688.com/offer/653529233673.html
义乌市天青电子商务有限公司;https://shop13797873343m1.1688.com;https://detail.1688.com/offer/632743302358.html
东阳市白云蓝芝海饰品厂;https://aonashiping2.1688.com;https://detail.1688.com/offer/650671568451.html
义乌市随变饰品有限公司;https://shop1461257355826.1688.com;https://detail.1688.com/offer/653392045415.html
义乌市怀舒饰品商行;https://shop5k0b89b456140.1688.com;https://detail.1688.com/offer/629356177059.html
义乌市尚丽工艺品有限公司;https://shop877s582e42423.1688.com;https://detail.1688.com/offer/617129228042.html
义乌市林翔电子商务商行;https://ywlinxiangshop.1688.com;https://detail.1688.com/offer/41268176268.html
义乌市舶迪进出口有限公司;https://shop49n24664082z7.1688.com;https://detail.1688.com/offer/652275189494.html
义乌市驻龙电子商务有限公司;https://ywps925.1688.com;https://detail.1688.com/offer/593303801907.html
义乌市屹凡饰品有限公司;https://shop9xg4214d44396.1688.com;https://detail.1688.com/offer/629315696877.html
义乌市薇琦饰品有限公司;https://shop2s6211891q7s1.1688.com;https://detail.1688.com/offer/629113025800.html
义乌市沁缘饰品有限公司;https://shop56hh0832907b7.1688.com;https://detail.1688.com/offer/644642340001.html
永定区萧简唱百货商行;https://shop4027685u99q97.1688.com;https://detail.1688.com/offer/645535676625.html
义乌市业泰贸易有限公司;https://shop60081d54555d1.1688.com;https://detail.1688.com/offer/652648807519.html
义乌市银尚饰品有限公司;https://hfb2010.1688.com;https://detail.1688.com/offer/643133112272.html
义乌市宙晟电子商务有限公司;https://yiwu168.1688.com;https://detail.1688.com/offer/652270950182.html
义乌市敏萌饰品有限公司;https://shop12p2db7281859.1688.com;https://detail.1688.com/offer/650338053920.html
义乌市盈美电子商务商行;https://glasseschain.1688.com;https://detail.1688.com/offer/609046777442.html
义乌市侯迪电子商务商行;https://shop1452012589097.1688.com;https://detail.1688.com/offer/645053572875.html
义乌市琳达饰品有限公司;https://shop1473698629901.1688.com;https://detail.1688.com/offer/648984461420.html
义乌市舞侣服装辅料有限公司;https://jianhongshipin.1688.com;https://detail.1688.com/offer/650721378091.html
昌乐县伊诗缘珠宝店;https://shop99741qq040394.1688.com;https://detail.1688.com/offer/625968816995.html
义乌市拓娱饰品有限公司;https://shop9c78323732008.1688.com;https://detail.1688.com/offer/640042276272.html
平阳县锦森电子商务有限公司;https://shop5464615y14262.1688.com;https://detail.1688.com/offer/651116226469.html
义乌市栾俏电子商务商行;https://shop5j0996284p087.1688.com;https://detail.1688.com/offer/646777129050.html
南平市建阳区达过规百货店;https://shop8s90453l5g573.1688.com;https://detail.1688.com/offer/647450721231.html
义乌市雅珠电子商务有限公司;https://yazhushipin.1688.com;https://detail.1688.com/offer/625354942856.html
义乌市以为饰品有限公司;https://shop53zr381480754.1688.com;https://detail.1688.com/offer/641286957212.html
义乌市育清电子商务商行;https://shop1487783652560.1688.com;https://detail.1688.com/offer/635830922301.html
深圳市约瑟兄弟珠宝首饰有限公司;https://jocogo.1688.com;https://detail.1688.com/offer/623988094196.html
东阳市静界饰品有限公司;https://ywjingjie.1688.com;https://detail.1688.com/offer/629521463601.html
义乌市恋镜电子商务有限公司;https://shop063w960jw8863.1688.com;https://detail.1688.com/offer/611153751023.html
东莞市鑫恒饰品有限公司;https://shop204a05672zu80.1688.com;https://detail.1688.com/offer/648540636292.html
玉林市玉东新区意益日用百货经营部;https://shop27z44ow300633.1688.com;https://detail.1688.com/offer/646815812918.html
义乌市聪蝶饰品有限公司;https://yinshi2016.1688.com;https://detail.1688.com/offer/539659525140.html
瑞安市弘辉工艺礼品商行;https://shop150176t42om82.1688.com;https://detail.1688.com/offer/651684572735.html
义乌市景业饰品商行;https://jingye88888.1688.com;https://detail.1688.com/offer/533326765160.html
杭州简漫贸易有限公司;https://s925hangzhou.1688.com;https://detail.1688.com/offer/533354776763.html
义乌市区区饰品有限公司;https://shop71y50j83y2307.1688.com;https://detail.1688.com/offer/629245494468.html
义乌市涛澜饰品厂;https://taolan.1688.com;https://detail.1688.com/offer/533234811779.html
绍兴市越城区银之行饰品店;https://S925china.1688.com;https://detail.1688.com/offer/533127231404.html
深圳市海芸达珠宝有限公司;https://haiyunda.1688.com;https://detail.1688.com/offer/649818182213.html
义乌市闪魅饰品有限公司;https://shop9q93x51240j07.1688.com;https://detail.1688.com/offer/617037968035.html
义乌市野范电子商务商行;https://shop363d6p8009030.1688.com;https://detail.1688.com/offer/649384970275.html
义乌市润晨饰品有限公司;https://ywlrhs.1688.com;https://detail.1688.com/offer/651961553810.html
惠东县平山库拉首饰商行;https://shop16o2248895795.1688.com;https://detail.1688.com/offer/636807942596.html
广州蒂奇珠宝首饰厂;https://deechysilver.1688.com;https://detail.1688.com/offer/645768222473.html
义乌市咏歌电子商务商行;https://yongge.1688.com;https://detail.1688.com/offer/577313262005.html
义乌市奇福饰品有限公司;https://shop85164v840n532.1688.com;https://detail.1688.com/offer/621265975642.html
海丰县梅陇德隆首饰厂;https://delongyinshi.1688.com;https://detail.1688.com/offer/627193595109.html
义乌市柏岳电子商务有限公司;https://shop608m629791152.1688.com;https://detail.1688.com/offer/600966712876.html
义乌卡文工艺品有限公司;https://shop491000g023gk8.1688.com;https://detail.1688.com/offer/645212077728.html
义乌正韦舀电子商务有限公司;https://shop2b20466wd8306.1688.com;https://detail.1688.com/offer/596706330496.html
义乌市泛雅饰品有限公司;https://shop8h987m8m26022.1688.com;https://detail.1688.com/offer/654867068532.html
广州市黄埔区欧科莫琳服饰商行;https://shop22294f11cf032.1688.com;https://detail.1688.com/offer/650202954955.html
义乌市蒲琼电子商务商行;https://shop1396112002487.1688.com;https://detail.1688.com/offer/601490886334.html
义乌市坤盈珠宝有限公司;https://xiezhixing99.1688.com;https://detail.1688.com/offer/616758535256.html
义乌市纡妍饰品厂;https://shop3349101f49116.1688.com;https://detail.1688.com/offer/654656081586.html
博爱县锴锴服饰网店;https://shop0210220158f88.1688.com;https://detail.1688.com/offer/648880896987.html
博爱县达令服装店;https://shop20s640479at40.1688.com;https://detail.1688.com/offer/649800198608.html
博爱县锡团服饰店;https://shop2881347409710.1688.com;https://detail.1688.com/offer/650955289194.html
义乌市麟珑贸易有限公司;https://shop59242k42mc156.1688.com;https://detail.1688.com/offer/620272703303.html
义乌市首皮电子商务商行;https://shop1463503781818.1688.com;https://detail.1688.com/offer/531986407776.html
义乌市糖糖贸易有限公司;https://shop673f8862o49g9.1688.com;https://detail.1688.com/offer/643789803441.html
深圳市鑫恒泰珠宝有限公司;https://kuangrenyinjiang.1688.com;https://detail.1688.com/offer/571724270636.html
义乌市佐图电子商务商行;https://shop4b394v4453455.1688.com;https://detail.1688.com/offer/631065537872.html
义乌市侣踏电子商务商行;https://ouzuyinshi.1688.com;https://detail.1688.com/offer/532820713090.html
东阳市白云白岩电子商务商行;https://shop1493311861605.1688.com;https://detail.1688.com/offer/561907723870.html
丹阳市开发区吉康力维百货商行;https://shop375083l09r152.1688.com;https://detail.1688.com/offer/632439132101.html
义乌市伶达电子商务商行;https://shop1395075585094.1688.com;https://detail.1688.com/offer/653425779487.html
义乌市浩禹饰品有限公司;https://yiwuhaoyushipin.1688.com;https://detail.1688.com/offer/620543259507.html
海丰县梅陇镇千里银首饰行;https://shop040589929h773.1688.com;https://detail.1688.com/offer/650477169058.html
海丰县梅陇镇富莱首饰厂;https://shop160313w87l514.1688.com;https://detail.1688.com/offer/652615578416.html
海丰县梅陇镇源米亚首饰厂;https://shop7o013p0820841.1688.com;https://detail.1688.com/offer/651023747555.html
海丰县银千美珠宝有限公司;https://yinqianmei.1688.com;https://detail.1688.com/offer/647422287133.html
义乌市柚姿饰品有限公司;https://shop08355b6h6m566.1688.com;https://detail.1688.com/offer/653968516358.html
海丰县梅陇星动美饰首饰厂;https://shop32608725750g5.1688.com;https://detail.1688.com/offer/643451795767.html
义乌市樱草电子商务有限公司;https://shop766167f66y231.1688.com;https://detail.1688.com/offer/645147277101.html
新罗区坊衣室百货店;https://shop55366i3xl5368.1688.com;https://detail.1688.com/offer/643269344134.html
义乌市穗墨电子商务有限公司;https://shop1428684709832.1688.com;https://detail.1688.com/offer/615649419415.html
海丰县梅陇伊思特首饰厂;https://shop627159207n7n7.1688.com;https://detail.1688.com/offer/588519069650.html
丹阳市界牌镇仁赛恒五金加工厂;https://shop333661sv43d11.1688.com;https://detail.1688.com/offer/644370637758.html
海丰县双盈首饰有限公司;https://190104.1688.com;https://detail.1688.com/offer/643513887952.html
义乌市追霜电子商务有限公司;https://zhuishuang.1688.com;https://detail.1688.com/offer/598723921479.html
义乌市珈惠电子商务商行;https://shop2127596627gg7.1688.com;https://detail.1688.com/offer/630219041027.html
余姚市亿淋日用品厂;https://shop79394v2439682.1688.com;https://detail.1688.com/offer/631930097559.html
海丰县福和祥首饰厂;https://tiannifen.1688.com;https://detail.1688.com/offer/582115232082.html
义乌市佐文饰品有限公司;https://zuowen.1688.com;https://detail.1688.com/offer/598488340733.html
海丰县梅陇美美首饰配件店;https://meimeishoushi.1688.com;https://detail.1688.com/offer/520538616140.html
海丰县梅陇美珍首饰配件店;https://meizhenshoushi.1688.com;https://detail.1688.com/offer/45655859305.html
义乌市邓安电子商务商行;https://shop643h3875h5736.1688.com;https://detail.1688.com/offer/652582412328.html
余江区欣飞经营部;https://shop02182q5g85372.1688.com;https://detail.1688.com/offer/651499913425.html
延平区鑫协百货店;https://shop685a150160562.1688.com;https://detail.1688.com/offer/654733547264.html
广州诗柔航空票务有限公司;https://shop19xu165d16v61.1688.com;https://detail.1688.com/offer/631854369128.html
昌乐县格丽雅珠宝店;https://18853621851.1688.com;https://detail.1688.com/offer/564295674452.html
莆田市荔城区禾罗服饰店;https://shop174o52584z680.1688.com;https://detail.1688.com/offer/653970509069.html
润州区知只乐百货商行;https://shop5m4982g1z5649.1688.com;https://detail.1688.com/offer/655853155197.html
佛山市禅城区王炸潮品服饰商行;https://shop8rs4451428720.1688.com;https://detail.1688.com/offer/646912796422.html
东莞市鼎哲五金制品有限公司;https://dingzhewujin.1688.com;https://detail.1688.com/offer/622357184045.html
