义乌市恩多饰品厂;https://enduojewelry.1688.com;https://detail.1688.com/offer/582586113548.html
义乌市摩多贸易有限公司;https://moduomaoyi.1688.com;https://detail.1688.com/offer/652621168776.html
义乌市梵恩饰品有限公司;https://fanen1688.1688.com;https://detail.1688.com/offer/593804885558.html
义乌市胡人饰品有限公司;https://guyueren.1688.com;https://detail.1688.com/offer/605981332042.html
义乌市亦舒饰品有限公司;https://shop446f2f7150a94.1688.com;https://detail.1688.com/offer/607983891298.html
海丰县城东至尚百货商行;https://shop625747017q287.1688.com;https://detail.1688.com/offer/649926515141.html
义乌市鼎圣日用品有限公司;https://shop48p5953553186.1688.com;https://detail.1688.com/offer/600802190544.html
深圳市南山区唐歆服饰商行;https://chenmeixiong.1688.com;https://detail.1688.com/offer/579801552597.html
义乌市简兮饰品有限公司;https://shop377z807543vx9.1688.com;https://detail.1688.com/offer/579832155690.html
义乌市朋来饰品有限公司;https://shop728i494656r39.1688.com;https://detail.1688.com/offer/653552001568.html
义乌市思恋电子商务商行;https://shop1464368250733.1688.com;https://detail.1688.com/offer/579531579477.html
义乌市沙伦进出口有限公司;https://sharon123.1688.com;https://detail.1688.com/offer/627021792196.html
义乌市佰昌日用百货商行;https://ywbaichang.1688.com;https://detail.1688.com/offer/578923121748.html
义乌市燃蔻饰品有限公司;https://shop1356319501044.1688.com;https://detail.1688.com/offer/578099315721.html
义乌市群德服饰厂;https://shop1478536871632.1688.com;https://detail.1688.com/offer/616181484943.html
高新区枫桥雅宇百货商行;https://shop0282p79v74335.1688.com;https://detail.1688.com/offer/654461259856.html
义乌市伊容饰品有限公司;https://shop1400259555368.1688.com;https://detail.1688.com/offer/521281986020.html
永定区泰悦影网店;https://shop7301dd2d62648.1688.com;https://detail.1688.com/offer/639015068895.html
陆川县明汇日用品店;https://shop4149m43h02k32.1688.com;https://detail.1688.com/offer/655259129067.html
阳江市江城区河马西施饰品厂;https://shop1489889953958.1688.com;https://detail.1688.com/offer/644982635650.html
通山县宛尼百货店;https://shop235358z03rw07.1688.com;https://detail.1688.com/offer/632210896957.html
永定区禧毕临商行;https://shop05780285x4467.1688.com;https://detail.1688.com/offer/631421937040.html
深圳市酷斯比服饰有限公司;https://coolspirit.1688.com;https://detail.1688.com/offer/625557840720.html
广州市黄埔区结小宝百货店;https://shop45357643e7504.1688.com;https://detail.1688.com/offer/649374381090.html
铅山县鹅湖镇江志军饰品厂;https://shop406620z059382.1688.com;https://detail.1688.com/offer/642708683615.html
义乌市润特饰品有限公司;https://sunfangwei8.1688.com;https://detail.1688.com/offer/581781995203.html
义乌市瞳诺饰品有限公司;https://shop11mm441918857.1688.com;https://detail.1688.com/offer/653745037359.html
铅山县柳丰饰品有限公司;https://shop89az068937w22.1688.com;https://detail.1688.com/offer/585753101601.html
义乌市御馔电子商务商行;https://shop18t16t1993613.1688.com;https://detail.1688.com/offer/654993748623.html
义乌市郡芷日用品有限公司;https://shop0bl5q611534h9.1688.com;https://detail.1688.com/offer/625445500611.html
义乌市昕月饰品有限公司;https://xy8898.1688.com;https://detail.1688.com/offer/626176080042.html
义乌市晨燕饰品有限公司;https://chengyanyxgs.1688.com;https://detail.1688.com/offer/610049720594.html
鄱阳县丹晴照五金店;https://shop42k4840367a80.1688.com;https://detail.1688.com/offer/651803369703.html
义乌市慧逸饰品有限公司;https://huiyii.1688.com;https://detail.1688.com/offer/610546830941.html
义乌市涵恋饰品有限公司;https://hanlianshipin.1688.com;https://detail.1688.com/offer/612223804346.html
广州哈琳娜饰品厂;https://harrina.1688.com;https://detail.1688.com/offer/643252369272.html
义乌市依宇电子商务有限公司;https://shop612q3221y5a50.1688.com;https://detail.1688.com/offer/641712582437.html
深圳市宝安区福海靓依都服装厂;https://shop1494607960707.1688.com;https://detail.1688.com/offer/628129219917.html
义乌市赛友饰品有限公司;https://shop93245294144k0.1688.com;https://detail.1688.com/offer/624845241149.html
余江区琦祥经营部;https://shop687x97717x521.1688.com;https://detail.1688.com/offer/653555636337.html
余江区花柏经营部;https://shop5962hh2872b92.1688.com;https://detail.1688.com/offer/653801500563.html
新沂市符雨诗家居用品经营部;https://shop44c86335b0j73.1688.com;https://detail.1688.com/offer/655676647590.html
万载县高轴会百货店;https://shop676760p4507v8.1688.com;https://detail.1688.com/offer/654905613269.html
义乌市协缔电子商务商行;https://shop91i433t3s4117.1688.com;https://detail.1688.com/offer/653481853010.html
余江区琦欧经营部;https://shop3235j3w4639h5.1688.com;https://detail.1688.com/offer/653872967676.html
袁州区楠烟网络工作室;https://shop653224db6d762.1688.com;https://detail.1688.com/offer/653871699446.html
义乌市艾蕾亘特饰品厂;https://shop66h557u133484.1688.com;https://detail.1688.com/offer/654687689068.html
深圳市福田区曼星达科技商行;https://shop4l002v41f4705.1688.com;https://detail.1688.com/offer/655412445752.html
义乌市豆新电子商务商行;https://shop8989283908133.1688.com;https://detail.1688.com/offer/650424516316.html
义乌市骍隆电子商务商行;https://shop684n393892646.1688.com;https://detail.1688.com/offer/653356987777.html
柘荣县角拆日用品经营部;https://shop4m2681e056u23.1688.com;https://detail.1688.com/offer/651968306754.html
石狮市简峰守望网络百货商行;https://shop8990nh6130t36.1688.com;https://detail.1688.com/offer/652752002942.html
柘荣县楷因日用品经营部;https://shop073q1y7j23641.1688.com;https://detail.1688.com/offer/650742792369.html
柘荣县角半日用品经营部;https://shop34738b87sm401.1688.com;https://detail.1688.com/offer/652006728934.html
义乌市茵毅电子商务商行;https://shop9157990717066.1688.com;https://detail.1688.com/offer/649651364899.html
鄱阳县锺碧春网络技术工作室;https://shop73099657f6bq0.1688.com;https://detail.1688.com/offer/651275610748.html
义乌市晓潇饰品有限公司;https://shop181e29760f789.1688.com;https://detail.1688.com/offer/625763698067.html
江西静媛日用品有限公司;https://kingyuan.1688.com;https://detail.1688.com/offer/569901851815.html
义乌市当惜电子商务商行;https://dangxi.1688.com;https://detail.1688.com/offer/621996374462.html
义乌市咔朋服饰有限公司;https://kapengfushi.1688.com;https://detail.1688.com/offer/565836835757.html
义乌市莱玛电子商务有限公司;https://laimasp.1688.com;https://detail.1688.com/offer/593191390199.html
义乌市漂洋饰品有限公司;https://pyshp2003666.1688.com;https://detail.1688.com/offer/623503686843.html
义乌市潮炫饰品有限公司;https://shop84o303987q378.1688.com;https://detail.1688.com/offer/654116430524.html
义乌市酷华饰品厂;https://shop1438707329000.1688.com;https://detail.1688.com/offer/630096580940.html
义乌市阡陌饰品有限公司;https://qianmoshipin.1688.com;https://detail.1688.com/offer/617271293521.html
义乌市铎铃电子商务商行;https://darling8861.1688.com;https://detail.1688.com/offer/613822253027.html
义乌市利郦电子商务商行;https://shop45b86371b3146.1688.com;https://detail.1688.com/offer/641699562283.html
新罗区金舞花百货商行;https://shop27785mu839m94.1688.com;https://detail.1688.com/offer/648081059497.html
南平市建阳区林农皎洁百货店;https://shop19608zv047824.1688.com;https://detail.1688.com/offer/653973747016.html
石狮市简峰火灸网络百货商行;https://shop675cc92605230.1688.com;https://detail.1688.com/offer/652078720100.html
义乌市芭炫饰品厂;https://shop2035hk424v179.1688.com;https://detail.1688.com/offer/607872044002.html
义乌市房树荣围巾商行;https://shop1413305121575.1688.com;https://detail.1688.com/offer/619905431367.html
义乌市颐服贸易商行;https://shop65377426hwn84.1688.com;https://detail.1688.com/offer/650584414401.html
义乌市星泰饰品有限公司;https://shop9i878x7270203.1688.com;https://detail.1688.com/offer/637737191524.html
义乌市浅渊电子商务商行;https://shop759ho62539z47.1688.com;https://detail.1688.com/offer/651074637782.html
义乌市鸠季电子商务商行;https://shop123k088545et9.1688.com;https://detail.1688.com/offer/646697454757.html
义乌市风驰日用品厂;https://shop169xp3g345987.1688.com;https://detail.1688.com/offer/649317624701.html
余江区欢怡经营部;https://shop5502063575359.1688.com;https://detail.1688.com/offer/654080154678.html
徐州市巨匠工艺品有限公司;https://jujianggyp.1688.com;https://detail.1688.com/offer/606065261380.html
义乌市琦灵饰品有限公司;https://shop74l8o12l93451.1688.com;https://detail.1688.com/offer/590614937067.html
义乌市盛威工艺品有限公司;https://shop08k2643q65175.1688.com;https://detail.1688.com/offer/650985074236.html
义乌市清雅饰品有限公司;https://shop78254wqw30198.1688.com;https://detail.1688.com/offer/643045120309.html
东阳市艾莎饰品有限公司;https://shop73l36v18478s7.1688.com;https://detail.1688.com/offer/636440523520.html
陆川县献千日用品店;https://shop1x8182n98o616.1688.com;https://detail.1688.com/offer/650684262640.html
广州云辉吉网络科技工作室;https://shop83032d62946a3.1688.com;https://detail.1688.com/offer/634988451462.html
佛山市禅城区韩青合百货店;https://shop18099g722x928.1688.com;https://detail.1688.com/offer/651753750231.html
东阳市泫雅珠宝饰品有限公司;https://jinxuanya.1688.com;https://detail.1688.com/offer/616985160863.html
义乌市梦屿电子商务有限公司;https://lovemengyu.1688.com;https://detail.1688.com/offer/617531994415.html
义乌市妍洋饰品有限公司;https://shop10271s8711638.1688.com;https://detail.1688.com/offer/585039737787.html
义乌市志樱饰品厂;https://shop98581333x7719.1688.com;https://detail.1688.com/offer/650302916188.html
义乌市乐妍日用百货有限公司;https://shop1489165886664.1688.com;https://detail.1688.com/offer/640857878453.html
深圳市欣盛饰品有限公司;https://xinshengzhubao.1688.com;https://detail.1688.com/offer/586240518335.html
义乌市秀迪饰品厂;https://shop2g588d1300612.1688.com;https://detail.1688.com/offer/642946848001.html
义乌市随敏饰品有限公司;https://shop1406652834510.1688.com;https://detail.1688.com/offer/578648508453.html
义乌古诺饰品有限公司;https://shop5q19336299913.1688.com;https://detail.1688.com/offer/649561948589.html
义乌市晓俊饰品商行;https://shop1487178298409.1688.com;https://detail.1688.com/offer/547164359030.html
义乌市杰佑贸易有限公司;https://shop2091807f24b12.1688.com;https://detail.1688.com/offer/600570345482.html
杭州余杭区乔司街道轶曼服装商行;https://shop68r01q36j4759.1688.com;https://detail.1688.com/offer/654847593351.html
余江区思涵经营部;https://shop165252422e6h6.1688.com;https://detail.1688.com/offer/653198168395.html
深圳市宝安区芯琳精品百货贸易商行;https://shop09473z13os376.1688.com;https://detail.1688.com/offer/652136681639.html
余江区翔妙经营部;https://shop94222op117c28.1688.com;https://detail.1688.com/offer/654390219395.html
义乌市聪逢贸易商行;https://shop9463l0776xe67.1688.com;https://detail.1688.com/offer/648646487779.html
东莞市美信饰品有限公司;https://shop10494b4172408.1688.com;https://detail.1688.com/offer/622935038921.html
新罗区录雅昕百货店;https://shop0705g832141y6.1688.com;https://detail.1688.com/offer/643384728559.html
杭州羚羊电子商务有限公司;https://shop3932569d84c23.1688.com;https://detail.1688.com/offer/648424714176.html
义乌市昕涵饰品有限公司;https://shop249075gr0r667.1688.com;https://detail.1688.com/offer/634156207815.html
义乌市赤洁电子商务商行;https://shop10f7749243421.1688.com;https://detail.1688.com/offer/629966770272.html
万载县福昕日用品商行;https://shop251x9864u2y64.1688.com;https://detail.1688.com/offer/650905406644.html
义乌市欧烁贸易有限公司;https://oushuo2021.1688.com;https://detail.1688.com/offer/628313147519.html
义乌市方婳电子商务商行;https://shop63s8017v65v96.1688.com;https://detail.1688.com/offer/652529152637.html
鄱阳县能冷松珠宝店;https://shop36203f1006856.1688.com;https://detail.1688.com/offer/651732179818.html
义乌市灵萱饰品有限公司;https://shop853026c256158.1688.com;https://detail.1688.com/offer/655480743859.html
东阳市白云一铭饰品厂;https://shop6634h06548615.1688.com;https://detail.1688.com/offer/651006304472.html
吴兰仙;https://beileisi.1688.com;https://detail.1688.com/offer/584791849664.html
东阳市钻宇饰品有限公司;https://zuanyu.1688.com;https://detail.1688.com/offer/611282443650.html
义乌市争尚电子商务商行;https://shop0603018764ap9.1688.com;https://detail.1688.com/offer/633708545783.html
义乌市本派电子商务有限公司;https://shop57991754u5222.1688.com;https://detail.1688.com/offer/611146259674.html
义乌市夕六电子商务商行;https://shop522435u1k4w12.1688.com;https://detail.1688.com/offer/652298633402.html
义乌市心喜贸易有限公司;https://yiwuxinxi.1688.com;https://detail.1688.com/offer/650036668167.html
东阳市顶宏饰品厂;https://shop9h5k7127533h9.1688.com;https://detail.1688.com/offer/591846658479.html
义乌市赞烨电子商务商行;https://shop1439398383973.1688.com;https://detail.1688.com/offer/606539800520.html
东阳雪雅饰品有限公司;https://shop5720h14353012.1688.com;https://detail.1688.com/offer/631858368985.html
义乌市和冉贸易有限公司;https://heranjewelry.1688.com;https://detail.1688.com/offer/644430224099.html
义乌市库瑞电子商务有限公司;https://kr1jpf.1688.com;https://detail.1688.com/offer/632407715710.html
义乌市沐鸿饰品有限公司;https://shop1470070177775.1688.com;https://detail.1688.com/offer/654890746090.html
义乌市馨莲饰品有限公司;https://shop75h4615029198.1688.com;https://detail.1688.com/offer/618960698560.html
上海甜芮贸易有限公司;https://shop1458147587628.1688.com;https://detail.1688.com/offer/633101947205.html
浦江县韩之尚电子商务有限公司;https://hanzhishang.1688.com;https://detail.1688.com/offer/635855041988.html
义乌市际恺饰品有限公司;https://shop179p402lg9637.1688.com;https://detail.1688.com/offer/616942573619.html
义乌市魅蝶电子商务商行;https://shop3256ll5922b21.1688.com;https://detail.1688.com/offer/608488468252.html
义乌市腾熠电子商务商行;https://tengyishangwu.1688.com;https://detail.1688.com/offer/651303550059.html
义乌市妙德电子商务商行;https://shop1354900280794.1688.com;https://detail.1688.com/offer/608385187998.html
义乌市威扬饰品有限公司;https://weiyangsp.1688.com;https://detail.1688.com/offer/615129009073.html
义乌市东驰饰品有限公司;https://shop90n95n28f3149.1688.com;https://detail.1688.com/offer/625805607777.html
柘荣县周日日用品经营部;https://shop51106a8ee4002.1688.com;https://detail.1688.com/offer/651744611982.html
义乌市欣盈饰品有限公司;https://shop220877m761286.1688.com;https://detail.1688.com/offer/633006092711.html
义乌市冷安电子商务商行;https://shop1464368243607.1688.com;https://detail.1688.com/offer/617551998467.html
余江区长洋经营部;https://shop457u9589073o0.1688.com;https://detail.1688.com/offer/654930461767.html
