浦江县韩之尚电子商务有限公司;https://hanzhishang.1688.com;https://detail.1688.com/offer/579001695893.html
义乌市韩萸饰品有限公司;https://hanyushipin.1688.com;https://detail.1688.com/offer/571828464746.html
义乌市咏歌电子商务商行;https://yongge.1688.com;https://detail.1688.com/offer/582990629899.html
义乌市哲修供应链管理有限公司;https://zhexiushipin.1688.com;https://detail.1688.com/offer/583156051336.html
义乌市烨贝饰品有限公司;https://yebeishipin.1688.com;https://detail.1688.com/offer/643577726878.html
义乌市威扬饰品有限公司;https://weiyangsp.1688.com;https://detail.1688.com/offer/581264171521.html
义乌市魅蝶电子商务商行;https://shop3256ll5922b21.1688.com;https://detail.1688.com/offer/583870065095.html
义乌市凌歌电子商务商行;https://linggeshiping.1688.com;https://detail.1688.com/offer/582990917277.html
义乌市糖恋电子商务商行;https://shop1479142358890.1688.com;https://detail.1688.com/offer/583135218723.html
义乌市高途电子商务商行;https://gaotu809088915.1688.com;https://detail.1688.com/offer/647275377325.html
义乌市欣盈饰品有限公司;https://shop220877m761286.1688.com;https://detail.1688.com/offer/629005409524.html
义乌市竣其电子商务有限公司;https://yiwujunqi.1688.com;https://detail.1688.com/offer/608677991777.html
义乌友菲电子商务有限公司;https://yumfeel1.1688.com;https://detail.1688.com/offer/561398732841.html
义乌市宣婉饰品商行;https://shop6504951h29yw5.1688.com;https://detail.1688.com/offer/614547642437.html
义乌市爵何电子商务有限公司;https://shop30j542e028778.1688.com;https://detail.1688.com/offer/654860625704.html
兰溪市聚宝电子商务商行;https://shop4l705871f38b5.1688.com;https://detail.1688.com/offer/649521329559.html
义乌市繁鼎电子商务商行;https://shop9293005878o82.1688.com;https://detail.1688.com/offer/650706787692.html
义乌亚银优品贸易有限公司;https://yayinyoupin.1688.com;https://detail.1688.com/offer/635914964052.html
义乌市颖皓饰品有限公司;https://rinhoo.1688.com;https://detail.1688.com/offer/602668386593.html
义乌市火魅电子商务商行;https://shop20r14vp395596.1688.com;https://detail.1688.com/offer/647340462584.html
义乌市辉宏饰品商行;https://shop9698360uj4d50.1688.com;https://detail.1688.com/offer/649991805043.html
义乌市印咖电子商务商行;https://shop5414616g43071.1688.com;https://detail.1688.com/offer/655085508095.html
南平市建阳区林农东松百货店;https://shop60s291b3192s5.1688.com;https://detail.1688.com/offer/654377519582.html
义乌市营咚电子商务商行;https://shop802ddp6330414.1688.com;https://detail.1688.com/offer/655792826721.html
义乌市楠博电子商务商行;https://shop1410539936050.1688.com;https://detail.1688.com/offer/44594768499.html
永定区泰悦影网店;https://shop7301dd2d62648.1688.com;https://detail.1688.com/offer/639847142162.html
湖南双牛礼品有限公司;https://doublebulls.1688.com;https://detail.1688.com/offer/610361225002.html
义乌市中耀饰品有限公司;https://zhongyaosp.1688.com;https://detail.1688.com/offer/632547799645.html
义乌亿锦饰品有限公司;https://shop4112u6808cn83.1688.com;https://detail.1688.com/offer/595534738354.html
三明市三元区顺依服装店;https://shop5235rl03l2292.1688.com;https://detail.1688.com/offer/652973462717.html
义乌市端搜电子商务有限公司;https://ywxsbpf.1688.com;https://detail.1688.com/offer/646100383865.html
浦江县韩茹电子商务商行;https://shop44585e925v9e6.1688.com;https://detail.1688.com/offer/642871101100.html
义乌市曼旺饰品商行;https://shop31ga0822y4869.1688.com;https://detail.1688.com/offer/617671185609.html
义乌市创爵电子商务有限公司;https://chuangjue13.1688.com;https://detail.1688.com/offer/575021216270.html
长沙市天心区福翰百货经营部;https://shop1q400n2135839.1688.com;https://detail.1688.com/offer/654756893693.html
广州正绢服装厂;https://shop970py3i646029.1688.com;https://detail.1688.com/offer/655115525909.html
安义县旭凡贸易商行;https://shop08e14b057l551.1688.com;https://detail.1688.com/offer/655880723984.html
云霄县力朋日用品商行;https://shop42791ra920729.1688.com;https://detail.1688.com/offer/652970148498.html
新余市定胜商贸有限公司;https://shop5k4771d84k944.1688.com;https://detail.1688.com/offer/652746083067.html
深圳市星慧源广告有限公司;https://shop4480d49s85890.1688.com;https://detail.1688.com/offer/654282572298.html
郑州市管城回族区凌晴百货商行;https://shop1227176pw9926.1688.com;https://detail.1688.com/offer/644201384407.html
佛山市南海区伟歆西百货商行;https://shop5518662531908.1688.com;https://detail.1688.com/offer/642288756455.html
长沙市岳麓区小尘百货商店;https://shop20573k96203k9.1688.com;https://detail.1688.com/offer/651942375803.html
义乌市简拉电子商务有限公司;https://jianlajewelry.1688.com;https://detail.1688.com/offer/582401620740.html
佛山市南海区精宝基日用百货商行;https://shop7010r29659092.1688.com;https://detail.1688.com/offer/650645467000.html
龙港市李术百货商行;https://shop084q63766vn72.1688.com;https://detail.1688.com/offer/655716831594.html
广州市黄埔区结小宝百货店;https://shop45357643e7504.1688.com;https://detail.1688.com/offer/653460074968.html
漳州开发区插份欠饰品店;https://shop641r413p2u276.1688.com;https://detail.1688.com/offer/654483283831.html
漳州开发区颊唯孛五金店;https://shop5408271a37265.1688.com;https://detail.1688.com/offer/653290200446.html
广州华桂园商贸店;https://shop9b4828i208w31.1688.com;https://detail.1688.com/offer/643121037501.html
义乌市牛犇进出口有限公司;https://niuben.1688.com;https://detail.1688.com/offer/634637165213.html
义乌市乐钰饰品厂;https://kdsby.1688.com;https://detail.1688.com/offer/603396115280.html
南平市建阳区彬星百货商行;https://shop00t8533309h24.1688.com;https://detail.1688.com/offer/656009954507.html
义乌市冈麦电子商务有限公司;https://shop1398790709926.1688.com;https://detail.1688.com/offer/580899639584.html
义乌市邓会君电子商务商行;https://ywxilang.1688.com;https://detail.1688.com/offer/596570754000.html
义乌市润俏饰品厂;https://shop1430153394269.1688.com;https://detail.1688.com/offer/617911554387.html
义乌市芊稠电子商务商行;https://shop1466615000799.1688.com;https://detail.1688.com/offer/556964744732.html
义乌市淋顿饰品有限公司;https://shop4135z73526w05.1688.com;https://detail.1688.com/offer/581024045872.html
义乌市诗淘工艺品有限公司;https://shop1436375019754.1688.com;https://detail.1688.com/offer/543324690552.html
云霄县贯萧服装商行;https://shop785745198v161.1688.com;https://detail.1688.com/offer/655092953363.html
东阳市佳祥供应链管理有限公司;https://shop1475254119242.1688.com;https://detail.1688.com/offer/545175902876.html
义乌市双庆贸易有限公司;https://shop91h632610z927.1688.com;https://detail.1688.com/offer/652793826572.html
义乌市首黛饰品厂;https://shop1423673106819.1688.com;https://detail.1688.com/offer/645448461179.html
南靖县源佳百货店;https://shop2145b12957364.1688.com;https://detail.1688.com/offer/654300931435.html
万载县可籽满百货店;https://shop3278f8e181x10.1688.com;https://detail.1688.com/offer/653959280550.html
漳州开发区康逸楼百货店;https://shop432b0475b3998.1688.com;https://detail.1688.com/offer/655763422759.html
义乌市濡意电子商务商行;https://shop81570t9c838u7.1688.com;https://detail.1688.com/offer/655527357588.html
义乌市千姿饰品有限公司;https://qianzic.1688.com;https://detail.1688.com/offer/567766709452.html
义乌希朗饰品有限公司;https://shop9940d23926z64.1688.com;https://detail.1688.com/offer/639807218695.html
义乌市思岐百货商行;https://shop639i88c696f33.1688.com;https://detail.1688.com/offer/653970075764.html
义乌市翱翔网络科技有限公司;https://shop3111o7832j397.1688.com;https://detail.1688.com/offer/647643979664.html
义乌市随变饰品有限公司;https://shop1461257355826.1688.com;https://detail.1688.com/offer/613520046869.html
深圳宏日升电子商务有限公司;https://shop1719987m93280.1688.com;https://detail.1688.com/offer/653153869628.html
深圳市晴念科技有限公司;https://shop7803011m42710.1688.com;https://detail.1688.com/offer/654106966526.html
义乌云罗电子商务有限公司;https://yunluo1.1688.com;https://detail.1688.com/offer/613299920837.html
义乌市馨懿饰品有限公司;https://huiyaosujiao.1688.com;https://detail.1688.com/offer/582853218768.html
义乌市晶安饰品有限公司;https://shop0675717596e86.1688.com;https://detail.1688.com/offer/625662855846.html
义乌市兴为饰品厂;https://shop8n1h547101358.1688.com;https://detail.1688.com/offer/595041057864.html
巢湖市万禾商行;https://shop3y841x2082262.1688.com;https://detail.1688.com/offer/654052320288.html
福州市台江区尚姿工艺品店;https://shop536c811873613.1688.com;https://detail.1688.com/offer/654739291891.html
深圳市熙云朵朵贸易有限公司;https://shop4q03914a932d5.1688.com;https://detail.1688.com/offer/654512279740.html
新罗区宇拓百货店;https://shop449c7s758k957.1688.com;https://detail.1688.com/offer/655235533360.html
义乌市蒂蒽电子商务商行;https://fashiondina.1688.com;https://detail.1688.com/offer/651100142729.html
义乌市娇滴滴饰品有限公司;https://jiaodidishipin.1688.com;https://detail.1688.com/offer/628645387471.html
广州瑞湖贸易商行;https://shop38703821887q6.1688.com;https://detail.1688.com/offer/651757193298.html
广州曼辰诺贸易商行;https://shop2096t27297c59.1688.com;https://detail.1688.com/offer/645624230390.html
袁州区渐离网络工作室;https://shop98l9184874t59.1688.com;https://detail.1688.com/offer/656412255252.html
鄱阳县曲鹏服装店;https://shop027t10b324120.1688.com;https://detail.1688.com/offer/656062282586.html
义乌市腾义饰品有限公司;https://tengyishipin.1688.com;https://detail.1688.com/offer/653320365843.html
义乌市古朵饰品有限公司;https://shop1450716773702.1688.com;https://detail.1688.com/offer/582804839512.html
玉林市玉州区海庆日用品店;https://shop3b30601842x01.1688.com;https://detail.1688.com/offer/650545774225.html
义乌市桐享电子商务商行;https://shop0583154786o19.1688.com;https://detail.1688.com/offer/646100082008.html
义乌市宝林工艺品商行;https://llszpj.1688.com;https://detail.1688.com/offer/571855295214.html
义乌市腾层电子商务有限公司;https://tengceng.1688.com;https://detail.1688.com/offer/640374874791.html
南靖县博科食品商行;https://shop8338201165e55.1688.com;https://detail.1688.com/offer/645224756563.html
五华县横陂镇伟何商贸部;https://shop869122605m213.1688.com;https://detail.1688.com/offer/650738300505.html
浦江县皓越锁业有限公司;https://asswtb.1688.com;https://detail.1688.com/offer/607032972322.html
卓悦美薇科技（深圳）有限公司;https://shop87311659916j3.1688.com;https://detail.1688.com/offer/640133487467.html
舞阳县蔻带百货店;https://shop677z0362171t8.1688.com;https://detail.1688.com/offer/652049353957.html
义乌市丽萌饰品有限公司;https://yiwulimeng.1688.com;https://detail.1688.com/offer/653912130084.html
义乌市奈宏电子商务商行;https://shop7f161796ko569.1688.com;https://detail.1688.com/offer/649306817669.html
义乌市和朔饰品有限公司;https://shop1375980925503.1688.com;https://detail.1688.com/offer/593534729566.html
义乌市铭嘟电子商务有限公司;https://lihebosp.1688.com;https://detail.1688.com/offer/581137006973.html
义乌市思成工艺品商行;https://ywps2.1688.com;https://detail.1688.com/offer/545995180662.html
义乌市咖彤贸易有限公司;https://ktshipin.1688.com;https://detail.1688.com/offer/530312079488.html
义乌市颖舞电子商务有限公司;https://shop711o4701t1583.1688.com;https://detail.1688.com/offer/609498052083.html
义乌市久亨饰品有限公司;https://ywphspc.1688.com;https://detail.1688.com/offer/570563159239.html
