台州市腾视贸易有限公司;https://tengshiyj.1688.com;https://detail.1688.com/offer/645025061456.html
临海市普琳丝眼镜有限公司;https://plinth.1688.com;https://detail.1688.com/offer/579563700270.html
临海市致恒贸易有限公司;https://lhzhmy.1688.com;https://detail.1688.com/offer/543626125008.html
临海市珂盾眼镜有限公司;https://curtainyj.1688.com;https://detail.1688.com/offer/563571091479.html
义乌市佰銮电子商务有限公司;https://blglasses.1688.com;https://detail.1688.com/offer/637143607163.html
台州市巴克利眼镜有限公司;https://bakeliyj.1688.com;https://detail.1688.com/offer/599624017700.html
台州凯然眼镜有限公司;https://kairanglassess.1688.com;https://detail.1688.com/offer/553835821610.html
义乌市鑫怡贸易有限公司;https://shop738119903o061.1688.com;https://detail.1688.com/offer/635607118205.html
台州市椒江铭达眼镜厂;https://shop14249q010b501.1688.com;https://detail.1688.com/offer/653304334153.html
临海市锦翔贸易商行;https://jx688688.1688.com;https://detail.1688.com/offer/603505407504.html
临海市登士高眼镜厂;https://shop8x4024628l9e7.1688.com;https://detail.1688.com/offer/636185897067.html
台州市杜驰眼镜有限公司;https://shop1432573174867.1688.com;https://detail.1688.com/offer/649604017138.html
台州捷创眼镜科技有限公司;https://shop0296069798v50.1688.com;https://detail.1688.com/offer/637043666707.html
台州市唯伊眼镜有限公司;https://shop488980ncf2445.1688.com;https://detail.1688.com/offer/651345483142.html
台州市卓唯眼镜有限公司;https://zowiesunglasses.1688.com;https://detail.1688.com/offer/631557142547.html
临海市李安平眼镜商行;https://shop1386089778905.1688.com;https://detail.1688.com/offer/586556584531.html
临海市奕飞眼镜厂;https://shop71064d33q06q7.1688.com;https://detail.1688.com/offer/565431738440.html
临海市怡悦眼镜有限公司;https://shop1488184831327.1688.com;https://detail.1688.com/offer/548287510098.html
临海市闲云眼镜有限公司;https://shop774681oo64857.1688.com;https://detail.1688.com/offer/565109250888.html
临海市漫格眼镜商行;https://shop2993276240e62.1688.com;https://detail.1688.com/offer/641537611427.html
台州市黄岩广汇日用品商行;https://shop394965825k699.1688.com;https://detail.1688.com/offer/645257539550.html
义乌市高代电子商务商行;https://gk1886.1688.com;https://detail.1688.com/offer/643124283314.html
台州市银进眼镜有限公司;https://yjglasses.1688.com;https://detail.1688.com/offer/601071993936.html
义乌市森态眼镜有限公司;https://sentaiwooden.1688.com;https://detail.1688.com/offer/600091083451.html
临海市诺诺眼镜商行;https://lhnuonuo.1688.com;https://detail.1688.com/offer/595962188514.html
台州领尚眼镜有限公司;https://lingshangglasses.1688.com;https://detail.1688.com/offer/536927250027.html
义乌市辉胜饰品有限公司;https://shop4224l17j65n77.1688.com;https://detail.1688.com/offer/641641497881.html
义乌市霸正电子商务有限公司;https://bazhengshangmao.1688.com;https://detail.1688.com/offer/567646510796.html
台州卡逸眼镜有限公司;https://kayieyewear.1688.com;https://detail.1688.com/offer/629323494442.html
科瑞斯(广州)信息科技有限公司;https://yisoda.1688.com;https://detail.1688.com/offer/649896290852.html
厦门市同安区质好造日用品店;https://shop02u1455970117.1688.com;https://detail.1688.com/offer/645682524906.html
台州市超梦眼镜有限公司;https://shop1464869684407.1688.com;https://detail.1688.com/offer/594261595590.html
临海市创科眼镜有限公司;https://chuangkeglassess.1688.com;https://detail.1688.com/offer/610967619912.html
临海市锦丘眼镜厂;https://shop37228105103y5.1688.com;https://detail.1688.com/offer/641015128583.html
临海市王以满眼镜有限公司;https://shop3f32111l19831.1688.com;https://detail.1688.com/offer/609727844420.html
义乌筑京电子商务商行;https://shop2498h775o9929.1688.com;https://detail.1688.com/offer/640193604630.html
鄱阳县禹卿城百货店;https://shop906156fa53205.1688.com;https://detail.1688.com/offer/654757123582.html
义乌市诸戎电子商务商行;https://shop14c445550n671.1688.com;https://detail.1688.com/offer/653646467386.html
临海市昊尔贸易商行;https://shop2157162745619.1688.com;https://detail.1688.com/offer/649699332674.html
铅山县易万饰品厂;https://shop20a496894w794.1688.com;https://detail.1688.com/offer/641560669082.html
义乌市颖朔电子商务商行;https://shop8i0m250041a00.1688.com;https://detail.1688.com/offer/642039875498.html
临海市鼎峰眼镜配件厂;https://tzdfyj.1688.com;https://detail.1688.com/offer/597446142259.html
台州市孔明眼镜有限公司;https://shop520l25817y584.1688.com;https://detail.1688.com/offer/633357185578.html
广信区易妆饰品商行;https://shop209057502v358.1688.com;https://detail.1688.com/offer/646230226449.html
临海市嘉汇贸易有限公司;https://jiahuimaoyi.1688.com;https://detail.1688.com/offer/45418520189.html
义乌市富到电子商务商行;https://shop4393886b82d22.1688.com;https://detail.1688.com/offer/655519903279.html
台州市缔一眼镜科技有限公司;https://shop227777k82si99.1688.com;https://detail.1688.com/offer/655750694417.html
义乌钦芹贸易商行;https://shop21300pbj32428.1688.com;https://detail.1688.com/offer/654798149731.html
台州市万里眼镜有限公司;https://shop1457024712131.1688.com;https://detail.1688.com/offer/562703377413.html
温州国昇贸易有限公司;https://shop1b9l5p5554327.1688.com;https://detail.1688.com/offer/640684577744.html
温州市成业眼镜有限公司;https://cyoptical.1688.com;https://detail.1688.com/offer/641768528290.html
台州市椒江吗哪眼镜厂;https://shop876476307.1688.com;https://detail.1688.com/offer/526077113339.html
临海市米格眼镜商行;https://shop1467563858915.1688.com;https://detail.1688.com/offer/563790610324.html
台州市椒江维壹眼镜厂;https://onlyglasses.1688.com;https://detail.1688.com/offer/652647240551.html
义乌市弥漫眼镜有限公司;https://ywmiman.1688.com;https://detail.1688.com/offer/625251889035.html
义乌市美拉眼镜商行;https://shop1392137664055.1688.com;https://detail.1688.com/offer/551832233705.html
永定区申炎季商行;https://shop81287b1807417.1688.com;https://detail.1688.com/offer/640035291998.html
佛山市南海区浩楠绮服装厂;https://shop978615861f8f0.1688.com;https://detail.1688.com/offer/642954488310.html
佛山市南海区谷莱妮服饰厂;https://shop028r223792195.1688.com;https://detail.1688.com/offer/644385833054.html
佛山市南海区哲卡达服饰厂;https://shop5l75281946229.1688.com;https://detail.1688.com/offer/645088459144.html
博爱县菜叶日用百货网店;https://shop29o9n646p4965.1688.com;https://detail.1688.com/offer/650864458188.html
台州市旭承眼镜有限公司;https://shop081l221045081.1688.com;https://detail.1688.com/offer/651182855854.html
杭州婵菲科技有限公司;https://miudis.1688.com;https://detail.1688.com/offer/619698127744.html
台州市致家眼镜有限公司;https://shop603904c9v8221.1688.com;https://detail.1688.com/offer/652445467753.html
佛山市南海区丹灶宸祥五金交电商行;https://shop8b03v069e6692.1688.com;https://detail.1688.com/offer/640049399493.html
深圳市光影元素眼镜有限公司;https://gyys1986.1688.com;https://detail.1688.com/offer/653048242715.html
义乌市鑫麦贸易有限公司;https://shop1486438568230.1688.com;https://detail.1688.com/offer/575255283161.html
温州梵科国际光学有限公司;https://shop4os353316l391.1688.com;https://detail.1688.com/offer/654487619540.html
广州市花都区花城迅奇光学眼镜厂;https://gudeyue.1688.com;https://detail.1688.com/offer/544169126686.html
义乌筠在贸易商行;https://shop452c694845c67.1688.com;https://detail.1688.com/offer/649359553631.html
临海市雷恩光学眼镜有限公司;https://linhaileien.1688.com;https://detail.1688.com/offer/567234966836.html
台州市椒江明浩眼镜有限公司;https://minghaoyj.1688.com;https://detail.1688.com/offer/620024221393.html
长沙市岳麓区小尘百货商店;https://shop20573k96203k9.1688.com;https://detail.1688.com/offer/650945135847.html
义乌康晨眼镜有限公司;https://shop1426734998302.1688.com;https://detail.1688.com/offer/574186036427.html
临海市聚盈眼镜有限公司;https://juyingyanjing.1688.com;https://detail.1688.com/offer/575885637458.html
义乌市筑栗电子商务商行;https://shop2954069343012.1688.com;https://detail.1688.com/offer/641597527122.html
临海市艾欧眼镜厂;https://shop1437151984703.1688.com;https://detail.1688.com/offer/521306558912.html
临海市梦奈尔眼镜有限公司;https://shop892m16268if02.1688.com;https://detail.1688.com/offer/606757877932.html
临海市卡米勒眼镜有限公司;https://shop1467133626436.1688.com;https://detail.1688.com/offer/534809601531.html
义乌市支浩电子商务商行;https://shop298287y7h58f5.1688.com;https://detail.1688.com/offer/653312410192.html
义乌市鸿晨眼镜商行;https://wellfuloptics.1688.com;https://detail.1688.com/offer/542593460707.html
台州市椒江都蒙眼镜厂;https://dumengyanjing.1688.com;https://detail.1688.com/offer/587461292132.html
内蒙古三色光科技有限公司;https://shop207q019877000.1688.com;https://detail.1688.com/offer/641950371398.html
台州市禾目尼眼镜有限公司;https://shop453239y276s91.1688.com;https://detail.1688.com/offer/644465778045.html
义乌市万鑫眼镜厂;https://shop1427215629870.1688.com;https://detail.1688.com/offer/613332626678.html
临海市德林眼镜厂;https://delinyj.1688.com;https://detail.1688.com/offer/588613530615.html
临海市光度眼镜有限公司;https://guangduyj.1688.com;https://detail.1688.com/offer/564147822133.html
临海市铭秀眼镜商行;https://kaliya.1688.com;https://detail.1688.com/offer/588610986906.html
广州弋冉百货商贸店;https://shop99740e9172p83.1688.com;https://detail.1688.com/offer/656191019132.html
绍兴上虞新冉百货商行;https://shop22928j747y072.1688.com;https://detail.1688.com/offer/655878250400.html
义乌市星浦电子商务商行;https://shop101806v008v41.1688.com;https://detail.1688.com/offer/643712849390.html
义乌市长冠电子商务商行;https://shop012564ptp2665.1688.com;https://detail.1688.com/offer/656332795910.html
绍兴上虞君赐百货商行;https://shop0u32719428s46.1688.com;https://detail.1688.com/offer/656049626781.html
长沙江润商贸有限公司;https://xwyfsc.1688.com;https://detail.1688.com/offer/623023869417.html
义乌市法彼电子商务商行;https://shop76459p6073498.1688.com;https://detail.1688.com/offer/655738314943.html
义乌市巩凡贸易商行;https://shop9818199215798.1688.com;https://detail.1688.com/offer/635617694830.html
台州市椒江杰特眼镜厂(普通合伙);https://xgglasses.1688.com;https://detail.1688.com/offer/561702221925.html
义乌市汇诚电子商务商行;https://shop1465993006475.1688.com;https://detail.1688.com/offer/589415270149.html
台州市黛伦眼镜有限公司;https://shop1486659601638.1688.com;https://detail.1688.com/offer/562845742357.html
台州市椒江方舟眼镜厂;https://fangzhouglasses.1688.com;https://detail.1688.com/offer/566075947737.html
台州市狂潮贸易有限公司;https://shop1477327111837.1688.com;https://detail.1688.com/offer/572612542732.html
临海市明锐眼镜商行;https://boliangglasses.1688.com;https://detail.1688.com/offer/570163896428.html
台州市椒江七彩眼镜加工厂;https://shop46170r9836880.1688.com;https://detail.1688.com/offer/650048281056.html
台州市信合眼镜股份有限公司;https://xinheglasses.1688.com;https://detail.1688.com/offer/627503311185.html
台州市凌杰眼镜有限公司;https://shop346404p8p7896.1688.com;https://detail.1688.com/offer/632915319286.html
台州市华翰眼镜有限公司;https://shop7492954y7t042.1688.com;https://detail.1688.com/offer/643520923342.html
临海市捷威眼镜有限公司;https://shop48m5613762b88.1688.com;https://detail.1688.com/offer/643973253113.html
临海市锡安眼镜厂;https://shop1474216725133.1688.com;https://detail.1688.com/offer/653443702992.html
广州斯艳商贸有限公司;https://shop5532l02236218.1688.com;https://detail.1688.com/offer/643780141982.html
临海市靖康眼镜厂;https://shop90w986e91p236.1688.com;https://detail.1688.com/offer/589525359724.html
义乌市轩宝贸易有限公司;https://shop0257g89729497.1688.com;https://detail.1688.com/offer/654004804368.html
台州市宝乐丽贸易有限公司;https://shop7z49602931du9.1688.com;https://detail.1688.com/offer/638577724712.html
临海市蒙迪眼镜商行;https://shop1583189578981.1688.com;https://detail.1688.com/offer/566442947956.html
台州市椒江卡迪眼镜厂;https://shop1487954652038.1688.com;https://detail.1688.com/offer/644160748787.html
临海市宇莎眼镜厂;https://yushayanjing.1688.com;https://detail.1688.com/offer/614069383221.html
临海市前景贸易有限公司;https://shop66402l54483a3.1688.com;https://detail.1688.com/offer/635390936018.html
广州市荔湾区颖汝网络科技有限公司;https://shop5446t12627488.1688.com;https://detail.1688.com/offer/639792684329.html
临海市天富眼镜厂;https://shop1427907201661.1688.com;https://detail.1688.com/offer/563051254917.html
临海市凡卡罗眼镜商行;https://15325586593.1688.com;https://detail.1688.com/offer/582299351540.html
义乌市寒晗电子商务商行;https://shop769l3r1724305.1688.com;https://detail.1688.com/offer/652021154056.html
五华县岐岭镇倩玉加工厂;https://shop54365efn24846.1688.com;https://detail.1688.com/offer/652905723212.html
台州逆袭商贸有限公司;https://sunglass1688.1688.com;https://detail.1688.com/offer/572028862926.html
宁乡俄远服装店;https://dwfzc99.1688.com;https://detail.1688.com/offer/603527447683.html
临海市升腾眼镜有限公司;https://stmyjl.1688.com;https://detail.1688.com/offer/588909966804.html
广州市越秀区加闵贸易商行;https://shop7zb4k09017292.1688.com;https://detail.1688.com/offer/652481487093.html
临海市新锐眼镜有限公司;https://shop34r47109e3e06.1688.com;https://detail.1688.com/offer/641824973554.html
台州市梵听眼镜有限公司;https://shop600k244052689.1688.com;https://detail.1688.com/offer/645334121588.html
台州市亚凯光学眼镜有限公司;https://shop1437670444263.1688.com;https://detail.1688.com/offer/645372556555.html
临海市禾利眼镜厂;https://shop99612m98z8785.1688.com;https://detail.1688.com/offer/654581969562.html
义乌市圣锦日用品有限公司;https://shop1409935276977.1688.com;https://detail.1688.com/offer/569607718839.html
台州市椒江冰洁眼镜厂;https://shop1488925606529.1688.com;https://detail.1688.com/offer/561606010378.html
浙江铂瑞实业有限公司;https://shop5qf0495955606.1688.com;https://detail.1688.com/offer/605313242808.html
义乌市渡集电子商务商行;https://shop4566n364wn506.1688.com;https://detail.1688.com/offer/652167187968.html
台州市椒江梦朗眼镜厂;https://shop1415724136827.1688.com;https://detail.1688.com/offer/561719543804.html
临海市宝奥眼镜有限公司;https://shop1438016179520.1688.com;https://detail.1688.com/offer/569043516061.html
义乌市沙白电子商务商行;https://shop5i5807496l7n5.1688.com;https://detail.1688.com/offer/651209034596.html
南平市建阳区超级特伟强百货店;https://shop6g9e877348759.1688.com;https://detail.1688.com/offer/642155145077.html
丰泽区迅凝百货商行;https://shop3k3x073924i15.1688.com;https://detail.1688.com/offer/652639335775.html
永定区绥赤睿网店;https://shop37183y9e21561.1688.com;https://detail.1688.com/offer/635934669173.html
台州庄里洋贸易有限公司;https://shop04l61593407j5.1688.com;https://detail.1688.com/offer/654884229764.html
义乌市梳云饰品有限公司;https://shop2f922888d8224.1688.com;https://detail.1688.com/offer/654705683127.html
深圳市南山区心玥汽车用品店;https://shop76392587j0988.1688.com;https://detail.1688.com/offer/639857279117.html
姑苏区慕柠服饰商行;https://shop31q79g76583y2.1688.com;https://detail.1688.com/offer/648155610059.html
义乌市踏步贸易有限公司;https://tbscarf.1688.com;https://detail.1688.com/offer/651731241593.html
义乌市豫宇贸易商行;https://shop51945gg18x539.1688.com;https://detail.1688.com/offer/642172761103.html
义乌市艾琪饰品有限公司;https://shop1427993513233.1688.com;https://detail.1688.com/offer/614001907850.html
义乌市桎恩电子商务商行;https://shop359o4z52041f4.1688.com;https://detail.1688.com/offer/632536997279.html
深圳市冰景动漫玩具有限公司;https://shop8260941p55963.1688.com;https://detail.1688.com/offer/621110514180.html
西湖区蓝胖子汽车用品商行;https://lanpangzitoy.1688.com;https://detail.1688.com/offer/616580885817.html
灌云县曼妙尤黎服装厂;https://shop0xip325484000.1688.com;https://detail.1688.com/offer/643482995419.html
临海市丽莎眼镜厂;https://lishasunglasses.1688.com;https://detail.1688.com/offer/42787442169.html
义乌市默笙饰品厂;https://fanshenggongyi.1688.com;https://detail.1688.com/offer/573806094449.html
义乌市南欢电子商务商行;https://shop1404406743976.1688.com;https://detail.1688.com/offer/599025405296.html
龙港市淡雅电子商务商行;https://shop36177b11492o3.1688.com;https://detail.1688.com/offer/654658290643.html
新沂市延之伟服装店;https://shop3e4g3rq003376.1688.com;https://detail.1688.com/offer/652549151579.html
佛山市禅城区锦途服装厂;https://shop6c43t43972949.1688.com;https://detail.1688.com/offer/654425804491.html
建德市下涯镇蕃豆贸易商行;https://shop4544419750v06.1688.com;https://detail.1688.com/offer/654232175419.html
佛山市南海区成岚安家具厂;https://shop694uz978u1403.1688.com;https://detail.1688.com/offer/641408809464.html
深圳市宝安区沙井利丰宝石首饰厂;https://lfjewellery.1688.com;https://detail.1688.com/offer/565810684177.html
鑫浪号（广州）电子商务商行;https://shop0291996291mq8.1688.com;https://detail.1688.com/offer/651168897320.html
佛山市悦铠电子商务有限公司;https://shop806r035953d36.1688.com;https://detail.1688.com/offer/655801966761.html
东莞市渼林塑胶制品有限公司;https://shop5153d11160814.1688.com;https://detail.1688.com/offer/649001096496.html
广州市新盈贸易有限公司;https://shop1963372r81463.1688.com;https://detail.1688.com/offer/647513252984.html
连城县绿洲百货店;https://shop03279381im305.1688.com;https://detail.1688.com/offer/654882952056.html
义乌市蒽柠电子商务商行;https://shop8004q508d6o08.1688.com;https://detail.1688.com/offer/650207534080.html
义乌市欧克户外用品有限公司;https://shop1468601532239.1688.com;https://detail.1688.com/offer/654186344081.html
义乌市海杉电子商务商行;https://shop42p89p9l78120.1688.com;https://detail.1688.com/offer/620249169494.html
高新区枫桥宏好来百货商行;https://shop8784817a1ii29.1688.com;https://detail.1688.com/offer/651928541981.html
荔城区镇海陈魁百货经营部;https://shop3e32w76335458.1688.com;https://detail.1688.com/offer/649953830873.html
义乌市宏霞日用百货商行;https://shop844611315i951.1688.com;https://detail.1688.com/offer/654076773508.html
义乌市湘捺电子商务商行;https://shop93991424c6965.1688.com;https://detail.1688.com/offer/655651002976.html
长沙市天心区常畅百货商行;https://shop67370530545j3.1688.com;https://detail.1688.com/offer/652071615211.html
义乌卡文工艺品有限公司;https://shop491000g023gk8.1688.com;https://detail.1688.com/offer/646445867246.html
金华市暖朵工艺品有限公司;https://nuanduo.1688.com;https://detail.1688.com/offer/552560855557.html
临海市嘉万眼镜有限公司;https://shop22742m192sm57.1688.com;https://detail.1688.com/offer/654405429425.html
东莞市虎门聚美玩具加工厂（普通合伙）;https://jumeiwanju.1688.com;https://detail.1688.com/offer/614739016695.html
汕头市罗维玩具有限公司;https://luowei.1688.com;https://detail.1688.com/offer/617057074557.html
山东艾沃电子商务有限公司;https://shop78r0468430w14.1688.com;https://detail.1688.com/offer/602687946854.html
宁波鼎哲电子商务有限公司;https://dingzhe.1688.com;https://detail.1688.com/offer/535594045026.html
义乌市尚捷饰品有限公司;https://shop11759725e5h10.1688.com;https://detail.1688.com/offer/575086640092.html
义乌市慕名电子商务商行;https://muming1688.1688.com;https://detail.1688.com/offer/653572684310.html
平阳超丰工艺品厂;https://shop1459184964421.1688.com;https://detail.1688.com/offer/599327522750.html
台州市雷盛眼镜有限公司;https://shop3jz2775509257.1688.com;https://detail.1688.com/offer/655981579583.html
邗江区兔宝宝玩具商行;https://shop1417797774944.1688.com;https://detail.1688.com/offer/597073639583.html
义乌市吕森电子商务商行;https://shop1431449441854.1688.com;https://detail.1688.com/offer/614179788318.html
温岭市紫伊鞋帽厂;https://zyxmc168.1688.com;https://detail.1688.com/offer/651296885553.html
广州市越秀区右书服饰商行;https://shop4490w74040896.1688.com;https://detail.1688.com/offer/617814313125.html
睢宁县财和服装厂;https://shop3n250009n67k7.1688.com;https://detail.1688.com/offer/653047429762.html
义乌市光野眼镜商行;https://shop82x35698no663.1688.com;https://detail.1688.com/offer/640890058471.html
深圳市福田区万盛达电子数码批发商行;https://shop1487436680717.1688.com;https://detail.1688.com/offer/594665064659.html
高新区枫桥富罗深百货商行;https://shop335k825i72h46.1688.com;https://detail.1688.com/offer/653170580723.html
广州市花都区狮岭飞马百货商行;https://shop2193j82122700.1688.com;https://detail.1688.com/offer/652665000119.html
临海市靓莎眼镜有限公司;https://shop861uw988051f2.1688.com;https://detail.1688.com/offer/653443666172.html
深圳市中盈数码科技有限公司;https://zhongying888999.1688.com;https://detail.1688.com/offer/632169087865.html
高新技术产业开发区旭贾物资经销处;https://shop10t76518c8785.1688.com;https://detail.1688.com/offer/655545594111.html
温州市鹿城区倩宸贸易商行;https://shop7692801k38101.1688.com;https://detail.1688.com/offer/650357840434.html
温州市鹿城区杉楠百货商行;https://shop8279bt13485t3.1688.com;https://detail.1688.com/offer/649879761380.html
佛山市大腕橡塑制品有限公司;https://dawanxs.1688.com;https://detail.1688.com/offer/561194672670.html
南平市建阳区宋俊杰百货店;https://shop5920c49059911.1688.com;https://detail.1688.com/offer/652864114454.html
上海佳福玻璃器皿有限公司;https://shjiafuglass.1688.com;https://detail.1688.com/offer/623387511835.html
义乌市云髻电子商务商行;https://shop18124546d7de5.1688.com;https://detail.1688.com/offer/655713567606.html
义乌市一夕光子饰品有限公司;https://shop852595z534662.1688.com;https://detail.1688.com/offer/616876950678.html
临海市维尼伯克贸易有限公司;https://15857698832.1688.com;https://detail.1688.com/offer/618222852799.html
灌云县萱媚儿服装厂;https://shop005210495d521.1688.com;https://detail.1688.com/offer/616027936684.html
徐州宾康商贸有限公司;https://xuzhoubksm.1688.com;https://detail.1688.com/offer/635303878642.html
义乌市古渡服饰有限公司;https://shuangxianglei.1688.com;https://detail.1688.com/offer/645359658923.html
广州市越秀区首篷贸易商行;https://shop725597n5o4165.1688.com;https://detail.1688.com/offer/645172934100.html
佛山市恺拓电子商务有限公司;https://shop3826292fr3a57.1688.com;https://detail.1688.com/offer/618972502412.html
义乌小书饰品有限公司;https://linglanshougong.1688.com;https://detail.1688.com/offer/652665528845.html
苏州俏佳人丝绸有限公司;https://qiaojiarensz.1688.com;https://detail.1688.com/offer/655284341789.html
吴中区木渎恋缘婚纱经营部;https://qq2024639343.1688.com;https://detail.1688.com/offer/533954852221.html
义乌市夏宋电子商务商行;https://shop2456576ml3m45.1688.com;https://detail.1688.com/offer/652272583289.html
义乌市桃桃饰品有限公司;https://shop263311980zi15.1688.com;https://detail.1688.com/offer/651900058687.html
义乌市泉燃电子商务商行;https://shop1395507141038.1688.com;https://detail.1688.com/offer/653057973694.html
义乌市荳堡饰品有限公司;https://doubao.1688.com;https://detail.1688.com/offer/642909979154.html
义乌市宝然电子商务商行;https://shop1487610256258.1688.com;https://detail.1688.com/offer/641959033243.html
义乌市鸿航贸易有限公司;https://shop26488hy585122.1688.com;https://detail.1688.com/offer/645677311284.html
新沂市华之毅服装经营部;https://shop040ki1n763983.1688.com;https://detail.1688.com/offer/649247968472.html
杭州涵昊供应链管理有限公司;https://hzhanhao.1688.com;https://detail.1688.com/offer/581154446548.html
台州市志昌眼镜有限公司;https://shop88l9u89902923.1688.com;https://detail.1688.com/offer/630100592586.html
义乌市旭特电子商务商行;https://shop866784415u882.1688.com;https://detail.1688.com/offer/655935731402.html
宽城区强明商贸行;https://shop685v2v7670506.1688.com;https://detail.1688.com/offer/654807596616.html
义乌市科祥电子商务有限公司;https://shop2u905o40261s6.1688.com;https://detail.1688.com/offer/641266350672.html
义乌市智创工艺品商行;https://ywszc88.1688.com;https://detail.1688.com/offer/41707700239.html
佛山市老饰狼饰品厂;https://cnfslsl.1688.com;https://detail.1688.com/offer/595724238939.html
义乌市小漫人饰品有限公司;https://shop51g11490jz406.1688.com;https://detail.1688.com/offer/647664051837.html
深圳市柒城珠宝首饰有限公司;https://shop6618e96883621.1688.com;https://detail.1688.com/offer/625338644445.html
义乌市鼎圣日用品有限公司;https://shop48p5953553186.1688.com;https://detail.1688.com/offer/557204687482.html
荔城区镇海黄丽娟纺织品商行;https://shop6158oc209c662.1688.com;https://detail.1688.com/offer/646595472598.html
宁波市鄞州鼎正电子商务有限公司;https://shop1457844244982.1688.com;https://detail.1688.com/offer/650242922978.html
义乌市晟达电子商务商行;https://shop61e4608e20896.1688.com;https://detail.1688.com/offer/604622300456.html
新沂市修之杜服装店;https://shop493p015p55590.1688.com;https://detail.1688.com/offer/655182764742.html
广州鲁庆怡贸易有限公司;https://shop8775779j5a376.1688.com;https://detail.1688.com/offer/653813419782.html
长沙市岳麓区妍梦百货商店;https://shop8700uv4205735.1688.com;https://detail.1688.com/offer/651357338189.html
义乌市宇袖电子商务商行;https://shop421785010u686.1688.com;https://detail.1688.com/offer/654110229475.html
义乌市建勋电子商务有限公司;https://shop1495731308901.1688.com;https://detail.1688.com/offer/646916772536.html
深圳市龙华新区佳致贸易商行;https://shop17t5857j7f721.1688.com;https://detail.1688.com/offer/635480929263.html
义乌市晚意家居用品厂;https://shop69l672451xx16.1688.com;https://detail.1688.com/offer/650080503632.html
义乌市曹辉饰品有限公司;https://ywaiqika.1688.com;https://detail.1688.com/offer/626232221174.html
深圳市宝安区佰衣丽服饰厂;https://shop439215h962a68.1688.com;https://detail.1688.com/offer/653152901292.html
深圳市致尚联科技有限公司;https://manytel1.1688.com;https://detail.1688.com/offer/642139945647.html
义乌市腾亿电子商务有限公司;https://tengyicompany.1688.com;https://detail.1688.com/offer/594285068492.html
义乌市晴眸工艺品有限公司;https://shop377k2187465f0.1688.com;https://detail.1688.com/offer/649862967191.html
义乌市慵懒文化创意有限公司;https://shop026714pl09033.1688.com;https://detail.1688.com/offer/634469590512.html
义乌市米小鹿饰品有限公司;https://mixiaolu123.1688.com;https://detail.1688.com/offer/631455269623.html
广州源创贸易有限公司;https://shop908o992799qo6.1688.com;https://detail.1688.com/offer/643773844015.html
平阳县小乐洋塑料制品加工厂;https://shop1446137327668.1688.com;https://detail.1688.com/offer/528288334659.html
义乌市晓笑电子商务有限公司;https://shop161f3v5701195.1688.com;https://detail.1688.com/offer/623745986888.html
义乌市缕念电子商务有限公司;https://shop1457715668973.1688.com;https://detail.1688.com/offer/650142455269.html
义乌市普春服饰有限公司;https://mouchengjun.1688.com;https://detail.1688.com/offer/648593383439.html
长沙市岳麓区强玉百货商店;https://shop9n54572t5q830.1688.com;https://detail.1688.com/offer/649291354872.html
上饶市菲比贸易有限公司;https://shop020rl7581s787.1688.com;https://detail.1688.com/offer/621385681498.html
广州洋城服饰商行;https://shop5ad632t909281.1688.com;https://detail.1688.com/offer/647213417196.html
义乌市吕硕电子商务商行;https://shop1432288525433.1688.com;https://detail.1688.com/offer/45659002636.html
上海拙易商贸有限公司;https://shop1482026301450.1688.com;https://detail.1688.com/offer/574847538067.html
衡水市品乐电子商务有限公司;https://shop44u1692h90x06.1688.com;https://detail.1688.com/offer/654177915943.html
义乌市之桃针织品厂;https://zhitaoweijin.1688.com;https://detail.1688.com/offer/648378370204.html
常熟市莫城街道乐熙柠日用品商行;https://shop757ut02408441.1688.com;https://detail.1688.com/offer/652600911010.html
义乌市妙诺围巾厂;https://shop1488041033604.1688.com;https://detail.1688.com/offer/645811659925.html
邗江区软绵绵毛绒玩具商行;https://888rmm.1688.com;https://detail.1688.com/offer/608229436558.html
盐城麦达信息科技有限公司;https://ycmdkj.1688.com;https://detail.1688.com/offer/613177191104.html
广州越秀区欣倪商贸有限公司;https://shop899d3685d3801.1688.com;https://detail.1688.com/offer/651974820994.html
中山市乙川贸易商行;https://shop82zw93w590175.1688.com;https://detail.1688.com/offer/640673909760.html
邗江区隆中盛玩具商行;https://shop1468343243887.1688.com;https://detail.1688.com/offer/608055709277.html
义乌市南妮电子商务商行;https://shop506il2824i168.1688.com;https://detail.1688.com/offer/638141969006.html
左岸区块链（深圳）有限公司;https://shop7344z610967s7.1688.com;https://detail.1688.com/offer/629555351544.html
莆田市秀屿区东庄东创百货店;https://shop189l997126j56.1688.com;https://detail.1688.com/offer/650152175249.html
莆田市城厢区度佳鞋服店;https://shop208729n628j72.1688.com;https://detail.1688.com/offer/649594840785.html
临海市梦露眼镜商行;https://shop419342h443404.1688.com;https://detail.1688.com/offer/652051850637.html
台州市霸途眼镜有限公司;https://shop1q8r25117m939.1688.com;https://detail.1688.com/offer/630333548746.html
广州豆森贸易有限公司;https://shop1481994199208.1688.com;https://detail.1688.com/offer/648372793460.html
广州市动力地带贸易有限公司;https://shop249427kx06568.1688.com;https://detail.1688.com/offer/648374081539.html
深圳市宝安区西乡旅季摩托配件厂;https://shop328y4333t9517.1688.com;https://detail.1688.com/offer/649094863296.html
台州市欧硕商贸有限公司;https://shop1435770292288.1688.com;https://detail.1688.com/offer/604067786149.html
深圳市天海眼镜有限公司;https://shop795940548zq18.1688.com;https://detail.1688.com/offer/646776836745.html
临海市弘康眼镜有限公司;https://shop1473439456180.1688.com;https://detail.1688.com/offer/643560864191.html
台州市临风眼镜有限公司;https://shop58haw83829028.1688.com;https://detail.1688.com/offer/625281258161.html
临海市益豪眼镜厂;https://shop783610q62x165.1688.com;https://detail.1688.com/offer/624807242862.html
临海市鹏哲眼镜厂;https://pengzheglasses.1688.com;https://detail.1688.com/offer/599615344157.html
广州市磐哲贸易有限责任公司;https://shop64344g27g6158.1688.com;https://detail.1688.com/offer/608049547103.html
嘉鱼县康晨眼镜有限公司;https://conchen.1688.com;https://detail.1688.com/offer/654765538120.html
台州市艾涛眼镜有限公司;https://shop66t2y04i02923.1688.com;https://detail.1688.com/offer/652900888297.html
台州市贝多眼镜有限公司;https://shop68n39726306p8.1688.com;https://detail.1688.com/offer/624321438518.html
临海市晟威贸易有限公司;https://shop1395161630199.1688.com;https://detail.1688.com/offer/594537635128.html
龙泉市启森竹木工艺品有限公司;https://shop27818b78t0988.1688.com;https://detail.1688.com/offer/631851636417.html
瑞安市福宝国际贸易有限公司;https://rafubao.1688.com;https://detail.1688.com/offer/645436625943.html
龙泉市嘉科竹木工艺品厂;https://shop1448527527001.1688.com;https://detail.1688.com/offer/581408305039.html
龙泉市森乾竹木工艺品厂;https://lqsq1688.1688.com;https://detail.1688.com/offer/581401009993.html
深圳市漂仙户外用品有限公司;https://shop9j3h71f405369.1688.com;https://detail.1688.com/offer/652452339315.html
义乌市梁飞电子商务商行;https://liangfeiglasses.1688.com;https://detail.1688.com/offer/41400852955.html
临海市龙视眼镜厂;https://shop68if735846779.1688.com;https://detail.1688.com/offer/602771967632.html
临海市昱腾眼镜商行;https://ytyjsh.1688.com;https://detail.1688.com/offer/616404720590.html
义乌市喜红商贸有限公司;https://shop00d1905992o21.1688.com;https://detail.1688.com/offer/646961701428.html
义乌市臻泰日用百货商行;https://zhentai12.1688.com;https://detail.1688.com/offer/580466176138.html
台州酷亿眼镜制造有限公司;https://shop1c17w633913e6.1688.com;https://detail.1688.com/offer/655402498592.html
台州市周永君眼镜有限公司;https://shop101328357js54.1688.com;https://detail.1688.com/offer/620886811448.html
临海市嘉莉诗眼镜有限公司;https://shop35027303k89o7.1688.com;https://detail.1688.com/offer/560519614456.html
温州红运眼镜有限公司;https://shop0670a65318to0.1688.com;https://detail.1688.com/offer/637603478580.html
义乌市吾新贸易有限公司;https://wuxin66.1688.com;https://detail.1688.com/offer/638336886366.html
义乌市自叉日用品有限公司;https://shop811613dt81947.1688.com;https://detail.1688.com/offer/641680739804.html
临海市康波眼镜有限公司;https://shop1473871335524.1688.com;https://detail.1688.com/offer/640129380332.html
临沂市兰山区焊奇防护用品厂;https://lyhanqi.1688.com;https://detail.1688.com/offer/556611807441.html
佛山市南海区馨妮帆服饰厂;https://shop9666j59292932.1688.com;https://detail.1688.com/offer/643536460108.html
浙江凡道实业有限公司;https://85520111.1688.com;https://detail.1688.com/offer/616483900161.html
临海市禾鑫眼镜厂;https://shop5683y87g4yu87.1688.com;https://detail.1688.com/offer/619210181088.html
台州市荣视眼镜有限公司;https://shop8q5399js66958.1688.com;https://detail.1688.com/offer/605169219421.html
台州市希娜眼镜有限公司;https://shop57500u2z1t784.1688.com;https://detail.1688.com/offer/631816417167.html
台州市椒江囡囡电子商务商行;https://shop1ub2588101693.1688.com;https://detail.1688.com/offer/613523517009.html
台州市顺视眼镜有限公司;https://shop569730n379536.1688.com;https://detail.1688.com/offer/602410929253.html
台州市黄岩素雅眼镜商行;https://suyaglasses.1688.com;https://detail.1688.com/offer/631752007374.html
临海市德锐思眼镜商行;https://shop61771ka2083p9.1688.com;https://detail.1688.com/offer/632096142341.html
临海市伯格眼镜有限公司;https://shop7959y115021z3.1688.com;https://detail.1688.com/offer/651922391673.html
义乌市芝如眼镜有限公司;https://yiwuziruglasses.1688.com;https://detail.1688.com/offer/639642130399.html
临海市元也眼镜有限公司;https://shop7275811442302.1688.com;https://detail.1688.com/offer/650631579967.html
临海市航帆眼镜厂;https://shop8474837el0f55.1688.com;https://detail.1688.com/offer/597520154797.html
东莞市长安菁缘百货店;https://shop1v0v3732g6641.1688.com;https://detail.1688.com/offer/655011727638.html
台州市非常上镜商贸有限公司;https://bmllbao.1688.com;https://detail.1688.com/offer/564166179288.html
台州椒江区宏欣眼镜厂;https://shop417528t767e99.1688.com;https://detail.1688.com/offer/641057558505.html
温州市古睁电子商务有限公司;https://shop43k6037908b14.1688.com;https://detail.1688.com/offer/598003149715.html
台州市凯宗眼镜有限公司;https://shop457t715488498.1688.com;https://detail.1688.com/offer/578698649220.html
龙泉市恒盛竹木工艺品厂;https://shop9764613gt8f82.1688.com;https://detail.1688.com/offer/645521522848.html
台州市南北眼镜有限公司;https://shop44l8n32x24131.1688.com;https://detail.1688.com/offer/643647159797.html
台州市椒江良丹眼镜厂;https://shop6236i94184xv3.1688.com;https://detail.1688.com/offer/646779212313.html
台州市椒江惠赢眼镜有限公司;https://15988951797.1688.com;https://detail.1688.com/offer/571746579456.html
临海市格特眼镜厂;https://shop1466442510138.1688.com;https://detail.1688.com/offer/613475770043.html
临海市雪狼眼镜商行;https://shop5416093233541.1688.com;https://detail.1688.com/offer/651963371337.html
临海市宝诺日用品商行;https://brerone.1688.com;https://detail.1688.com/offer/635637391692.html
临海市迪卡眼镜厂;https://15215818168.1688.com;https://detail.1688.com/offer/560612554676.html
台州市启成眼镜有限公司;https://shop935l44013mg60.1688.com;https://detail.1688.com/offer/653274700356.html
广州韩易锦贸易商行;https://shop4888y008n2599.1688.com;https://detail.1688.com/offer/650751798516.html
厦门佳得胜眼镜有限公司;https://xmjdsyj.1688.com;https://detail.1688.com/offer/603837798370.html
义乌市韩夏贸易有限公司;https://shop25tv443i14606.1688.com;https://detail.1688.com/offer/616516394735.html
台州市祥云眼镜有限公司;https://shop78e462m94p835.1688.com;https://detail.1688.com/offer/563408692606.html
温州悯兴塑料制品有限公司;https://lgmx.1688.com;https://detail.1688.com/offer/541228989141.html
台州市金帛眼镜有限公司;https://jinboyj.1688.com;https://detail.1688.com/offer/649042258736.html
义乌市微啸电子商务商行;https://shop703t7400b09x4.1688.com;https://detail.1688.com/offer/651716114144.html
深圳市首尔贸易有限公司;https://shop1447261783040.1688.com;https://detail.1688.com/offer/597930768472.html
台州市琦航贸易有限公司;https://qihangyj.1688.com;https://detail.1688.com/offer/650854940314.html
义乌市函烨眼镜商行;https://h23058.1688.com;https://detail.1688.com/offer/638940836586.html
永定区安曾蓓网店;https://shop62d6621318ld0.1688.com;https://detail.1688.com/offer/644161017380.html
台州市梦穆眼镜有限公司;https://shop9278765012h71.1688.com;https://detail.1688.com/offer/651861276381.html
义乌市梵蒂雅眼镜商行;https://fandia.1688.com;https://detail.1688.com/offer/566473680632.html
台州市宏升眼镜有限公司;https://shop1411922549061.1688.com;https://detail.1688.com/offer/614214761139.html
临海市浪子眼镜厂;https://shop4513k3v35v291.1688.com;https://detail.1688.com/offer/651380212399.html
台州市双喆贸易有限公司;https://shop50087m6b7h220.1688.com;https://detail.1688.com/offer/652266893131.html
临海市千和眼镜有限公司;https://shop69c4ho1452171.1688.com;https://detail.1688.com/offer/651790448074.html
临海市骏马眼镜有限公司;https://shop429020h754557.1688.com;https://detail.1688.com/offer/651576041785.html
台州市椒江视乐眼镜厂;https://shop1366829669605.1688.com;https://detail.1688.com/offer/526462556654.html
台州市一心眼镜有限公司;https://yixinyanjing.1688.com;https://detail.1688.com/offer/654641444721.html
孙取明;https://superabbit.1688.com;https://detail.1688.com/offer/569926753219.html
广州奕川电子科技有限公司;https://yphone88.1688.com;https://detail.1688.com/offer/653640613542.html
义乌市领冠电子商务有限公司;https://shop610681r898134.1688.com;https://detail.1688.com/offer/643420166282.html
临海市星耀眼镜厂;https://shop1398186098056.1688.com;https://detail.1688.com/offer/643596477572.html
义乌市奥唐电子商务商行;https://nikeke.1688.com;https://detail.1688.com/offer/631740661796.html
义乌市趣豆电子商务商行;https://shop780g02855a184.1688.com;https://detail.1688.com/offer/644371237818.html
莆田市秀屿区东庄尚鹅五金店;https://shop068494mu84231.1688.com;https://detail.1688.com/offer/649406729279.html
旬阳城关镇华惠明商贸店;https://shop4663g039s2830.1688.com;https://detail.1688.com/offer/652709070852.html
义乌市耀艳电子商务有限公司;https://shop87w73w709c704.1688.com;https://detail.1688.com/offer/565168084934.html
青白江样卷或商贸部;https://shop93392s0z06z33.1688.com;https://detail.1688.com/offer/646749364262.html
临海市致瞳眼镜有限公司;https://mosuyj.1688.com;https://detail.1688.com/offer/624644267396.html
台州市德沣眼镜有限公司;https://shop7456266882h83.1688.com;https://detail.1688.com/offer/624367878985.html
趣贝(武汉)科技有限公司;https://qubeikeji.1688.com;https://detail.1688.com/offer/651158892104.html
临海市广华眼镜有限公司;https://shop1467220831518.1688.com;https://detail.1688.com/offer/584206063738.html
义乌市庄承玉服饰商行;https://shop0935596562466.1688.com;https://detail.1688.com/offer/639112240239.html
临海市美度眼镜有限公司;https://shop1458233101853.1688.com;https://detail.1688.com/offer/528500334182.html
义乌市硕歆电子商务商行;https://shop11341074a5463.1688.com;https://detail.1688.com/offer/641699256785.html
台州市黄岩顺亚电子商务商行;https://shop8438892630597.1688.com;https://detail.1688.com/offer/650379115500.html
义乌市佳松电子商务商行;https://shop7144u74559134.1688.com;https://detail.1688.com/offer/655457870378.html
义乌市华持日用百货有限公司;https://shop160469d76jd62.1688.com;https://detail.1688.com/offer/644193862511.html
莆田市秀屿区埭头米琪服装店;https://shop47674q68967d4.1688.com;https://detail.1688.com/offer/651431307857.html
武汉清林馥群电子商务经营部;https://shop624h090875a49.1688.com;https://detail.1688.com/offer/648534565971.html
广州怜蕾设计工作室;https://shop7a710q70676d7.1688.com;https://detail.1688.com/offer/655265237461.html
石狮市扶摇云体网络饰品商行;https://shop88606ni419699.1688.com;https://detail.1688.com/offer/654691248630.html
莆田市秀屿区东庄文紫涵服装店;https://shop43qq736419472.1688.com;https://detail.1688.com/offer/650924521061.html
临海市非凡眼镜厂;https://shop1468860919869.1688.com;https://detail.1688.com/offer/535997527570.html
义乌市沐瞳眼镜厂;https://shop8351r0s5j6477.1688.com;https://detail.1688.com/offer/652561543318.html
新罗区廷丰多百货店;https://shop7839956t60c93.1688.com;https://detail.1688.com/offer/654897384123.html
深圳市炫雅眼镜有限公司;https://xyyjgs.1688.com;https://detail.1688.com/offer/520211744110.html
广州市黄埔区信福便利店;https://shop582b8465787s9.1688.com;https://detail.1688.com/offer/649153922200.html
莆田市秀屿区月塘潘荣珠宝店;https://shop15p225e5k7595.1688.com;https://detail.1688.com/offer/653728713560.html
义乌市宇汇眼镜有限公司;https://shop3232z42h98z42.1688.com;https://detail.1688.com/offer/614293157523.html
义乌市麦奔工艺品厂;https://maiben88.1688.com;https://detail.1688.com/offer/522192502218.html
临海市星瑶眼镜商行;https://shop3mm5724976140.1688.com;https://detail.1688.com/offer/619170942147.html
临海市开顺眼镜有限公司;https://shop88y0w888903p3.1688.com;https://detail.1688.com/offer/612901597373.html
台州市伊诺眼镜有限公司;https://shop22291013vnh05.1688.com;https://detail.1688.com/offer/565094600649.html
义乌市浩博眼镜厂;https://shop1466788786528.1688.com;https://detail.1688.com/offer/534420027101.html
莆田市秀屿区东庄荣群百货商行;https://shop7i1354e202k22.1688.com;https://detail.1688.com/offer/653043716507.html
莆田市阿里高网络科技有限公司;https://shop1475945614640.1688.com;https://detail.1688.com/offer/654118120109.html
南平市建阳区达盈源百货店;https://shop434553461n940.1688.com;https://detail.1688.com/offer/652885273630.html
厦门市同安区娇画槿日用品店;https://shop56304562s6594.1688.com;https://detail.1688.com/offer/646737579921.html
台州市斯蒂芬眼镜有限公司;https://tzsdfyj.1688.com;https://detail.1688.com/offer/631246129372.html
奎文区东关睿智电子商务中心;https://shop22247070z48z1.1688.com;https://detail.1688.com/offer/649780952296.html
奎文区东关华锐电子商务中心;https://shop0059309z21332.1688.com;https://detail.1688.com/offer/651394335438.html
佛山市瀛渝汽车服务有限公司;https://shop54087619z37r0.1688.com;https://detail.1688.com/offer/652518311962.html
长沙市天心区宁可商行;https://shop64702i892l809.1688.com;https://detail.1688.com/offer/650174286581.html
新罗区努努百货商行;https://shop672215u311n64.1688.com;https://detail.1688.com/offer/652421037547.html
仙游县鲤城莹尚工艺品店;https://shop590542i7s7533.1688.com;https://detail.1688.com/offer/643410269128.html
长沙市岳麓区艾珊百货商行;https://shop710216u1a7601.1688.com;https://detail.1688.com/offer/650190923281.html
临海市奕杰眼镜商行;https://shop6715n3z3q2175.1688.com;https://detail.1688.com/offer/646728261383.html
台州市椒江俊逸电子商务有限公司;https://13968680520.1688.com;https://detail.1688.com/offer/577206445305.html
台州市椒江逸新电子商务有限公司;https://15215836779.1688.com;https://detail.1688.com/offer/599069306057.html
台州市奈德丽眼镜有限公司;https://shop73y8y5701l745.1688.com;https://detail.1688.com/offer/654473181479.html
义乌市森典工艺品厂;https://sendian.1688.com;https://detail.1688.com/offer/618467864954.html
义乌市婉鸿电子商务商行;https://shop7w6l383241520.1688.com;https://detail.1688.com/offer/640890262765.html
临海市视丰眼镜有限公司;https://yunchaoyanjing.1688.com;https://detail.1688.com/offer/639473504283.html
义乌市摩登眼镜有限公司;https://modengyanjing.1688.com;https://detail.1688.com/offer/644618021687.html
揭阳市可明艾视电子商务有限公司;https://shop5e88u849e6006.1688.com;https://detail.1688.com/offer/615480540696.html
义乌市同俊电子商务商行;https://shop4443f133412g3.1688.com;https://detail.1688.com/offer/615414000141.html
义乌市迪图电子商务商行;https://shop1382115383941.1688.com;https://detail.1688.com/offer/611190450002.html
义乌市迪蔓莎眼镜有限公司;https://13676842801.1688.com;https://detail.1688.com/offer/36414495145.html
台州市椒江奕泽电子商务商行;https://shop08562011882l8.1688.com;https://detail.1688.com/offer/638129825783.html
台州市易淘眼镜有限公司;https://shop3x9481e716037.1688.com;https://detail.1688.com/offer/644080466643.html
广州巴比化妆品厂;https://shop2667368v51q55.1688.com;https://detail.1688.com/offer/651115698789.html
义乌市怡奇日用百货商行;https://shop1844g69256d32.1688.com;https://detail.1688.com/offer/653026002450.html
广州惠实贸易商行;https://shop395l8m9699k90.1688.com;https://detail.1688.com/offer/647014998424.html
新罗区逸雅朗百货商行;https://shop2m19462218737.1688.com;https://detail.1688.com/offer/642678921313.html
台州多盈眼镜有限公司;https://duoyingglasses.1688.com;https://detail.1688.com/offer/652219311102.html
义乌市淼默电子商务商行;https://shop6a63b39718b36.1688.com;https://detail.1688.com/offer/645475311912.html
义乌市芝穗电子商务商行;https://shop4m32055073344.1688.com;https://detail.1688.com/offer/649691561326.html
临海市博杰眼镜有限公司;https://shop1447347190661.1688.com;https://detail.1688.com/offer/636598722196.html
台州浙汇商贸有限公司;https://zhehuihw.1688.com;https://detail.1688.com/offer/587519692163.html
西安市未央区雯娜柳贸易商行;https://shop720480o3o8010.1688.com;https://detail.1688.com/offer/648091882282.html
台州亮盈眼镜有限公司;https://shop921458402t820.1688.com;https://detail.1688.com/offer/651837078880.html
余姚市琅凝五金经营部;https://shop38990x1487709.1688.com;https://detail.1688.com/offer/652567773174.html
义乌市松册电子商务商行;https://shop301ss940w7968.1688.com;https://detail.1688.com/offer/645307676582.html
烽升（莆田）电子商务有限公司;https://shop87r73p0623333.1688.com;https://detail.1688.com/offer/653575423573.html
临海市佳圣眼镜有限公司;https://18367665150.1688.com;https://detail.1688.com/offer/615331173527.html
临海市盛逸眼镜有限公司;https://shop0781643882058.1688.com;https://detail.1688.com/offer/642691664278.html
西安市未央区怡彤贸易商行;https://shop377797i23g026.1688.com;https://detail.1688.com/offer/649931102618.html
台州市椒江轩达眼镜商行;https://shop0170s071a4l54.1688.com;https://detail.1688.com/offer/648741244751.html
台州市天槿眼镜有限公司;https://shop6440644rm5867.1688.com;https://detail.1688.com/offer/639416727984.html
临海市万大眼镜有限公司;https://wdeyewear.1688.com;https://detail.1688.com/offer/610927123155.html
临海市博跃眼镜有限公司;https://shop1465751088437.1688.com;https://detail.1688.com/offer/624547073590.html
台州市博启眼镜有限公司;https://shop5657321zt61p7.1688.com;https://detail.1688.com/offer/591829833945.html
义乌市芽大电子商务商行;https://shop28122911141e7.1688.com;https://detail.1688.com/offer/645045418382.html
义乌市厚佳电子商务商行;https://houjia.1688.com;https://detail.1688.com/offer/617884082814.html
广州机意服装厂;https://shop7j382002bj321.1688.com;https://detail.1688.com/offer/651194938667.html
广州淋林贸易有限公司;https://shop6b47324j70q50.1688.com;https://detail.1688.com/offer/651823325574.html
莆田市秀屿区平海超越梦想服装店;https://shop923i553i676p2.1688.com;https://detail.1688.com/offer/652086376917.html
广州市天河区套科网络科技有限公司;https://shop8195u1o3132o6.1688.com;https://detail.1688.com/offer/654642611645.html
丰泽区春耿服饰商行;https://shop64b098k867576.1688.com;https://detail.1688.com/offer/652133860420.html
潜江市泽玖日用品商行;https://shop374691588f676.1688.com;https://detail.1688.com/offer/645804064779.html
莆田市城厢区硕风百货店;https://shop2380275dn2n01.1688.com;https://detail.1688.com/offer/649945732733.html
临海市黛萌眼镜厂;https://shop3076343134317.1688.com;https://detail.1688.com/offer/636969670444.html
临海市麦森眼镜有限公司;https://shop1466960648356.1688.com;https://detail.1688.com/offer/642257900024.html
佛山市南海区姚雄彬百货商行;https://shop971o72397k491.1688.com;https://detail.1688.com/offer/644305043821.html
新罗区名佐格百货商行;https://shop2o31657k93d57.1688.com;https://detail.1688.com/offer/640764405141.html
广州市皇盾实业有限公司;https://shop6358z333b2v71.1688.com;https://detail.1688.com/offer/641947565384.html
义乌市暴威眼镜有限公司;https://shop6170294l89bn3.1688.com;https://detail.1688.com/offer/644487214928.html
深圳市福田区爱尚依服装商行;https://shop1024960p8l014.1688.com;https://detail.1688.com/offer/639267771990.html
广州市万国科技有限公司;https://shop0276db10238n4.1688.com;https://detail.1688.com/offer/638285461612.html
青白江拈序牟建材经营部;https://shop52614v6v620n7.1688.com;https://detail.1688.com/offer/652476528432.html
余姚市雨琪日用品商行;https://shop13p4453177591.1688.com;https://detail.1688.com/offer/655356594755.html
广州依美电子商务商行;https://shop86g23726816t9.1688.com;https://detail.1688.com/offer/636013388474.html
广州吉乏服装厂;https://shop5833t31t0t216.1688.com;https://detail.1688.com/offer/654138027974.html
深圳市宝安区燕罗青彩澜印贸易商行;https://shop25j20i9834590.1688.com;https://detail.1688.com/offer/627356928616.html
广州陆拓服装厂;https://shop8877c79104v30.1688.com;https://detail.1688.com/offer/653330249017.html
广州市海珠区咔喏服饰店;https://karol20.1688.com;https://detail.1688.com/offer/640097079289.html
丹东市振兴区坦甸村百货店;https://shop2799eg300d958.1688.com;https://detail.1688.com/offer/653091736760.html
广州一九久四服装商行;https://shop529l6w4522p34.1688.com;https://detail.1688.com/offer/653690117110.html
武汉贝格清瑞电子商务经营部;https://shop265o78h33n367.1688.com;https://detail.1688.com/offer/653247652755.html
广州粤鑫旺珠宝贸易有限公司;https://shop0781k14802518.1688.com;https://detail.1688.com/offer/643464168977.html
普宁市柏斯特服装有限公司;https://shop006843b746336.1688.com;https://detail.1688.com/offer/648766791026.html
广州市天河区沙东咖奎服装店;https://shop8201v00ff0602.1688.com;https://detail.1688.com/offer/645187523142.html
广州凯中服装商行;https://shop4611083z64r91.1688.com;https://detail.1688.com/offer/654867718811.html
广州凤冰服装厂;https://shop0784n43628244.1688.com;https://detail.1688.com/offer/654734747888.html
佛山市顺德区皇汇禄电器厂;https://shop71g5383811359.1688.com;https://detail.1688.com/offer/643890320636.html
景宁勇源电子商务商行;https://shop03w9978w49795.1688.com;https://detail.1688.com/offer/654656086271.html
历城区宇绣文百货店;https://shop92b2j4k715763.1688.com;https://detail.1688.com/offer/654588902228.html
广州可朋莱服装厂;https://shop994k565kk4616.1688.com;https://detail.1688.com/offer/652148376986.html
连城县伟寄蕾服装店;https://shop21h2t768q7901.1688.com;https://detail.1688.com/offer/654834382834.html
佛山市顺德区美艳绝伦服装厂;https://666777.1688.com;https://detail.1688.com/offer/640580116914.html
广州培妮服装厂;https://shop2262932378z84.1688.com;https://detail.1688.com/offer/647543428859.html
润州区水之韵百货店;https://shop881488q8jj129.1688.com;https://detail.1688.com/offer/643350786723.html
莆田市灵猫电子商务有限公司;https://shop1p1529h534k55.1688.com;https://detail.1688.com/offer/627739505619.html
曲沃县晟泰外贸服饰商行;https://woshiwqq.1688.com;https://detail.1688.com/offer/617156527544.html
普宁市流沙娟妮服装经营部;https://shop58d7559493l99.1688.com;https://detail.1688.com/offer/642285679305.html
广州明惠泰贸易工作室;https://shop7k41ee8541544.1688.com;https://detail.1688.com/offer/654239316165.html
佛山市禅城区爆潮工艺美术品店;https://shop31212x3j50090.1688.com;https://detail.1688.com/offer/655238042319.html
广州市红升服饰有限公司;https://shop07h20896hv796.1688.com;https://detail.1688.com/offer/648166725335.html
义乌市秋邰电子商务商行;https://shop3s035s4r09245.1688.com;https://detail.1688.com/offer/654536475844.html
广州市黄埔区花康运日用品厂;https://shop0x701797814f3.1688.com;https://detail.1688.com/offer/653618342320.html
广州豪茂汇贸易工作室;https://shop1w400d347t056.1688.com;https://detail.1688.com/offer/652370980689.html
汉川市丰鸿服饰店;https://fenghongfushi.1688.com;https://detail.1688.com/offer/630771227716.html
佛山市猫本服装有限公司;https://shop01m85e425t405.1688.com;https://detail.1688.com/offer/651857296749.html
义乌市枫昱服饰厂;https://shop62412110p8609.1688.com;https://detail.1688.com/offer/653706126183.html
城厢区霞林郑玉芬服装商行;https://shop02846v5ow3631.1688.com;https://detail.1688.com/offer/646154114157.html
兰山区雁鸣日用百货中心;https://shop4426459285286.1688.com;https://detail.1688.com/offer/645304894706.html
深圳市佳益鼎商贸有限公司;https://shop9372h26483d86.1688.com;https://detail.1688.com/offer/643121053715.html
漯河市郾城区琛潼百货商行;https://shop33040764838d9.1688.com;https://detail.1688.com/offer/647028027393.html
霞浦县贝静日用品经营部;https://shop3261e4u766f60.1688.com;https://detail.1688.com/offer/647568733540.html
辛集市艾森百货店;https://shop51633320n3656.1688.com;https://detail.1688.com/offer/641676173949.html
临沂市兰山区文希商贸经营部;https://shop724200sl53i38.1688.com;https://detail.1688.com/offer/649873795373.html
兰山区琳荫百货商行;https://shop1847x238u3280.1688.com;https://detail.1688.com/offer/647519190306.html
云和添雅电子商务商行;https://shop4d9185o863d42.1688.com;https://detail.1688.com/offer/654560396440.html
广州木木家服饰商行;https://shop223712tdv61t5.1688.com;https://detail.1688.com/offer/638759544207.html
宁海牛运日用品商行;https://shop58068669674o3.1688.com;https://detail.1688.com/offer/650545730611.html
深圳市宝安区沙井苏媚尔加服饰商行;https://shop32wb569928462.1688.com;https://detail.1688.com/offer/639422330027.html
义乌市旺誉电子商务商行;https://shop5m445c67p8459.1688.com;https://detail.1688.com/offer/655426921262.html
深圳市龙华区大喜服装厂;https://shop01112c1635459.1688.com;https://detail.1688.com/offer/623216345403.html
义乌市璐慈电子商务商行;https://shop43404a4962co5.1688.com;https://detail.1688.com/offer/655024099123.html
佛山市禅城区闽君电子商务服务部;https://shop4n77c39482137.1688.com;https://detail.1688.com/offer/654052576190.html
深圳市宝安区芮依梵服装厂;https://ryffzc.1688.com;https://detail.1688.com/offer/642487363674.html
深圳市福田区美以芙服装商行;https://shop082j530198g05.1688.com;https://detail.1688.com/offer/655846259705.html
义乌市迅双电子商务商行;https://shop0405v7386d2q4.1688.com;https://detail.1688.com/offer/638677894829.html
深圳市龙岗区玖号铺服饰商行;https://shop8120462mz3232.1688.com;https://detail.1688.com/offer/654048637185.html
深圳市南粤佳城贸易实业有限公司;https://shop1434647082364.1688.com;https://detail.1688.com/offer/632769622241.html
义乌市帧织电子商务商行;https://shop8u732m9340614.1688.com;https://detail.1688.com/offer/641901000717.html
广州珍好服装有限公司;https://shop72185se7k5916.1688.com;https://detail.1688.com/offer/653850466661.html
广州越秀区宙宁商贸商行;https://shop94q83u3515173.1688.com;https://detail.1688.com/offer/640920141528.html
佛山市南海区玛筠郝日用品厂;https://shop21on2363853y4.1688.com;https://detail.1688.com/offer/652155559919.html
广州伊姿韵美服饰商行;https://shopyiziyunmei.1688.com;https://detail.1688.com/offer/655591607987.html
广州丽人坊服装厂;https://guangzhoulaozhao.1688.com;https://detail.1688.com/offer/638222228781.html
十堰艾莉娅服装贸易有限公司;https://shop6i8j0773h7427.1688.com;https://detail.1688.com/offer/649626697086.html
兰山区懂镁商贸中心;https://shop3324493u73546.1688.com;https://detail.1688.com/offer/651503374953.html
义乌市菲羽服饰有限公司;https://shop679792yy43o51.1688.com;https://detail.1688.com/offer/655064423429.html
广州市追光潮流服装厂;https://zgcl1688.1688.com;https://detail.1688.com/offer/631545586873.html
七星关区礼丽美百货店;https://shop42495bw848650.1688.com;https://detail.1688.com/offer/644658160541.html
广州市番禺区石基雅印服装厂;https://shop50i206l531145.1688.com;https://detail.1688.com/offer/646454539069.html
佛山市南海区俐詹琨日用品厂;https://shop149302v1v7434.1688.com;https://detail.1688.com/offer/652405987614.html
广州创开服装厂;https://shop205g06676g481.1688.com;https://detail.1688.com/offer/653208287247.html
新罗区欧嘉宜百货店;https://shop2c072429y6977.1688.com;https://detail.1688.com/offer/644970533959.html
深圳市南山区正榀热风服饰批发商行;https://shop31ohf4046lo37.1688.com;https://detail.1688.com/offer/630879331954.html
义乌市莹清服饰商行;https://shop6z4p010808074.1688.com;https://detail.1688.com/offer/645913356139.html
广州鸿熙商贸有限公司;https://shop1s7093k008000.1688.com;https://detail.1688.com/offer/638402554992.html
普宁市梅塘悦琴服装经营部;https://shop527126588l463.1688.com;https://detail.1688.com/offer/654573634650.html
义乌市挚勤电子商务商行;https://zhiqin666.1688.com;https://detail.1688.com/offer/654344184349.html
西安市未央区悦园珍五金商行;https://shop87f599f8731p0.1688.com;https://detail.1688.com/offer/655751931065.html
普宁市流沙欣缘服装经营部;https://shop84j15w13p1292.1688.com;https://detail.1688.com/offer/640703331787.html
广州市妮妮维雅服装有限公司;https://niniweiya.1688.com;https://detail.1688.com/offer/650080339347.html
深圳市柒号铺服饰有限公司;https://shop37514406z2245.1688.com;https://detail.1688.com/offer/654418506506.html
广州橙欣服装商行;https://shop19f94j5159714.1688.com;https://detail.1688.com/offer/655803423131.html
广州市绰姿服饰有限公司;https://lanxingefactory.1688.com;https://detail.1688.com/offer/652562572051.html
灵琦儿服饰;https://lingqierfs.1688.com;https://detail.1688.com/offer/625805182597.html
深圳市龙腾恒通科技有限公司;https://shop1470196286952.1688.com;https://detail.1688.com/offer/632350241992.html
义乌市美道服饰有限公司;https://shop119y46066i746.1688.com;https://detail.1688.com/offer/649106825060.html
义乌市慧仪服饰厂;https://shop670522s0s2976.1688.com;https://detail.1688.com/offer/651968186443.html
义乌市恒际电子商务商行;https://shop4890768040628.1688.com;https://detail.1688.com/offer/652740665600.html
云和陶忆电子商务商行;https://shop81903xt230953.1688.com;https://detail.1688.com/offer/655379006132.html
普宁市梅塘巧诗芝服装经营部;https://shop5760g9285c053.1688.com;https://detail.1688.com/offer/647769004937.html
温州市鹿城区概慈贸易商行;https://shop5092909x74666.1688.com;https://detail.1688.com/offer/642547420748.html
深圳市小米阳光服饰有限公司;https://shop7g582226351g3.1688.com;https://detail.1688.com/offer/653750562190.html
深圳市三只蜜獾电子商务有限公司;https://sanzhimihuan.1688.com;https://detail.1688.com/offer/642257452590.html
广州越秀区霏欢商贸有限公司;https://shop622wj2r747203.1688.com;https://detail.1688.com/offer/650976892523.html
景宁鹰兴电子商务商行;https://shop35ca6381a5364.1688.com;https://detail.1688.com/offer/655768279869.html
常熟市莫城街道有翡居百货商行;https://shop520078g9t2438.1688.com;https://detail.1688.com/offer/646687227639.html
泉州市洛江区双阳新灿商贸网店;https://shop1913w98616l36.1688.com;https://detail.1688.com/offer/644167126151.html
睢县苏安日用品店;https://shop2674ed6z48728.1688.com;https://detail.1688.com/offer/647619173016.html
义乌市牧宛电子商务商行;https://muwandia.1688.com;https://detail.1688.com/offer/654151407639.html
义乌市颍树日用百货商行;https://yiwuyingshu.1688.com;https://detail.1688.com/offer/652404279796.html
永定区世慧晨百货店;https://shop38t8i526021i9.1688.com;https://detail.1688.com/offer/651157439028.html
普宁市梅塘蓝希黛服装经营部;https://shop469c958509842.1688.com;https://detail.1688.com/offer/645841956102.html
