义乌市莉韩饰品有限公司;https://lihan2019.1688.com;https://detail.1688.com/offer/623630667038.html
义乌市飞韩饰品有限公司;https://feihan.1688.com;https://detail.1688.com/offer/614486666568.html
新罗区圣哲莲百货店;https://shop19q96182j8232.1688.com;https://detail.1688.com/offer/646936149805.html
义乌市华娟饰品有限公司;https://huajuanshipin.1688.com;https://detail.1688.com/offer/545233946949.html
灌云县伊虹服装厂;https://shop6j4o681655256.1688.com;https://detail.1688.com/offer/597166656775.html
广州市勋讯服饰商行;https://shop9c2465e002584.1688.com;https://detail.1688.com/offer/654750683728.html
义乌市颍泽贸易有限公司;https://shop20i63r5338392.1688.com;https://detail.1688.com/offer/644652772720.html
广州市荪弘电子商行;https://shop4c18613811914.1688.com;https://detail.1688.com/offer/655518997732.html
海丰县大维亚珠宝首饰商行;https://shop1389545535450.1688.com;https://detail.1688.com/offer/628753441390.html
永定区萱聚晖百货商行;https://shop4s13i62z13886.1688.com;https://detail.1688.com/offer/650612109324.html
建德市下涯镇信习贸易商行;https://shop6071567r69yj4.1688.com;https://detail.1688.com/offer/651192980616.html
余江区鑫进贸易商行;https://shop2828jv94x2073.1688.com;https://detail.1688.com/offer/650329588636.html
新沂市跃之兴服装店;https://shop7o0293508e015.1688.com;https://detail.1688.com/offer/649912876426.html
宁海赞升电子商务商行;https://shop7057895st9836.1688.com;https://detail.1688.com/offer/649610970099.html
丹阳市界牌镇敬深可五金加工厂;https://shop84q46821r0163.1688.com;https://detail.1688.com/offer/651006400371.html
丹阳市界牌镇娥之娇家居用品厂;https://shop68g2t9s193408.1688.com;https://detail.1688.com/offer/656001699504.html
广州哈琳娜饰品厂;https://harrina.1688.com;https://detail.1688.com/offer/640741060287.html
广州澄苁电子商行;https://shop4530z1p37u732.1688.com;https://detail.1688.com/offer/653641396766.html
广州市澄呈服装商行;https://shop5825859n07773.1688.com;https://detail.1688.com/offer/654945283817.html
余江区林查班商贸商行;https://shop32920nrr55572.1688.com;https://detail.1688.com/offer/653537668497.html
新罗区量东暇百货商行;https://shop50x391074y284.1688.com;https://detail.1688.com/offer/650972641162.html
莆田市荔城区禾罗服饰店;https://shop174o52584z680.1688.com;https://detail.1688.com/offer/651459599702.html
玉林市玉州区进巨百货店;https://shop9m9s995p35474.1688.com;https://detail.1688.com/offer/644904794825.html
余江区汇吉岸贸易商行;https://shop9304242gn1607.1688.com;https://detail.1688.com/offer/653335551747.html
杭州余杭区乔司街道聚耀百货商行;https://shop29909367g04n6.1688.com;https://detail.1688.com/offer/653696820719.html
宁海婉仪日用品商行;https://shop296117b75r484.1688.com;https://detail.1688.com/offer/655625122343.html
义乌市涵恋饰品有限公司;https://hanlianshipin.1688.com;https://detail.1688.com/offer/612613364495.html
佛山市禅城区小耐斯百货店;https://shop8z0512o10q059.1688.com;https://detail.1688.com/offer/651866111553.html
深圳市米尤贸易有限公司;https://shop2061454c17197.1688.com;https://detail.1688.com/offer/636436650416.html
永康蜀辉工贸有限公司;https://shop87q54f71q2186.1688.com;https://detail.1688.com/offer/654761200013.html
深圳市欣盛饰品有限公司;https://xinshengzhubao.1688.com;https://detail.1688.com/offer/583739983795.html
义乌市义宣饰品有限公司;https://shop0873274104185.1688.com;https://detail.1688.com/offer/640859135552.html
义乌市哲泽电子商务有限公司;https://shop1468256467158.1688.com;https://detail.1688.com/offer/599676435142.html
苏州西颜子丝绸有限公司;https://shop0798313914l49.1688.com;https://detail.1688.com/offer/654303810676.html
义乌市蜜舍饰品厂;https://nvshe.1688.com;https://detail.1688.com/offer/652311442318.html
义乌市宝钰饰品有限公司;https://baoyushipin.1688.com;https://detail.1688.com/offer/624677805370.html
苏州蝶绣丝绸有限公司;https://diexiusilk.1688.com;https://detail.1688.com/offer/596528289650.html
义乌市花泉电子商务商行;https://shop1466615043771.1688.com;https://detail.1688.com/offer/534354535754.html
义乌市臻饰电子商务商行;https://yaya68.1688.com;https://detail.1688.com/offer/598637287221.html
义乌市际恺饰品有限公司;https://shop179p402lg9637.1688.com;https://detail.1688.com/offer/629446334375.html
义乌市小胡桥饰品有限公司;https://shop33869827345u4.1688.com;https://detail.1688.com/offer/616931057826.html
义乌市栗臻服饰有限公司;https://shop90272582dq059.1688.com;https://detail.1688.com/offer/646729201040.html
义乌市巨欣饰品有限公司;https://juxinsp.1688.com;https://detail.1688.com/offer/598628761135.html
睢宁县亚洋纺织厂;https://shop761380242yy30.1688.com;https://detail.1688.com/offer/644071589733.html
东阳市亚美饰品有限公司;https://shop0n85373st2317.1688.com;https://detail.1688.com/offer/624587847232.html
深圳市逸智服饰有限公司;https://shop921248824n4g1.1688.com;https://detail.1688.com/offer/649991348238.html
新罗区鑫莲百货商行;https://shop06b134j693819.1688.com;https://detail.1688.com/offer/643289514965.html
苏州市凯栋服装辅料有限公司;https://kaidong2.1688.com;https://detail.1688.com/offer/647195242995.html
安顺市星鱼商贸有限公司;https://shop37z98w6i37219.1688.com;https://detail.1688.com/offer/649664850766.html
余江区辍素电子商务商行;https://shop6710f02ff4930.1688.com;https://detail.1688.com/offer/651105298284.html
新罗区楚君网店;https://shop636040927jf86.1688.com;https://detail.1688.com/offer/649065773609.html
义乌市简兮饰品有限公司;https://shop377z807543vx9.1688.com;https://detail.1688.com/offer/614117577939.html
义乌市葆寇日用百货商行;https://shop5854l61897810.1688.com;https://detail.1688.com/offer/651465916156.html
义乌市羿辰饰品厂;https://shophancai.1688.com;https://detail.1688.com/offer/525024961869.html
浦城县顶祺百货店;https://shop696r943695963.1688.com;https://detail.1688.com/offer/653960705761.html
广西龙州丝多莉饰品有限公司;https://shop94b1162e2p233.1688.com;https://detail.1688.com/offer/638995431976.html
深圳市龙华新区伊百分手工饰品厂;https://storyacc.1688.com;https://detail.1688.com/offer/549481939978.html
义乌市韭琪电子商务商行;https://shop9i270980aa862.1688.com;https://detail.1688.com/offer/652092580747.html
广州美恒峰日用品厂;https://shop9081i50uu9002.1688.com;https://detail.1688.com/offer/645592706539.html
广州市黄埔区昱笙永五金店;https://shop7277790q05499.1688.com;https://detail.1688.com/offer/644688530553.html
广州市夸偶网络科技有限公司;https://shop9147689i5m755.1688.com;https://detail.1688.com/offer/639647267061.html
义乌市青囊贸易有限公司;https://miaoxiaccessory.1688.com;https://detail.1688.com/offer/653050646701.html
深圳市宝安区福海靓依都服装厂;https://shop1494607960707.1688.com;https://detail.1688.com/offer/651949237210.html
义乌市默笙饰品厂;https://fanshenggongyi.1688.com;https://detail.1688.com/offer/578190189566.html
义乌市扬扬饰品有限公司;https://yangyang210.1688.com;https://detail.1688.com/offer/650769747807.html
义乌市艺顶服饰商行;https://onetopfashion.1688.com;https://detail.1688.com/offer/625988153878.html
义乌市艺龄服饰有限公司;https://yilingfs.1688.com;https://detail.1688.com/offer/636818310340.html
嵊州市诚越服饰有限公司;https://shop6140579150xy3.1688.com;https://detail.1688.com/offer/621396859930.html
新昌县七星街道缕新日用百货店;https://shop26f57442t9n82.1688.com;https://detail.1688.com/offer/624544299283.html
斑马科技(济南)有限公司;https://shop09517c13007s1.1688.com;https://detail.1688.com/offer/650561712258.html
余江区福凤经营部;https://shop17g80f0539307.1688.com;https://detail.1688.com/offer/654316063273.html
义乌市剑元针织品有限公司;https://shop50q5861e5j350.1688.com;https://detail.1688.com/offer/646739563676.html
华容县露露优选百货商行;https://shop7865r421dc069.1688.com;https://detail.1688.com/offer/653346755809.html
高新区枫桥蕾科百货商行;https://shop86u5315240572.1688.com;https://detail.1688.com/offer/653979812676.html
南靖县博科食品商行;https://shop8338201165e55.1688.com;https://detail.1688.com/offer/645016436553.html
深圳弘昊科技有限公司;https://shop55148f709kk00.1688.com;https://detail.1688.com/offer/639915601076.html
袁州区一华网络工作室;https://shop0819290793904.1688.com;https://detail.1688.com/offer/652090828665.html
余江区达梅玲百货店;https://shop124a0x7n07608.1688.com;https://detail.1688.com/offer/653397318406.html
临沂艾萌饰品有限公司;https://aimengshipin.1688.com;https://detail.1688.com/offer/633029872198.html
义乌市辉赫饰品有限公司;https://shop7787909gr10v6.1688.com;https://detail.1688.com/offer/624969322086.html
义乌市纳兹眼镜厂;https://shop44541124623f4.1688.com;https://detail.1688.com/offer/627143497509.html
上海茜畅贸易有限公司;https://zxmxjw.1688.com;https://detail.1688.com/offer/627431710911.html
义乌市勤力日用品厂;https://shop613ks97154799.1688.com;https://detail.1688.com/offer/649337165949.html
石家庄艾力格纺织有限公司;https://ailige2010.1688.com;https://detail.1688.com/offer/630980957882.html
厦门艾美丝瑞饰品有限公司;https://shop41727q4768p04.1688.com;https://detail.1688.com/offer/640961839434.html
东莞市劲草电子商务有限公司;https://shop5o0l09s963765.1688.com;https://detail.1688.com/offer/630083228845.html
义乌市古源眼镜有限公司;https://shop6f4z316841655.1688.com;https://detail.1688.com/offer/651578435008.html
南京花兮百货贸易有限公司;https://shop17230wv141v16.1688.com;https://detail.1688.com/offer/649474085599.html
东阳市白云逸美电子商务商行;https://shop568a45163x4v5.1688.com;https://detail.1688.com/offer/624067943232.html
高新区枫桥顺如祥贸易商行;https://shop0202v1w781q91.1688.com;https://detail.1688.com/offer/655189539513.html
广州敏丽橙商贸有限公司;https://shop5o38g30608556.1688.com;https://detail.1688.com/offer/652050611398.html
武汉市隆威嘉商贸商行;https://shop4456026445186.1688.com;https://detail.1688.com/offer/653649641515.html
延平区鑫协百货店;https://shop685a150160562.1688.com;https://detail.1688.com/offer/652081557038.html
余江区仕建经营部;https://shop78193a004k883.1688.com;https://detail.1688.com/offer/655099049062.html
义乌市儒槟电子商务商行;https://shop9r8b110670997.1688.com;https://detail.1688.com/offer/655290851726.html
义乌市赫锐电子商务商行;https://shop1a2175v9ps032.1688.com;https://detail.1688.com/offer/651881987260.html
永定区全全百货店;https://shop4609v710n6699.1688.com;https://detail.1688.com/offer/649528999937.html
深圳市龙岗区雅致饰品批发行;https://jdyenny.1688.com;https://detail.1688.com/offer/1073301096.html
高新区枫桥欧冠达贸易商行;https://shop50257v3b92175.1688.com;https://detail.1688.com/offer/653378545551.html
云霄县玄泽建材店;https://shop17198289l93e2.1688.com;https://detail.1688.com/offer/655937294782.html
广州千安贸易商行;https://shop397f65197wv52.1688.com;https://detail.1688.com/offer/649938257700.html
余江区能雨经营部;https://shop08882c350c1c7.1688.com;https://detail.1688.com/offer/655198818463.html
广州诚西贸易商行;https://shop05191g75x9i10.1688.com;https://detail.1688.com/offer/650892928517.html
临沂鑫博电子商务商行;https://shop19612v95w9003.1688.com;https://detail.1688.com/offer/643108701168.html
义乌市源酪电子商务商行;https://shop7m2h95206h220.1688.com;https://detail.1688.com/offer/654285198403.html
青岛乔伊斯工贸有限公司;https://shop2l562i0v29555.1688.com;https://detail.1688.com/offer/643502568706.html
建三江管理局红卫农场哆来咪发日用品精品屋;https://shop03689a1e99946.1688.com;https://detail.1688.com/offer/652294480762.html
义乌市朵哈服饰有限公司;https://shop87w2483167956.1688.com;https://detail.1688.com/offer/639622578186.html
义乌市盎洋饰品有限公司;https://magicbeauty.1688.com;https://detail.1688.com/offer/631415123878.html
桐庐县横村镇志城针织厂;https://shop1396025565690.1688.com;https://detail.1688.com/offer/645232378011.html
义乌市岚辰饰品有限公司;https://lanchen2018.1688.com;https://detail.1688.com/offer/642254775441.html
义乌市莱玛电子商务有限公司;https://laimasp.1688.com;https://detail.1688.com/offer/641401841261.html
义乌市苗昕贸易有限公司;https://shop0u76537q12520.1688.com;https://detail.1688.com/offer/645907768125.html
朝阳区薛兰商贸行;https://shop98yw784495g12.1688.com;https://detail.1688.com/offer/653443702400.html
义乌市可巧电子商务商行;https://shop1469033339598.1688.com;https://detail.1688.com/offer/535975662969.html
万载县升棍阳百货店;https://shop7308x766a6033.1688.com;https://detail.1688.com/offer/655535091263.html
袁州区风依网络工作室;https://shop0994777k19272.1688.com;https://detail.1688.com/offer/654339161681.html
余江区尔高经营部;https://shop2p31372c02141.1688.com;https://detail.1688.com/offer/655050553175.html
义乌市昕涵饰品有限公司;https://shop249075gr0r667.1688.com;https://detail.1688.com/offer/634156207815.html
义乌市双媖电子商务商行;https://shop96k96k99091q8.1688.com;https://detail.1688.com/offer/651905471742.html
新沂市明曾服装店;https://shop90u473990t367.1688.com;https://detail.1688.com/offer/655344049263.html
新沂市捷之文服装店;https://shop71p23541890n0.1688.com;https://detail.1688.com/offer/654537764735.html
新沂市曾宇家居用品经营部;https://shop3v44376s82030.1688.com;https://detail.1688.com/offer/654990286045.html
义乌市盯润电子商务商行;https://shop725777295q018.1688.com;https://detail.1688.com/offer/653524339664.html
柘荣县庆方日用品经营部;https://shop81y8544775452.1688.com;https://detail.1688.com/offer/650418425875.html
义乌市跨寄电子商务商行;https://shop94012oe5158o9.1688.com;https://detail.1688.com/offer/652308875578.html
义乌市霞劲电子商务商行;https://shop859t20r10b370.1688.com;https://detail.1688.com/offer/651066571280.html
漳州开发区顿寒蕾服装店;https://shop193329o96r3r8.1688.com;https://detail.1688.com/offer/655413141218.html
新沂市文之杰服装店;https://shop39y5m12000t40.1688.com;https://detail.1688.com/offer/654761426547.html
义乌市骍隆电子商务商行;https://shop684n393892646.1688.com;https://detail.1688.com/offer/650278473372.html
袁州区渐离网络工作室;https://shop98l9184874t59.1688.com;https://detail.1688.com/offer/654867278060.html
新沂市浩之华百货店;https://shop7p0109sk59922.1688.com;https://detail.1688.com/offer/654388914089.html
新沂市敏之胡家居用品经营部;https://shop4eh7g36094464.1688.com;https://detail.1688.com/offer/652617849883.html
义乌千芙饰品有限公司;https://shop1404528103758.1688.com;https://detail.1688.com/offer/598539295765.html
义乌市芳若饰品有限公司;https://shop812901d041658.1688.com;https://detail.1688.com/offer/615510829620.html
义乌市轲轲饰品厂;https://shop155168o5615d5.1688.com;https://detail.1688.com/offer/598290100679.html
余江区祥雅经营部;https://shop83444879b4a24.1688.com;https://detail.1688.com/offer/655211824469.html
义乌市潮炫饰品有限公司;https://shop84o303987q378.1688.com;https://detail.1688.com/offer/608445946435.html
义乌市和鸣饰品有限公司;https://shop36mm85665l864.1688.com;https://detail.1688.com/offer/624358198120.html
义乌市蒲钻电子商务商行;https://shop1358592219982.1688.com;https://detail.1688.com/offer/643244765375.html
五华县岐岭镇李金辉生活馆;https://shop03651n0019035.1688.com;https://detail.1688.com/offer/655034978015.html
义乌市昕月饰品有限公司;https://xy8898.1688.com;https://detail.1688.com/offer/627187714371.html
深圳市宝安区鼎城宜祥贸易商行;https://shop85582j192p159.1688.com;https://detail.1688.com/offer/612917532175.html
余江区茹美经营部;https://shop53o0g3f566157.1688.com;https://detail.1688.com/offer/654907108118.html
建瓯市吉阳镇佳品日用品商行;https://shop1n4962o219841.1688.com;https://detail.1688.com/offer/654389573485.html
义乌市晨燕饰品有限公司;https://chengyanyxgs.1688.com;https://detail.1688.com/offer/630476549207.html
义乌市诺苑电子商务商行;https://shop235t521258tu1.1688.com;https://detail.1688.com/offer/632337525965.html
新罗区果果家百货店;https://shop6x7275059u777.1688.com;https://detail.1688.com/offer/655158917624.html
万载县宝烨立日用品经营部;https://shop8713625173078.1688.com;https://detail.1688.com/offer/651386036056.html
广州集冠贸易商行;https://shop36747c437ji46.1688.com;https://detail.1688.com/offer/630410138674.html
义乌市氿乐电子商务商行;https://shop1428511784824.1688.com;https://detail.1688.com/offer/645616451418.html
义乌市妙德电子商务商行;https://shop1354900280794.1688.com;https://detail.1688.com/offer/531402580025.html
义乌市蕊柔电子商务商行;https://shop1414773994392.1688.com;https://detail.1688.com/offer/591467876839.html
南昌万纳网络科技有限公司;https://wanna2021.1688.com;https://detail.1688.com/offer/641626459475.html
余江区昂馨经营部;https://shop5673u59084q83.1688.com;https://detail.1688.com/offer/654889372654.html
余江区太浩经营部;https://shop841573u5u5648.1688.com;https://detail.1688.com/offer/654732668242.html
义乌市戴炫饰品有限公司;https://daishangsp.1688.com;https://detail.1688.com/offer/584144303497.html
义乌市蕾雅饰品有限公司;https://leiyashipin.1688.com;https://detail.1688.com/offer/609453680363.html
袁州区梓七网络工作室;https://shop5954125279850.1688.com;https://detail.1688.com/offer/655946191352.html
袁州区之言网络工作室;https://shop67f1727q97270.1688.com;https://detail.1688.com/offer/655468954270.html
义乌市感格电子商务商行;https://shop3x1p960658m92.1688.com;https://detail.1688.com/offer/652690981631.html
万载县荟达片日用品经营部;https://shop78545q33kv865.1688.com;https://detail.1688.com/offer/651281163830.html
万载县欧龚启百货商行;https://shop629q8516z4z97.1688.com;https://detail.1688.com/offer/654047352336.html
余江区圣怡经营部;https://shop9249v91g69808.1688.com;https://detail.1688.com/offer/655745482072.html
义乌市腾卓饰品厂;https://shop1444669210627.1688.com;https://detail.1688.com/offer/534805251173.html
万载县鱼饿东百货店;https://shop926i611u3i253.1688.com;https://detail.1688.com/offer/654120628452.html
余江区典偌经营部;https://shop24549jt46q226.1688.com;https://detail.1688.com/offer/654118508852.html
义乌市百萱电子商务商行;https://shop913341y061375.1688.com;https://detail.1688.com/offer/620495292942.html
义乌市钰媛饰品有限公司;https://shop186512k568978.1688.com;https://detail.1688.com/offer/610735409162.html
义乌市印咖电子商务商行;https://shop5414616g43071.1688.com;https://detail.1688.com/offer/655523015359.html
袁州区素玄网络工作室;https://shop117055518i138.1688.com;https://detail.1688.com/offer/655024633781.html
漳州开发区康逸楼百货店;https://shop432b0475b3998.1688.com;https://detail.1688.com/offer/654910929230.html
广州市韵之度皮具有限公司;https://shop99w2186187557.1688.com;https://detail.1688.com/offer/650135064363.html
阚永新;https://ywxcfc.1688.com;https://detail.1688.com/offer/534619515266.html
义乌市依宇电子商务有限公司;https://shop612q3221y5a50.1688.com;https://detail.1688.com/offer/641499765238.html
义乌市宏宏贸易有限公司;https://shop8z24w7s605329.1688.com;https://detail.1688.com/offer/587115746636.html
义乌市昇泽贸易有限公司;https://yayilai.1688.com;https://detail.1688.com/offer/595800362264.html
明光市弘尚贸易商行;https://shop530xx53353068.1688.com;https://detail.1688.com/offer/640431555209.html
余江区月两舜电子商务商行;https://shop67t5664779o78.1688.com;https://detail.1688.com/offer/653426831323.html
义乌市德往电子商务商行;https://shop11e6635278420.1688.com;https://detail.1688.com/offer/653246406484.html
尤溪县赤眉商行;https://shop61053b6q727d2.1688.com;https://detail.1688.com/offer/643316622533.html
义乌市杰盾饰品厂;https://shop1429808252788.1688.com;https://detail.1688.com/offer/568278053890.html
义乌市光与影电子商务商行;https://shop031728v2g2u85.1688.com;https://detail.1688.com/offer/629004286643.html
义乌市三态饰品有限公司;https://santai3333.1688.com;https://detail.1688.com/offer/621421763251.html
义乌市戴薇贸易有限公司;https://shop26f9701ncj593.1688.com;https://detail.1688.com/offer/642359871545.html
义乌市隽俏饰品有限公司;https://junqiaoshipin.1688.com;https://detail.1688.com/offer/554736319307.html
义乌市慧逸饰品有限公司;https://huiyii.1688.com;https://detail.1688.com/offer/583719870051.html
义乌市沃土电子商务有限公司;https://ywwotu.1688.com;https://detail.1688.com/offer/641023229802.html
深圳市福田区盈大利建筑工程经营部;https://shop4f261c1007e33.1688.com;https://detail.1688.com/offer/655836486423.html
义乌市群德服饰厂;https://shop1478536871632.1688.com;https://detail.1688.com/offer/596190666317.html
佛山市禅城区鑫驰哈服装厂;https://shop21142586u9v59.1688.com;https://detail.1688.com/offer/641882062394.html
润州区加或减百货商行;https://shop25823d0ca7016.1688.com;https://detail.1688.com/offer/655569033338.html
万载县润宏日用品商行;https://shop91803p571y154.1688.com;https://detail.1688.com/offer/648846992180.html
义乌市晓俊饰品商行;https://shop1487178298409.1688.com;https://detail.1688.com/offer/553241774789.html
柘荣县周日日用品经营部;https://shop51106a8ee4002.1688.com;https://detail.1688.com/offer/648847949953.html
石狮市简峰铭悦网络百货商行;https://shop02h77j1661v24.1688.com;https://detail.1688.com/offer/650544735968.html
永定区炫翠冰百货商行;https://shop025649897l5l4.1688.com;https://detail.1688.com/offer/646161317656.html
南平市建阳区练光纬百货店;https://shop1372um9879169.1688.com;https://detail.1688.com/offer/650359934004.html
义乌市茵毅电子商务商行;https://shop9157990717066.1688.com;https://detail.1688.com/offer/651153761997.html
深圳市星野家居户外有限公司;https://xingyemoon.1688.com;https://detail.1688.com/offer/652331522903.html
义乌秀格饰品有限公司;https://shop1w2122s50p506.1688.com;https://detail.1688.com/offer/621487155352.html
义乌海生饰品有限公司;https://shop6213044x3p442.1688.com;https://detail.1688.com/offer/620537235769.html
余江区莉博经营部;https://shop501s5b5380386.1688.com;https://detail.1688.com/offer/655093452176.html
义乌市漱也电子商务商行;https://shop75050556z99w6.1688.com;https://detail.1688.com/offer/653755844434.html
余江区悦霖经营部;https://shop25509429608o8.1688.com;https://detail.1688.com/offer/654893026074.html
义乌市伟雄箱包有限公司;https://weixiongsp.1688.com;https://detail.1688.com/offer/615150452070.html
石狮市简峰世控网络百货商行;https://shop16t64v339n381.1688.com;https://detail.1688.com/offer/653023121465.html
余江区福统经营部;https://shop72196l0c27012.1688.com;https://detail.1688.com/offer/654232223308.html
义乌市梵恩饰品有限公司;https://fanen1688.1688.com;https://detail.1688.com/offer/612068048966.html
五华县横陂镇仲创商行;https://shop022l565057w55.1688.com;https://detail.1688.com/offer/639713194288.html
义乌市博悦电子商务有限公司;https://shop521188405x890.1688.com;https://detail.1688.com/offer/642727449448.html
义乌市格尚电子商务商行;https://15geshang.1688.com;https://detail.1688.com/offer/561877270156.html
余江区欢怡经营部;https://shop5502063575359.1688.com;https://detail.1688.com/offer/653360756410.html
义乌市明均饰品有限公司;https://shop3gk0764357210.1688.com;https://detail.1688.com/offer/645345388290.html
义乌市舒文饰品有限公司;https://shop2k5d127d55217.1688.com;https://detail.1688.com/offer/644802678239.html
义乌市梦锦服饰厂;https://mjoy2019.1688.com;https://detail.1688.com/offer/629123750674.html
义乌乾琦贸易商行;https://shop9636s572l3261.1688.com;https://detail.1688.com/offer/648168029318.html
义乌市华欣饰品有限公司;https://shop89fu866116620.1688.com;https://detail.1688.com/offer/599574688458.html
漯河市源汇区莫世炎啊百货店;https://shop1977g98801zg9.1688.com;https://detail.1688.com/offer/649493323843.html
新罗区化楼百货商行;https://shop579653hx58f03.1688.com;https://detail.1688.com/offer/652817371532.html
义乌市伦婷电子商务商行;https://shop1430042387596.1688.com;https://detail.1688.com/offer/573882427012.html
义乌市东畔饰品有限公司;https://donpan.1688.com;https://detail.1688.com/offer/629326030132.html
义乌市博润饰品有限公司;https://shop56940p2171792.1688.com;https://detail.1688.com/offer/651476657126.html
鄱阳县淳嘉悦百货店;https://shop0704931664gj6.1688.com;https://detail.1688.com/offer/652327400795.html
义乌市曹邦电子商务商行;https://shop7d957204336a0.1688.com;https://detail.1688.com/offer/654611896950.html
上海甜芮贸易有限公司;https://shop1458147587628.1688.com;https://detail.1688.com/offer/600465044502.html
义乌市沈煜电子商务商行;https://shop2p24800i27197.1688.com;https://detail.1688.com/offer/654434853022.html
义乌市考薛电子商务商行;https://shop86d50o63s2738.1688.com;https://detail.1688.com/offer/653667286553.html
义乌市歌图电子商务商行;https://shop66054uuy04028.1688.com;https://detail.1688.com/offer/653542804597.html
义乌市莲渡电子商务商行;https://shop8538o2573e2l9.1688.com;https://detail.1688.com/offer/654368279700.html
鄱阳县曲鹏服装店;https://shop027t10b324120.1688.com;https://detail.1688.com/offer/649732762167.html
义乌市施占电子商务商行;https://shop9z644c1314556.1688.com;https://detail.1688.com/offer/653404014706.html
陆川县多米日用品店;https://shop80u06h47w2837.1688.com;https://detail.1688.com/offer/653751770508.html
宜丰县金珂百货店;https://shop63745u902gu41.1688.com;https://detail.1688.com/offer/655011677212.html
义乌市规款电子商务商行;https://shop1137k72440e79.1688.com;https://detail.1688.com/offer/652630997441.html
义乌市煦馨电子商务商行;https://yiwuxuxin.1688.com;https://detail.1688.com/offer/614017962076.html
义乌市悦示电子商务商行;https://shop8z44128743285.1688.com;https://detail.1688.com/offer/651580749047.html
睢宁县琪达家居用品厂;https://shop36865r876ms29.1688.com;https://detail.1688.com/offer/651531639416.html
义乌市希之美饰品有限公司;https://shop5103352cic661.1688.com;https://detail.1688.com/offer/596382813883.html
义乌市慧娴饰品有限公司;https://shop40n2416h875a2.1688.com;https://detail.1688.com/offer/646580531570.html
义乌市两悦饰品有限公司;https://shop9072180219y22.1688.com;https://detail.1688.com/offer/654595269674.html
义乌市光影饰品有限公司;https://shop770u1e6z64467.1688.com;https://detail.1688.com/offer/652900804550.html
东阳市艾莎饰品有限公司;https://shop73l36v18478s7.1688.com;https://detail.1688.com/offer/634213214631.html
义乌市薇度饰品有限公司;https://shop1df6705375247.1688.com;https://detail.1688.com/offer/642503555766.html
义乌市翎杰电子商务商行;https://shop36367610pg922.1688.com;https://detail.1688.com/offer/644649700407.html
余姚市微月电器商行;https://shop51689956u7g80.1688.com;https://detail.1688.com/offer/655967675687.html
佛山市南海区桂城益昌五金电器商行;https://shop68y64231y6722.1688.com;https://detail.1688.com/offer/627036210364.html
义乌市清雅饰品有限公司;https://shop78254wqw30198.1688.com;https://detail.1688.com/offer/643432093680.html
五华县横陂镇珍露香商贸部;https://shop62573rn29u931.1688.com;https://detail.1688.com/offer/649053062925.html
义乌市鸿航贸易有限公司;https://shop26488hy585122.1688.com;https://detail.1688.com/offer/623402932161.html
南平市建阳区刚弘馨百货店;https://shop09089865m5357.1688.com;https://detail.1688.com/offer/651056350932.html
余江区广度电子商务商行;https://shop0867n0w2z7115.1688.com;https://detail.1688.com/offer/652319660967.html
青白江泽佰雅秋商贸部;https://shop15l3p74614259.1688.com;https://detail.1688.com/offer/653603209945.html
义乌市焕爽电子商务商行;https://jason1998.1688.com;https://detail.1688.com/offer/614083157591.html
义乌市趣衡电子商务商行;https://quheng2020.1688.com;https://detail.1688.com/offer/625726573435.html
佛山市南海区航瑟贸易商行;https://shop93954o5l64823.1688.com;https://detail.1688.com/offer/651132103669.html
万载县新额馨日用品经营部;https://shop57a291o2336t2.1688.com;https://detail.1688.com/offer/655131797339.html
佛山市南海区熙之说五金配件厂;https://shop50191131b9797.1688.com;https://detail.1688.com/offer/654357463928.html
柘荣县角半日用品经营部;https://shop34738b87sm401.1688.com;https://detail.1688.com/offer/653760100804.html
万载县妙彩百货商行;https://shop208336l8z6212.1688.com;https://detail.1688.com/offer/655749231097.html
义乌市爱序电子商务商行;https://shop644r9744u9824.1688.com;https://detail.1688.com/offer/655203761832.html
义乌市丹拓电子商务商行;https://shop1389372995863.1688.com;https://detail.1688.com/offer/37788403962.html
新罗区智之之百货商行;https://shop0j023455a6103.1688.com;https://detail.1688.com/offer/654282365610.html
义乌市浩瑞饰品有限公司;https://shop1435078552829.1688.com;https://detail.1688.com/offer/623285507419.html
义乌帆影饰品有限公司;https://fanyingshipin.1688.com;https://detail.1688.com/offer/573841423516.html
义乌市冷安电子商务商行;https://shop1464368243607.1688.com;https://detail.1688.com/offer/576473285649.html
广州有派饰品设计有限公司;https://yoapoe.1688.com;https://detail.1688.com/offer/1204289949.html
余江区苏迪电子商务商行;https://shop45j690f484785.1688.com;https://detail.1688.com/offer/652318933927.html
义乌市依若纺织品有限公司;https://chooseroad999.1688.com;https://detail.1688.com/offer/651010841985.html
尤溪县鹏承商行;https://shop0041g6a953847.1688.com;https://detail.1688.com/offer/649747213258.html
余江区度魏电子商务商行;https://shop1652265064xf3.1688.com;https://detail.1688.com/offer/651514752418.html
余江区荣丰盛电子商务商行;https://shop8p17207150276.1688.com;https://detail.1688.com/offer/652147969954.html
