义乌市蜜舍饰品厂;https://nvshe.1688.com;https://detail.1688.com/offer/597089107012.html
义乌市筑妍饰品有限公司;https://zysp2018.1688.com;https://detail.1688.com/offer/579136218523.html
义乌市宝钰饰品有限公司;https://baoyushipin.1688.com;https://detail.1688.com/offer/652301028459.html
义乌市威扬饰品有限公司;https://weiyangsp.1688.com;https://detail.1688.com/offer/597934787978.html
延平区鑫协百货店;https://shop685a150160562.1688.com;https://detail.1688.com/offer/654813939856.html
义乌市贝荣贸易有限公司;https://shop5134419f4t1s2.1688.com;https://detail.1688.com/offer/588927165433.html
义乌市暖铭电子商务有限公司;https://shop87n311x537n24.1688.com;https://detail.1688.com/offer/601193751541.html
德惠市朝阳乡运凡日用百货商店;https://shop6596100b624p3.1688.com;https://detail.1688.com/offer/642398991015.html
景宁空宜百货商行;https://shop63s761f21r989.1688.com;https://detail.1688.com/offer/629477846489.html
义乌市博悦电子商务有限公司;https://shop521188405x890.1688.com;https://detail.1688.com/offer/652568561330.html
广州市荔湾区小圆商贸店;https://shop48w532wr98056.1688.com;https://detail.1688.com/offer/642837154692.html
莆田市荔城区禾罗服饰店;https://shop174o52584z680.1688.com;https://detail.1688.com/offer/653617588055.html
义乌预鉴电子商务有限公司;https://shop18r573997b9j0.1688.com;https://detail.1688.com/offer/623335345896.html
佛山市南海区悦诺悦贸易商行;https://shop19869c647c075.1688.com;https://detail.1688.com/offer/652970741651.html
鄱阳县周寻芹服装店;https://shop4189491y47313.1688.com;https://detail.1688.com/offer/650021918872.html
柘荣县角村日用品经营部;https://shop12u1790r83y92.1688.com;https://detail.1688.com/offer/649263028512.html
新罗区智之之百货商行;https://shop0j023455a6103.1688.com;https://detail.1688.com/offer/651823630940.html
余江区具笑电子商务商行;https://shop1425294553169.1688.com;https://detail.1688.com/offer/652477983491.html
景宁贵沿贸易商行;https://shop9b169b4045271.1688.com;https://detail.1688.com/offer/639059886896.html
义乌市暖陆电子商务商行;https://nuanlu19901206.1688.com;https://detail.1688.com/offer/639484392177.html
临沂市兰山区进源百货商行;https://shop02la9w2975445.1688.com;https://detail.1688.com/offer/640603505954.html
义乌市际恺饰品有限公司;https://shop179p402lg9637.1688.com;https://detail.1688.com/offer/630032758859.html
玉林市玉州区敏潼日用百货店;https://shop0730610yn8l81.1688.com;https://detail.1688.com/offer/645698431027.html
袁州区傲寒网络工作室;https://shop5nx7766u34q34.1688.com;https://detail.1688.com/offer/656308175995.html
佛山市禅城区鑫驰哈服装厂;https://shop21142586u9v59.1688.com;https://detail.1688.com/offer/650041335441.html
新罗区智伟百货商行;https://shop19vv575247694.1688.com;https://detail.1688.com/offer/649884631183.html
新罗区鹏立云百货商行;https://shop6f609045066l4.1688.com;https://detail.1688.com/offer/649884451217.html
玉林市玉州区德悦百货店;https://shop4045paa974195.1688.com;https://detail.1688.com/offer/650839012037.html
玉林市玉州区麦子百货店;https://shop5616931174714.1688.com;https://detail.1688.com/offer/643822544986.html
义乌市布斯进出口有限公司;https://shop81421962oq998.1688.com;https://detail.1688.com/offer/620433776302.html
义乌市羿辰饰品厂;https://shophancai.1688.com;https://detail.1688.com/offer/598673457574.html
广州哈琳娜饰品厂;https://harrina.1688.com;https://detail.1688.com/offer/644149279650.html
景宁唐页贸易商行;https://shop59d96329z77e9.1688.com;https://detail.1688.com/offer/655962727866.html
义乌市敛从电子商务商行;https://shop28o95177o3851.1688.com;https://detail.1688.com/offer/650155382781.html
义乌市涵秀饰品厂;https://shop1289850a42990.1688.com;https://detail.1688.com/offer/653563765165.html
义乌市妙德电子商务商行;https://shop1354900280794.1688.com;https://detail.1688.com/offer/546395807011.html
义乌市辉赫饰品有限公司;https://shop7787909gr10v6.1688.com;https://detail.1688.com/offer/655087875193.html
义乌市微妙饰品厂;https://shop7ncc118470108.1688.com;https://detail.1688.com/offer/653480983553.html
义乌市丰美饰品厂;https://fengmeishipin.1688.com;https://detail.1688.com/offer/653610158973.html
义乌市翌阳饰品厂;https://yiwuyiyang.1688.com;https://detail.1688.com/offer/598457500586.html
义乌市腾卓饰品厂;https://shop1444669210627.1688.com;https://detail.1688.com/offer/543023131295.html
五华县横陂镇禾倩商行;https://shop255855s051s93.1688.com;https://detail.1688.com/offer/644169488852.html
义乌市初琦贸易有限公司;https://shop3776xs588s810.1688.com;https://detail.1688.com/offer/651402363295.html
高新区枫桥润弘晶服装商行;https://shop30809400874j9.1688.com;https://detail.1688.com/offer/653536420643.html
尤溪县火的鸟商行;https://shop898j665035276.1688.com;https://detail.1688.com/offer/651299321032.html
宁海卓宇电子商务商行;https://shop38140012od823.1688.com;https://detail.1688.com/offer/652489499445.html
玉林市玉州区意喜百货经营部;https://shop950997e2045d6.1688.com;https://detail.1688.com/offer/646494220235.html
义乌市厚润饰品厂;https://shop32777m62154e3.1688.com;https://detail.1688.com/offer/650922682432.html
义乌市哲泽电子商务有限公司;https://shop1468256467158.1688.com;https://detail.1688.com/offer/594614683480.html
深圳市宝安区鼎晟贸易商行;https://shop56368w812v949.1688.com;https://detail.1688.com/offer/653624227923.html
新罗区莲遥科百货商行;https://shop75g2841y46401.1688.com;https://detail.1688.com/offer/650264945683.html
义乌市南汐饰品厂;https://shop215b07l9059f9.1688.com;https://detail.1688.com/offer/655875318713.html
义乌市漂洋饰品有限公司;https://pyshp2003666.1688.com;https://detail.1688.com/offer/589025290391.html
广州嘉奥商贸有限公司;https://shop6402p679pe977.1688.com;https://detail.1688.com/offer/640244296529.html
柘荣县周状日用品经营部;https://shop9j04363306988.1688.com;https://detail.1688.com/offer/647139574746.html
义乌市怡香饰品厂;https://shop4ji67y5972199.1688.com;https://detail.1688.com/offer/648576503225.html
义乌市寻佳饰品有限公司;https://shop513y210hy4331.1688.com;https://detail.1688.com/offer/651419370611.html
义乌市胡人饰品有限公司;https://guyueren.1688.com;https://detail.1688.com/offer/565437104156.html
东莞市常平雪服女装店;https://shop3g89136e987r3.1688.com;https://detail.1688.com/offer/651925118324.html
义乌市幺妹贸易有限公司;https://shop3329p3n659279.1688.com;https://detail.1688.com/offer/645479174489.html
永定区实极徊百货商行;https://shop246107g281640.1688.com;https://detail.1688.com/offer/644128266221.html
宿城区奇比能百货店;https://shop940u381s78084.1688.com;https://detail.1688.com/offer/645654272845.html
义乌市戴薇贸易有限公司;https://shop26f9701ncj593.1688.com;https://detail.1688.com/offer/642028390125.html
广州市天河区沙东雅雁姬服装店;https://shop0g38012k49v90.1688.com;https://detail.1688.com/offer/641885150210.html
柘荣县庆网日用品经营部;https://shop455b254065j45.1688.com;https://detail.1688.com/offer/646057349257.html
仙游县鲤城久中贸易商行;https://shop3w723399336j1.1688.com;https://detail.1688.com/offer/636323996054.html
广州市越秀区小雀斑饰品商行;https://shop8149r7727zr09.1688.com;https://detail.1688.com/offer/640969093745.html
宜春市袁州区森碟饰品厂;https://shop1g564594i8062.1688.com;https://detail.1688.com/offer/656198563774.html
义乌市莱玛电子商务有限公司;https://laimasp.1688.com;https://detail.1688.com/offer/632713306238.html
义乌市鹿迪贸易有限公司;https://shop1427820479880.1688.com;https://detail.1688.com/offer/626071857056.html
义乌市栖瓜饰品有限公司;https://xiguashipin.1688.com;https://detail.1688.com/offer/631069705987.html
厦门蓓莱莉服装饰品有限公司;https://shop43224h3409363.1688.com;https://detail.1688.com/offer/596633130335.html
遂昌航依日用百货商行;https://shop64ig8s5693159.1688.com;https://detail.1688.com/offer/650440418758.html
高新区枫桥福生新贸易商行;https://shop411vk80890p31.1688.com;https://detail.1688.com/offer/654457969235.html
杭州余杭区乔司街道宾越五金商行;https://shop8388j836dd270.1688.com;https://detail.1688.com/offer/654123664514.html
南平市建阳区林农昭汉百货店;https://shop93p978l965704.1688.com;https://detail.1688.com/offer/645644104416.html
遂昌金烁贸易商行;https://shop65274h02602b3.1688.com;https://detail.1688.com/offer/654715896894.html
佛山市禅城区舟波尔皮具厂;https://shop19o38m8068781.1688.com;https://detail.1688.com/offer/654875848070.html
丹阳市界牌镇鸿乙亮家居用品厂;https://shop961zd83g49815.1688.com;https://detail.1688.com/offer/655453237969.html
云霄县海庄服装商行;https://shop4m3x246w26404.1688.com;https://detail.1688.com/offer/655989982532.html
义乌市左龙电子商务有限公司;https://shop1429635214472.1688.com;https://detail.1688.com/offer/643325475107.html
义乌市微啸电子商务商行;https://shop703t7400b09x4.1688.com;https://detail.1688.com/offer/643330585141.html
深圳市宝安区福海靓依都服装厂;https://shop1494607960707.1688.com;https://detail.1688.com/offer/631153855564.html
义乌市严明电子商务商行;https://shop44m42008110d8.1688.com;https://detail.1688.com/offer/634108934550.html
义乌市阿滋猫饰品有限公司;https://azimao.1688.com;https://detail.1688.com/offer/630192149237.html
遂昌超瞧贸易商行;https://shop45455y5ee8536.1688.com;https://detail.1688.com/offer/652947144363.html
玉林市玉东新区意益日用百货经营部;https://shop27z44ow300633.1688.com;https://detail.1688.com/offer/652598883684.html
深圳市宝安区锐晟贸易商行;https://shop554d4p0364o32.1688.com;https://detail.1688.com/offer/653239086579.html
义乌市旅寇电子商务商行;https://shop1466788398743.1688.com;https://detail.1688.com/offer/639973143966.html
义乌市潭作电子商务商行;https://shop161445lu32829.1688.com;https://detail.1688.com/offer/652003842301.html
义乌市海购饰品有限公司;https://shop085505j711h30.1688.com;https://detail.1688.com/offer/655564286632.html
义乌市蓝度饰品有限公司;https://shop88x1x874a7807.1688.com;https://detail.1688.com/offer/654856836928.html
义乌市扬扬饰品有限公司;https://yangyang210.1688.com;https://detail.1688.com/offer/638980705820.html
义乌市谦谦饰品有限公司;https://shop1495299047519.1688.com;https://detail.1688.com/offer/606953752224.html
义乌市浩福饰品有限公司;https://shop12135891090g9.1688.com;https://detail.1688.com/offer/630149888631.html
义乌千芙饰品有限公司;https://shop1404528103758.1688.com;https://detail.1688.com/offer/591020370171.html
义乌市淳美饰品有限公司;https://shop885069m16ul75.1688.com;https://detail.1688.com/offer/631186140605.html
九江卉然格格电子商务有限公司;https://shop4p1n279347p43.1688.com;https://detail.1688.com/offer/624291149012.html
义乌市芭炫饰品厂;https://shop2035hk424v179.1688.com;https://detail.1688.com/offer/608960591211.html
尤溪县赤眉商行;https://shop61053b6q727d2.1688.com;https://detail.1688.com/offer/642637856522.html
余江区繁花电子商务商行;https://shop84962j9e59j71.1688.com;https://detail.1688.com/offer/651851100064.html
义乌燕幂电子商务有限公司;https://shop357770627t235.1688.com;https://detail.1688.com/offer/616548492557.html
成华区景业商贸部;https://shop8284425v92d19.1688.com;https://detail.1688.com/offer/650322244057.html
义乌市朋来饰品有限公司;https://shop728i494656r39.1688.com;https://detail.1688.com/offer/653117740584.html
新罗区水无香百货店;https://shop60j7j79663c62.1688.com;https://detail.1688.com/offer/656272327311.html
广州市花都区狮岭永彪手袋厂;https://shop659ad186209t9.1688.com;https://detail.1688.com/offer/655326917441.html
义乌市简兮饰品有限公司;https://shop377z807543vx9.1688.com;https://detail.1688.com/offer/606690434536.html
义乌市伊娇饰品有限公司;https://shop5454z86036104.1688.com;https://detail.1688.com/offer/633691612004.html
高新区枫桥旭开百货商行;https://shop0a90257l249i7.1688.com;https://detail.1688.com/offer/654565729080.html
义乌市希图饰品有限公司;https://shop0319r7cz90344.1688.com;https://detail.1688.com/offer/621813501844.html
义乌市谈谈电子商务商行;https://shop856i333h39y18.1688.com;https://detail.1688.com/offer/642275560755.html
玉林市玉州区宏武百货店;https://shop2653918989606.1688.com;https://detail.1688.com/offer/652769340833.html
义乌市茁梓饰品有限公司;https://shop1436374578554.1688.com;https://detail.1688.com/offer/605937076166.html
三明市三元区美琼服装店;https://shop6mh241885w190.1688.com;https://detail.1688.com/offer/652269553340.html
义乌市杰英若飞贸易有限公司;https://shop1464868602056.1688.com;https://detail.1688.com/offer/606497627144.html
余江区祥朔经营部;https://shop2592786x79717.1688.com;https://detail.1688.com/offer/652781069907.html
