义乌市简拉电子商务有限公司;https://jianlajewelry.1688.com;https://detail.1688.com/offer/652981921008.html
义乌市琪誉电子商务商行;https://shop493k2go042006.1688.com;https://detail.1688.com/offer/644879247108.html
义乌市韩饰界电子科技有限公司;https://shop343b88869jj94.1688.com;https://detail.1688.com/offer/636165851944.html
义乌市苏仁饰品有限公司;https://shop1436374539057.1688.com;https://detail.1688.com/offer/622030841632.html
义乌市黛仁饰品有限公司;https://shop1398877022652.1688.com;https://detail.1688.com/offer/622309274474.html
义乌市氿乐电子商务商行;https://shop1428511784824.1688.com;https://detail.1688.com/offer/652388309905.html
义乌市可仁饰品有限公司;https://hyssmy.1688.com;https://detail.1688.com/offer/621728012504.html
义乌市千珺饰品有限公司;https://520qjsp.1688.com;https://detail.1688.com/offer/607256515392.html
义乌市丰宏电子商务有限公司;https://shop4hd5h76716274.1688.com;https://detail.1688.com/offer/650376397037.html
义乌市星鸽电子商务有限公司;https://shop1408171986992.1688.com;https://detail.1688.com/offer/629694811425.html
义乌市璐儿电子商务商行;https://shop1461775831606.1688.com;https://detail.1688.com/offer/649764398068.html
浦江县慕尚贸易有限公司;https://shop578274098k823.1688.com;https://detail.1688.com/offer/634847917431.html
义乌市鸿硕电子商务有限公司;https://shop3797467e9e872.1688.com;https://detail.1688.com/offer/632727673312.html
义乌市露兮电子商务商行;https://shop701g0204b5202.1688.com;https://detail.1688.com/offer/624699344617.html
义乌市迪战电子商务有限公司;https://shop1442940715433.1688.com;https://detail.1688.com/offer/631958568328.html
义乌市威扬饰品有限公司;https://weiyangsp.1688.com;https://detail.1688.com/offer/625649828659.html
浦江县皓越锁业有限公司;https://asswtb.1688.com;https://detail.1688.com/offer/627672173083.html
义乌市宣婉饰品商行;https://shop6504951h29yw5.1688.com;https://detail.1688.com/offer/625398880881.html
义乌市端搜电子商务有限公司;https://ywxsbpf.1688.com;https://detail.1688.com/offer/648768143159.html
义乌市幸韵饰品有限公司;https://shop756p6733rp394.1688.com;https://detail.1688.com/offer/655976915334.html
南靖县博科食品商行;https://shop8338201165e55.1688.com;https://detail.1688.com/offer/646323151213.html
义乌市琳达饰品有限公司;https://shop1473698629901.1688.com;https://detail.1688.com/offer/630347035040.html
义乌市隆伊贸易商行;https://shop43c6z53n37225.1688.com;https://detail.1688.com/offer/649621893847.html
义乌市牛犇进出口有限公司;https://niuben.1688.com;https://detail.1688.com/offer/635463913229.html
义乌市银奥饰品有限公司;https://shop77p540l739892.1688.com;https://detail.1688.com/offer/642214446033.html
义乌市月纬日用百货商行;https://shop1662h2355p940.1688.com;https://detail.1688.com/offer/654419533396.html
义乌俪蓓塔饰品有限公司;https://shop1q6026q17q361.1688.com;https://detail.1688.com/offer/650195776573.html
义乌市梓棠饰品有限公司;https://520zitang.1688.com;https://detail.1688.com/offer/607176207937.html
义乌市君多采电子商务有限公司;https://shop108898d4h7t74.1688.com;https://detail.1688.com/offer/650041621602.html
揭阳市揭东区新亨镇一好饰品商行;https://shop712475f750170.1688.com;https://detail.1688.com/offer/644541313945.html
义乌市铭嘟电子商务有限公司;https://lihebosp.1688.com;https://detail.1688.com/offer/656200999911.html
义乌市驻龙电子商务有限公司;https://ywps925.1688.com;https://detail.1688.com/offer/605759856834.html
义乌市南慧电子商务商行;https://mingruishipin.1688.com;https://detail.1688.com/offer/611143595554.html
义乌市颖皓饰品有限公司;https://rinhoo.1688.com;https://detail.1688.com/offer/649060461877.html
义乌市鹏翱贸易有限公司;https://shop140t4vq644868.1688.com;https://detail.1688.com/offer/626945959873.html
义乌市夏黄电子商务商行;https://shop1399654949275.1688.com;https://detail.1688.com/offer/627543536381.html
义乌市鼎洲电子商务商行;https://dzsp2012.1688.com;https://detail.1688.com/offer/618979650086.html
义乌市赫比赫拉饰品有限公司;https://shop599l6w00750j8.1688.com;https://detail.1688.com/offer/628561022353.html
义乌市丽萌饰品有限公司;https://yiwulimeng.1688.com;https://detail.1688.com/offer/655755335901.html
东阳市白云忠信饰品厂;https://shop843160617ae57.1688.com;https://detail.1688.com/offer/655175466358.html
义乌市钻拉电子商务商行;https://ywmaina.1688.com;https://detail.1688.com/offer/630567991911.html
王忠信;https://xiuxiu11142012.1688.com;https://detail.1688.com/offer/653060320577.html
义乌市傲凡网络科技有限公司;https://shop1481043643912.1688.com;https://detail.1688.com/offer/626971110285.html
义乌市烨茂饰品有限公司;https://yesmao.1688.com;https://detail.1688.com/offer/630483338685.html
义乌市雪岳电子商务商行;https://wise678.1688.com;https://detail.1688.com/offer/624866122343.html
义乌市乐钰饰品厂;https://kdsby.1688.com;https://detail.1688.com/offer/626317180012.html
义乌市祺昇饰品有限公司;https://shop806q06l88e203.1688.com;https://detail.1688.com/offer/629909706960.html
义乌市晗饰贸易有限公司;https://shop840211494f745.1688.com;https://detail.1688.com/offer/632891053440.html
义乌市晴岛电子商务有限公司;https://shop54q21m3166469.1688.com;https://detail.1688.com/offer/652428275973.html
义乌市梦宇饰品有限公司;https://shop61870q0284p88.1688.com;https://detail.1688.com/offer/646923051167.html
义乌市以为饰品有限公司;https://shop53zr381480754.1688.com;https://detail.1688.com/offer/640415883054.html
义乌市淳发电子商务商行;https://shop3nu0313286576.1688.com;https://detail.1688.com/offer/632082139360.html
广信区春顺电子商务经营部;https://shop484o9s5746u78.1688.com;https://detail.1688.com/offer/643644628540.html
义乌市阜甜电子商务商行;https://shop604850t2341r3.1688.com;https://detail.1688.com/offer/632656729671.html
鄱阳县倪从阳饰品店;https://shop61z4z69326p65.1688.com;https://detail.1688.com/offer/654954829185.html
义乌市芹锦电子商务商行;https://shop11a9416u7a245.1688.com;https://detail.1688.com/offer/631772706252.html
义乌市冈麦电子商务有限公司;https://shop1398790709926.1688.com;https://detail.1688.com/offer/652938786701.html
义乌市靓颖饰品商行;https://shop8864397358036.1688.com;https://detail.1688.com/offer/650000728971.html
义乌市高途电子商务商行;https://gaotu809088915.1688.com;https://detail.1688.com/offer/618082366777.html
义乌市楠博电子商务商行;https://shop1410539936050.1688.com;https://detail.1688.com/offer/625478999283.html
浦江县韩茹电子商务商行;https://shop44585e925v9e6.1688.com;https://detail.1688.com/offer/653350717205.html
义乌市烨贝饰品有限公司;https://yebeishipin.1688.com;https://detail.1688.com/offer/651176420368.html
义乌市韦斯电子商务有限公司;https://shop1501418082970.1688.com;https://detail.1688.com/offer/625306158384.html
义乌市世钰饰品有限公司;https://shiyushipings.1688.com;https://detail.1688.com/offer/625964827972.html
义乌市千姿饰品有限公司;https://qianzic.1688.com;https://detail.1688.com/offer/626184385381.html
义乌市腾菡电子商务有限公司;https://shop9785m0rm86491.1688.com;https://detail.1688.com/offer/630174521069.html
义乌市象蝶电子商务商行;https://xiangdie.1688.com;https://detail.1688.com/offer/625573287765.html
义乌市雕琢电子商务商行;https://shop5u06u0816u898.1688.com;https://detail.1688.com/offer/630171957427.html
义乌市普霞日用百货商行;https://shop1429289399849.1688.com;https://detail.1688.com/offer/631775933918.html
义乌市久哈饰品有限公司;https://shop3f994a6z24238.1688.com;https://detail.1688.com/offer/621786955624.html
义乌市嫣婼电子商务商行;https://shop852d540122v04.1688.com;https://detail.1688.com/offer/618681241640.html
义乌市维蒙饰品有限公司;https://shop1491214756491.1688.com;https://detail.1688.com/offer/625691209892.html
义乌市虾皮饰品商行;https://shop458069zb996z5.1688.com;https://detail.1688.com/offer/650985289572.html
义乌市旭爵电子商务有限公司;https://shop1415896901343.1688.com;https://detail.1688.com/offer/641105618001.html
义乌市怡璇贸易有限公司;https://shop1473z360r2581.1688.com;https://detail.1688.com/offer/614715939883.html
鄱阳县禹卿城百货店;https://shop906156fa53205.1688.com;https://detail.1688.com/offer/653648828234.html
义乌市缪施电子商务商行;https://shop633547h065312.1688.com;https://detail.1688.com/offer/628054125971.html
龙港市米觅电子商务商行;https://shop6f94g970014y6.1688.com;https://detail.1688.com/offer/651974476776.html
胡二民;https://shop65t121058d943.1688.com;https://detail.1688.com/offer/627025903973.html
义乌市霖穆电子商务商行;https://shop3233717su4554.1688.com;https://detail.1688.com/offer/641697791808.html
义乌市璇涞电子商务商行;https://shop4833v965y1y18.1688.com;https://detail.1688.com/offer/649452161013.html
义乌市伊媛电子商务有限公司;https://shop3829u663690u1.1688.com;https://detail.1688.com/offer/649427197651.html
义乌市栾俏电子商务商行;https://shop5j0996284p087.1688.com;https://detail.1688.com/offer/642921393204.html
义乌市奈珠饰品厂;https://naizhushipin.1688.com;https://detail.1688.com/offer/648001341827.html
义乌市煌锦商贸有限公司;https://shop142b5560686p6.1688.com;https://detail.1688.com/offer/644690696749.html
义乌市家民贸易有限公司;https://shop1472452130381.1688.com;https://detail.1688.com/offer/652893495065.html
义乌市雪沙电子商务有限公司;https://shop77686d71307q9.1688.com;https://detail.1688.com/offer/651542152836.html
义乌市晴雯饰品有限公司;https://shop1357753428547.1688.com;https://detail.1688.com/offer/644075034895.html
南平市建阳区林农秦宣百货店;https://shop94371q673k841.1688.com;https://detail.1688.com/offer/649069772920.html
义乌市欧倍饰品有限公司;https://xinshuguang666.1688.com;https://detail.1688.com/offer/637041200888.html
义乌市颜瑟电子商务有限公司;https://shop7393824641303.1688.com;https://detail.1688.com/offer/654475880133.html
义乌市讴珂商贸有限公司;https://shop8h9z914j82196.1688.com;https://detail.1688.com/offer/644994029292.html
义乌市怡蓝饰品厂;https://shop51562m155r388.1688.com;https://detail.1688.com/offer/643844825326.html
宜春亚云饰品生产加工厂(有限合伙);https://shop10474326u62d9.1688.com;https://detail.1688.com/offer/645449843741.html
义乌市怀邦贸易有限公司;https://ywhuaibang.1688.com;https://detail.1688.com/offer/619185009363.html
台州市黄岩鼎丰工艺品厂;https://dingfengcraft.1688.com;https://detail.1688.com/offer/551000675926.html
义乌市怀邦电子商务有限公司;https://shop9i58p10915i53.1688.com;https://detail.1688.com/offer/619152693624.html
余姚市财励百货经营部;https://shop14425c1w65w00.1688.com;https://detail.1688.com/offer/651430939482.html
海丰县梅陇嘉饰界首饰商行;https://jiashijie.1688.com;https://detail.1688.com/offer/529360047597.html
义乌市腾层电子商务有限公司;https://tengceng.1688.com;https://detail.1688.com/offer/606085808023.html
义乌市翌阳饰品厂;https://yiwuyiyang.1688.com;https://detail.1688.com/offer/641583224483.html
义乌市道妮电子商务商行;https://dnshop.1688.com;https://detail.1688.com/offer/596529088453.html
义乌市辉耀饰品有限公司;https://shop7zdy956760942.1688.com;https://detail.1688.com/offer/632288665230.html
义乌梵美基服饰有限公司;https://shop9e8h834664066.1688.com;https://detail.1688.com/offer/653110946825.html
深圳市宝安区西乡百意电子商务商行;https://shop1414171191761.1688.com;https://detail.1688.com/offer/614564891157.html
常熟市莫城街道凡佳思服装店;https://shop69g93171j35r7.1688.com;https://detail.1688.com/offer/654262786808.html
义乌市戎赞电子商务商行;https://shop0n24363676912.1688.com;https://detail.1688.com/offer/648835995593.html
义乌市伽舀电子商务商行;https://shop7u06zb0352820.1688.com;https://detail.1688.com/offer/649724946932.html
义乌市漫尚饰品厂;https://shop8205141l928h3.1688.com;https://detail.1688.com/offer/641553840496.html
广州果朝电子商行;https://shop707s04g835779.1688.com;https://detail.1688.com/offer/655865735310.html
佛山市晾依世家智能家居有限公司;https://shop5352721t75432.1688.com;https://detail.1688.com/offer/585252221640.html
义乌市旭瑶电子商务商行;https://shop264241zlp4518.1688.com;https://detail.1688.com/offer/653725065194.html
绍兴上虞捷冉百货商行;https://shop184x065565be1.1688.com;https://detail.1688.com/offer/654948852826.html
义乌市韶轩电子商务商行;https://shop72753196v8626.1688.com;https://detail.1688.com/offer/648996001475.html
绍兴上虞新冉百货商行;https://shop22928j747y072.1688.com;https://detail.1688.com/offer/654511246824.html
义乌市笑蝶服装商行;https://shop1488646009674.1688.com;https://detail.1688.com/offer/591250065172.html
永定区逍栀承百货店;https://shop03f5956699w09.1688.com;https://detail.1688.com/offer/652429498018.html
义乌市辉约贸易有限公司;https://shop60175m8949r35.1688.com;https://detail.1688.com/offer/648673140811.html
义乌市畅意饰品配件有限公司;https://zhuhualiang.1688.com;https://detail.1688.com/offer/557638465838.html
肇庆市高要区庆达服装道具贸易有限公司;https://qingdayj.1688.com;https://detail.1688.com/offer/530725236514.html
河南四财网络科技有限公司;https://shop312l4185l2828.1688.com;https://detail.1688.com/offer/654882412113.html
义乌市芸禾电子商务有限公司;https://shop2i29808i935i9.1688.com;https://detail.1688.com/offer/654556127238.html
义乌市汇派工艺品有限公司;https://huipaigongyi.1688.com;https://detail.1688.com/offer/642881521699.html
义乌市隋莎电子商务商行;https://shaying.1688.com;https://detail.1688.com/offer/607553610012.html
义乌市西奈山电子商务商行;https://shop79001318k2906.1688.com;https://detail.1688.com/offer/639229120345.html
义乌馨豪饰品有限公司;https://shop44509de684680.1688.com;https://detail.1688.com/offer/627486507215.html
义乌市鹰拓玩具厂;https://yingtuo.1688.com;https://detail.1688.com/offer/630150732811.html
义乌市晨道电子商务商行;https://shop1466442739057.1688.com;https://detail.1688.com/offer/643348276796.html
青岛蒂梵克饰品有限公司;https://difankeshipin.1688.com;https://detail.1688.com/offer/644207535905.html
温州科恩博进出口有限公司;https://shop135349981js53.1688.com;https://detail.1688.com/offer/634060286410.html
义乌市欣滢饰品有限公司;https://shop943su162c9029.1688.com;https://detail.1688.com/offer/621704740235.html
义乌市砚钰珠宝有限公司;https://shop854g92sy90051.1688.com;https://detail.1688.com/offer/627255993573.html
义乌市畅毓电子商务商行;https://shop1490204134560.1688.com;https://detail.1688.com/offer/591462224140.html
义乌市黛露电子商务有限公司;https://shop4c053327v9a91.1688.com;https://detail.1688.com/offer/622263246914.html
沛县轩建百货店;https://shop9056u1736t939.1688.com;https://detail.1688.com/offer/642781026820.html
高新区枫桥百洋际百货商行;https://shop6z682v7452345.1688.com;https://detail.1688.com/offer/653526807280.html
义乌市念调电子商务商行;https://shop4083555236497.1688.com;https://detail.1688.com/offer/651991980576.html
何栋明;https://shop1431575231302.1688.com;https://detail.1688.com/offer/597714971859.html
义乌市皖韵饰品有限公司;https://shop939w4ey214350.1688.com;https://detail.1688.com/offer/634836830410.html
北京十字路口科技有限责任公司;https://shop56165m40p27p4.1688.com;https://detail.1688.com/offer/632218333169.html
宁波清涔电子商务有限公司;https://shop60g75s9857m90.1688.com;https://detail.1688.com/offer/643819968846.html
义乌市慧玥电子商务商行;https://ywshuolue.1688.com;https://detail.1688.com/offer/591678152213.html
广州风城烟雨服装厂;https://shop0m434659bo886.1688.com;https://detail.1688.com/offer/655050176005.html
诸暨市海之贝珠宝有限公司;https://sxhhaizhibei.1688.com;https://detail.1688.com/offer/652888692782.html
义乌市咏歌电子商务商行;https://yongge.1688.com;https://detail.1688.com/offer/625400372989.html
临海市速龙贸易有限公司;https://shop930190j02x549.1688.com;https://detail.1688.com/offer/582034757769.html
义乌市卡希文化用品有限公司;https://shop4414t11662476.1688.com;https://detail.1688.com/offer/630381833330.html
厦门世欣达箱包辅料有限公司;https://sxd888.1688.com;https://detail.1688.com/offer/645902598562.html
广州圆特贸易商行;https://shop5ll6352546026.1688.com;https://detail.1688.com/offer/651527013072.html
义乌市凌露电子商务有限公司;https://shop1404838608781.1688.com;https://detail.1688.com/offer/621985553165.html
义乌市华娜饰品商行;https://huanasp.1688.com;https://detail.1688.com/offer/586034426236.html
佛山市南海区尚雅熙珠宝商行;https://shop98b123m069542.1688.com;https://detail.1688.com/offer/654606319541.html
义乌市今庭电子商务商行;https://shop54707197bg995.1688.com;https://detail.1688.com/offer/624023836553.html
义乌市衫叶服饰有限公司;https://shop2y27552fz6101.1688.com;https://detail.1688.com/offer/637294576026.html
义乌市醒颜饰品有限公司;https://shop9w29051263808.1688.com;https://detail.1688.com/offer/655575514100.html
临海市希英眼镜商行;https://shop1456764595248.1688.com;https://detail.1688.com/offer/574459896797.html
临海市珂迪贸易有限公司;https://shop1466781914065.1688.com;https://detail.1688.com/offer/577511167463.html
义乌市允菁商贸有限公司;https://shop95p4184x08915.1688.com;https://detail.1688.com/offer/642610091345.html
龙港市纯利电子商务商行;https://shop9249du4799077.1688.com;https://detail.1688.com/offer/651271352508.html
青岛多米加工贸有限公司;https://duomijiajewelry.1688.com;https://detail.1688.com/offer/583535365614.html
义乌市丽略电子商务商行;https://npw1688.1688.com;https://detail.1688.com/offer/582873069557.html
东莞市摩尼卡五金饰品有限公司;https://mnkjewelry.1688.com;https://detail.1688.com/offer/630433566283.html
丹阳市界牌镇伦宇常家居用品厂;https://shop30271hh363118.1688.com;https://detail.1688.com/offer/652247515037.html
广州橙汁派对日用品商行;https://shop348614xq1y850.1688.com;https://detail.1688.com/offer/653602682264.html
新罗区易兴百货商行;https://shop74733sx647b27.1688.com;https://detail.1688.com/offer/644967014953.html
漯河西城区妙聚百货店;https://shop3757345640424.1688.com;https://detail.1688.com/offer/641979745378.html
丹阳市开发区连岛百货店;https://shop4661006716774.1688.com;https://detail.1688.com/offer/633660063019.html
召陵区陈彦华百货超市;https://shop329d8q2k02020.1688.com;https://detail.1688.com/offer/634636552736.html
揭阳空港区砲台镇齐发百货商店;https://shop21189os0147s7.1688.com;https://detail.1688.com/offer/651047873736.html
新罗区欧己诗百货店;https://shop3u359u98l9182.1688.com;https://detail.1688.com/offer/642969314322.html
莫渡（深圳）信息咨询有限公司;https://shop823jh388225y6.1688.com;https://detail.1688.com/offer/633821275378.html
义乌市施氏头花厂;https://shop63753700z09z1.1688.com;https://detail.1688.com/offer/608199497070.html
义乌市萧柒电子商务商行;https://shop3d30665022w86.1688.com;https://detail.1688.com/offer/650031341948.html
佛山市结果电子商务有限公司;https://shop5126zc0g12680.1688.com;https://detail.1688.com/offer/648301020892.html
万载县清坤日用品经营部;https://shop96621o2145555.1688.com;https://detail.1688.com/offer/651078833874.html
义乌市佐文饰品有限公司;https://zuowen.1688.com;https://detail.1688.com/offer/578041110499.html
临海市方宇眼镜厂;https://fangyuyanjing.1688.com;https://detail.1688.com/offer/577457138997.html
漳州开发区刷约沫视建材店;https://shop42746j58963h9.1688.com;https://detail.1688.com/offer/651258753662.html
义乌市琛吉电子商务商行;https://shop8581343q8qg54.1688.com;https://detail.1688.com/offer/651740706928.html
临海市国虎眼镜厂;https://shop4k18o51227163.1688.com;https://detail.1688.com/offer/645305252831.html
广东旭平首饰有限公司;https://xuping.1688.com;https://detail.1688.com/offer/654679319279.html
义乌市妍洋饰品有限公司;https://shop10271s8711638.1688.com;https://detail.1688.com/offer/625625146192.html
义乌市佳庆电子商务商行;https://shop9293916639635.1688.com;https://detail.1688.com/offer/652857379571.html
苍南县龙港格芙纸塑制品厂;https://shop08p731d8c4994.1688.com;https://detail.1688.com/offer/634948703782.html
义乌市姿魅情缘电子商务有限公司;https://shop377x872w18664.1688.com;https://detail.1688.com/offer/586991359221.html
义乌市盈美电子商务商行;https://glasseschain.1688.com;https://detail.1688.com/offer/630877302447.html
仙居县恒杨工艺品加工厂;https://hengyanggonyipin.1688.com;https://detail.1688.com/offer/642729794725.html
福建省安溪钱多多工艺品有限公司;https://shop3063268q49258.1688.com;https://detail.1688.com/offer/643060305711.html
佛山市结果信息技术有限公司;https://shop74905z9m19493.1688.com;https://detail.1688.com/offer/650616531798.html
广州德天杰网络科技工作室;https://shop338670z6k0331.1688.com;https://detail.1688.com/offer/633994152531.html
义乌市腾义饰品有限公司;https://tengyishipin.1688.com;https://detail.1688.com/offer/653246715563.html
义乌市玖哲工艺品厂;https://shop1618h43716t68.1688.com;https://detail.1688.com/offer/649677747216.html
临海市前景贸易有限公司;https://15268695998.1688.com;https://detail.1688.com/offer/634347132124.html
遂昌永铭日用百货商行;https://shop38970h9051p24.1688.com;https://detail.1688.com/offer/651018854720.html
青岛饰界饰品有限公司;https://shijie01.1688.com;https://detail.1688.com/offer/531071195594.html
万载县倩芬日用品经营部;https://shop16098660k2b66.1688.com;https://detail.1688.com/offer/651536832682.html
深圳市福田区曼星达科技商行;https://shop4l002v41f4705.1688.com;https://detail.1688.com/offer/655779758746.html
南平市建阳区练光纬百货店;https://shop1372um9879169.1688.com;https://detail.1688.com/offer/652143529404.html
义乌市书琴贸易商行;https://shop9e6883j947234.1688.com;https://detail.1688.com/offer/654978994732.html
柘荣县捷开日用品经营部;https://shop207453n6d6443.1688.com;https://detail.1688.com/offer/652339514893.html
新罗区湖港百货商行;https://shop4670843m3z137.1688.com;https://detail.1688.com/offer/642250159304.html
义乌市追霜电子商务有限公司;https://zhuishuang.1688.com;https://detail.1688.com/offer/602480085050.html
广州洁光贸易有限公司;https://shop8632d88932498.1688.com;https://detail.1688.com/offer/630635829015.html
江苏金科环境工程科技有限公司;https://jsjinke.1688.com;https://detail.1688.com/offer/567574757699.html
广州市克拉拉复古饰品商行;https://shop16952709b0981.1688.com;https://detail.1688.com/offer/653129478429.html
临海市奕杰眼镜商行;https://shop6715n3z3q2175.1688.com;https://detail.1688.com/offer/631536455130.html
义乌市宝臻贸易有限公司;https://shop1490634708649.1688.com;https://detail.1688.com/offer/572337121000.html
福建安溪新鸿宇工艺品有限公司;https://13348561588.1688.com;https://detail.1688.com/offer/613901274420.html
武汉通台亨工艺品有限公司;https://shop76v539803eu18.1688.com;https://detail.1688.com/offer/649433552746.html
九色源贸易（上海）有限公司;https://jiuseyuan.1688.com;https://detail.1688.com/offer/630106632606.html
