义乌市三态饰品有限公司;https://santai3333.1688.com;https://detail.1688.com/offer/588106802290.html
义乌市摩多贸易有限公司;https://moduomaoyi.1688.com;https://detail.1688.com/offer/655383549014.html
义乌市丝蕴服饰有限公司;https://shop20874va04j990.1688.com;https://detail.1688.com/offer/638878099256.html
台州莱薪源鞋业有限公司;https://shop9265471y644r0.1688.com;https://detail.1688.com/offer/645726652323.html
义乌市逸舒贸易有限公司;https://15868952333.1688.com;https://detail.1688.com/offer/588134073873.html
义乌市顺玛电子商务商行;https://shop54g0r57692404.1688.com;https://detail.1688.com/offer/635260241469.html
杭州隽逸服饰有限公司;https://shop7u7x6147e7894.1688.com;https://detail.1688.com/offer/640919089480.html
义乌市妍洋饰品有限公司;https://shop10271s8711638.1688.com;https://detail.1688.com/offer/614576085859.html
丹阳市界牌镇花申科工艺礼品厂;https://shop61oo8748u3500.1688.com;https://detail.1688.com/offer/653889663873.html
台州市黄岩妙林电子商务商行;https://shop79p5118259966.1688.com;https://detail.1688.com/offer/653136069132.html
义乌腾逸贸易有限公司;https://shop79812z7541a95.1688.com;https://detail.1688.com/offer/642855048029.html
义乌科凡电子商务商行;https://shop854301399n549.1688.com;https://detail.1688.com/offer/654904253336.html
义乌市妙宏饰品有限公司;https://miaohongacc.1688.com;https://detail.1688.com/offer/644644680696.html
海门市黑米尔服装厂;https://heimier.1688.com;https://detail.1688.com/offer/634144778123.html
余江区福凤经营部;https://shop17g80f0539307.1688.com;https://detail.1688.com/offer/655716677378.html
新沂市林之维百货店;https://shop403j8715994i9.1688.com;https://detail.1688.com/offer/656486567173.html
清河县芳慈绒毛制品有限公司;https://shop606x9xq190349.1688.com;https://detail.1688.com/offer/648420467645.html
温州金梵商贸有限公司;https://shop1j47d91567821.1688.com;https://detail.1688.com/offer/646859907447.html
台州市川微鞋业有限公司;https://shop64l852128l8u2.1688.com;https://detail.1688.com/offer/646297198598.html
台州市路桥区耀辉电子商务商行;https://shop219490o445623.1688.com;https://detail.1688.com/offer/646475408516.html
东阳市康穆电子商务商行;https://shop645221x7463x2.1688.com;https://detail.1688.com/offer/644743761053.html
义乌市欧创贸易有限公司;https://shop54mj2o3104291.1688.com;https://detail.1688.com/offer/637303869016.html
义乌市斐昱贸易有限公司;https://shop768t10it47398.1688.com;https://detail.1688.com/offer/638103000767.html
鄱阳县锺碧春网络技术工作室;https://shop73099657f6bq0.1688.com;https://detail.1688.com/offer/649701730516.html
茂名市茂南区联生贸易中心;https://shop1x12348502w70.1688.com;https://detail.1688.com/offer/642258326676.html
柘荣县庆图日用品经营部;https://shop7963428g6g051.1688.com;https://detail.1688.com/offer/650558759048.html
浙江灏翰商贸有限公司;https://shop3f56700266he0.1688.com;https://detail.1688.com/offer/641907608524.html
鄱阳县能冷松珠宝店;https://shop36203f1006856.1688.com;https://detail.1688.com/offer/650379411972.html
鄱阳县曲鹏服装店;https://shop027t10b324120.1688.com;https://detail.1688.com/offer/649012800552.html
义乌市雅漾饰品有限公司;https://shop916q332j13884.1688.com;https://detail.1688.com/offer/643234957534.html
余江区天朴经营部;https://shop73m4747017445.1688.com;https://detail.1688.com/offer/654775178739.html
龚辉仕;https://shop1398790738708.1688.com;https://detail.1688.com/offer/592850919960.html
袁州区婉雅网络工作室;https://shop3i121853i6338.1688.com;https://detail.1688.com/offer/652512108821.html
余江区偌慧经营部;https://shop2158240687t51.1688.com;https://detail.1688.com/offer/653569203141.html
海丰县梅陇银福源首饰厂;https://yinfuyuanshoushi.1688.com;https://detail.1688.com/offer/650097056164.html
海丰县黑蚂蚁电子商务有限公司;https://shop41v3553r091v6.1688.com;https://detail.1688.com/offer/650895946462.html
海丰县梅陇新银福源首饰厂;https://shop3325z83r164o1.1688.com;https://detail.1688.com/offer/650051664834.html
义乌市鑫悦电子商务商行;https://shop75543001v3j11.1688.com;https://detail.1688.com/offer/641865169094.html
义乌市鑫昊饰品有限公司;https://shop9t12921q15316.1688.com;https://detail.1688.com/offer/650503036320.html
义乌市诗虹饰品有限公司;https://shihong.1688.com;https://detail.1688.com/offer/636085647372.html
广州娃趣商贸有限公司;https://shop1478536907094.1688.com;https://detail.1688.com/offer/611193586393.html
义乌市阅美针织厂;https://shop49339872x9s72.1688.com;https://detail.1688.com/offer/640721614055.html
海丰县梅陇镇卡洛饰品商行;https://shop8213434f91238.1688.com;https://detail.1688.com/offer/650513553074.html
海丰县梅陇杰盛首饰厂;https://shop1452186276703.1688.com;https://detail.1688.com/offer/650115996820.html
朝阳区永婷商贸行;https://shop6n5219705s667.1688.com;https://detail.1688.com/offer/649532897850.html
义乌市玄晨电子商务商行;https://shop0642057jj7893.1688.com;https://detail.1688.com/offer/599347849618.html
郑州千野网络科技有限公司;https://shopqianye.1688.com;https://detail.1688.com/offer/642437707586.html
丹阳市界牌镇宁之荟工艺礼品厂;https://shop5830984g545q7.1688.com;https://detail.1688.com/offer/652943117844.html
袁州区风依网络工作室;https://shop0994777k19272.1688.com;https://detail.1688.com/offer/653602293433.html
万载县腹娇等百货店;https://shop9b1415ev39823.1688.com;https://detail.1688.com/offer/654792386939.html
柘荣县角半日用品经营部;https://shop34738b87sm401.1688.com;https://detail.1688.com/offer/653259069111.html
余江区浩凯经营部;https://shop859634uu82314.1688.com;https://detail.1688.com/offer/651864619701.html
万载县妙彩百货商行;https://shop208336l8z6212.1688.com;https://detail.1688.com/offer/654794438624.html
漳州开发区会雯韵百货店;https://shop94337o305z274.1688.com;https://detail.1688.com/offer/655640026434.html
万载县鱼饿东百货店;https://shop926i611u3i253.1688.com;https://detail.1688.com/offer/655177237234.html
义乌市哈尼服饰厂;https://shop1436289077673.1688.com;https://detail.1688.com/offer/638914432254.html
余江区尔高经营部;https://shop2p31372c02141.1688.com;https://detail.1688.com/offer/655397907511.html
余江区圣怡经营部;https://shop9249v91g69808.1688.com;https://detail.1688.com/offer/655449307961.html
杭州启典文化创意有限公司;https://shop68t49766tg332.1688.com;https://detail.1688.com/offer/641710552099.html
浙江德清丝雅纺织科技有限公司;https://siyascarf.1688.com;https://detail.1688.com/offer/641169414735.html
义乌市萍繁电子商务商行;https://shop5457cj92r8363.1688.com;https://detail.1688.com/offer/643480812161.html
义乌市媛涞电子商务商行;https://shop512i0104668c7.1688.com;https://detail.1688.com/offer/647241147705.html
深圳市宝安区鼎晟贸易商行;https://shop56368w812v949.1688.com;https://detail.1688.com/offer/652124419747.html
义乌市新珞丹服饰有限公司;https://xinluodan.1688.com;https://detail.1688.com/offer/643064339265.html
义乌市简明商贸有限公司;https://kouyuansu.1688.com;https://detail.1688.com/offer/637909403344.html
义乌市乔瑟电子商务商行;https://shop0931140r54s01.1688.com;https://detail.1688.com/offer/627105268575.html
义乌市建哲日用品商行;https://zhixinfushichang.1688.com;https://detail.1688.com/offer/595380167725.html
义乌市布瞳电子商务商行;https://shop3h69036t66304.1688.com;https://detail.1688.com/offer/654193575263.html
义乌市艾诚饰品有限公司;https://shop6845359468p54.1688.com;https://detail.1688.com/offer/645771950758.html
义乌市雅悦电子商务有限公司;https://shop91c8521125297.1688.com;https://detail.1688.com/offer/642138987545.html
南昌万纳网络科技有限公司;https://wanna2021.1688.com;https://detail.1688.com/offer/644132493015.html
义乌市围欣电子商务商行;https://shop0409f64jw8447.1688.com;https://detail.1688.com/offer/627162641427.html
台州市黄岩微硕鞋业商行;https://shop2409x004v9870.1688.com;https://detail.1688.com/offer/646499631511.html
义乌市朵哈服饰有限公司;https://shop87w2483167956.1688.com;https://detail.1688.com/offer/639090985139.html
义乌市普春服饰有限公司;https://mouchengjun.1688.com;https://detail.1688.com/offer/641152752304.html
义乌市妮琪服饰有限公司;https://shop1364404432584.1688.com;https://detail.1688.com/offer/626338386166.html
义乌市之桃针织品厂;https://zhitaoweijin.1688.com;https://detail.1688.com/offer/641700245077.html
义乌市围艺贸易有限公司;https://ywsweiyi.1688.com;https://detail.1688.com/offer/589054609808.html
深圳市光明新区薇妮乐服饰批发商行;https://shop3066587vv7176.1688.com;https://detail.1688.com/offer/645449727895.html
义乌市穆瑶饰品厂;https://muyaoshipin.1688.com;https://detail.1688.com/offer/648497312013.html
湖州万事盛服饰品有限公司;https://shop1012o4x582531.1688.com;https://detail.1688.com/offer/641686121118.html
丰泽区沈途百货网店;https://shop68426892glg28.1688.com;https://detail.1688.com/offer/653602361442.html
东阳市沁鱼电子商务有限公司;https://shop858d604c549a8.1688.com;https://detail.1688.com/offer/643725848014.html
义乌市彦艺饰品有限公司;https://shop18b853b063w23.1688.com;https://detail.1688.com/offer/648916461769.html
袁州区素玄网络工作室;https://shop117055518i138.1688.com;https://detail.1688.com/offer/655662413958.html
连城县瑶束雪百货店;https://shop56jr583d06019.1688.com;https://detail.1688.com/offer/654327340665.html
哈尔滨透笼轻工批发市场女孩心饰饰品行;https://shop49q95275g3881.1688.com;https://detail.1688.com/offer/632858678816.html
上海度云商贸有限公司;https://duyunshanmao.1688.com;https://detail.1688.com/offer/641135460040.html
义乌市王娟香电子商务商行;https://shop8ma915328h889.1688.com;https://detail.1688.com/offer/579492624877.html
佛山市禅城区识开纺织商行;https://shop95n351e3z7254.1688.com;https://detail.1688.com/offer/646424511886.html
佛山市南海区惠源茂日用百货商行;https://shop5g93t61e13214.1688.com;https://detail.1688.com/offer/654875548760.html
义乌市优洛佳饰品有限公司;https://shop83898936j5508.1688.com;https://detail.1688.com/offer/644907196128.html
义乌市千缕围巾有限公司;https://ywqlwj.1688.com;https://detail.1688.com/offer/636575277458.html
佛山市禅城区衫蒂恩百货店;https://shop7f991o0097869.1688.com;https://detail.1688.com/offer/641816199108.html
新罗区阙夕芸百货商行;https://shop40o21o450j762.1688.com;https://detail.1688.com/offer/639656169363.html
义乌市聚庭日用品有限公司;https://juting.1688.com;https://detail.1688.com/offer/528571958239.html
义乌市追空电子商务商行;https://shop1397235239841.1688.com;https://detail.1688.com/offer/641738381427.html
义乌市莫绅贸易有限公司;https://shop1481302480465.1688.com;https://detail.1688.com/offer/626626081882.html
义乌市豪度服饰有限公司;https://shop4p26370720269.1688.com;https://detail.1688.com/offer/643933058023.html
义乌市泰斯饰品有限公司;https://shop175543n312q68.1688.com;https://detail.1688.com/offer/601407079613.html
义乌市夏然饰品有限公司;https://shop67n9956f68t51.1688.com;https://detail.1688.com/offer/639074291251.html
义乌市东歆电子商务商行;https://shop1487610367932.1688.com;https://detail.1688.com/offer/571981250630.html
义乌市程樱电子商务商行;https://shop1439225338007.1688.com;https://detail.1688.com/offer/635586198246.html
义乌市揭谛贸易有限公司;https://shop1412681282xg3.1688.com;https://detail.1688.com/offer/635694565104.html
义乌市王明昌皮带商行;https://csbuckle.1688.com;https://detail.1688.com/offer/534787497572.html
佛山市南海区幻美尔家具厂;https://shop8k599el431791.1688.com;https://detail.1688.com/offer/650826655156.html
义乌市左芷日用品有限公司;https://zuozhixqt.1688.com;https://detail.1688.com/offer/536698187301.html
义乌市多乐电子商务商行;https://duolegift.1688.com;https://detail.1688.com/offer/644078594262.html
北京丽欣尚品商贸中心;https://florastory.1688.com;https://detail.1688.com/offer/559212850506.html
义乌市迩旭贸易有限公司;https://shop573037xb382q2.1688.com;https://detail.1688.com/offer/648531334840.html
深圳市龙岗区腾海惠纺织商行;https://shop1476429684092.1688.com;https://detail.1688.com/offer/621230320197.html
高新区枫桥双澄百货商行;https://shop865744090pa83.1688.com;https://detail.1688.com/offer/653981066389.html
义乌市华娟饰品有限公司;https://huajuanshipin.1688.com;https://detail.1688.com/offer/631426672354.html
尤溪县嘉磊商行;https://shop085389ht545x6.1688.com;https://detail.1688.com/offer/641763888219.html
余江区晓乐贸易商行;https://shop9456391q82755.1688.com;https://detail.1688.com/offer/653349709648.html
揭阳市揭东区磐东美欧敏百货店;https://shop303x713754e01.1688.com;https://detail.1688.com/offer/655782615622.html
广州苏一纳贸易有限公司;https://shop6874828547741.1688.com;https://detail.1688.com/offer/649205948988.html
余江区广度电子商务商行;https://shop0867n0w2z7115.1688.com;https://detail.1688.com/offer/653925837218.html
义乌市慧很多电子商务有限公司;https://shop7265v60465t36.1688.com;https://detail.1688.com/offer/654260414838.html
义乌市库里日用百货有限公司;https://shop94h53l673j495.1688.com;https://detail.1688.com/offer/633195692894.html
义乌市问虎贸易有限公司;https://shop94885o743o6p2.1688.com;https://detail.1688.com/offer/638595966196.html
南昌雨精灵工贸有限公司;https://jxxj1688ali.1688.com;https://detail.1688.com/offer/645840728932.html
义乌市顶珍饰品有限公司;https://dinzhen.1688.com;https://detail.1688.com/offer/653798130255.html
义乌市火球贸易有限公司;https://shop4664m41348516.1688.com;https://detail.1688.com/offer/640580144567.html
义乌市兴洪饰品有限公司;https://shop9762q66563118.1688.com;https://detail.1688.com/offer/631392798968.html
义乌市暖铭电子商务有限公司;https://shop87n311x537n24.1688.com;https://detail.1688.com/offer/643279871778.html
东阳市希意饰品厂;https://shop9481s116405b8.1688.com;https://detail.1688.com/offer/655502011898.html
义乌市潮炫饰品有限公司;https://shop84o303987q378.1688.com;https://detail.1688.com/offer/654796865934.html
义乌市惜美饰品厂;https://shop99034029609i3.1688.com;https://detail.1688.com/offer/655554663525.html
义乌市缕念电子商务有限公司;https://shop1457715668973.1688.com;https://detail.1688.com/offer/615044219663.html
义乌市素汐贸易有限公司;https://shop1460566017909.1688.com;https://detail.1688.com/offer/645374523723.html
广州市凌莱纺织商行;https://shop97bt91359t191.1688.com;https://detail.1688.com/offer/653772113352.html
义乌市梦魁饰品加工厂;https://huazhixinyu.1688.com;https://detail.1688.com/offer/633543972747.html
明光市诚惠贸易商行;https://shop785259215h337.1688.com;https://detail.1688.com/offer/641768423277.html
青岛元美源发制品有限公司;https://qdhongshengjiafa.1688.com;https://detail.1688.com/offer/524522277509.html
杭州久越箱包服饰有限公司;https://elfale2.1688.com;https://detail.1688.com/offer/633256338627.html
义乌市旺实电子商务有限公司;https://shop8r57315m62879.1688.com;https://detail.1688.com/offer/627441122310.html
义乌市爱符电子商务商行;https://ai5201314.1688.com;https://detail.1688.com/offer/640389415410.html
义乌市耀艳电子商务有限公司;https://shop87w73w709c704.1688.com;https://detail.1688.com/offer/642387645663.html
兴城市瑷琪泳装销售店;https://aiqiswimwear.1688.com;https://detail.1688.com/offer/543577912236.html
义乌市丰恒电子商务商行;https://shop703v3797429v8.1688.com;https://detail.1688.com/offer/641859121574.html
义乌市厚逸服饰有限公司;https://shop1486387969061.1688.com;https://detail.1688.com/offer/646646716591.html
义乌市迪倩饰品有限公司;https://ywdiqian.1688.com;https://detail.1688.com/offer/640853600738.html
景宁联豪日用百货商行;https://shop429402075i110.1688.com;https://detail.1688.com/offer/655428299609.html
广州海升纺织厂;https://shop5506x63191pm4.1688.com;https://detail.1688.com/offer/649512934487.html
焕朵拉(广州)形象设计中心;https://shop675b0412445c1.1688.com;https://detail.1688.com/offer/648820220617.html
广州宜生纺织商行;https://shop33719358x62z0.1688.com;https://detail.1688.com/offer/639437351287.html
义乌市礼申饰品有限公司;https://shop1513445y0s840.1688.com;https://detail.1688.com/offer/642903508873.html
义乌语安饰品有限公司;https://shop8454036599kc8.1688.com;https://detail.1688.com/offer/642711491693.html
