义乌市安迎贸易有限公司;https://anyingshipin.1688.com;https://detail.1688.com/offer/624227651824.html
义乌市簪珏饰品有限公司;https://shop02864z96p8301.1688.com;https://detail.1688.com/offer/623087160211.html
义乌市炜翼饰品有限公司;https://shop595965s65u216.1688.com;https://detail.1688.com/offer/610696623020.html
义乌市桃桃饰品有限公司;https://shop263311980zi15.1688.com;https://detail.1688.com/offer/654534793960.html
义乌市炫朵饰品有限公司;https://shop5632i69k31k42.1688.com;https://detail.1688.com/offer/602931199551.html
义乌市飞韩饰品有限公司;https://feihan.1688.com;https://detail.1688.com/offer/601230420418.html
义乌市浩桀电子商务有限公司;https://shop01p2x34752281.1688.com;https://detail.1688.com/offer/586166372364.html
义乌市闲婷电子商务商行;https://shop8185a18331437.1688.com;https://detail.1688.com/offer/655997487252.html
义乌市莉韩饰品有限公司;https://lihan2019.1688.com;https://detail.1688.com/offer/623351126221.html
义乌市景初饰品有限公司;https://shop0255g09588938.1688.com;https://detail.1688.com/offer/629022693881.html
广州市海珠区直角贸易商行;https://shop99l1j708j4291.1688.com;https://detail.1688.com/offer/637427001409.html
义乌市美添色电子商务有限公司;https://shop3g466z20449g7.1688.com;https://detail.1688.com/offer/628867869421.html
广州颖盈贸易商行;https://shop03485c0wn5396.1688.com;https://detail.1688.com/offer/646062663197.html
七星关区卉紫服饰经营部;https://shop4k586d88o2002.1688.com;https://detail.1688.com/offer/608518184354.html
永定区宇帆百货店;https://shop52n8075w14003.1688.com;https://detail.1688.com/offer/655056862746.html
高新技术产业开发区域琴物资经销处;https://shop9t347657455x5.1688.com;https://detail.1688.com/offer/654715945248.html
义乌市目振日用百货商行;https://shop03r88u419w225.1688.com;https://detail.1688.com/offer/652999473201.html
义乌市达诺贸易有限公司;https://danuomaoyi.1688.com;https://detail.1688.com/offer/643493664019.html
高新区枫桥优辉辉百货商行;https://shop3730468h30uk0.1688.com;https://detail.1688.com/offer/651203833693.html
尤溪县启慧幼网店;https://shop65s393d693939.1688.com;https://detail.1688.com/offer/639511589515.html
余姚市伊东贸易商行;https://shop6x33559190c16.1688.com;https://detail.1688.com/offer/653204153239.html
佛山市南海区精宝基日用百货商行;https://shop7010r29659092.1688.com;https://detail.1688.com/offer/649867932354.html
广州春和数码科技有限公司;https://shop045e8150583i7.1688.com;https://detail.1688.com/offer/654874032883.html
朝阳区绪坤商贸行;https://shop6m2p83m386887.1688.com;https://detail.1688.com/offer/655251294433.html
宜丰县金凡铭百货店;https://shop04k61t7198848.1688.com;https://detail.1688.com/offer/654714489498.html
河南绍靖商贸有限公司;https://shop03319885q2132.1688.com;https://detail.1688.com/offer/652308421908.html
玉林市玉州区瑞飞日用品店;https://shop5330648tek656.1688.com;https://detail.1688.com/offer/649473526843.html
兰山区派辉百货商店;https://shop3652n85h2x349.1688.com;https://detail.1688.com/offer/654851927197.html
平昌县隆泰商贸有限公司;https://shop32966pk9p4481.1688.com;https://detail.1688.com/offer/648229817120.html
义乌市丹琦饰品有限公司;https://shop12242y3391x86.1688.com;https://detail.1688.com/offer/645398314429.html
义乌市米罗饰品有限公司;https://shop75844n4527z84.1688.com;https://detail.1688.com/offer/646689758369.html
义乌市喜果饰品有限公司;https://shop03888772u2808.1688.com;https://detail.1688.com/offer/643884837250.html
义乌英晟工艺品有限公司;https://yingshengcraft.1688.com;https://detail.1688.com/offer/646677430418.html
义乌市紫旭饰品有限公司;https://shop348a392p05l77.1688.com;https://detail.1688.com/offer/647763328846.html
五华县横陂镇花莹电子商务部;https://shop7h2t579t00509.1688.com;https://detail.1688.com/offer/652799431096.html
五华县横陂镇小精灵电子商务部;https://shop4w3r2819f5243.1688.com;https://detail.1688.com/offer/624611370230.html
义乌市漠辰电子商务有限公司;https://shop602g8c8i61615.1688.com;https://detail.1688.com/offer/633726158010.html
广州市番禺区石基固尔马木制品加工厂;https://shop816465h097662.1688.com;https://detail.1688.com/offer/655472626602.html
义乌市靓的电子商务商行;https://shop9855170467i01.1688.com;https://detail.1688.com/offer/655941402510.html
广州市番禺区市桥初群化妆品店;https://shop893r34l3z6431.1688.com;https://detail.1688.com/offer/631184782599.html
广州市天河区车陂程元征百货店;https://shop0x47338981366.1688.com;https://detail.1688.com/offer/634743007809.html
永定区萱聚晖百货商行;https://shop4s13i62z13886.1688.com;https://detail.1688.com/offer/638046483524.html
余江区霖雨经营部;https://shop6h4668192ho11.1688.com;https://detail.1688.com/offer/655921214672.html
新罗区卡咖百货商行;https://shop60s249cc9u682.1688.com;https://detail.1688.com/offer/652057681755.html
义乌市怀英电子商务商行;https://shop41114w7697f43.1688.com;https://detail.1688.com/offer/624984843265.html
新罗区香怀瑶百货店;https://shop7377792592238.1688.com;https://detail.1688.com/offer/643489265629.html
玉林市玉州区骏兴日用百货店;https://shop952ff25901847.1688.com;https://detail.1688.com/offer/652439200403.html
义乌市逸金饰品有限公司;https://shop73di24505o204.1688.com;https://detail.1688.com/offer/646373901691.html
莆田市秀屿区东峤益尚服饰商行;https://shop8951m95548288.1688.com;https://detail.1688.com/offer/647448017862.html
义乌市怡杰电子商务商行;https://shop681ax3j286264.1688.com;https://detail.1688.com/offer/642312121851.html
莆田市秀屿区东庄粦陈服装商行;https://shop194a0265oo200.1688.com;https://detail.1688.com/offer/651892588497.html
永嘉县发缘塑料加工厂;https://shop03431ym121926.1688.com;https://detail.1688.com/offer/650838517676.html
余姚市微月电器商行;https://shop51689956u7g80.1688.com;https://detail.1688.com/offer/651617691688.html
新罗区智伟百货商行;https://shop19vv575247694.1688.com;https://detail.1688.com/offer/651173361637.html
陆川县惠霖日用品店;https://shop78046017l7051.1688.com;https://detail.1688.com/offer/650642713914.html
玉林市玉州区辛南百货店;https://shop897hb9b394281.1688.com;https://detail.1688.com/offer/649985360222.html
义乌市广哥贸易有限公司;https://shop8175bl2989857.1688.com;https://detail.1688.com/offer/619898994245.html
义乌市爱晏饰品有限公司;https://shop4129v771at488.1688.com;https://detail.1688.com/offer/649521283960.html
义乌市郑浩饰品有限公司;https://shop5776797998700.1688.com;https://detail.1688.com/offer/650087847159.html
义乌市凌果饰品厂;https://lingguoshipin.1688.com;https://detail.1688.com/offer/622830705197.html
广州市花都区狮岭高岭百货店;https://shop329561cu53035.1688.com;https://detail.1688.com/offer/646218137609.html
淮南莱鹏商贸有限公司;https://shop79u6i98270l78.1688.com;https://detail.1688.com/offer/629316828322.html
广州市越秀区小雀斑饰品商行;https://shop8149r7727zr09.1688.com;https://detail.1688.com/offer/641646391675.html
义乌市羽韩饰品有限公司;https://shop07777w85815s4.1688.com;https://detail.1688.com/offer/613805268924.html
柘荣县角村日用品经营部;https://shop12u1790r83y92.1688.com;https://detail.1688.com/offer/645893610635.html
柘荣县角拆日用品经营部;https://shop4m2681e056u23.1688.com;https://detail.1688.com/offer/649976594191.html
义乌市绣慈电子商务商行;https://shop68l45l7966727.1688.com;https://detail.1688.com/offer/644492132120.html
揭阳市揭东区新亨镇雅汽百货商行;https://shop594e521a34167.1688.com;https://detail.1688.com/offer/652462398395.html
永定区虑极实百货商行;https://shop2865i157y28l9.1688.com;https://detail.1688.com/offer/648742556462.html
台州市黄岩银风日用品商行;https://shop2572uc246v718.1688.com;https://detail.1688.com/offer/656150075518.html
铜陵市郊区尚行电子商务商行;https://shop624559990k6k1.1688.com;https://detail.1688.com/offer/654875432449.html
义乌市佳岩电子商务有限公司;https://shop9jb4034957123.1688.com;https://detail.1688.com/offer/601517243676.html
义乌市吉佳贸易有限公司;https://shop5592292722767.1688.com;https://detail.1688.com/offer/630614988134.html
广州市越秀区千贤贸易商行;https://shop59w418048eu65.1688.com;https://detail.1688.com/offer/650451232543.html
义乌市佳豆饰品商行;https://jiadou.1688.com;https://detail.1688.com/offer/639724212039.html
义乌市搜派电子商务有限公司;https://shuzhizuan.1688.com;https://detail.1688.com/offer/646233271748.html
高新区枫桥百妙新百货商行;https://shop49tq89001t7w4.1688.com;https://detail.1688.com/offer/654721004224.html
玉林市玉州区环轲百货店;https://shop6112406100u71.1688.com;https://detail.1688.com/offer/651820496177.html
玉林市玉州区荣腾百货店;https://shop64l8p9301b248.1688.com;https://detail.1688.com/offer/654539232434.html
余江区辍素电子商务商行;https://shop6710f02ff4930.1688.com;https://detail.1688.com/offer/651318351138.html
余江区六藕王商贸商行;https://shop037k43665s384.1688.com;https://detail.1688.com/offer/652184109212.html
玉林市玉州区玛咸百货店;https://shop7528806989c35.1688.com;https://detail.1688.com/offer/650878513582.html
尤溪县依都学网店;https://shop312y02y8265y4.1688.com;https://detail.1688.com/offer/640551165858.html
新罗区可梦涛百货店;https://shop78n94302v5838.1688.com;https://detail.1688.com/offer/648847236791.html
义乌市煌锦商贸有限公司;https://shop142b5560686p6.1688.com;https://detail.1688.com/offer/650861127512.html
深圳聚得鑫贸易有限公司;https://shop22680443s6h38.1688.com;https://detail.1688.com/offer/650877969028.html
义乌市炫妮饰品有限公司;https://shop3el310l541409.1688.com;https://detail.1688.com/offer/641196177454.html
义乌市雨璇饰品厂;https://shop48y78020618a6.1688.com;https://detail.1688.com/offer/641161913654.html
东莞市莞城美时拾禾百货店;https://shop796301b18g592.1688.com;https://detail.1688.com/offer/635866730136.html
深圳市龙华区康新雨贸易商行;https://shop56v411r3420v4.1688.com;https://detail.1688.com/offer/652890065528.html
佛山市禅城区靖霄贸易商行;https://shop265j7t4724j26.1688.com;https://detail.1688.com/offer/653606373018.html
高新区枫桥火红红百货商行;https://shop13773x0x52323.1688.com;https://detail.1688.com/offer/652873001487.html
新沂市福鑫恒家居用品经营部;https://shop94w0295554z03.1688.com;https://detail.1688.com/offer/651904532308.html
佛山市禅城区鑫驰哈服装厂;https://shop21142586u9v59.1688.com;https://detail.1688.com/offer/649443609757.html
余姚市暇宇电子经营部;https://shop78884574698v7.1688.com;https://detail.1688.com/offer/650994020832.html
玉林市玉州区卡熙美百货店;https://shop2e52f967e6753.1688.com;https://detail.1688.com/offer/651089326576.html
义乌市蜡节电子商务商行;https://shop882dw25778g75.1688.com;https://detail.1688.com/offer/649687880781.html
高新区枫桥思巷源百货商行;https://shop582v362w24j75.1688.com;https://detail.1688.com/offer/655108791902.html
漳州开发区稽高义网络技术工作室;https://shop226822m6899u2.1688.com;https://detail.1688.com/offer/652699790677.html
义乌市烁史电子商务商行;https://shop872223wm00764.1688.com;https://detail.1688.com/offer/650840464524.html
义乌市签先电子商务商行;https://shop1983694086dd6.1688.com;https://detail.1688.com/offer/649570013956.html
广州利士风贸易有限公司;https://shop36b7063363745.1688.com;https://detail.1688.com/offer/655200787266.html
成华区子林念商贸部;https://shop55214b0o139t3.1688.com;https://detail.1688.com/offer/654954331859.html
景宁泰庆日用百货商行;https://shop69k1683529224.1688.com;https://detail.1688.com/offer/651845351801.html
广州枭晨服装厂;https://shop11588cn5c3y92.1688.com;https://detail.1688.com/offer/654628274132.html
永定区绛想赏百货店;https://shop33657b94001a8.1688.com;https://detail.1688.com/offer/643728851801.html
新罗区楠音悠百货商行;https://shop76u3288211h73.1688.com;https://detail.1688.com/offer/642199579028.html
玉林市玉州区晨凡百货店;https://shop27082e740d2y6.1688.com;https://detail.1688.com/offer/651165838632.html
义乌市竞塑电子商务商行;https://shop0g9g5896524t7.1688.com;https://detail.1688.com/offer/650840339162.html
玉林市玉州区企电百货店;https://shop2430l8i538y79.1688.com;https://detail.1688.com/offer/650607842328.html
玉林市玉州区金天佛百货店;https://shop605e43j51a219.1688.com;https://detail.1688.com/offer/644677606546.html
玉林市玉州区妙潼日用百货店;https://shop49412s5bt5283.1688.com;https://detail.1688.com/offer/642059886477.html
义乌市魔鞠电子商务商行;https://shop4o8l36i018223.1688.com;https://detail.1688.com/offer/654814360189.html
龙港市李术百货商行;https://shop084q63766vn72.1688.com;https://detail.1688.com/offer/654819682416.html
玉林市玉州区环安百货店;https://shop1029203g5h283.1688.com;https://detail.1688.com/offer/650942106130.html
漳州开发区京青举百货店;https://shop23180gk79a599.1688.com;https://detail.1688.com/offer/646438237141.html
西安市未央区郝希航贸易商行;https://shop393465391x5q7.1688.com;https://detail.1688.com/offer/641820252172.html
义乌市荟铭贸易商行;https://shop7494n4i9194v7.1688.com;https://detail.1688.com/offer/653365657082.html
景宁恒升日用百货商行;https://shop6467870714515.1688.com;https://detail.1688.com/offer/649460064112.html
万载县森周嗯日用品经营部;https://shop9268r3ph89534.1688.com;https://detail.1688.com/offer/651722626170.html
义乌市漫尚饰品厂;https://shop8205141l928h3.1688.com;https://detail.1688.com/offer/614313929820.html
义乌市萌玥饰品有限公司;https://shop498138gk35008.1688.com;https://detail.1688.com/offer/642702063376.html
深圳市禾山科技有限公司;https://shop60j702f434i94.1688.com;https://detail.1688.com/offer/643182281252.html
温州市鹿城区眯黔百货店;https://shop239188z617750.1688.com;https://detail.1688.com/offer/654524277062.html
新罗区蔻唯妮百货店;https://shop70a05456g27c9.1688.com;https://detail.1688.com/offer/648363446429.html
新沂市诺蔓衣坊服装经营部;https://shop8417857877872.1688.com;https://detail.1688.com/offer/653488958730.html
深圳市魅之盛贸易有限公司;https://shop5647c07666aa5.1688.com;https://detail.1688.com/offer/647569372747.html
义乌市静湾饰品有限公司;https://shop7471p856a0b17.1688.com;https://detail.1688.com/offer/650917346462.html
广州山海诚品贸易有限公司;https://shop86013446197m6.1688.com;https://detail.1688.com/offer/650584414985.html
广州市天河区沙东雅雁姬服装店;https://shop0g38012k49v90.1688.com;https://detail.1688.com/offer/641541269626.html
广州韩敏川商贸有限公司;https://shop9889o796505f9.1688.com;https://detail.1688.com/offer/644903542288.html
高新区枫桥蕾科百货商行;https://shop86u5315240572.1688.com;https://detail.1688.com/offer/654130405840.html
新罗区建霖百货商行;https://shop5232179724801.1688.com;https://detail.1688.com/offer/650742792547.html
杭州余杭飞庆五金商行;https://shop9923688q12086.1688.com;https://detail.1688.com/offer/655467629370.html
佛山市南海区旭笙萧电子商务服务部;https://shop5224450737s04.1688.com;https://detail.1688.com/offer/655494029209.html
仙游县鲤城娅苍工艺品店;https://shop553na081413d4.1688.com;https://detail.1688.com/offer/654238976259.html
义乌市露平日用百货商行;https://shop2780353hj5x71.1688.com;https://detail.1688.com/offer/656023611986.html
广州芸腾贸易商行;https://shop5408c09495428.1688.com;https://detail.1688.com/offer/655174838154.html
遂昌广蒂贸易商行;https://shop89971e6509355.1688.com;https://detail.1688.com/offer/655676094462.html
义乌市缪源电子商务有限公司;https://shop1483031051133.1688.com;https://detail.1688.com/offer/543903762920.html
枣庄高新区纤谷田食品经营店;https://xiangutian.1688.com;https://detail.1688.com/offer/623383099025.html
上海立棪贸易有限公司;https://shop1381856146562.1688.com;https://detail.1688.com/offer/610661476527.html
慈溪市长河镇佳佳塑料蜂具厂;https://zjnbjiajia.1688.com;https://detail.1688.com/offer/638220525324.html
深圳市海沛电子科技有限公司;https://shop87294u78u3186.1688.com;https://detail.1688.com/offer/645653407473.html
深圳市美易信商贸有限公司;https://shop3501l8r96o429.1688.com;https://detail.1688.com/offer/647154609578.html
深圳市晴念科技有限公司;https://shop7803011m42710.1688.com;https://detail.1688.com/offer/654277268000.html
浦江梦飞儿贸易有限公司;https://shop9138446672519.1688.com;https://detail.1688.com/offer/626266991550.html
义乌市侯铭日用百货商行;https://shop15x8a8d882284.1688.com;https://detail.1688.com/offer/654684613209.html
深圳市熙云朵朵贸易有限公司;https://shop4q03914a932d5.1688.com;https://detail.1688.com/offer/653870798945.html
义乌乾琦贸易商行;https://shop9636s572l3261.1688.com;https://detail.1688.com/offer/642495793724.html
聊城高新区兰语日用百货经营中心;https://shop6740k27261120.1688.com;https://detail.1688.com/offer/644609341787.html
广州市越秀区宏明汽车配件贸易商行;https://shop8q55918473182.1688.com;https://detail.1688.com/offer/645871608324.html
江阴市华士镇锦标塑料制品经营部;https://shop4g93544740782.1688.com;https://detail.1688.com/offer/624271704493.html
义乌市回酷日用百货商行;https://shop0729m954n7425.1688.com;https://detail.1688.com/offer/652721099976.html
建德市三都镇安山贸易商行;https://shop6a16848a79353.1688.com;https://detail.1688.com/offer/655535217262.html
新罗区莲腾轩百货店;https://shop9500470709iw1.1688.com;https://detail.1688.com/offer/655480677519.html
广州市荔湾区小圆商贸店;https://shop48w532wr98056.1688.com;https://detail.1688.com/offer/656029102551.html
河间市鑫凯塑料制品厂;https://shop1495817228590.1688.com;https://detail.1688.com/offer/627278349803.html
广州秀惠服装店;https://shop137686a5o00l4.1688.com;https://detail.1688.com/offer/648649012675.html
贵港市港北区优萌精品批发部;https://shop43223441b5414.1688.com;https://detail.1688.com/offer/642573793887.html
广州奇想科技有限公司;https://shop2582696423uk8.1688.com;https://detail.1688.com/offer/656097375781.html
江阴市华士镇恒一塑料制品经营部;https://hengyirq.1688.com;https://detail.1688.com/offer/624995878366.html
慈溪市佳百列塑业有限公司;https://zjnbjiajia2010.1688.com;https://detail.1688.com/offer/592587478821.html
兰山区葛尚百货店;https://shop2bj5407450q51.1688.com;https://detail.1688.com/offer/654188014437.html
宁波乐萌儿童用品有限公司;https://shop0111131408596.1688.com;https://detail.1688.com/offer/617444302746.html
广州市焙丝乐塑料制品有限公司;https://baslo88.1688.com;https://detail.1688.com/offer/570454969867.html
义乌中茂日用百货有限公司;https://yipihuo8.1688.com;https://detail.1688.com/offer/595636614681.html
佛山市禅城区盈收丰百货商行;https://shop255276l97l897.1688.com;https://detail.1688.com/offer/650024514256.html
义乌市韩颂饰品有限公司;https://shop7i3061l029760.1688.com;https://detail.1688.com/offer/643050432544.html
高新区枫桥讯坚达贸易商行;https://shop5w277e3231872.1688.com;https://detail.1688.com/offer/655016307945.html
商城县星盈家居用品商行;https://shop15f1c251z6079.1688.com;https://detail.1688.com/offer/653737783383.html
上海艺然贸易有限公司;https://yiranarts.1688.com;https://detail.1688.com/offer/642797309486.html
衡水冀一科技有限公司;https://shop06375f64290y8.1688.com;https://detail.1688.com/offer/638518516689.html
广州美泰百贸易商行;https://shop7903n7v53m188.1688.com;https://detail.1688.com/offer/651297798305.html
义乌市之素饰品有限公司;https://shop9f17853288pf0.1688.com;https://detail.1688.com/offer/655928350947.html
衡水滨湖新区悦优塑料制品销售中心;https://shop1495904198981.1688.com;https://detail.1688.com/offer/638749149818.html
河南四财网络科技有限公司;https://shop312l4185l2828.1688.com;https://detail.1688.com/offer/655340422483.html
袁州区北梦网络工作室;https://shop9055836aa19o2.1688.com;https://detail.1688.com/offer/653250008803.html
义乌市霆永商贸有限公司;https://jijiayoupin.1688.com;https://detail.1688.com/offer/593817061198.html
义乌市宓森电子商务商行;https://shop7470971k25505.1688.com;https://detail.1688.com/offer/655194401336.html
袁州区随风网络工作室;https://shop92y25611b4132.1688.com;https://detail.1688.com/offer/653251132830.html
衡水佳悦医疗器械厂;https://shop1423500433149.1688.com;https://detail.1688.com/offer/610687856079.html
南平市建阳区超级特阿彬百货店;https://shop741f9693016f3.1688.com;https://detail.1688.com/offer/651045298009.html
佛山市禅城区叶春景服装店;https://shop91dk2o0973718.1688.com;https://detail.1688.com/offer/624900002200.html
桐乡市梧桐鸿广贸易商行;https://shop6q9q933k81147.1688.com;https://detail.1688.com/offer/642299950624.html
云霄县九超服装商行;https://shop12543027150l6.1688.com;https://detail.1688.com/offer/654550067178.html
广州市晶浩雅酒店用品有限公司;https://jinghaoya.1688.com;https://detail.1688.com/offer/643447440297.html
石门县尹之悦百货商行;https://shop35720020d8d23.1688.com;https://detail.1688.com/offer/654794322789.html
杭州闪光贸易有限公司;https://hzsgmyyxgs.1688.com;https://detail.1688.com/offer/643150382385.html
漯河市源汇区莫世英吗百货店;https://shop3v10758l124t6.1688.com;https://detail.1688.com/offer/649813319756.html
杭州余杭区乔司街道怡璇服装商行;https://shop6120fx63510f8.1688.com;https://detail.1688.com/offer/655047602772.html
蒲蔚科技(深圳)有限公司;https://shop53j8k7741k783.1688.com;https://detail.1688.com/offer/650988750951.html
漯河西城区长帮百货店;https://shop52448668k5701.1688.com;https://detail.1688.com/offer/639883181325.html
广州市越秀区优前栈日用品商行;https://shop848q92903q653.1688.com;https://detail.1688.com/offer/632660610269.html
桐乡市梧桐鸿浩贸易商行;https://shop5w97968m0x820.1688.com;https://detail.1688.com/offer/642321066857.html
新都区新繁镇花花日用品商行;https://shop3011f569620e9.1688.com;https://detail.1688.com/offer/634885784931.html
深圳市兴久辉贸易有限公司;https://shop4980rx2863b75.1688.com;https://detail.1688.com/offer/644029622930.html
洛阳茂林商贸有限公司;https://shop6309546om4385.1688.com;https://detail.1688.com/offer/598569269584.html
义乌市乐丹饰品有限公司;https://shop063033vy59463.1688.com;https://detail.1688.com/offer/646378882419.html
义乌市吾素电子商务商行;https://shop1418056937238.1688.com;https://detail.1688.com/offer/600668251623.html
义乌市香薇饰品有限公司;https://shop0362620yo5888.1688.com;https://detail.1688.com/offer/650196407482.html
义乌市新柔饰品有限公司;https://shop15d2892624007.1688.com;https://detail.1688.com/offer/645539943690.html
义乌市杏梅饰品有限公司;https://shop033v6091h5485.1688.com;https://detail.1688.com/offer/632749425595.html
义乌市乐可饰品有限公司;https://shop77244218x6938.1688.com;https://detail.1688.com/offer/595087868599.html
义乌市迈咖贸易有限公司;https://maigamaoyi.1688.com;https://detail.1688.com/offer/655198451920.html
广州市白云区新得道百货贸易商行;https://shop264634m5735m7.1688.com;https://detail.1688.com/offer/633860768403.html
广州曼辰诺贸易商行;https://shop2096t27297c59.1688.com;https://detail.1688.com/offer/644084555153.html
西安市碑林区科刘百货店;https://shop433s96170d909.1688.com;https://detail.1688.com/offer/644864837439.html
广州市花都区淑络商贸店;https://shop0910260953482.1688.com;https://detail.1688.com/offer/652227993786.html
义乌市厚盾电子商务商行;https://shop106434x85n9j8.1688.com;https://detail.1688.com/offer/650273562971.html
涵江区国欢柯晓娥日用品经营部;https://shop29r3093985455.1688.com;https://detail.1688.com/offer/655228697359.html
余江区偌慧经营部;https://shop2158240687t51.1688.com;https://detail.1688.com/offer/653094227706.html
广州森魅服饰厂;https://shop6rp44692l0681.1688.com;https://detail.1688.com/offer/655486482707.html
新罗区瞬念杳百货店;https://shop516a18wt12w17.1688.com;https://detail.1688.com/offer/655369222799.html
广州圣诗柏服装厂;https://shop33615006a5o07.1688.com;https://detail.1688.com/offer/656110503353.html
义乌市沈正电子商务商行;https://shop0877028435800.1688.com;https://detail.1688.com/offer/655244590530.html
永康市艺玥电子商务商行;https://shop7367v4v632782.1688.com;https://detail.1688.com/offer/655549882916.html
新罗区轩霆超百货店;https://shop77f5o61587a56.1688.com;https://detail.1688.com/offer/655379422017.html
新罗区捷广巧百货店;https://shop04946181j5556.1688.com;https://detail.1688.com/offer/655249718455.html
广州市诗擎百货有限公司;https://shop7582s403xm159.1688.com;https://detail.1688.com/offer/655130055073.html
梅州市梅县区顺航五金产品经营部;https://shop66a8u5h323666.1688.com;https://detail.1688.com/offer/639797958623.html
广州市天河区天平齐明眼镜店;https://shop546925191ox60.1688.com;https://detail.1688.com/offer/631995741488.html
山南新区双先百货商行;https://shop94n7y56815492.1688.com;https://detail.1688.com/offer/650646328196.html
淮南新洛商贸有限公司;https://shop573983p7c23y2.1688.com;https://detail.1688.com/offer/649494222222.html
义乌市沁瑶电子商务商行;https://shop2l45760n5y6x6.1688.com;https://detail.1688.com/offer/642514065765.html
义乌市佳购日用百货商行;https://shop5583e2x026p15.1688.com;https://detail.1688.com/offer/636740039113.html
义乌市港迅日用百货商行;https://shop9z23281343467.1688.com;https://detail.1688.com/offer/635960204683.html
义乌市莎娜饰品有限公司;https://shop77k26n73o3221.1688.com;https://detail.1688.com/offer/652966913340.html
佛山市瀛渝汽车服务有限公司;https://shop54087619z37r0.1688.com;https://detail.1688.com/offer/653012349807.html
高新区枫桥恬悦志百货商行;https://shop8z5h980554193.1688.com;https://detail.1688.com/offer/650576084118.html
义乌市牌持电子商务商行;https://shop94966stq66292.1688.com;https://detail.1688.com/offer/649452524104.html
广州丽中贸易商行;https://shop41g43fb129621.1688.com;https://detail.1688.com/offer/651365218126.html
五华县横陂镇伊娃颖科技馆;https://shop2274l1t66j473.1688.com;https://detail.1688.com/offer/649954066266.html
长沙市天心区常腾百货商行;https://shop318l853022635.1688.com;https://detail.1688.com/offer/653597312106.html
武汉武泽科技有限公司;https://shop279z2013o7702.1688.com;https://detail.1688.com/offer/655088622871.html
广州市荔湾区木牛木业厂;https://shop2o08418537x64.1688.com;https://detail.1688.com/offer/645719751215.html
新沂市婵之宁服装店;https://shop15388www56z74.1688.com;https://detail.1688.com/offer/649866257606.html
永定区诺益菲百货商行;https://shop274g08z283167.1688.com;https://detail.1688.com/offer/653527756891.html
兰山区旺财日用百货经营部;https://shop72z168239s452.1688.com;https://detail.1688.com/offer/652808519715.html
揭阳空港区砲台镇常莱麦百货店;https://shop6mm8364p51404.1688.com;https://detail.1688.com/offer/653561544650.html
珠海市金湾龙昇贸易商行;https://shop0v85f38046601.1688.com;https://detail.1688.com/offer/639788174134.html
建德市下涯镇蒂荡贸易商行;https://shop3x530v0b85848.1688.com;https://detail.1688.com/offer/639182815235.html
义乌市问虎贸易有限公司;https://shop94885o743o6p2.1688.com;https://detail.1688.com/offer/642195259951.html
义乌市鑫德饰品厂;https://shop5z55w98552957.1688.com;https://detail.1688.com/offer/620911922486.html
义乌市艾琪饰品有限公司;https://shop1427993513233.1688.com;https://detail.1688.com/offer/598993762655.html
莆田市荔城区禾罗服饰店;https://shop174o52584z680.1688.com;https://detail.1688.com/offer/653604800985.html
陆川县暖心日用品店;https://shop121q600727853.1688.com;https://detail.1688.com/offer/646385625659.html
漯河市源汇区莫世炎啊百货店;https://shop1977g98801zg9.1688.com;https://detail.1688.com/offer/648976886594.html
宿州市经开区木同日用百货店;https://shop1761lsk961952.1688.com;https://detail.1688.com/offer/636704443434.html
义乌市帅坝电子商务商行;https://shuaiba.1688.com;https://detail.1688.com/offer/652430575214.html
义乌市桐寻电子商务商行;https://shop913g7w6622638.1688.com;https://detail.1688.com/offer/649508711654.html
义乌市洪亚饰品厂;https://shop53y6b441p1462.1688.com;https://detail.1688.com/offer/627888745806.html
深圳市联森维科技有限公司;https://shop0568065080146.1688.com;https://detail.1688.com/offer/655955670657.html
义乌市钰昆日用百货商行;https://shop8294309048d22.1688.com;https://detail.1688.com/offer/650692395685.html
义乌市鸾羞贸易有限公司;https://shop688b78718o5d5.1688.com;https://detail.1688.com/offer/649800293755.html
义乌市金酷饰品有限公司;https://jinkushipin.1688.com;https://detail.1688.com/offer/622227330728.html
义乌市隆招电子商务商行;https://shop63114322111k9.1688.com;https://detail.1688.com/offer/655705366639.html
义乌市时夕日用百货商行;https://shop7w976w807y764.1688.com;https://detail.1688.com/offer/653175035924.html
玉林市玉州区镂幕百货店;https://shop0309a710ae995.1688.com;https://detail.1688.com/offer/648346674121.html
义乌市谈谈电子商务商行;https://shop856i333h39y18.1688.com;https://detail.1688.com/offer/642330180866.html
滕州市珍华日用百货店;https://shop8u633641u1933.1688.com;https://detail.1688.com/offer/654891580628.html
义乌市石筝日用百货商行;https://shop56527082c2497.1688.com;https://detail.1688.com/offer/646866189323.html
义乌市显健日用百货商行;https://shop9292241vj0510.1688.com;https://detail.1688.com/offer/652454154127.html
义乌市迎驿电子商务商行;https://shop891i2758n7m87.1688.com;https://detail.1688.com/offer/652104263733.html
浦江县俏艾拉贸易有限公司;https://shop5v10872h06807.1688.com;https://detail.1688.com/offer/639886566328.html
浦江县新最电子商务商行;https://pjxinzui.1688.com;https://detail.1688.com/offer/603289401207.html
浦江巨富饰品有限公司;https://shop1460738634555.1688.com;https://detail.1688.com/offer/576515054307.html
义乌市曼达饰品有限公司;https://shop4426357501x32.1688.com;https://detail.1688.com/offer/626708123121.html
义乌市溪南饰品有限公司;https://shop64l650335s276.1688.com;https://detail.1688.com/offer/595136343334.html
义乌市芷雨饰品有限公司;https://shop3i00563r51e95.1688.com;https://detail.1688.com/offer/628246783712.html
浦江县皓饰贸易有限公司;https://shop6238k8980f192.1688.com;https://detail.1688.com/offer/619892548614.html
义乌市爱吖饰品有限公司;https://shop3855c1729w9w8.1688.com;https://detail.1688.com/offer/649056738552.html
义乌市圣熙饰品有限公司;https://shengxi789.1688.com;https://detail.1688.com/offer/609066705095.html
义乌市芸西饰品有限公司;https://shop459257m050z65.1688.com;https://detail.1688.com/offer/629126228444.html
兰山区及查商贸店;https://shop02332z24865w2.1688.com;https://detail.1688.com/offer/640033341722.html
义乌市君健日用百货商行;https://shop3965475k82d25.1688.com;https://detail.1688.com/offer/652320476205.html
临沂市兰山区福拓源商贸经营部;https://shop988c804f64r75.1688.com;https://detail.1688.com/offer/645935085682.html
义乌市檬江日用品厂;https://shop4nye289545654.1688.com;https://detail.1688.com/offer/652691948463.html
永定区善佑之百货商行;https://shop9195723107322.1688.com;https://detail.1688.com/offer/644650429467.html
义乌市上岚日用百货商行;https://shop96nx081v17943.1688.com;https://detail.1688.com/offer/653691947516.html
漳州开发区淌联服装店;https://shop70791681x3043.1688.com;https://detail.1688.com/offer/649645158957.html
义乌市迦琦电子商务商行;https://shop4nz62i6348069.1688.com;https://detail.1688.com/offer/625305039874.html
义乌市菲傲日用百货商行;https://shop51o9585459983.1688.com;https://detail.1688.com/offer/646939190735.html
万载县瑶秀日用品商行;https://shop375839e02sf78.1688.com;https://detail.1688.com/offer/649664205261.html
新罗区景吾网店;https://shop94748w3798b43.1688.com;https://detail.1688.com/offer/653132510771.html
深圳市宝安区旭晴贸易商行;https://shop20v90o624k393.1688.com;https://detail.1688.com/offer/651925454112.html
漯河市源汇区莫世明向百货店;https://shop822f71j118719.1688.com;https://detail.1688.com/offer/649679902315.html
义乌市多橙贸易有限公司;https://shop5373b2l367992.1688.com;https://detail.1688.com/offer/650196138993.html
广州越秀区霏尼商贸商行;https://shop9p78b1450m609.1688.com;https://detail.1688.com/offer/649909006897.html
义乌市龙噫电子商务商行;https://shop0429446z89227.1688.com;https://detail.1688.com/offer/652674847090.html
南平市建阳区练光纬百货店;https://shop1372um9879169.1688.com;https://detail.1688.com/offer/651760705737.html
万载县宾兴日用品商行;https://shop13504162r9251.1688.com;https://detail.1688.com/offer/652706582502.html
上海艺创贸易有限公司;https://shop7g34o48a37058.1688.com;https://detail.1688.com/offer/622667037412.html
义乌市缘浏电子商务商行;https://shop11d6451512v37.1688.com;https://detail.1688.com/offer/652373622207.html
浦江县麦饰贸易有限公司;https://shop750u0xg390928.1688.com;https://detail.1688.com/offer/620000282974.html
浦江县佩妮工贸有限公司;https://shop1430834584927.1688.com;https://detail.1688.com/offer/614982951570.html
浦江县大杂兔贸易有限公司;https://shop3489i865747h0.1688.com;https://detail.1688.com/offer/623459229382.html
义乌市左凡饰品有限公司;https://shop1484630937956.1688.com;https://detail.1688.com/offer/603423521029.html
深圳市宝安区荣盛日用百货商行;https://shop804u6h499m132.1688.com;https://detail.1688.com/offer/652479390504.html
广州市黄埔区古逊服装店;https://shop1314e02e36997.1688.com;https://detail.1688.com/offer/619258393340.html
广州滋洋贸易有限公司;https://shop9c358cy138682.1688.com;https://detail.1688.com/offer/631442883750.html
广州晗晗电子商务商行;https://shop0m631t670t872.1688.com;https://detail.1688.com/offer/653157315632.html
万载县捷穷百货店;https://shop86n47fp087789.1688.com;https://detail.1688.com/offer/652939563307.html
义乌市勤易日用百货商行;https://shop49951h75076h2.1688.com;https://detail.1688.com/offer/648628071953.html
义乌市幂糖饰品有限公司;https://shop31m59b215b226.1688.com;https://detail.1688.com/offer/642461788205.html
银川市金凤区鑫来优百货商行;https://shop1b25b301459f4.1688.com;https://detail.1688.com/offer/652336805804.html
景宁良异贸易商行;https://shop478y406984v02.1688.com;https://detail.1688.com/offer/627950143026.html
广州市花都区狮岭尚州五金商行;https://shop56381bb3j8984.1688.com;https://detail.1688.com/offer/628990200170.html
余江区思涵经营部;https://shop165252422e6h6.1688.com;https://detail.1688.com/offer/654866519565.html
邓州市亿量百货商行;https://shop572t22z323861.1688.com;https://detail.1688.com/offer/652796680490.html
义乌市宋战贸易商行;https://shop25o2g96615218.1688.com;https://detail.1688.com/offer/654378315791.html
余江区高特经营部;https://shop16g4963085224.1688.com;https://detail.1688.com/offer/655269834977.html
广州南沙区慈钰一网络科技有限公司;https://shop79141812dbz59.1688.com;https://detail.1688.com/offer/641150186432.html
新罗区越乾网店;https://shop53h572tb22152.1688.com;https://detail.1688.com/offer/654703052131.html
义乌市妮奈饰品厂;https://ninaishipin.1688.com;https://detail.1688.com/offer/655160330957.html
三明市三元区顺依服装店;https://shop5235rl03l2292.1688.com;https://detail.1688.com/offer/652426165071.html
义乌市明展日用百货商行;https://shop692k8a52634v4.1688.com;https://detail.1688.com/offer/653492691633.html
义乌市迪放电子商务商行;https://shop5rnz506947734.1688.com;https://detail.1688.com/offer/652512882251.html
五华县横陂镇李炎文电子商务部;https://shop06614167cx483.1688.com;https://detail.1688.com/offer/623479396626.html
广州梦远中贸易商行;https://shop1237i759536m1.1688.com;https://detail.1688.com/offer/646979861569.html
义乌市余鼎电子商务商行;https://shop5137x605t2331.1688.com;https://detail.1688.com/offer/655140600913.html
余江区福统经营部;https://shop72196l0c27012.1688.com;https://detail.1688.com/offer/655110760049.html
余江区昌华经营部;https://shop11zp5n6019880.1688.com;https://detail.1688.com/offer/655559721940.html
余江区昂丽经营部;https://shop512781s6m1393.1688.com;https://detail.1688.com/offer/655642013756.html
通山县宛尼百货店;https://shop235358z03rw07.1688.com;https://detail.1688.com/offer/655700041061.html
义乌市吻靠日用百货商行;https://shop722d216052706.1688.com;https://detail.1688.com/offer/652868483126.html
武汉市蔡甸区唯亦百货经营部;https://shop1307769dy5809.1688.com;https://detail.1688.com/offer/641160513145.html
深圳市福田区曼星达科技商行;https://shop4l002v41f4705.1688.com;https://detail.1688.com/offer/656376003161.html
玉林市玉州区红翻百货店;https://shop4l1547v309974.1688.com;https://detail.1688.com/offer/646374069190.html
义乌市希渤日用百货商行;https://shop89l8202018776.1688.com;https://detail.1688.com/offer/652119846839.html
义乌市昆豪日用百货商行;https://shop874r0179y16e3.1688.com;https://detail.1688.com/offer/653133483035.html
华容县露露优选百货商行;https://shop7865r421dc069.1688.com;https://detail.1688.com/offer/654410079806.html
义乌市金桔饰品有限公司;https://shop026b14b301151.1688.com;https://detail.1688.com/offer/635858127787.html
玉林市玉州区品飞百货店;https://shop572322y8hl299.1688.com;https://detail.1688.com/offer/654131505464.html
义乌市森噫电子商务商行;https://shop913256b258783.1688.com;https://detail.1688.com/offer/653525389089.html
余江区宝仕经营部;https://shop98d864023d262.1688.com;https://detail.1688.com/offer/653626473124.html
余江区达祥经营部;https://shop11090a38112a5.1688.com;https://detail.1688.com/offer/653710702951.html
义乌市朴汇电子商务商行;https://shop90fu30852s437.1688.com;https://detail.1688.com/offer/652977812267.html
陆川县多米日用品店;https://shop80u06h47w2837.1688.com;https://detail.1688.com/offer/646204439842.html
浙江华炼户外用品有限公司;https://hualianhw.1688.com;https://detail.1688.com/offer/652856104115.html
深圳市宝安区尹联锦贸易商行;https://shop672o11s688n84.1688.com;https://detail.1688.com/offer/652782671068.html
鄱阳县锺碧春网络技术工作室;https://shop73099657f6bq0.1688.com;https://detail.1688.com/offer/654502595206.html
龙港市芊尧电子商务商行;https://shop97106q5045634.1688.com;https://detail.1688.com/offer/654844678225.html
余江区琳川经营部;https://shop71g5p776v7923.1688.com;https://detail.1688.com/offer/654507404633.html
玉林市玉州区德悦百货店;https://shop4045paa974195.1688.com;https://detail.1688.com/offer/649767231253.html
