义乌市随敏饰品有限公司;https://shop1406652834510.1688.com;https://detail.1688.com/offer/45153779812.html
义乌市凯亚饰品有限公司;https://kaiya598.1688.com;https://detail.1688.com/offer/641977886158.html
义乌市涵熙饰品有限公司;https://shop1b618i28105z6.1688.com;https://detail.1688.com/offer/641816945608.html
义乌市莱玛电子商务有限公司;https://laimasp.1688.com;https://detail.1688.com/offer/644807429039.html
义乌市碧艾电子商务商行;https://beeeai.1688.com;https://detail.1688.com/offer/522679214413.html
义乌市莉韩饰品有限公司;https://lihan2019.1688.com;https://detail.1688.com/offer/623627955748.html
义乌市亮琳饰品有限公司;https://shop641wh8d824282.1688.com;https://detail.1688.com/offer/644919124449.html
义乌千芙饰品有限公司;https://shop1404528103758.1688.com;https://detail.1688.com/offer/589015671161.html
义乌市涤沁电子商务商行;https://shop284350e0n2558.1688.com;https://detail.1688.com/offer/646104173535.html
义乌市蜜舍饰品厂;https://nvshe.1688.com;https://detail.1688.com/offer/597483145556.html
义乌市佳旎服饰有限公司;https://shop1466010343960.1688.com;https://detail.1688.com/offer/592145569328.html
玉林市玉州区镂波百货店;https://shop0417572hn0955.1688.com;https://detail.1688.com/offer/645111827224.html
义乌市群德服饰厂;https://shop1478536871632.1688.com;https://detail.1688.com/offer/591885433084.html
义乌市恩柔电子商务商行;https://shop1420908068238.1688.com;https://detail.1688.com/offer/592908531133.html
义乌市缀顺电子商务商行;https://zhuishun9966.1688.com;https://detail.1688.com/offer/601229040479.html
义乌市明均饰品有限公司;https://shop3gk0764357210.1688.com;https://detail.1688.com/offer/645345388290.html
广州哈琳娜饰品厂;https://harrina.1688.com;https://detail.1688.com/offer/640644373613.html
永定区杞颇亮商行;https://shop987930070f8v5.1688.com;https://detail.1688.com/offer/654487574659.html
柘荣县角村日用品经营部;https://shop12u1790r83y92.1688.com;https://detail.1688.com/offer/652468090646.html
义乌市瑜琦贸易有限公司;https://shop8y4u7u9210639.1688.com;https://detail.1688.com/offer/647243083113.html
丽水景宁珑盛贸易有限公司;https://shop531434h732848.1688.com;https://detail.1688.com/offer/642132993427.html
义乌市议夕电子商务商行;https://shop3206584f07ye8.1688.com;https://detail.1688.com/offer/655684679646.html
杭州梵鹏电子商务有限公司;https://shop93763vh969o29.1688.com;https://detail.1688.com/offer/652274923308.html
南靖县博科食品商行;https://shop8338201165e55.1688.com;https://detail.1688.com/offer/645103408718.html
深圳市坪山区旺货行百货商行;https://shop0715qw8383b39.1688.com;https://detail.1688.com/offer/649820408522.html
义乌市碧昆日用百货商行;https://shop09q74b45q1541.1688.com;https://detail.1688.com/offer/652964854993.html
广州震海贸易有限公司;https://shop3m591244083m3.1688.com;https://detail.1688.com/offer/649478372361.html
高新区枫桥金未米百货商行;https://shop018f81533e8f1.1688.com;https://detail.1688.com/offer/654894567045.html
深圳市龙华区福莱宝百货商行;https://shop255v30y772w46.1688.com;https://detail.1688.com/offer/648961776998.html
广州南沙区犹夏容信息技术有限公司;https://shop9k3025w607890.1688.com;https://detail.1688.com/offer/648337233643.html
杭州余杭区乔司街道双盈服饰商行;https://shop406545445do07.1688.com;https://detail.1688.com/offer/654221332259.html
广州誉洋贸易有限公司;https://shop9n843o7o95459.1688.com;https://detail.1688.com/offer/654419328560.html
岳阳县坚次百货店;https://shop06w0921571426.1688.com;https://detail.1688.com/offer/649846825678.html
义乌市蕾雅饰品有限公司;https://leiyashipin.1688.com;https://detail.1688.com/offer/629265473568.html
义乌市三态饰品有限公司;https://santai3333.1688.com;https://detail.1688.com/offer/621421763251.html
浦江县艾西商贸有限公司;https://shop1218258m5s9u5.1688.com;https://detail.1688.com/offer/648919652145.html
义乌市飞韩饰品有限公司;https://feihan.1688.com;https://detail.1688.com/offer/614486666568.html
广州有派饰品设计有限公司;https://yoapoe.1688.com;https://detail.1688.com/offer/524393326613.html
深圳市南山区唐歆服饰商行;https://chenmeixiong.1688.com;https://detail.1688.com/offer/645280890305.html
义乌市奇阅饰品有限公司;https://qiyueshipin.1688.com;https://detail.1688.com/offer/542244226783.html
余江区鑫辉经营部;https://shop7150238aa3556.1688.com;https://detail.1688.com/offer/655243878863.html
高新区枫桥润弘晶服装商行;https://shop30809400874j9.1688.com;https://detail.1688.com/offer/654820791523.html
龙港市崇越电子商务商行;https://shop1q3855g188294.1688.com;https://detail.1688.com/offer/654868870145.html
广州市花都区狮岭鑫顶皮具店;https://shop42730698x39k4.1688.com;https://detail.1688.com/offer/655094153024.html
义乌市际恺饰品有限公司;https://shop179p402lg9637.1688.com;https://detail.1688.com/offer/616893291919.html
义乌市霆扬贸易有限公司;https://shop3294645374744.1688.com;https://detail.1688.com/offer/611240735013.html
义乌市简黛电子商务商行;https://shop1a8820149c745.1688.com;https://detail.1688.com/offer/645133846555.html
义乌市良缘饰品厂;https://liangyuansp.1688.com;https://detail.1688.com/offer/610454960967.html
刘建海;https://shop3609w98976w44.1688.com;https://detail.1688.com/offer/613427272930.html
广州市黄埔区昱笙永五金店;https://shop7277790q05499.1688.com;https://detail.1688.com/offer/644688530553.html
广州越秀区欣倪商贸有限公司;https://shop899d3685d3801.1688.com;https://detail.1688.com/offer/653801923487.html
深圳市龙华新区伊百分手工饰品厂;https://storyacc.1688.com;https://detail.1688.com/offer/558951203088.html
义乌市精幻电子商务商行;https://shop9679464q2ep71.1688.com;https://detail.1688.com/offer/644587401341.html
深圳市宝安区福海靓依都服装厂;https://shop1494607960707.1688.com;https://detail.1688.com/offer/648384454943.html
新罗区仰籽百货商行;https://shop5769u59n3g961.1688.com;https://detail.1688.com/offer/654378252152.html
柘荣县庆图日用品经营部;https://shop7963428g6g051.1688.com;https://detail.1688.com/offer/650889982015.html
义乌市浩勇贸易有限公司;https://shop728247zx70l94.1688.com;https://detail.1688.com/offer/615015977774.html
义乌市洁澳电子商务商行;https://shop1437066106681.1688.com;https://detail.1688.com/offer/614698562903.html
广州泰洁康贸易商行;https://shop71ey303429494.1688.com;https://detail.1688.com/offer/648443700877.html
义乌市妍洋饰品有限公司;https://shop10271s8711638.1688.com;https://detail.1688.com/offer/654672899128.html
深圳市福田区盈大利建筑工程经营部;https://shop4f261c1007e33.1688.com;https://detail.1688.com/offer/655836486423.html
义乌市源钉电子商务商行;https://shop81k274mm67477.1688.com;https://detail.1688.com/offer/656055675294.html
义乌市颍泽贸易有限公司;https://shop20i63r5338392.1688.com;https://detail.1688.com/offer/615187730011.html
历城区成旭尧百货商行;https://shop85818x9uo1953.1688.com;https://detail.1688.com/offer/655748867053.html
义乌市金酷饰品有限公司;https://jinkushipin.1688.com;https://detail.1688.com/offer/622069951750.html
时简(广州)商贸有限公司;https://shop0132525449053.1688.com;https://detail.1688.com/offer/616449332014.html
义乌市库瑞电子商务有限公司;https://kr1jpf.1688.com;https://detail.1688.com/offer/631591404391.html
义乌市腾业电子商务商行;https://shop214xu6602s942.1688.com;https://detail.1688.com/offer/643677802855.html
义乌市和鸣饰品有限公司;https://shop36mm85665l864.1688.com;https://detail.1688.com/offer/624358198120.html
义乌市赞烨电子商务商行;https://shop1439398383973.1688.com;https://detail.1688.com/offer/560836701978.html
万载县森周嗯日用品经营部;https://shop9268r3ph89534.1688.com;https://detail.1688.com/offer/651824522674.html
万载县淮凤家居用品经营部;https://shop200tm61110l19.1688.com;https://detail.1688.com/offer/651476696726.html
广州萨抵商贸有限公司;https://shop8530gfq919170.1688.com;https://detail.1688.com/offer/655352109140.html
鄱阳县抗辰龙网络技术工作室;https://shop035m666844344.1688.com;https://detail.1688.com/offer/651918976414.html
柘荣县角拆日用品经营部;https://shop4m2681e056u23.1688.com;https://detail.1688.com/offer/650560407004.html
柘荣县角麻日用品经营部;https://shop44108p6756k89.1688.com;https://detail.1688.com/offer/647218754943.html
余江区度魏电子商务商行;https://shop1652265064xf3.1688.com;https://detail.1688.com/offer/652149444788.html
义乌市百萱电子商务商行;https://shop913341y061375.1688.com;https://detail.1688.com/offer/619338489456.html
义乌市娇黠电子商务商行;https://shop0920366369vn1.1688.com;https://detail.1688.com/offer/654969712826.html
余江区昂馨经营部;https://shop5673u59084q83.1688.com;https://detail.1688.com/offer/655477993424.html
义乌市共觅电子商务商行;https://shop464u9n6m41807.1688.com;https://detail.1688.com/offer/654396801506.html
广州嘚铭玩具商行;https://shop59682kt3226k7.1688.com;https://detail.1688.com/offer/652782937974.html
义乌市池臣电子商务商行;https://shop64120495p7823.1688.com;https://detail.1688.com/offer/654828668702.html
义乌市营咚电子商务商行;https://shop802ddp6330414.1688.com;https://detail.1688.com/offer/654746360627.html
义乌市鹤洲电子商务商行;https://shop34e1x62919133.1688.com;https://detail.1688.com/offer/655212751438.html
南平市建阳区林农夜思百货店;https://shop616o5791k1420.1688.com;https://detail.1688.com/offer/655870238805.html
南平市建阳区可英喆百货店;https://shop262f083593877.1688.com;https://detail.1688.com/offer/655046120277.html
义乌市郡芷日用品有限公司;https://shop0bl5q611534h9.1688.com;https://detail.1688.com/offer/626757791823.html
新罗区化楼百货商行;https://shop579653hx58f03.1688.com;https://detail.1688.com/offer/652817371532.html
揭阳空港区砲台镇花泽百货商店;https://shop3462669c95g58.1688.com;https://detail.1688.com/offer/651835086108.html
义乌市兮柯饰品有限公司;https://xike168.1688.com;https://detail.1688.com/offer/624738081286.html
金华市璀饰贸易有限公司;https://shop06f63f18215d4.1688.com;https://detail.1688.com/offer/638954421372.html
胡彬彬;https://shop6169658n324l0.1688.com;https://detail.1688.com/offer/624651492693.html
义乌市杰佑贸易有限公司;https://shop2091807f24b12.1688.com;https://detail.1688.com/offer/597492408256.html
义乌景礼饰品有限公司;https://shop237722437w4w9.1688.com;https://detail.1688.com/offer/620052476025.html
义乌市茵毅电子商务商行;https://shop9157990717066.1688.com;https://detail.1688.com/offer/649735776165.html
义乌市厚盾电子商务商行;https://shop106434x85n9j8.1688.com;https://detail.1688.com/offer/652172826381.html
义乌市歌图电子商务商行;https://shop66054uuy04028.1688.com;https://detail.1688.com/offer/655753827944.html
余江区达祥经营部;https://shop11090a38112a5.1688.com;https://detail.1688.com/offer/652661870196.html
义乌市湘溆电子商务商行;https://shop934a4e2k46684.1688.com;https://detail.1688.com/offer/601763098663.html
义乌市张涵饰品配件有限公司;https://hongruizh.1688.com;https://detail.1688.com/offer/625039694402.html
丰泽区免按百货网店;https://shop721t745995a26.1688.com;https://detail.1688.com/offer/652611362677.html
石狮市简峰铭悦网络百货商行;https://shop02h77j1661v24.1688.com;https://detail.1688.com/offer/651030646392.html
义乌市峰循电子商务商行;https://shop4i8029e276717.1688.com;https://detail.1688.com/offer/651480136255.html
余江区欣飞经营部;https://shop02182q5g85372.1688.com;https://detail.1688.com/offer/652245019873.html
义乌市修婕电子商务商行;https://shop6724b67477210.1688.com;https://detail.1688.com/offer/654148900417.html
深圳市欣盛饰品有限公司;https://xinshengzhubao.1688.com;https://detail.1688.com/offer/583739983795.html
丰泽区是随百货网店;https://shop72n943964nw75.1688.com;https://detail.1688.com/offer/652743502023.html
兰溪市丽花饰品有限公司;https://lihuashipin.1688.com;https://detail.1688.com/offer/631244681662.html
义乌市方婳电子商务商行;https://shop63s8017v65v96.1688.com;https://detail.1688.com/offer/654068034710.html
连城县俪承嗣百货店;https://shop9589592g98965.1688.com;https://detail.1688.com/offer/654153917124.html
义乌市伟美饰品有限公司;https://shop709450064uo15.1688.com;https://detail.1688.com/offer/629443577582.html
义乌乾琦贸易商行;https://shop9636s572l3261.1688.com;https://detail.1688.com/offer/648168029318.html
揭阳空港区砲台镇同记玩具厂;https://shop1654x30h204a2.1688.com;https://detail.1688.com/offer/654819401625.html
景宁萌林贸易商行;https://shop02i57wa171586.1688.com;https://detail.1688.com/offer/641587289514.html
义乌市酷华饰品厂;https://shop1438707329000.1688.com;https://detail.1688.com/offer/649957619569.html
万载县宾兴日用品商行;https://shop13504162r9251.1688.com;https://detail.1688.com/offer/653037911639.html
义乌市缕凌电子商务商行;https://ywlvling.1688.com;https://detail.1688.com/offer/558870803179.html
义乌市泰涞饰品有限公司;https://shop783094560m844.1688.com;https://detail.1688.com/offer/643806790950.html
东阳市艾莎饰品有限公司;https://shop73l36v18478s7.1688.com;https://detail.1688.com/offer/651102545738.html
义乌市蜡节电子商务商行;https://shop882dw25778g75.1688.com;https://detail.1688.com/offer/655920682695.html
义乌市发邦饰品有限公司;https://ywfbspc.1688.com;https://detail.1688.com/offer/551330688593.html
义乌市熠宸日用品有限公司;https://shop951832223akm1.1688.com;https://detail.1688.com/offer/589382912598.html
义乌市岚辰饰品有限公司;https://lanchen2018.1688.com;https://detail.1688.com/offer/642254775441.html
义乌市逸舒贸易有限公司;https://15868952333.1688.com;https://detail.1688.com/offer/621384980434.html
义乌市润特饰品有限公司;https://sunfangwei8.1688.com;https://detail.1688.com/offer/627206839035.html
义乌秀格饰品有限公司;https://shop1w2122s50p506.1688.com;https://detail.1688.com/offer/621487155352.html
义乌海生饰品有限公司;https://shop6213044x3p442.1688.com;https://detail.1688.com/offer/620537235769.html
鄱阳县曲鹏服装店;https://shop027t10b324120.1688.com;https://detail.1688.com/offer/655860639540.html
义乌市蕊柔电子商务商行;https://shop1414773994392.1688.com;https://detail.1688.com/offer/557903781879.html
义乌市梦锦服饰厂;https://mjoy2019.1688.com;https://detail.1688.com/offer/629123750674.html
义乌市元狩贸易有限公司;https://shop6r791u7747782.1688.com;https://detail.1688.com/offer/599660132334.html
义乌韩茜饰品有限公司;https://shop8z972191rz142.1688.com;https://detail.1688.com/offer/625820275004.html
南平市建阳区舒才哲百货店;https://shop583x96891ho68.1688.com;https://detail.1688.com/offer/645939429867.html
义乌市季慈饰品有限公司;https://shop1464368196529.1688.com;https://detail.1688.com/offer/568290518239.html
义乌市摩多贸易有限公司;https://moduomaoyi.1688.com;https://detail.1688.com/offer/654096820359.html
义乌市心喜贸易有限公司;https://yiwuxinxi.1688.com;https://detail.1688.com/offer/646110262934.html
义乌市臻尚饰品有限公司;https://shop172690d64d8y1.1688.com;https://detail.1688.com/offer/650894933134.html
五华县横陂镇艳秋高商贸部;https://shop853268s9548p2.1688.com;https://detail.1688.com/offer/649823918432.html
义乌市旭辉日用品有限公司;https://shop5070s119n64c2.1688.com;https://detail.1688.com/offer/576458760176.html
余江区玉祥冠经营部;https://shop58999447265h8.1688.com;https://detail.1688.com/offer/653986131744.html
义乌市骍隆电子商务商行;https://shop684n393892646.1688.com;https://detail.1688.com/offer/650277701505.html
新沂市少之海家居用品部;https://shop09l90s9166267.1688.com;https://detail.1688.com/offer/650701466763.html
义乌市雪言贸易有限公司;https://shop8259853g08815.1688.com;https://detail.1688.com/offer/652497365312.html
义乌市昱凝电子商务商行;https://shop3n765453fy138.1688.com;https://detail.1688.com/offer/617764785426.html
义乌市将图电子商务商行;https://shop50517608576x7.1688.com;https://detail.1688.com/offer/654970790040.html
义乌市炫橙电子商务有限公司;https://xuanchengcheng.1688.com;https://detail.1688.com/offer/606827453152.html
义乌市可巧电子商务商行;https://shop1469033339598.1688.com;https://detail.1688.com/offer/535975662969.html
五华县横陂镇珍露香商贸部;https://shop62573rn29u931.1688.com;https://detail.1688.com/offer/649063670230.html
义乌市欣言日用百货有限公司;https://shop9n195s10295a2.1688.com;https://detail.1688.com/offer/631309707030.html
义乌市漂洋饰品有限公司;https://pyshp2003666.1688.com;https://detail.1688.com/offer/624179723878.html
义乌市馨懿饰品有限公司;https://huiyaosujiao.1688.com;https://detail.1688.com/offer/550073093365.html
五华县棉洋镇惠鑫商行;https://shop3k7046844b584.1688.com;https://detail.1688.com/offer/646983618083.html
义乌市晓潇饰品有限公司;https://shop181e29760f789.1688.com;https://detail.1688.com/offer/624119758421.html
义乌市洁颂日用品厂;https://shop1460048541112.1688.com;https://detail.1688.com/offer/558322426051.html
东阳倍诚日用品有限公司;https://shop73898559n6138.1688.com;https://detail.1688.com/offer/640726576462.html
佛山市禅城区占丰百货商行;https://shop634586r88m358.1688.com;https://detail.1688.com/offer/654311497813.html
临沂艾萌饰品有限公司;https://aimengshipin.1688.com;https://detail.1688.com/offer/632086369692.html
余江区明舞辉电子商务商行;https://shop1400810o01955.1688.com;https://detail.1688.com/offer/651149728236.html
新罗区索君丽百货店;https://shop213722np449p4.1688.com;https://detail.1688.com/offer/649661955842.html
沈阳市葭琂网络科技有限责任公司;https://jiayanshipin.1688.com;https://detail.1688.com/offer/652049375714.html
永定区荷凤暖网店;https://shop24n5821ey4507.1688.com;https://detail.1688.com/offer/650127268824.html
义乌市腾卓饰品厂;https://shop1444669210627.1688.com;https://detail.1688.com/offer/561587609232.html
义乌市沐鸿饰品有限公司;https://shop1470070177775.1688.com;https://detail.1688.com/offer/645616144464.html
陆川县献千日用品店;https://shop1x8182n98o616.1688.com;https://detail.1688.com/offer/650848366707.html
淮南莱鹏商贸有限公司;https://shop79u6i98270l78.1688.com;https://detail.1688.com/offer/630112412037.html
义乌市波光粼粼饰品厂;https://shop25236l1f22092.1688.com;https://detail.1688.com/offer/650468325625.html
南平市建阳区林农赵太百货店;https://shop433618tv458b9.1688.com;https://detail.1688.com/offer/649366902598.html
义乌市绕野电子商务商行;https://shop93158379sb255.1688.com;https://detail.1688.com/offer/656294551966.html
鄱阳县迮婷玉五金店;https://shop90y21c4837279.1688.com;https://detail.1688.com/offer/649815859090.html
柘荣县楷豹日用品经营部;https://shop909433314wp50.1688.com;https://detail.1688.com/offer/653090523170.html
义乌市石衲电子商务商行;https://shop7q645ch789830.1688.com;https://detail.1688.com/offer/652773222928.html
佛山市禅城区曜月离家具厂;https://shop548c81176z616.1688.com;https://detail.1688.com/offer/655912466893.html
万载县清坤日用品经营部;https://shop96621o2145555.1688.com;https://detail.1688.com/offer/655566821245.html
义乌市涵恋饰品有限公司;https://hanlianshipin.1688.com;https://detail.1688.com/offer/612668695207.html
玉林市玉州区沃草日用百货店;https://shop339891649a533.1688.com;https://detail.1688.com/offer/634365853140.html
深圳市宝安区途逸贸易商行;https://shop77348h50i0721.1688.com;https://detail.1688.com/offer/653887309840.html
义乌市将格电子商务商行;https://shop3m1i1068764w8.1688.com;https://detail.1688.com/offer/656400115253.html
义乌市澜艺饰品有限公司;https://shop9268t3233z856.1688.com;https://detail.1688.com/offer/653333889745.html
阚永新;https://ywxcfc.1688.com;https://detail.1688.com/offer/561477316981.html
义乌市慧逸饰品有限公司;https://huiyii.1688.com;https://detail.1688.com/offer/615583422432.html
义乌市蒲钻电子商务商行;https://shop1358592219982.1688.com;https://detail.1688.com/offer/562471353777.html
义乌市檬誉电子商务商行;https://shop861d7742u4788.1688.com;https://detail.1688.com/offer/651895919558.html
三明市三元区顺依服装店;https://shop5235rl03l2292.1688.com;https://detail.1688.com/offer/652514667981.html
义乌市梵恩饰品有限公司;https://fanen1688.1688.com;https://detail.1688.com/offer/612777343324.html
义乌市缪可电子商务商行;https://shop4fl188578p437.1688.com;https://detail.1688.com/offer/652742449579.html
仙游县鲤城久中贸易商行;https://shop3w723399336j1.1688.com;https://detail.1688.com/offer/640775907753.html
台州市黄岩宇娇电子商务商行;https://shop927a057420349.1688.com;https://detail.1688.com/offer/655118661948.html
长沙市天心区勤雄百货商行;https://shop4544920445388.1688.com;https://detail.1688.com/offer/655781715554.html
新罗区建汇百货商行;https://shop11bb159v11932.1688.com;https://detail.1688.com/offer/650865138286.html
义乌市霓娜饰品有限公司;https://minarjewelry.1688.com;https://detail.1688.com/offer/620700522387.html
东阳市白云金颖饰品厂;https://shop357308z087883.1688.com;https://detail.1688.com/offer/644627089045.html
东莞市丝唯实业有限公司;https://shop0955284kc6m06.1688.com;https://detail.1688.com/offer/622798910298.html
景宁唐页贸易商行;https://shop59d96329z77e9.1688.com;https://detail.1688.com/offer/655428350902.html
广州市越秀区小雀斑饰品商行;https://shop8149r7727zr09.1688.com;https://detail.1688.com/offer/640602368188.html
高新区枫桥亿盛开百货商行;https://shop1a8295q96z834.1688.com;https://detail.1688.com/offer/655332635904.html
高新区枫桥富罗深百货商行;https://shop335k825i72h46.1688.com;https://detail.1688.com/offer/655107359802.html
义乌市戴薇贸易有限公司;https://shop26f9701ncj593.1688.com;https://detail.1688.com/offer/642034754416.html
义乌市席席饰品有限公司;https://shop5p28572787731.1688.com;https://detail.1688.com/offer/634737679080.html
义乌市冷安电子商务商行;https://shop1464368243607.1688.com;https://detail.1688.com/offer/557864264499.html
义乌市昕涵饰品有限公司;https://shop249075gr0r667.1688.com;https://detail.1688.com/offer/634156207815.html
玉林市玉州区鸿叶百货店;https://shop1y97137309xq1.1688.com;https://detail.1688.com/offer/651330981129.html
杭州余杭区乔司街道聚耀百货商行;https://shop29909367g04n6.1688.com;https://detail.1688.com/offer/654820791868.html
新沂市格沃家居用品经营部;https://shop646640152r172.1688.com;https://detail.1688.com/offer/655612286286.html
玉林市玉州区意喜百货经营部;https://shop950997e2045d6.1688.com;https://detail.1688.com/offer/653288773164.html
义乌市闽凡贸易有限公司;https://shop34u44007r2804.1688.com;https://detail.1688.com/offer/653043277448.html
义乌市鼎奥饰品有限公司;https://ywdingao.1688.com;https://detail.1688.com/offer/629255106904.html
义乌市晗倩饰品有限公司;https://shop080047643n5c6.1688.com;https://detail.1688.com/offer/649760537660.html
柘荣县楷因日用品经营部;https://shop073q1y7j23641.1688.com;https://detail.1688.com/offer/653850466548.html
义乌市布斯进出口有限公司;https://shop81421962oq998.1688.com;https://detail.1688.com/offer/626248245657.html
新沂市明之花服装店;https://shop4v353o09l3851.1688.com;https://detail.1688.com/offer/655114017972.html
义乌市璇涞电子商务商行;https://shop4833v965y1y18.1688.com;https://detail.1688.com/offer/653043613131.html
漳州开发区梵迦萱服装店;https://shop321r4369682c1.1688.com;https://detail.1688.com/offer/655943543597.html
义乌市微啸电子商务商行;https://shop703t7400b09x4.1688.com;https://detail.1688.com/offer/646533744130.html
义乌市企冬电子商务商行;https://shop1536079561323.1688.com;https://detail.1688.com/offer/654146627345.html
余江区琦欧经营部;https://shop3235j3w4639h5.1688.com;https://detail.1688.com/offer/656244115169.html
袁州区梓七网络工作室;https://shop5954125279850.1688.com;https://detail.1688.com/offer/655280670709.html
新沂市敏之胡家居用品经营部;https://shop4eh7g36094464.1688.com;https://detail.1688.com/offer/655745739353.html
抚州市东乡区巧巧饰品加工厂;https://shop1384361873369.1688.com;https://detail.1688.com/offer/565146440241.html
漳州开发区尤恒秋建材店;https://shop7d05278m90313.1688.com;https://detail.1688.com/offer/655854422507.html
义乌市羿辰饰品厂;https://shophancai.1688.com;https://detail.1688.com/offer/625942286473.html
东阳市秀沃贸易有限公司;https://shop1400086993224.1688.com;https://detail.1688.com/offer/595489871024.html
义乌市霸徒电子商务商行;https://shop11436o35z1679.1688.com;https://detail.1688.com/offer/647809094692.html
余姚建财百货商行;https://shop4715525i8l595.1688.com;https://detail.1688.com/offer/653109585411.html
余江区永童经营部;https://shop92a860a5c5929.1688.com;https://detail.1688.com/offer/651614365856.html
丹阳市界牌镇聚时情家居用品厂;https://shop836699w2u75u8.1688.com;https://detail.1688.com/offer/654207384457.html
高新区枫桥宜惠佳百货商行;https://shop5886w95d00460.1688.com;https://detail.1688.com/offer/654806361531.html
江都区乾进织造厂;https://yzqianjin.1688.com;https://detail.1688.com/offer/639379797077.html
金华市婺城区昭妍饰品店;https://yiwumeiyan.1688.com;https://detail.1688.com/offer/603851847513.html
义乌市胜颖贸易有限公司;https://shop1466788760136.1688.com;https://detail.1688.com/offer/547058063477.html
义乌市乔伊贝贸易有限公司;https://shop06n0972o17218.1688.com;https://detail.1688.com/offer/610020519308.html
义乌市丘诺饰品有限公司;https://shop1461170738280.1688.com;https://detail.1688.com/offer/588996342543.html
义乌麒敏饰品有限公司;https://xssj5225.1688.com;https://detail.1688.com/offer/606631910154.html
义乌市苗昕贸易有限公司;https://shop0u76537q12520.1688.com;https://detail.1688.com/offer/640541937026.html
义乌市好沄电子商务有限公司;https://shop60n72l3o38125.1688.com;https://detail.1688.com/offer/638735046455.html
义乌市伟雄箱包有限公司;https://weixiongsp.1688.com;https://detail.1688.com/offer/616173629231.html
义乌市诺苑电子商务商行;https://shop235t521258tu1.1688.com;https://detail.1688.com/offer/617053950601.html
义乌市妙德电子商务商行;https://shop1354900280794.1688.com;https://detail.1688.com/offer/652406678177.html
义乌市美添色电子商务有限公司;https://shop3g466z20449g7.1688.com;https://detail.1688.com/offer/629466603698.html
丹阳市界牌镇健基石工艺礼品厂;https://shop7gv6085d08d56.1688.com;https://detail.1688.com/offer/655028896734.html
义乌市思煜饰品有限公司;https://shop8125180661p06.1688.com;https://detail.1688.com/offer/622131861222.html
广州市昊基贸易有限公司;https://haojimaoyi.1688.com;https://detail.1688.com/offer/580023401168.html
义乌倍兴电子商务有限公司;https://beixing6816.1688.com;https://detail.1688.com/offer/644059931482.html
广东厚钱服饰有限公司;https://houqian.1688.com;https://detail.1688.com/offer/643248140635.html
常熟市莫城街道漪萍服装商行;https://shop985119i586483.1688.com;https://detail.1688.com/offer/651045126659.html
新罗区楠音悠百货商行;https://shop76u3288211h73.1688.com;https://detail.1688.com/offer/642168138104.html
常州惟妙电子商务有限公司;https://czwmdz.1688.com;https://detail.1688.com/offer/642366264604.html
常熟市服装城龄之服装商行;https://shop6j6937033j733.1688.com;https://detail.1688.com/offer/652498265100.html
福建省南安市煌达服饰有限公司;https://mmx138.1688.com;https://detail.1688.com/offer/569130997801.html
润州区岛之香百货商行;https://shop205ff388705f3.1688.com;https://detail.1688.com/offer/655508162455.html
常熟市莫城街道赛宏伦服装商行;https://shop74511d7l95644.1688.com;https://detail.1688.com/offer/651560096031.html
义乌市清雅饰品有限公司;https://shop78254wqw30198.1688.com;https://detail.1688.com/offer/643777230748.html
义乌市巨欣饰品有限公司;https://juxinsp.1688.com;https://detail.1688.com/offer/589051800386.html
义乌市速泰贸易有限公司;https://ywsutai.1688.com;https://detail.1688.com/offer/651905931414.html
石狮市简峰款生网络百货商行;https://shop6097971600814.1688.com;https://detail.1688.com/offer/652729726218.html
丰泽区偏漫百货网店;https://shop22y641320u168.1688.com;https://detail.1688.com/offer/654062955315.html
广州唯依日用品厂;https://shop842429r765q91.1688.com;https://detail.1688.com/offer/655267055240.html
丰泽区尔送百货网店;https://shop0cq98q0901938.1688.com;https://detail.1688.com/offer/654676104208.html
义乌市戴炫饰品有限公司;https://daishangsp.1688.com;https://detail.1688.com/offer/584005102925.html
义乌市福划电子商务商行;https://shop16c3256z93266.1688.com;https://detail.1688.com/offer/646043583742.html
新罗区量东暇百货商行;https://shop50x391074y284.1688.com;https://detail.1688.com/offer/650972641162.html
余江区汇吉岸贸易商行;https://shop9304242gn1607.1688.com;https://detail.1688.com/offer/653335551747.html
佛山市南海区汇联森日用品厂;https://shop60x7t6883u526.1688.com;https://detail.1688.com/offer/644923279074.html
永定区炫翠冰百货商行;https://shop025649897l5l4.1688.com;https://detail.1688.com/offer/646161317656.html
义乌市星泰饰品有限公司;https://shop9i878x7270203.1688.com;https://detail.1688.com/offer/637185135983.html
义乌市暖铭电子商务有限公司;https://shop87n311x537n24.1688.com;https://detail.1688.com/offer/605034248123.html
漳州开发区藤笑柳百货店;https://shop883x7343k4p44.1688.com;https://detail.1688.com/offer/649717358916.html
广州阁艺鑫工艺品商行;https://shop6237n16y32263.1688.com;https://detail.1688.com/offer/619030477292.html
新罗区果果家百货店;https://shop6x7275059u777.1688.com;https://detail.1688.com/offer/655158917624.html
义乌市光影饰品有限公司;https://shop770u1e6z64467.1688.com;https://detail.1688.com/offer/653573705106.html
义乌市氿乐电子商务商行;https://shop1428511784824.1688.com;https://detail.1688.com/offer/645616451418.html
石狮市简峰亿展网络百货商行;https://shop5623251u5u2u7.1688.com;https://detail.1688.com/offer/650818076618.html
新罗区人弘百货商行;https://shop43xw949759699.1688.com;https://detail.1688.com/offer/644647618766.html
义乌市则算电子商务商行;https://shop348p751586209.1688.com;https://detail.1688.com/offer/648722604286.html
义乌市隆伊贸易商行;https://shop43c6z53n37225.1688.com;https://detail.1688.com/offer/647383984149.html
漳州开发区淌联服装店;https://shop70791681x3043.1688.com;https://detail.1688.com/offer/654019331103.html
新罗区桐山百货商行;https://shop5842i1zi73869.1688.com;https://detail.1688.com/offer/655392597098.html
义乌市籽葵电子商务商行;https://shop0607ig477x794.1688.com;https://detail.1688.com/offer/655459753866.html
南平市建阳区俊星百货商行;https://shop2so35568129v9.1688.com;https://detail.1688.com/offer/655210405147.html
海口龙华区申业贸易商行;https://shop58119d2936269.1688.com;https://detail.1688.com/offer/652486996761.html
万载县润宏日用品商行;https://shop91803p571y154.1688.com;https://detail.1688.com/offer/648118940797.html
柘荣县角半日用品经营部;https://shop34738b87sm401.1688.com;https://detail.1688.com/offer/645559076410.html
义乌市西几电子商务有限公司;https://shop4179c79n60563.1688.com;https://detail.1688.com/offer/653581180951.html
义乌市九层电子商务有限公司;https://shop1146m3771hq85.1688.com;https://detail.1688.com/offer/633026965261.html
新罗区雅奥青百货店;https://shop7r1i2977t1304.1688.com;https://detail.1688.com/offer/649759522414.html
义乌市沃土电子商务有限公司;https://ywwotu.1688.com;https://detail.1688.com/offer/641023229802.html
石狮市简峰仁安网络百货商行;https://shop76618x2c16526.1688.com;https://detail.1688.com/offer/651752775911.html
佛山市南海区良霖曦日用品厂;https://shop89170t7930511.1688.com;https://detail.1688.com/offer/652234818173.html
深圳市东捷伟创科技有限公司;https://shop3p4262xx593a1.1688.com;https://detail.1688.com/offer/646221412526.html
义乌市杰盾饰品厂;https://shop1429808252788.1688.com;https://detail.1688.com/offer/584397798542.html
石狮市简峰世控网络百货商行;https://shop16t64v339n381.1688.com;https://detail.1688.com/offer/653023121465.html
万载县荟达片日用品经营部;https://shop78545q33kv865.1688.com;https://detail.1688.com/offer/651199934345.html
义乌市今立服饰有限公司;https://shop0j22u6275i474.1688.com;https://detail.1688.com/offer/629766662965.html
义乌市艾蕾亘特饰品厂;https://shop66h557u133484.1688.com;https://detail.1688.com/offer/655164629851.html
青岛姜艺轩商贸有限公司;https://shop00bc73c213589.1688.com;https://detail.1688.com/offer/618106609293.html
高新区枫桥丰华逸服装商行;https://shop93229j7p6l563.1688.com;https://detail.1688.com/offer/654647834011.html
浦城县顶祺百货店;https://shop696r943695963.1688.com;https://detail.1688.com/offer/653960705761.html
高新区枫桥洋阳北百货商行;https://shop5ag0m09029805.1688.com;https://detail.1688.com/offer/652212325245.html
义乌市绣蒙电子商务商行;https://xiumengjw.1688.com;https://detail.1688.com/offer/557002363378.html
义乌市伦婷电子商务商行;https://shop1430042387596.1688.com;https://detail.1688.com/offer/573882427012.html
义乌市栗臻服饰有限公司;https://shop90272582dq059.1688.com;https://detail.1688.com/offer/614474343756.html
温州市鹿城区谷文电子商务商行;https://shop5562j29956w09.1688.com;https://detail.1688.com/offer/654372430102.html
丹阳市开发区冠顺弘百货商行;https://shop5900h558u4360.1688.com;https://detail.1688.com/offer/650658158871.html
新罗区富元百货商行;https://shop2064727999233.1688.com;https://detail.1688.com/offer/655726266989.html
云霄县永甜网络技术工作室;https://shop31g14034mn826.1688.com;https://detail.1688.com/offer/654611773389.html
广州市黄埔区张书华服装有限公司;https://shop184448477dw71.1688.com;https://detail.1688.com/offer/640764995802.html
义乌市鹿迪贸易有限公司;https://shop1427820479880.1688.com;https://detail.1688.com/offer/559943351207.html
新罗区师灵百货商行;https://shop71q08q20e0909.1688.com;https://detail.1688.com/offer/645118035552.html
丹阳市界牌镇加辉慕工艺礼品厂;https://shop17j9089051qe6.1688.com;https://detail.1688.com/offer/652341964585.html
义乌市舒文饰品有限公司;https://shop2k5d127d55217.1688.com;https://detail.1688.com/offer/644802678239.html
余江区茹美经营部;https://shop53o0g3f566157.1688.com;https://detail.1688.com/offer/655335465583.html
