宜春市袁州区森碟饰品厂;https://shop1g564594i8062.1688.com;https://detail.1688.com/offer/641117374766.html
义乌市晨燕饰品有限公司;https://chengyanyxgs.1688.com;https://detail.1688.com/offer/651006931604.html
义乌市莱玛电子商务有限公司;https://laimasp.1688.com;https://detail.1688.com/offer/641845059589.html
义乌市蕊柔电子商务商行;https://shop1414773994392.1688.com;https://detail.1688.com/offer/575787752754.html
深圳市福田区盈大利建筑工程经营部;https://shop4f261c1007e33.1688.com;https://detail.1688.com/offer/655836486423.html
义乌市微啸电子商务商行;https://shop703t7400b09x4.1688.com;https://detail.1688.com/offer/646937677598.html
义乌市可巧电子商务商行;https://shop1469033339598.1688.com;https://detail.1688.com/offer/535975662969.html
朝阳区薛兰商贸行;https://shop98yw784495g12.1688.com;https://detail.1688.com/offer/653443702400.html
新罗区量东暇百货商行;https://shop50x391074y284.1688.com;https://detail.1688.com/offer/650972641162.html
义乌市盯润电子商务商行;https://shop725777295q018.1688.com;https://detail.1688.com/offer/653524339664.html
柘荣县庆方日用品经营部;https://shop81y8544775452.1688.com;https://detail.1688.com/offer/650418425875.html
义乌市跨寄电子商务商行;https://shop94012oe5158o9.1688.com;https://detail.1688.com/offer/652308875578.html
新沂市明曾服装店;https://shop90u473990t367.1688.com;https://detail.1688.com/offer/655344049263.html
义乌市霞劲电子商务商行;https://shop859t20r10b370.1688.com;https://detail.1688.com/offer/651066571280.html
义乌市骍隆电子商务商行;https://shop684n393892646.1688.com;https://detail.1688.com/offer/650278473372.html
义乌市岚辰饰品有限公司;https://lanchen2018.1688.com;https://detail.1688.com/offer/644300232575.html
新沂市捷之文服装店;https://shop71p23541890n0.1688.com;https://detail.1688.com/offer/654537764735.html
新沂市曾宇家居用品经营部;https://shop3v44376s82030.1688.com;https://detail.1688.com/offer/654990286045.html
漳州开发区顿寒蕾服装店;https://shop193329o96r3r8.1688.com;https://detail.1688.com/offer/655413141218.html
新沂市文之杰服装店;https://shop39y5m12000t40.1688.com;https://detail.1688.com/offer/654761426547.html
义乌秀格饰品有限公司;https://shop1w2122s50p506.1688.com;https://detail.1688.com/offer/639010324336.html
袁州区渐离网络工作室;https://shop98l9184874t59.1688.com;https://detail.1688.com/offer/654867278060.html
新沂市浩之华百货店;https://shop7p0109sk59922.1688.com;https://detail.1688.com/offer/654388914089.html
余江区祥雅经营部;https://shop83444879b4a24.1688.com;https://detail.1688.com/offer/655211824469.html
义乌市道墨饰品有限公司;https://shop162429nm276e8.1688.com;https://detail.1688.com/offer/649355932394.html
义乌市栗臻服饰有限公司;https://shop90272582dq059.1688.com;https://detail.1688.com/offer/614443003522.html
义乌市赞烨电子商务商行;https://shop1439398383973.1688.com;https://detail.1688.com/offer/628976444525.html
义乌市福划电子商务商行;https://shop16c3256z93266.1688.com;https://detail.1688.com/offer/646043583742.html
广州哈琳娜饰品厂;https://harrina.1688.com;https://detail.1688.com/offer/653300806265.html
义乌千芙饰品有限公司;https://shop1404528103758.1688.com;https://detail.1688.com/offer/598539295765.html
深圳市东捷伟创科技有限公司;https://shop3p4262xx593a1.1688.com;https://detail.1688.com/offer/646221412526.html
五华县棉洋镇惠鑫商行;https://shop3k7046844b584.1688.com;https://detail.1688.com/offer/646983618083.html
遂昌阳泰贸易商行;https://shop1783659ql2149.1688.com;https://detail.1688.com/offer/656125167081.html
义乌市振欣饰品商行;https://shop8ee10010160c2.1688.com;https://detail.1688.com/offer/642901587766.html
义乌市飞韩饰品有限公司;https://feihan.1688.com;https://detail.1688.com/offer/633216788858.html
义乌市熙梦橙贸易有限公司;https://shop671x4180m29o4.1688.com;https://detail.1688.com/offer/624466677013.html
义乌市金萍饰品厂;https://shop1s12806v12876.1688.com;https://detail.1688.com/offer/606530106808.html
义乌市臻饰电子商务商行;https://yaya68.1688.com;https://detail.1688.com/offer/571784698710.html
义乌市宣颖电子商务有限公司;https://shop90606028po4a4.1688.com;https://detail.1688.com/offer/620821202914.html
义乌市跃接电子商务商行;https://shop5202n71a59220.1688.com;https://detail.1688.com/offer/654859148399.html
遂昌钧梓悦电子商务商行;https://shop0791117168939.1688.com;https://detail.1688.com/offer/656261927999.html
义乌市蓝度饰品有限公司;https://shop88x1x874a7807.1688.com;https://detail.1688.com/offer/642181347065.html
义乌市昌聪电子商务有限公司;https://shop93200qt6d9610.1688.com;https://detail.1688.com/offer/601683356683.html
霞浦县妍莫日用品经营部;https://shop76247840s4845.1688.com;https://detail.1688.com/offer/634441907799.html
义乌科凡电子商务商行;https://shop854301399n549.1688.com;https://detail.1688.com/offer/655174331759.html
佛山市南海区桂城益昌五金电器商行;https://shop68y64231y6722.1688.com;https://detail.1688.com/offer/626794489252.html
义乌乾琦贸易商行;https://shop9636s572l3261.1688.com;https://detail.1688.com/offer/648168029318.html
建德市三都镇耀妙贸易商行;https://shop7253ro09s0968.1688.com;https://detail.1688.com/offer/656029962978.html
揭阳市揭东区新亨镇耀维百货店;https://shop500911055m618.1688.com;https://detail.1688.com/offer/650358806232.html
义乌市冷安电子商务商行;https://shop1464368243607.1688.com;https://detail.1688.com/offer/591848246060.html
杭州余杭区乔司街道聚耀百货商行;https://shop29909367g04n6.1688.com;https://detail.1688.com/offer/654820791868.html
义乌市昇泽贸易有限公司;https://yayilai.1688.com;https://detail.1688.com/offer/589813852755.html
义乌市旭特电子商务商行;https://shop866784415u882.1688.com;https://detail.1688.com/offer/655510798862.html
义乌市蒲钻电子商务商行;https://shop1358592219982.1688.com;https://detail.1688.com/offer/642270742567.html
义乌市杰盾饰品厂;https://shop1429808252788.1688.com;https://detail.1688.com/offer/584397798542.html
义乌市季慈饰品有限公司;https://shop1464368196529.1688.com;https://detail.1688.com/offer/584396602899.html
丰泽区偏漫百货网店;https://shop22y641320u168.1688.com;https://detail.1688.com/offer/652311601488.html
余江区源顺经营部;https://shop761lu44970829.1688.com;https://detail.1688.com/offer/654350052719.html
义乌市茵毅电子商务商行;https://shop9157990717066.1688.com;https://detail.1688.com/offer/654183673893.html
义乌市繁宁电子商务商行;https://shop06u957b971528.1688.com;https://detail.1688.com/offer/654029702852.html
义乌市泰涞饰品有限公司;https://shop783094560m844.1688.com;https://detail.1688.com/offer/643806790950.html
广州市天河区区街科技有限公司;https://shop54922249s5879.1688.com;https://detail.1688.com/offer/650700980651.html
义乌市巨欣饰品有限公司;https://juxinsp.1688.com;https://detail.1688.com/offer/589051800386.html
义乌市宝然电子商务商行;https://shop1487610256258.1688.com;https://detail.1688.com/offer/654237615340.html
义乌市米小鹿饰品有限公司;https://mixiaolu123.1688.com;https://detail.1688.com/offer/627935477852.html
义乌市随敏饰品有限公司;https://shop1406652834510.1688.com;https://detail.1688.com/offer/615057075325.html
义乌市慧逸饰品有限公司;https://huiyii.1688.com;https://detail.1688.com/offer/609906485455.html
义乌纯界电子商务有限公司;https://shop78359y9211z87.1688.com;https://detail.1688.com/offer/649124195526.html
义乌市莉韩饰品有限公司;https://lihan2019.1688.com;https://detail.1688.com/offer/640019965607.html
义乌市艾多饰品有限公司;https://aiduo2021.1688.com;https://detail.1688.com/offer/652018060459.html
义乌市安哲电子商务商行;https://shop1354359731327.1688.com;https://detail.1688.com/offer/1287641342.html
义乌市百萱电子商务商行;https://shop913341y061375.1688.com;https://detail.1688.com/offer/631163950383.html
义乌市心喜贸易有限公司;https://yiwuxinxi.1688.com;https://detail.1688.com/offer/651152463382.html
义乌市元狩贸易有限公司;https://shop6r791u7747782.1688.com;https://detail.1688.com/offer/602338696875.html
石狮市简峰铭悦网络百货商行;https://shop02h77j1661v24.1688.com;https://detail.1688.com/offer/652601426112.html
丰泽区帕蝶百货网店;https://shop835e691o41932.1688.com;https://detail.1688.com/offer/652231041159.html
义乌市福腾电子商务商行;https://shop04t426o401701.1688.com;https://detail.1688.com/offer/610381195691.html
石狮市简峰亿展网络百货商行;https://shop5623251u5u2u7.1688.com;https://detail.1688.com/offer/652522614015.html
石狮市简峰世控网络百货商行;https://shop16t64v339n381.1688.com;https://detail.1688.com/offer/652736679831.html
义乌市伟雄箱包有限公司;https://weixiongsp.1688.com;https://detail.1688.com/offer/603140930712.html
余江区翔双经营部;https://shop378241vf32006.1688.com;https://detail.1688.com/offer/653489580933.html
石狮市简峰守望网络百货商行;https://shop8990nh6130t36.1688.com;https://detail.1688.com/offer/651648124058.html
义乌市雨伊贸易有限公司;https://shop1899x185r63d3.1688.com;https://detail.1688.com/offer/593339872037.html
义乌市蒂娅电子商务有限公司;https://5968868.1688.com;https://detail.1688.com/offer/573190082249.html
义乌市缇树电子商务商行;https://shop5pw5574759868.1688.com;https://detail.1688.com/offer/616565692641.html
义乌市锡奎电子商务商行;https://shop12t8172030177.1688.com;https://detail.1688.com/offer/655331597022.html
万载县雯达涩日用品经营部;https://shop90n0i90632m75.1688.com;https://detail.1688.com/offer/650548121601.html
义乌市谦谦饰品有限公司;https://shop1495299047519.1688.com;https://detail.1688.com/offer/627996206087.html
义乌市饰喜电子商务有限公司;https://shop3052f944r2i94.1688.com;https://detail.1688.com/offer/652491170816.html
吴益挺;https://shop68422946654h7.1688.com;https://detail.1688.com/offer/654517641678.html
东阳市江北谱写电子商务商行;https://shop2586v3578y960.1688.com;https://detail.1688.com/offer/629779500496.html
义乌市悦雯电子商务有限公司;https://ywywsppf.1688.com;https://detail.1688.com/offer/633242615225.html
义乌市蜜舍饰品厂;https://nvshe.1688.com;https://detail.1688.com/offer/587566632715.html
义乌市戴炫饰品有限公司;https://daishangsp.1688.com;https://detail.1688.com/offer/583306916344.html
义乌市静足电子商务商行;https://shop334367g1y97y1.1688.com;https://detail.1688.com/offer/652517068787.html
新罗区果果家百货店;https://shop6x7275059u777.1688.com;https://detail.1688.com/offer/655158917624.html
义乌市燕媛电子商务商行;https://shop941m7ko314871.1688.com;https://detail.1688.com/offer/654363480033.html
余江区汇吉岸贸易商行;https://shop9304242gn1607.1688.com;https://detail.1688.com/offer/653335551747.html
义乌市妆点饰品有限公司;https://zhuangdianacc.1688.com;https://detail.1688.com/offer/602271895107.html
玉林市玉州区晨凡百货店;https://shop27082e740d2y6.1688.com;https://detail.1688.com/offer/650379664718.html
义乌市想拼电子商务商行;https://shop7908l74l14149.1688.com;https://detail.1688.com/offer/628722795648.html
义乌市澄悬电子商务商行;https://shop195v455g81v09.1688.com;https://detail.1688.com/offer/655358077567.html
深圳市宝安区福海靓依都服装厂;https://shop1494607960707.1688.com;https://detail.1688.com/offer/624018896925.html
义乌市豪枫电子商务商行;https://shop12l612j077903.1688.com;https://detail.1688.com/offer/621281431798.html
义乌市五岳日用品厂;https://shop04368k49456h7.1688.com;https://detail.1688.com/offer/649584010204.html
义乌市时流电子商务商行;https://shop72n430k9l7614.1688.com;https://detail.1688.com/offer/643996899259.html
义乌市弦徐电子商务商行;https://shop0035536ff8491.1688.com;https://detail.1688.com/offer/654582097405.html
义乌市谷袖贸易有限公司;https://shop91p291569b0w9.1688.com;https://detail.1688.com/offer/634105715682.html
南平市建阳区出兴翰百货店;https://shop8496990dl2581.1688.com;https://detail.1688.com/offer/652074139961.html
余江区聪格乐电子商务商行;https://shop4f9365e85r227.1688.com;https://detail.1688.com/offer/652261577065.html
上海曙一网络科技有限公司;https://shop91055ohb25921.1688.com;https://detail.1688.com/offer/653606118739.html
桃江县糖多歆母婴服装厂;https://shop021185x831066.1688.com;https://detail.1688.com/offer/561893481855.html
义乌市朗和服饰有限公司;https://dd20050101.1688.com;https://detail.1688.com/offer/652887155828.html
高新区枫桥顺如祥贸易商行;https://shop0202v1w781q91.1688.com;https://detail.1688.com/offer/655189539513.html
广州敏丽橙商贸有限公司;https://shop5o38g30608556.1688.com;https://detail.1688.com/offer/652050611398.html
深圳市龙华新区伊百分手工饰品厂;https://storyacc.1688.com;https://detail.1688.com/offer/549874340275.html
义乌市羿辰饰品厂;https://shophancai.1688.com;https://detail.1688.com/offer/525026109137.html
建德市三都镇裕思贸易商行;https://shop0y017g0512271.1688.com;https://detail.1688.com/offer/656292091960.html
余江区鑫进贸易商行;https://shop2828jv94x2073.1688.com;https://detail.1688.com/offer/650329588636.html
南平市建阳区田熙阳百货店;https://shop7547cs9881669.1688.com;https://detail.1688.com/offer/656272211311.html
新罗区度锐百货商行;https://shop205q1995q9639.1688.com;https://detail.1688.com/offer/655216960832.html
延平区鑫协百货店;https://shop685a150160562.1688.com;https://detail.1688.com/offer/652081557038.html
杭州余杭区乔司街道婷砚服饰商行;https://shop06pb9790875r4.1688.com;https://detail.1688.com/offer/655970615889.html
佛山市顺德区皇瑞贵五金厂;https://shop611o77l7k2105.1688.com;https://detail.1688.com/offer/654930231222.html
义乌市访琴饰品有限公司;https://shop3j7801079j334.1688.com;https://detail.1688.com/offer/652860507210.html
义乌市媛熙饰品有限公司;https://shop7004962p04463.1688.com;https://detail.1688.com/offer/652475750329.html
高新区枫桥欧冠达贸易商行;https://shop50257v3b92175.1688.com;https://detail.1688.com/offer/653378545551.html
遂昌福诗日用百货商行;https://shop56249c31hh672.1688.com;https://detail.1688.com/offer/655659946302.html
义乌市则算电子商务商行;https://shop348p751586209.1688.com;https://detail.1688.com/offer/648722604286.html
深圳市兼印仑文化传播有限公司;https://shop79050q9278525.1688.com;https://detail.1688.com/offer/650646781710.html
莆田市秀屿区东庄东洪航珠宝店;https://shop98dq220742d98.1688.com;https://detail.1688.com/offer/648696016890.html
高新区枫桥鑫圣元服饰商行;https://shop9cy838570g476.1688.com;https://detail.1688.com/offer/654638405102.html
高新区枫桥雅宇百货商行;https://shop0282p79v74335.1688.com;https://detail.1688.com/offer/654647649073.html
义乌市欢畔日用百货商行;https://shop8183e954516x3.1688.com;https://detail.1688.com/offer/652125346060.html
丹阳市开发区鸣钦昊家用五金厂;https://shop39q477817q422.1688.com;https://detail.1688.com/offer/656021135070.html
景宁近臻百货商行;https://shop2670905b635q8.1688.com;https://detail.1688.com/offer/651267990025.html
高新区枫桥宏千全贸易商行;https://shop694g542051854.1688.com;https://detail.1688.com/offer/655990450408.html
高新区枫桥达融吉服饰商行;https://shop95330499ko036.1688.com;https://detail.1688.com/offer/655130448426.html
余江区晓杰电子商务商行;https://shop4839c0c623320.1688.com;https://detail.1688.com/offer/656396931697.html
高密市一杰劳保制品厂;https://yijielaobao.1688.com;https://detail.1688.com/offer/559315481660.html
义乌市沃康服饰有限公司;https://ywwokang.1688.com;https://detail.1688.com/offer/642204850712.html
桐庐来平针织服饰有限公司;https://laiping.1688.com;https://detail.1688.com/offer/654493047801.html
义乌市通晟电子商务商行;https://qianqian1314168.1688.com;https://detail.1688.com/offer/576046919971.html
义乌米莫制帽厂;https://mimohat.1688.com;https://detail.1688.com/offer/631547124440.html
义乌市顶彩服饰有限公司;https://dingcaifushi.1688.com;https://detail.1688.com/offer/625910196332.html
广州市花都区狮岭耀济辅料店;https://shop53a86484v7620.1688.com;https://detail.1688.com/offer/630788434575.html
义乌市凉芳草帽厂;https://ywlfhat.1688.com;https://detail.1688.com/offer/598074088097.html
义乌市喆佳电子商务商行;https://201366.1688.com;https://detail.1688.com/offer/629272518708.html
义乌市欧弘服饰厂;https://shop79w14700f19c8.1688.com;https://detail.1688.com/offer/636191899437.html
桃江县朵拉母婴用品批发商行;https://shop1416815090794.1688.com;https://detail.1688.com/offer/576789945875.html
义乌市东畔饰品有限公司;https://donpan.1688.com;https://detail.1688.com/offer/624828425930.html
义乌市瑞瑶电子商务商行;https://ruiyaoo.1688.com;https://detail.1688.com/offer/634567465112.html
义乌市程樱电子商务商行;https://shop1439225338007.1688.com;https://detail.1688.com/offer/625860277948.html
广州市黄埔区席策士季贸易经营部;https://shop98987045043m3.1688.com;https://detail.1688.com/offer/633718788186.html
广州拾风贸易商行;https://shop88k9r2g273952.1688.com;https://detail.1688.com/offer/626422227523.html
义乌赛巧饰品有限公司;https://saiqiaojewelry.1688.com;https://detail.1688.com/offer/615502157517.html
义乌市久桐服饰有限公司;https://jiutongmaochang.1688.com;https://detail.1688.com/offer/575062861273.html
义乌市聚顶服饰有限公司;https://shop1412008823299.1688.com;https://detail.1688.com/offer/572815077687.html
余江区度魏电子商务商行;https://shop1652265064xf3.1688.com;https://detail.1688.com/offer/652149444788.html
余江区小蓉芙贸易商行;https://shop1977y77c2v783.1688.com;https://detail.1688.com/offer/653947826614.html
义乌市续声贸易有限公司;https://shop8a619607l8r84.1688.com;https://detail.1688.com/offer/613177190170.html
义乌市朴信帽业有限公司;https://puxinmaoye.1688.com;https://detail.1688.com/offer/617191392165.html
新沂市福鑫恒家居用品经营部;https://shop94w0295554z03.1688.com;https://detail.1688.com/offer/653297695763.html
义乌市贝爱龙饰品有限公司;https://shop5911sm5m55498.1688.com;https://detail.1688.com/offer/615278028346.html
义乌市咔朋服饰有限公司;https://kapengfushi.1688.com;https://detail.1688.com/offer/578825286623.html
义乌市尚炫月饰品厂;https://shop154982m4q0803.1688.com;https://detail.1688.com/offer/655128062318.html
义乌市青妮饰品厂;https://shop675f1f6496530.1688.com;https://detail.1688.com/offer/652888360968.html
广州欧凡服饰有限公司;https://ovvan.1688.com;https://detail.1688.com/offer/653671193545.html
金华市璀饰贸易有限公司;https://shop06f63f18215d4.1688.com;https://detail.1688.com/offer/638954421372.html
义乌市爱戴贸易有限公司;https://shop4182ka61271n1.1688.com;https://detail.1688.com/offer/600092560546.html
青岛天泰尚品商贸有限公司;https://tiantaishipin.1688.com;https://detail.1688.com/offer/654556817376.html
义乌市速泰贸易有限公司;https://ywsutai.1688.com;https://detail.1688.com/offer/635366102056.html
应波;https://yingbowujin888.1688.com;https://detail.1688.com/offer/643791812226.html
义乌市梓柠贸易有限公司;https://shop5ec55485a0786.1688.com;https://detail.1688.com/offer/623369217826.html
宁海章灵贸易商行;https://shop58245009fpp25.1688.com;https://detail.1688.com/offer/656259639596.html
义乌市律哲电子商务商行;https://shop1436460949757.1688.com;https://detail.1688.com/offer/590999960926.html
佛山市南海区良霖曦日用品厂;https://shop89170t7930511.1688.com;https://detail.1688.com/offer/642194542375.html
义乌市锐信饰品厂;https://ruixinshipin.1688.com;https://detail.1688.com/offer/621143915607.html
广州市花都区狮岭济光辅料店;https://shop4383h858x4111.1688.com;https://detail.1688.com/offer/628187926211.html
陆川县辉宜日用品店;https://shop788j37x2485r4.1688.com;https://detail.1688.com/offer/646598472876.html
南平市建阳区妲妍妍百货店;https://shop58211c71559f8.1688.com;https://detail.1688.com/offer/647473815658.html
玉林市玉州区美之凯百货店;https://shop4518390134of4.1688.com;https://detail.1688.com/offer/644177528044.html
石狮市简峰明安网络百货商行;https://shop0p002m1320t12.1688.com;https://detail.1688.com/offer/650599628780.html
石狮市简峰款生网络百货商行;https://shop6097971600814.1688.com;https://detail.1688.com/offer/651798660893.html
阳江市江城区河马西施饰品厂;https://shop1489889953958.1688.com;https://detail.1688.com/offer/622062569381.html
义乌市桐寻电子商务商行;https://shop913g7w6622638.1688.com;https://detail.1688.com/offer/647275222220.html
石狮市简峰云谱网络百货商行;https://shop354xx43697253.1688.com;https://detail.1688.com/offer/650744308919.html
永定区绛想赏百货店;https://shop33657b94001a8.1688.com;https://detail.1688.com/offer/642804517060.html
佛山市南海区里水雨雅雨具制品厂;https://shop08r7d84076595.1688.com;https://detail.1688.com/offer/654102291840.html
义乌市波哥电子商务商行;https://yiwuboge.1688.com;https://detail.1688.com/offer/602034838021.html
平阳县顶丰鞋材厂;https://dingfengxiecai.1688.com;https://detail.1688.com/offer/610268914533.html
广州市花都区狮岭春夏办公用品店;https://shop9s42048e04177.1688.com;https://detail.1688.com/offer/649491625400.html
义乌市珍徍电子商务商行;https://zhenjiashi.1688.com;https://detail.1688.com/offer/615768246180.html
永定区仰楚牡百货商行;https://shop7815x68771184.1688.com;https://detail.1688.com/offer/644345691515.html
义乌市康沫电子商务有限公司;https://shop9477h91d1n031.1688.com;https://detail.1688.com/offer/649055796642.html
义乌市宣菲服饰有限公司;https://xuanfei666.1688.com;https://detail.1688.com/offer/619184884918.html
义乌市凯尔饰品有限公司;https://shop2527d55820e55.1688.com;https://detail.1688.com/offer/644124517594.html
漳州开发区梵迦萱服装店;https://shop321r4369682c1.1688.com;https://detail.1688.com/offer/654052325075.html
万载县起鸢敏百货店;https://shop10e95c5c45273.1688.com;https://detail.1688.com/offer/655527151960.html
石狮市简峰舍楼网络百货商行;https://shop62dt1665017i8.1688.com;https://detail.1688.com/offer/653969115197.html
余江区偌慧经营部;https://shop2158240687t51.1688.com;https://detail.1688.com/offer/653117412291.html
新沂市敏之胡家居用品经营部;https://shop4eh7g36094464.1688.com;https://detail.1688.com/offer/654686393543.html
义乌市德印电子商务商行;https://shop54z2153974312.1688.com;https://detail.1688.com/offer/654564739288.html
义乌市喀丹电子商务商行;https://shop8703pf679k192.1688.com;https://detail.1688.com/offer/652775154283.html
万载县洲稍玲百货商行;https://shop92lx4818t8624.1688.com;https://detail.1688.com/offer/654416169651.html
新沂市明之花服装店;https://shop4v353o09l3851.1688.com;https://detail.1688.com/offer/655639142867.html
余姚市觅新电子商务商行;https://shop9o390n3973205.1688.com;https://detail.1688.com/offer/654838902442.html
新沂市符雨诗家居用品经营部;https://shop44c86335b0j73.1688.com;https://detail.1688.com/offer/654926847795.html
漳州开发区岚菀柳网络技术工作室;https://shop827g90798n375.1688.com;https://detail.1688.com/offer/656178263294.html
万载县腹娇等百货店;https://shop9b1415ev39823.1688.com;https://detail.1688.com/offer/656218411440.html
万载县高轴会百货店;https://shop676760p4507v8.1688.com;https://detail.1688.com/offer/653730852081.html
永定区珠兴增服装店;https://shop9z1220z243657.1688.com;https://detail.1688.com/offer/645049957178.html
深圳市胜嘉源帽业有限公司;https://shengjiayuancap.1688.com;https://detail.1688.com/offer/597457708673.html
义乌市菁艺帽业有限公司;https://jingyishop.1688.com;https://detail.1688.com/offer/650077057906.html
惠州市福鑫帽业有限公司;https://shop08s7034597379.1688.com;https://detail.1688.com/offer/618621383046.html
连城县俪承嗣百货店;https://shop9589592g98965.1688.com;https://detail.1688.com/offer/654916799452.html
东莞市四创客服饰有限公司;https://yugemaozi.1688.com;https://detail.1688.com/offer/602926025066.html
义乌名姝服饰有限公司;https://yiwumingshu.1688.com;https://detail.1688.com/offer/573937675376.html
义乌市吻靠日用百货商行;https://shop722d216052706.1688.com;https://detail.1688.com/offer/653132187868.html
义乌市壹尚饰品厂;https://shop25702n7c83d89.1688.com;https://detail.1688.com/offer/623332793389.html
义乌市群德服饰厂;https://shop1478536871632.1688.com;https://detail.1688.com/offer/591885433084.html
义乌市佳旎服饰有限公司;https://shop1466010343960.1688.com;https://detail.1688.com/offer/592145569328.html
义乌市恩柔电子商务商行;https://shop1420908068238.1688.com;https://detail.1688.com/offer/592908531133.html
义乌市鹿迪贸易有限公司;https://shop1427820479880.1688.com;https://detail.1688.com/offer/559943351207.html
义乌市星泰饰品有限公司;https://shop9i878x7270203.1688.com;https://detail.1688.com/offer/626585225699.html
义乌市光影饰品有限公司;https://shop770u1e6z64467.1688.com;https://detail.1688.com/offer/653099510899.html
常熟市莫城街道咚咚屋服装店;https://shop49fe7f0129503.1688.com;https://detail.1688.com/offer/654747152442.html
义乌市乱好贸易有限公司;https://shop2190766t77842.1688.com;https://detail.1688.com/offer/653704297206.html
义乌市溪南饰品有限公司;https://shop64l650335s276.1688.com;https://detail.1688.com/offer/610261057574.html
临沂艾萌饰品有限公司;https://aimengshipin.1688.com;https://detail.1688.com/offer/642365291632.html
义乌市炫朵饰品有限公司;https://shop5632i69k31k42.1688.com;https://detail.1688.com/offer/650950896919.html
义乌市世雄汽车用品有限公司;https://shop9f755e025d909.1688.com;https://detail.1688.com/offer/646536176510.html
佛山市南海区汇联森日用品厂;https://shop60x7t6883u526.1688.com;https://detail.1688.com/offer/644422710467.html
东阳市顶宏饰品厂;https://shop9h5k7127533h9.1688.com;https://detail.1688.com/offer/597238270329.html
万载县淮凤家居用品经营部;https://shop200tm61110l19.1688.com;https://detail.1688.com/offer/651394564007.html
玉林市玉州区宏城百货店;https://shop6442130u27944.1688.com;https://detail.1688.com/offer/653662178636.html
义乌市旭源饰品有限公司;https://shop69s40u7581801.1688.com;https://detail.1688.com/offer/624883619823.html
义乌市闻弘贸易有限公司;https://yiwuwenhong.1688.com;https://detail.1688.com/offer/594462270759.html
义乌市戴薇贸易有限公司;https://shop26f9701ncj593.1688.com;https://detail.1688.com/offer/642034754416.html
三明市三元区顺依服装店;https://shop5235rl03l2292.1688.com;https://detail.1688.com/offer/649072721933.html
义乌市席席饰品有限公司;https://shop5p28572787731.1688.com;https://detail.1688.com/offer/634737679080.html
义乌市涵恋饰品有限公司;https://hanlianshipin.1688.com;https://detail.1688.com/offer/612531641454.html
新沂市邦波百货店;https://shop55908w4459195.1688.com;https://detail.1688.com/offer/655215452035.html
佛山市南海区浩帆得皮具厂;https://shop7du7020135l66.1688.com;https://detail.1688.com/offer/650852115904.html
义乌市今立服饰有限公司;https://shop0j22u6275i474.1688.com;https://detail.1688.com/offer/629221008250.html
义乌市梦锦服饰厂;https://mjoy2019.1688.com;https://detail.1688.com/offer/615160604005.html
义乌市沐鸿饰品有限公司;https://shop1470070177775.1688.com;https://detail.1688.com/offer/645616144464.html
义乌市腾卓饰品厂;https://shop1444669210627.1688.com;https://detail.1688.com/offer/579795730109.html
铅山县瑾俏饰品厂;https://jinqiaoshipin.1688.com;https://detail.1688.com/offer/654582767522.html
广州市花都区狮岭连有服装店;https://shop08g5e00677125.1688.com;https://detail.1688.com/offer/654359290968.html
广州市花都区狮岭英城箱包店;https://shop7s774p5103h56.1688.com;https://detail.1688.com/offer/655675167676.html
义乌景礼饰品有限公司;https://shop237722437w4w9.1688.com;https://detail.1688.com/offer/620052476025.html
义乌市观佑饰品有限公司;https://guanyou0908.1688.com;https://detail.1688.com/offer/45302811260.html
义乌市古奥饰品有限公司;https://shop60e3982ew6650.1688.com;https://detail.1688.com/offer/631669710574.html
柘荣县周日日用品经营部;https://shop51106a8ee4002.1688.com;https://detail.1688.com/offer/652430799864.html
新罗区智之之百货商行;https://shop0j023455a6103.1688.com;https://detail.1688.com/offer/652864142837.html
义乌市池臣电子商务商行;https://shop64120495p7823.1688.com;https://detail.1688.com/offer/655049219060.html
义乌市姆蓝电子商务商行;https://shop35050ftn43637.1688.com;https://detail.1688.com/offer/653486963605.html
柘荣县庆图日用品经营部;https://shop7963428g6g051.1688.com;https://detail.1688.com/offer/654445052130.html
义乌市薪镶电子商务商行;https://shop48a2846ro1111.1688.com;https://detail.1688.com/offer/655227682321.html
义乌市凤肖电子商务商行;https://shop7j8186u204606.1688.com;https://detail.1688.com/offer/655543039910.html
义乌市棉呈电子商务商行;https://shop152n43668a4b7.1688.com;https://detail.1688.com/offer/655621511422.html
广州嘚铭玩具商行;https://shop59682kt3226k7.1688.com;https://detail.1688.com/offer/646350650706.html
万载县环旭日用品经营部;https://shop23712143w33p7.1688.com;https://detail.1688.com/offer/652186837584.html
义乌市迦琦电子商务商行;https://shop4nz62i6348069.1688.com;https://detail.1688.com/offer/615529388588.html
余江区稿特经营部;https://shop317f207452360.1688.com;https://detail.1688.com/offer/653987496747.html
义乌市营咚电子商务商行;https://shop802ddp6330414.1688.com;https://detail.1688.com/offer/654058573943.html
义乌市九层电子商务有限公司;https://shop1146m3771hq85.1688.com;https://detail.1688.com/offer/608979761044.html
义乌市煦馨电子商务商行;https://yiwuxuxin.1688.com;https://detail.1688.com/offer/614017962076.html
义乌市星蓝饰品有限公司;https://xlsp2018.1688.com;https://detail.1688.com/offer/609645768537.html
漯河市源汇区莫世炎啊百货店;https://shop1977g98801zg9.1688.com;https://detail.1688.com/offer/649493323843.html
苍南县昕呗服装网店;https://shop2i60g8691p529.1688.com;https://detail.1688.com/offer/651509113074.html
南平市建阳区舒才哲百货店;https://shop583x96891ho68.1688.com;https://detail.1688.com/offer/645939429867.html
义乌市比格日用品厂;https://shop751266v83d401.1688.com;https://detail.1688.com/offer/631164467050.html
石狮市简峰瑟兰网络百货商行;https://shop23483956693z9.1688.com;https://detail.1688.com/offer/653618219973.html
义乌市麦暖服装厂;https://ywmainuan.1688.com;https://detail.1688.com/offer/547035817114.html
五华县横陂镇禾倩商行;https://shop255855s051s93.1688.com;https://detail.1688.com/offer/645948478564.html
新罗区金舞花百货商行;https://shop27785mu839m94.1688.com;https://detail.1688.com/offer/645027563466.html
义乌市兴洪饰品有限公司;https://shop9762q66563118.1688.com;https://detail.1688.com/offer/621582072044.html
南昌万纳网络科技有限公司;https://wanna2021.1688.com;https://detail.1688.com/offer/641462687924.html
新沂市昌睿兴商贸经营部;https://shop7r7q273993828.1688.com;https://detail.1688.com/offer/651302370351.html
义乌市泽茂进出口有限公司;https://shop4c53003100270.1688.com;https://detail.1688.com/offer/646589999324.html
义乌市焕爽电子商务商行;https://jason1998.1688.com;https://detail.1688.com/offer/614083157591.html
新罗区飞蒙赏百货店;https://shop3m39691h6c980.1688.com;https://detail.1688.com/offer/655356542148.html
广州市花都区狮岭英众皮具商行;https://shop909g800059446.1688.com;https://detail.1688.com/offer/655401847094.html
温州市鹿城区骧雅服装商行;https://shop6942wwc119313.1688.com;https://detail.1688.com/offer/651191138881.html
余江区兴瑟旺电子商务商行;https://shop680bq48773160.1688.com;https://detail.1688.com/offer/650900801530.html
义乌市莐蔓电子商务商行;https://chenman.1688.com;https://detail.1688.com/offer/569778011458.html
杭州大旗工贸有限公司;https://shop23b845184jy57.1688.com;https://detail.1688.com/offer/626662670854.html
余江区多侧电子商务商行;https://shop38e6b98z85221.1688.com;https://detail.1688.com/offer/652775557498.html
义乌市晗倩饰品有限公司;https://shop080047643n5c6.1688.com;https://detail.1688.com/offer/652922321318.html
义乌市布斯进出口有限公司;https://shop81421962oq998.1688.com;https://detail.1688.com/offer/594995229316.html
